ISO-10303-21;
HEADER;
/* Generated by software containing ST-Developer
 * from STEP Tools, Inc. (www.steptools.com) 
 */

FILE_DESCRIPTION(
/* description */ (''),
/* implementation_level */ '2;1');

FILE_NAME(
/* name */ 'C:/Users/John/Desktop/astra v1.step',
/* time_stamp */ '2018-04-23T19:48:34+01:00',
/* author */ ('asheepcalledgeorge'),
/* organization */ (''),
/* preprocessor_version */ 'ST-DEVELOPER v16.13',
/* originating_system */ 'Autodesk Translation Framework v6.5.0.72',
/* authorisation */ '');

FILE_SCHEMA (('AUTOMOTIVE_DESIGN { 1 0 10303 214 3 1 1 }'));
ENDSEC;

DATA;
#10=MECHANICAL_DESIGN_GEOMETRIC_PRESENTATION_REPRESENTATION('',(#3426,#3424,
#3427,#3422,#3423,#3425,#3421,#3420,#3435,#3439,#3431,#3432,#3437,#3433,
#3430,#3438,#3428,#3436,#3429,#3434,#3440,#3450,#3447,#3449,#3448,#3443,
#3442,#3444,#3446,#3441,#3445,#3451,#3452,#3453,#3460,#3457,#3459,#3458,
#3454,#3456,#3455,#3463,#3461,#3462,#3413,#3419,#3414,#3415,#3416,#3418,
#3584,#3417,#3471,#3473,#3468,#3464,#3465,#3466,#3467,#3469,#3470,#3472,
#3479,#3477,#3478,#3475,#3474,#3476,#3481,#3480,#3507,#3501,#3500,#3503,
#3508,#3505,#3497,#3504,#3506,#3498,#3502,#3499,#3486,#3482,#3484,#3487,
#3489,#3488,#3483,#3485,#3490,#3491,#3492,#3493,#3495,#3496,#3494,#3529,
#3531,#3528,#3525,#3535,#3534,#3527,#3530,#3532,#3526,#3533,#3511,#3514,
#3516,#3513,#3510,#3518,#3509,#3512,#3519,#3515,#3517,#3520,#3524,#3523,
#3522,#3521,#3577,#3580,#3581,#3582,#3578,#3583,#3574,#3579,#3573,#3575,
#3576,#3572,#3542,#3537,#3539,#3543,#3541,#3544,#3545,#3546,#3538,#3540,
#3536,#3556,#3554,#3549,#3550,#3548,#3551,#3555,#3553,#3552,#3547,#3631,
#3566,#3558,#3563,#3560,#3559,#3564,#3557,#3562,#3565,#3561,#3569,#3568,
#3570,#3567,#3571,#3626,#3625,#3628,#3630,#3623,#3624,#3629,#3627,#3587,
#3589,#3586,#3591,#3592,#3593,#3594,#3590,#3585,#3588,#3605,#3596,#3597,
#3600,#3602,#3603,#3595,#3601,#3604,#3599,#3598,#3606,#3607,#3610,#3608,
#3614,#3615,#3612,#3613,#3611,#3609,#3617,#3616,#3618,#3622,#3619,#3620,
#3621,#3635,#3636,#3637,#3638,#3640,#3634,#3639,#3632,#3633),#8490);
#11=ITEM_DEFINED_TRANSFORMATION($,$,#3907,#4336);
#12=ITEM_DEFINED_TRANSFORMATION($,$,#4216,#4337);
#13=ITEM_DEFINED_TRANSFORMATION($,$,#4300,#4338);
#14=(
REPRESENTATION_RELATIONSHIP($,$,#8507,#8506)
REPRESENTATION_RELATIONSHIP_WITH_TRANSFORMATION(#11)
SHAPE_REPRESENTATION_RELATIONSHIP()
);
#15=(
REPRESENTATION_RELATIONSHIP($,$,#8508,#8506)
REPRESENTATION_RELATIONSHIP_WITH_TRANSFORMATION(#12)
SHAPE_REPRESENTATION_RELATIONSHIP()
);
#16=(
REPRESENTATION_RELATIONSHIP($,$,#8509,#8506)
REPRESENTATION_RELATIONSHIP_WITH_TRANSFORMATION(#13)
SHAPE_REPRESENTATION_RELATIONSHIP()
);
#17=CONTEXT_DEPENDENT_SHAPE_REPRESENTATION(#14,#8503);
#18=CONTEXT_DEPENDENT_SHAPE_REPRESENTATION(#15,#8504);
#19=CONTEXT_DEPENDENT_SHAPE_REPRESENTATION(#16,#8505);
#20=NEXT_ASSEMBLY_USAGE_OCCURRENCE('Astra:1','Astra:1','Astra:1',#8511,
#8512,'Astra:1');
#21=NEXT_ASSEMBLY_USAGE_OCCURRENCE('astra_clip1:1','astra_clip1:1',
'astra_clip1:1',#8511,#8513,'astra_clip1:1');
#22=NEXT_ASSEMBLY_USAGE_OCCURRENCE('astra_clip2:1','astra_clip2:1',
'astra_clip2:1',#8511,#8514,'astra_clip2:1');
#23=B_SPLINE_SURFACE_WITH_KNOTS('',3,3,((#6470,#6471,#6472,#6473,#6474,
#6475,#6476,#6477,#6478),(#6479,#6480,#6481,#6482,#6483,#6484,#6485,#6486,
#6487),(#6488,#6489,#6490,#6491,#6492,#6493,#6494,#6495,#6496),(#6497,#6498,
#6499,#6500,#6501,#6502,#6503,#6504,#6505),(#6506,#6507,#6508,#6509,#6510,
#6511,#6512,#6513,#6514)),.UNSPECIFIED.,.F.,.F.,.F.,(4,1,4),(4,1,1,1,1,
1,4),(0.,0.5,1.),(-1.5707963267949,-1.12679553517151,-0.682794743548125,
-0.238793951924738,0.205206839698648,1.09320842294542,1.53720921456881),
 .UNSPECIFIED.);
#24=B_SPLINE_SURFACE_WITH_KNOTS('',3,3,((#6563,#6564,#6565,#6566,#6567,
#6568,#6569,#6570,#6571,#6572),(#6573,#6574,#6575,#6576,#6577,#6578,#6579,
#6580,#6581,#6582),(#6583,#6584,#6585,#6586,#6587,#6588,#6589,#6590,#6591,
#6592),(#6593,#6594,#6595,#6596,#6597,#6598,#6599,#6600,#6601,#6602),(#6603,
#6604,#6605,#6606,#6607,#6608,#6609,#6610,#6611,#6612)),.UNSPECIFIED.,.F.,
 .F.,.F.,(4,1,4),(4,1,1,1,1,1,1,4),(0.,0.5,1.),(-1.53720921456881,-1.09320842294542,
-0.649207631322034,-0.205206839698648,0.238793951924739,0.682794743548125,
1.12679553517151,1.5707963267949),.UNSPECIFIED.);
#25=B_SPLINE_SURFACE_WITH_KNOTS('',3,3,((#6617,#6618,#6619,#6620,#6621,
#6622,#6623,#6624,#6625,#6626,#6627,#6628,#6629,#6630,#6631,#6632,#6633,
#6634,#6635,#6636,#6637,#6638,#6639,#6640,#6641,#6642,#6643,#6644,#6645,
#6646,#6647,#6648,#6649,#6650,#6651,#6652,#6653,#6654,#6655,#6656,#6657,
#6658,#6659,#6660,#6661,#6662,#6663,#6664,#6665,#6666,#6667,#6668,#6669,
#6670,#6671,#6672,#6673,#6674,#6675,#6676,#6677,#6678,#6679,#6680),(#6681,
#6682,#6683,#6684,#6685,#6686,#6687,#6688,#6689,#6690,#6691,#6692,#6693,
#6694,#6695,#6696,#6697,#6698,#6699,#6700,#6701,#6702,#6703,#6704,#6705,
#6706,#6707,#6708,#6709,#6710,#6711,#6712,#6713,#6714,#6715,#6716,#6717,
#6718,#6719,#6720,#6721,#6722,#6723,#6724,#6725,#6726,#6727,#6728,#6729,
#6730,#6731,#6732,#6733,#6734,#6735,#6736,#6737,#6738,#6739,#6740,#6741,
#6742,#6743,#6744),(#6745,#6746,#6747,#6748,#6749,#6750,#6751,#6752,#6753,
#6754,#6755,#6756,#6757,#6758,#6759,#6760,#6761,#6762,#6763,#6764,#6765,
#6766,#6767,#6768,#6769,#6770,#6771,#6772,#6773,#6774,#6775,#6776,#6777,
#6778,#6779,#6780,#6781,#6782,#6783,#6784,#6785,#6786,#6787,#6788,#6789,
#6790,#6791,#6792,#6793,#6794,#6795,#6796,#6797,#6798,#6799,#6800,#6801,
#6802,#6803,#6804,#6805,#6806,#6807,#6808),(#6809,#6810,#6811,#6812,#6813,
#6814,#6815,#6816,#6817,#6818,#6819,#6820,#6821,#6822,#6823,#6824,#6825,
#6826,#6827,#6828,#6829,#6830,#6831,#6832,#6833,#6834,#6835,#6836,#6837,
#6838,#6839,#6840,#6841,#6842,#6843,#6844,#6845,#6846,#6847,#6848,#6849,
#6850,#6851,#6852,#6853,#6854,#6855,#6856,#6857,#6858,#6859,#6860,#6861,
#6862,#6863,#6864,#6865,#6866,#6867,#6868,#6869,#6870,#6871,#6872)),
 .UNSPECIFIED.,.F.,.F.,.F.,(4,4),(4,2,2,2,2,2,2,2,2,2,2,2,2,2,2,2,2,2,2,
2,2,2,2,2,2,2,2,2,2,2,2,4),(0.,1.),(0.,0.0738430890191878,0.147682970763409,
0.184598598803463,0.258427486170682,0.295335401975692,0.369146491383348,
0.406044450448752,0.479834476860835,0.516721662902667,0.590490583825538,
0.627367814381333,0.70111886439909,0.737988473376697,0.811727555340545,
0.848593038916303,0.922327937626414,0.959193421153121,1.03293250313923,
1.06980211216752,1.14355316199737,1.18043039250537,1.25419931349631,1.29108649959091,
1.36487652563295,1.40177448465172,1.47558557417619,1.51249349003635,1.58632237619454,
1.62323800418384,1.69707789949611,1.77092098500547),.UNSPECIFIED.);
#26=B_SPLINE_SURFACE_WITH_KNOTS('',3,3,((#7013,#7014,#7015,#7016,#7017,
#7018,#7019,#7020,#7021,#7022,#7023,#7024,#7025,#7026,#7027,#7028,#7029,
#7030,#7031,#7032,#7033,#7034,#7035,#7036,#7037,#7038,#7039,#7040,#7041,
#7042,#7043,#7044,#7045,#7046,#7047,#7048,#7049,#7050,#7051,#7052,#7053,
#7054,#7055,#7056,#7057,#7058,#7059,#7060,#7061,#7062,#7063,#7064,#7065,
#7066,#7067,#7068,#7069,#7070,#7071,#7072,#7073,#7074,#7075,#7076),(#7077,
#7078,#7079,#7080,#7081,#7082,#7083,#7084,#7085,#7086,#7087,#7088,#7089,
#7090,#7091,#7092,#7093,#7094,#7095,#7096,#7097,#7098,#7099,#7100,#7101,
#7102,#7103,#7104,#7105,#7106,#7107,#7108,#7109,#7110,#7111,#7112,#7113,
#7114,#7115,#7116,#7117,#7118,#7119,#7120,#7121,#7122,#7123,#7124,#7125,
#7126,#7127,#7128,#7129,#7130,#7131,#7132,#7133,#7134,#7135,#7136,#7137,
#7138,#7139,#7140),(#7141,#7142,#7143,#7144,#7145,#7146,#7147,#7148,#7149,
#7150,#7151,#7152,#7153,#7154,#7155,#7156,#7157,#7158,#7159,#7160,#7161,
#7162,#7163,#7164,#7165,#7166,#7167,#7168,#7169,#7170,#7171,#7172,#7173,
#7174,#7175,#7176,#7177,#7178,#7179,#7180,#7181,#7182,#7183,#7184,#7185,
#7186,#7187,#7188,#7189,#7190,#7191,#7192,#7193,#7194,#7195,#7196,#7197,
#7198,#7199,#7200,#7201,#7202,#7203,#7204),(#7205,#7206,#7207,#7208,#7209,
#7210,#7211,#7212,#7213,#7214,#7215,#7216,#7217,#7218,#7219,#7220,#7221,
#7222,#7223,#7224,#7225,#7226,#7227,#7228,#7229,#7230,#7231,#7232,#7233,
#7234,#7235,#7236,#7237,#7238,#7239,#7240,#7241,#7242,#7243,#7244,#7245,
#7246,#7247,#7248,#7249,#7250,#7251,#7252,#7253,#7254,#7255,#7256,#7257,
#7258,#7259,#7260,#7261,#7262,#7263,#7264,#7265,#7266,#7267,#7268)),
 .UNSPECIFIED.,.F.,.F.,.F.,(4,4),(4,2,2,2,2,2,2,2,2,2,2,2,2,2,2,2,2,2,2,
2,2,2,2,2,2,2,2,2,2,2,2,4),(0.,1.),(0.,0.073843089017273,0.147682970761495,
0.18459859880155,0.25842748616877,0.295335401973778,0.369146491381435,0.406044450446835,
0.479834476858924,0.516721662900757,0.590490583823629,0.627367814379418,
0.701118864397181,0.737988473374782,0.811727555338641,0.848593038914396,
0.922327937624495,0.959193421151204,1.03293250313732,1.0698021121656,1.14355316199545,
1.18043039250345,1.25419931349439,1.29108649958899,1.36487652563102,1.4017744846498,
1.47558557417427,1.51249349003443,1.58632237619262,1.62323800418191,1.69707789949417,
1.77092098500162),.UNSPECIFIED.);
#27=B_SPLINE_SURFACE_WITH_KNOTS('',3,3,((#7409,#7410,#7411,#7412,#7413,
#7414,#7415,#7416,#7417,#7418,#7419,#7420,#7421,#7422,#7423,#7424,#7425,
#7426,#7427,#7428,#7429,#7430,#7431,#7432,#7433,#7434,#7435,#7436,#7437,
#7438,#7439,#7440,#7441,#7442,#7443,#7444,#7445,#7446,#7447,#7448,#7449,
#7450,#7451,#7452,#7453,#7454,#7455,#7456,#7457,#7458,#7459,#7460,#7461,
#7462,#7463,#7464,#7465,#7466,#7467,#7468,#7469,#7470,#7471,#7472),(#7473,
#7474,#7475,#7476,#7477,#7478,#7479,#7480,#7481,#7482,#7483,#7484,#7485,
#7486,#7487,#7488,#7489,#7490,#7491,#7492,#7493,#7494,#7495,#7496,#7497,
#7498,#7499,#7500,#7501,#7502,#7503,#7504,#7505,#7506,#7507,#7508,#7509,
#7510,#7511,#7512,#7513,#7514,#7515,#7516,#7517,#7518,#7519,#7520,#7521,
#7522,#7523,#7524,#7525,#7526,#7527,#7528,#7529,#7530,#7531,#7532,#7533,
#7534,#7535,#7536),(#7537,#7538,#7539,#7540,#7541,#7542,#7543,#7544,#7545,
#7546,#7547,#7548,#7549,#7550,#7551,#7552,#7553,#7554,#7555,#7556,#7557,
#7558,#7559,#7560,#7561,#7562,#7563,#7564,#7565,#7566,#7567,#7568,#7569,
#7570,#7571,#7572,#7573,#7574,#7575,#7576,#7577,#7578,#7579,#7580,#7581,
#7582,#7583,#7584,#7585,#7586,#7587,#7588,#7589,#7590,#7591,#7592,#7593,
#7594,#7595,#7596,#7597,#7598,#7599,#7600),(#7601,#7602,#7603,#7604,#7605,
#7606,#7607,#7608,#7609,#7610,#7611,#7612,#7613,#7614,#7615,#7616,#7617,
#7618,#7619,#7620,#7621,#7622,#7623,#7624,#7625,#7626,#7627,#7628,#7629,
#7630,#7631,#7632,#7633,#7634,#7635,#7636,#7637,#7638,#7639,#7640,#7641,
#7642,#7643,#7644,#7645,#7646,#7647,#7648,#7649,#7650,#7651,#7652,#7653,
#7654,#7655,#7656,#7657,#7658,#7659,#7660,#7661,#7662,#7663,#7664)),
 .UNSPECIFIED.,.F.,.F.,.F.,(4,4),(4,2,2,2,2,2,2,2,2,2,2,2,2,2,2,2,2,2,2,
2,2,2,2,2,2,2,2,2,2,2,2,4),(0.333333333333013,1.),(0.,0.0851694138167459,
0.170334785002821,0.212918159132624,0.298072552041173,0.340649843940573,
0.425789426650979,0.468358552753179,0.553480816497513,0.596041085806164,
0.681145991253869,0.723698074994599,0.808788301667532,0.851334119098538,
0.936414500397793,0.978956926166392,1.06403387887308,1.10657630458474,1.19165668590961,
1.23420250339943,1.31929272974075,1.3618448134262,1.44694971895188,1.4895099883215,
1.5746322514135,1.61720137746204,1.70234096030525,1.74491825226798,1.83007264345931,
1.87265601753025,1.95782140891784,2.04299081868564),.UNSPECIFIED.);
#28=B_SPLINE_SURFACE_WITH_KNOTS('',3,3,((#7736,#7737,#7738,#7739,#7740,
#7741,#7742,#7743,#7744,#7745,#7746,#7747,#7748,#7749,#7750,#7751,#7752,
#7753,#7754,#7755,#7756,#7757,#7758,#7759,#7760,#7761,#7762,#7763,#7764,
#7765,#7766,#7767,#7768,#7769,#7770,#7771,#7772,#7773,#7774,#7775,#7776,
#7777,#7778,#7779,#7780,#7781,#7782,#7783,#7784,#7785,#7786,#7787,#7788,
#7789,#7790,#7791,#7792,#7793,#7794,#7795,#7796,#7797,#7798,#7799),(#7800,
#7801,#7802,#7803,#7804,#7805,#7806,#7807,#7808,#7809,#7810,#7811,#7812,
#7813,#7814,#7815,#7816,#7817,#7818,#7819,#7820,#7821,#7822,#7823,#7824,
#7825,#7826,#7827,#7828,#7829,#7830,#7831,#7832,#7833,#7834,#7835,#7836,
#7837,#7838,#7839,#7840,#7841,#7842,#7843,#7844,#7845,#7846,#7847,#7848,
#7849,#7850,#7851,#7852,#7853,#7854,#7855,#7856,#7857,#7858,#7859,#7860,
#7861,#7862,#7863),(#7864,#7865,#7866,#7867,#7868,#7869,#7870,#7871,#7872,
#7873,#7874,#7875,#7876,#7877,#7878,#7879,#7880,#7881,#7882,#7883,#7884,
#7885,#7886,#7887,#7888,#7889,#7890,#7891,#7892,#7893,#7894,#7895,#7896,
#7897,#7898,#7899,#7900,#7901,#7902,#7903,#7904,#7905,#7906,#7907,#7908,
#7909,#7910,#7911,#7912,#7913,#7914,#7915,#7916,#7917,#7918,#7919,#7920,
#7921,#7922,#7923,#7924,#7925,#7926,#7927),(#7928,#7929,#7930,#7931,#7932,
#7933,#7934,#7935,#7936,#7937,#7938,#7939,#7940,#7941,#7942,#7943,#7944,
#7945,#7946,#7947,#7948,#7949,#7950,#7951,#7952,#7953,#7954,#7955,#7956,
#7957,#7958,#7959,#7960,#7961,#7962,#7963,#7964,#7965,#7966,#7967,#7968,
#7969,#7970,#7971,#7972,#7973,#7974,#7975,#7976,#7977,#7978,#7979,#7980,
#7981,#7982,#7983,#7984,#7985,#7986,#7987,#7988,#7989,#7990,#7991)),
 .UNSPECIFIED.,.F.,.F.,.F.,(4,4),(4,2,2,2,2,2,2,2,2,2,2,2,2,2,2,2,2,2,2,
2,2,2,2,2,2,2,2,2,2,2,2,4),(0.333333333332092,1.),(0.,0.085169413814831,
0.170334785000906,0.212918159130711,0.29807255203926,0.340649843938657,
0.425789426649065,0.468358552751262,0.553480816495593,0.596041085804248,
0.681145991251963,0.723698074992683,0.808788301665623,0.851334119096624,
0.936414500395869,0.978956926164471,1.06403387887117,1.10657630458283,1.19165668590769,
1.23420250339752,1.31929272973884,1.36184481342428,1.44694971894997,1.48950998831959,
1.57463225141158,1.61720137746012,1.70234096030334,1.74491825226607,1.8300726434574,
1.87265601752833,1.95782140891593,2.04299081868181),.UNSPECIFIED.);
#29=B_SPLINE_SURFACE_WITH_KNOTS('',3,3,((#8254,#8255,#8256,#8257),(#8258,
#8259,#8260,#8261),(#8262,#8263,#8264,#8265),(#8266,#8267,#8268,#8269),
(#8270,#8271,#8272,#8273),(#8274,#8275,#8276,#8277)),.UNSPECIFIED.,.F.,
 .F.,.F.,(4,1,1,4),(4,4),(0.,0.285714285714286,0.571428571428571,1.),(-1.68491689818668,
2.61907787519127),.UNSPECIFIED.);
#30=B_SPLINE_SURFACE_WITH_KNOTS('',3,3,((#8279,#8280,#8281,#8282,#8283,
#8284,#8285,#8286),(#8287,#8288,#8289,#8290,#8291,#8292,#8293,#8294),(#8295,
#8296,#8297,#8298,#8299,#8300,#8301,#8302),(#8303,#8304,#8305,#8306,#8307,
#8308,#8309,#8310),(#8311,#8312,#8313,#8314,#8315,#8316,#8317,#8318),(#8319,
#8320,#8321,#8322,#8323,#8324,#8325,#8326)),.UNSPECIFIED.,.F.,.F.,.F.,(4,
1,1,4),(4,1,1,1,1,4),(0.,0.285714285714286,0.571428571428571,1.),(0.,0.10033086328504,
0.300992589855121,0.501654316425201,0.576902463888981,0.702316042995282),
 .UNSPECIFIED.);
#31=B_SPLINE_SURFACE_WITH_KNOTS('',3,3,((#8337,#8338,#8339,#8340),(#8341,
#8342,#8343,#8344),(#8345,#8346,#8347,#8348),(#8349,#8350,#8351,#8352),
(#8353,#8354,#8355,#8356)),.UNSPECIFIED.,.F.,.F.,.F.,(4,1,4),(4,4),(0.,
0.571428571428571,1.),(0.948250546601654,1.57079632679498),
 .UNSPECIFIED.);
#32=B_SPLINE_SURFACE_WITH_KNOTS('',3,3,((#8364,#8365,#8366,#8367),(#8368,
#8369,#8370,#8371),(#8372,#8373,#8374,#8375),(#8376,#8377,#8378,#8379),
(#8380,#8381,#8382,#8383)),.UNSPECIFIED.,.F.,.F.,.F.,(4,1,4),(4,4),(0.,
0.571428571428571,1.),(-1.57079632679498,-0.975859483582289),
 .UNSPECIFIED.);
#33=B_SPLINE_SURFACE_WITH_KNOTS('',3,3,((#8387,#8388,#8389,#8390,#8391,
#8392,#8393,#8394,#8395),(#8396,#8397,#8398,#8399,#8400,#8401,#8402,#8403,
#8404),(#8405,#8406,#8407,#8408,#8409,#8410,#8411,#8412,#8413),(#8414,#8415,
#8416,#8417,#8418,#8419,#8420,#8421,#8422),(#8423,#8424,#8425,#8426,#8427,
#8428,#8429,#8430,#8431),(#8432,#8433,#8434,#8435,#8436,#8437,#8438,#8439,
#8440)),.UNSPECIFIED.,.F.,.F.,.F.,(4,1,1,4),(4,1,1,1,1,1,4),(0.,0.285714285714286,
0.571428571428571,1.),(0.,0.101123704582208,0.303371113746624,0.404494818328831,
0.505618522911039,0.556180375202143,0.707865932075455),.UNSPECIFIED.);
#34=B_SPLINE_SURFACE_WITH_KNOTS('',3,3,((#8451,#8452,#8453,#8454),(#8455,
#8456,#8457,#8458),(#8459,#8460,#8461,#8462),(#8463,#8464,#8465,#8466),
(#8467,#8468,#8469,#8470),(#8471,#8472,#8473,#8474)),.UNSPECIFIED.,.F.,
 .F.,.F.,(4,1,1,4),(4,4),(0.,0.285714285714286,0.571428571428571,1.),(-2.62075434855658,
1.6832359657427),.UNSPECIFIED.);
#35=ELLIPSE('',#4257,168.1457700925,7.);
#36=ELLIPSE('',#4260,168.1457700925,7.);
#37=ELLIPSE('',#4262,7.00523737602406,7.);
#38=ELLIPSE('',#4264,6.50563991429317,6.5);
#39=ELLIPSE('',#4266,7.00607375385418,7.);
#40=ELLIPSE('',#4267,7.00607375385418,7.);
#41=ELLIPSE('',#4268,7.00607375385418,7.);
#42=ELLIPSE('',#4270,7.00607375385418,7.);
#43=ELLIPSE('',#4276,7.00607375385418,7.);
#44=ELLIPSE('',#4278,7.00523737602406,7.);
#45=ELLIPSE('',#4279,7.00607375385418,7.);
#46=ELLIPSE('',#4282,6.50563991429317,6.5);
#47=ELLIPSE('',#4306,7.00649965784701,7.);
#48=ELLIPSE('',#4307,7.00649965784701,7.);
#49=ELLIPSE('',#4309,7.0047758466005,7.);
#50=ELLIPSE('',#4310,7.00649965784701,7.);
#51=ELLIPSE('',#4311,162.55079206205,7.);
#52=ELLIPSE('',#4314,162.550792062051,7.);
#53=ELLIPSE('',#4315,7.00649965784701,7.);
#54=ELLIPSE('',#4316,7.0047758466005,7.);
#55=ELLIPSE('',#4328,6.00557113529744,6.);
#56=ELLIPSE('',#4332,6.00557113529744,6.);
#57=B_SPLINE_CURVE_WITH_KNOTS('',3,(#6357,#6358,#6359,#6360,#6361,#6362,
#6363,#6364,#6365,#6366,#6367,#6368,#6369,#6370,#6371,#6372,#6373,#6374,
#6375,#6376,#6377,#6378,#6379,#6380,#6381,#6382,#6383,#6384,#6385,#6386,
#6387,#6388,#6389,#6390,#6391,#6392,#6393,#6394,#6395,#6396,#6397,#6398,
#6399),.UNSPECIFIED.,.F.,.F.,(4,3,3,3,3,3,3,3,3,3,3,3,3,3,4),(-0.0786939422451488,
-0.0708117959182119,-0.0686410853130331,-0.0606775788415366,-0.0585886091318847,
-0.0505992201097022,-0.0427548566145812,-0.0393625479284896,-0.0390497674984958,
-0.0312320934396076,-0.0232407583488981,-0.0195222095989928,-0.0115338964663931,
-0.003706999345916,0.),.UNSPECIFIED.);
#58=B_SPLINE_CURVE_WITH_KNOTS('',3,(#6417,#6418,#6419,#6420,#6421,#6422,
#6423,#6424,#6425,#6426,#6427,#6428,#6429,#6430,#6431,#6432,#6433,#6434,
#6435,#6436,#6437,#6438,#6439,#6440,#6441,#6442,#6443,#6444,#6445,#6446,
#6447,#6448,#6449,#6450,#6451,#6452,#6453,#6454,#6455,#6456,#6457,#6458,
#6459),.UNSPECIFIED.,.F.,.F.,(4,3,3,3,3,3,3,3,3,3,3,3,3,3,4),(-0.0786959446527626,
-0.0708201821391216,-0.068669321331643,-0.0607109920003004,-0.0586421437263012,
-0.0506555463201769,-0.0428074273275386,-0.0393770263758044,-0.0391061105516364,
-0.0312928484960422,-0.0232988438466244,-0.0195572018717909,-0.0115645138915021,
-0.00373021740153247,0.),.UNSPECIFIED.);
#59=B_SPLINE_CURVE_WITH_KNOTS('',3,(#6877,#6878,#6879,#6880,#6881,#6882,
#6883,#6884,#6885,#6886,#6887,#6888,#6889,#6890,#6891,#6892,#6893,#6894,
#6895,#6896,#6897,#6898,#6899,#6900,#6901,#6902,#6903,#6904,#6905,#6906,
#6907,#6908,#6909,#6910,#6911,#6912,#6913,#6914,#6915,#6916,#6917,#6918,
#6919,#6920,#6921,#6922,#6923,#6924,#6925,#6926,#6927,#6928,#6929,#6930,
#6931,#6932,#6933,#6934,#6935,#6936,#6937,#6938,#6939,#6940),
 .UNSPECIFIED.,.F.,.F.,(4,2,2,2,2,2,2,2,2,2,2,2,2,2,2,2,2,2,2,2,2,2,2,2,
2,2,2,2,2,2,2,4),(-1.77092098500547,-1.69707789949611,-1.62323800418384,
-1.58632237619454,-1.51249349003635,-1.47558557417619,-1.40177448465172,
-1.36487652563295,-1.29108649959091,-1.25419931349631,-1.18043039250537,
-1.14355316199737,-1.06980211216752,-1.03293250313923,-0.959193421153121,
-0.922327937626414,-0.848593038916303,-0.811727555340545,-0.737988473376697,
-0.70111886439909,-0.627367814381333,-0.590490583825538,-0.516721662902667,
-0.479834476860835,-0.406044450448752,-0.369146491383348,-0.295335401975692,
-0.258427486170682,-0.184598598803463,-0.147682970763409,-0.0738430890191878,
0.),.UNSPECIFIED.);
#60=B_SPLINE_CURVE_WITH_KNOTS('',3,(#6943,#6944,#6945,#6946,#6947,#6948,
#6949,#6950,#6951,#6952,#6953,#6954,#6955,#6956,#6957,#6958,#6959,#6960,
#6961,#6962,#6963,#6964,#6965,#6966,#6967,#6968,#6969,#6970,#6971,#6972,
#6973,#6974,#6975,#6976,#6977,#6978,#6979,#6980,#6981,#6982,#6983,#6984,
#6985,#6986,#6987,#6988,#6989,#6990,#6991,#6992,#6993,#6994,#6995,#6996,
#6997,#6998,#6999,#7000,#7001,#7002,#7003,#7004,#7005,#7006),
 .UNSPECIFIED.,.F.,.F.,(4,2,2,2,2,2,2,2,2,2,2,2,2,2,2,2,2,2,2,2,2,2,2,2,
2,2,2,2,2,2,2,4),(0.,0.0738430890191878,0.147682970763409,0.184598598803463,
0.258427486170682,0.295335401975692,0.369146491383348,0.406044450448752,
0.479834476860835,0.516721662902667,0.590490583825538,0.627367814381333,
0.70111886439909,0.737988473376697,0.811727555340545,0.848593038916303,
0.922327937626414,0.959193421153121,1.03293250313923,1.06980211216752,1.14355316199737,
1.18043039250537,1.25419931349631,1.29108649959091,1.36487652563295,1.40177448465172,
1.47558557417619,1.51249349003635,1.58632237619454,1.62323800418384,1.69707789949611,
1.77092098500547),.UNSPECIFIED.);
#61=B_SPLINE_CURVE_WITH_KNOTS('',3,(#7272,#7273,#7274,#7275,#7276,#7277,
#7278,#7279,#7280,#7281,#7282,#7283,#7284,#7285,#7286,#7287,#7288,#7289,
#7290,#7291,#7292,#7293,#7294,#7295,#7296,#7297,#7298,#7299,#7300,#7301,
#7302,#7303,#7304,#7305,#7306,#7307,#7308,#7309,#7310,#7311,#7312,#7313,
#7314,#7315,#7316,#7317,#7318,#7319,#7320,#7321,#7322,#7323,#7324,#7325,
#7326,#7327,#7328,#7329,#7330,#7331,#7332,#7333,#7334,#7335),
 .UNSPECIFIED.,.F.,.F.,(4,2,2,2,2,2,2,2,2,2,2,2,2,2,2,2,2,2,2,2,2,2,2,2,
2,2,2,2,2,2,2,4),(-1.77092098500162,-1.69707789949417,-1.62323800418191,
-1.58632237619262,-1.51249349003443,-1.47558557417427,-1.4017744846498,
-1.36487652563102,-1.29108649958899,-1.25419931349439,-1.18043039250345,
-1.14355316199545,-1.0698021121656,-1.03293250313732,-0.959193421151204,
-0.922327937624495,-0.848593038914396,-0.811727555338641,-0.737988473374782,
-0.701118864397181,-0.627367814379418,-0.590490583823629,-0.516721662900757,
-0.479834476858924,-0.406044450446835,-0.369146491381435,-0.295335401973778,
-0.25842748616877,-0.18459859880155,-0.147682970761495,-0.073843089017273,
0.),.UNSPECIFIED.);
#62=B_SPLINE_CURVE_WITH_KNOTS('',3,(#7336,#7337,#7338,#7339,#7340,#7341,
#7342,#7343,#7344,#7345,#7346,#7347,#7348,#7349,#7350,#7351,#7352,#7353,
#7354,#7355,#7356,#7357,#7358,#7359,#7360,#7361,#7362,#7363,#7364,#7365,
#7366,#7367,#7368,#7369,#7370,#7371,#7372,#7373,#7374,#7375,#7376,#7377,
#7378,#7379,#7380,#7381,#7382,#7383,#7384,#7385,#7386,#7387,#7388,#7389,
#7390,#7391,#7392,#7393,#7394,#7395,#7396,#7397,#7398,#7399),
 .UNSPECIFIED.,.F.,.F.,(4,2,2,2,2,2,2,2,2,2,2,2,2,2,2,2,2,2,2,2,2,2,2,2,
2,2,2,2,2,2,2,4),(0.,0.073843089017273,0.147682970761495,0.18459859880155,
0.25842748616877,0.295335401973778,0.369146491381435,0.406044450446835,
0.479834476858924,0.516721662900757,0.590490583823629,0.627367814379418,
0.701118864397181,0.737988473374782,0.811727555338641,0.848593038914396,
0.922327937624495,0.959193421151204,1.03293250313732,1.0698021121656,1.14355316199545,
1.18043039250345,1.25419931349439,1.29108649958899,1.36487652563102,1.4017744846498,
1.47558557417427,1.51249349003443,1.58632237619262,1.62323800418191,1.69707789949417,
1.77092098500162),.UNSPECIFIED.);
#63=B_SPLINE_CURVE_WITH_KNOTS('',3,(#7667,#7668,#7669,#7670,#7671,#7672,
#7673,#7674,#7675,#7676,#7677,#7678,#7679,#7680,#7681,#7682,#7683,#7684,
#7685,#7686,#7687,#7688,#7689,#7690,#7691,#7692,#7693,#7694,#7695,#7696,
#7697,#7698,#7699,#7700,#7701,#7702,#7703,#7704,#7705,#7706,#7707,#7708,
#7709,#7710,#7711,#7712,#7713,#7714,#7715,#7716,#7717,#7718,#7719,#7720,
#7721,#7722,#7723,#7724,#7725,#7726,#7727,#7728,#7729,#7730),
 .UNSPECIFIED.,.F.,.F.,(4,2,2,2,2,2,2,2,2,2,2,2,2,2,2,2,2,2,2,2,2,2,2,2,
2,2,2,2,2,2,2,4),(-2.04299081868564,-1.95782140891784,-1.87265601753025,
-1.83007264345931,-1.74491825226798,-1.70234096030525,-1.61720137746204,
-1.5746322514135,-1.4895099883215,-1.44694971895188,-1.3618448134262,-1.31929272974075,
-1.23420250339943,-1.19165668590961,-1.10657630458474,-1.06403387887308,
-0.978956926166392,-0.936414500397793,-0.851334119098538,-0.808788301667532,
-0.723698074994599,-0.681145991253869,-0.596041085806164,-0.553480816497513,
-0.468358552753179,-0.425789426650979,-0.340649843940573,-0.298072552041173,
-0.212918159132624,-0.170334785002821,-0.0851694138167459,0.),
 .UNSPECIFIED.);
#64=B_SPLINE_CURVE_WITH_KNOTS('',3,(#7992,#7993,#7994,#7995,#7996,#7997,
#7998,#7999,#8000,#8001,#8002,#8003,#8004,#8005,#8006,#8007,#8008,#8009,
#8010,#8011,#8012,#8013,#8014,#8015,#8016,#8017,#8018,#8019,#8020,#8021,
#8022,#8023,#8024,#8025,#8026,#8027,#8028,#8029,#8030,#8031,#8032,#8033,
#8034,#8035,#8036,#8037,#8038,#8039,#8040,#8041,#8042,#8043,#8044,#8045,
#8046,#8047,#8048,#8049,#8050,#8051,#8052,#8053,#8054,#8055),
 .UNSPECIFIED.,.F.,.F.,(4,2,2,2,2,2,2,2,2,2,2,2,2,2,2,2,2,2,2,2,2,2,2,2,
2,2,2,2,2,2,2,4),(-2.04299081868181,-1.95782140891593,-1.87265601752833,
-1.8300726434574,-1.74491825226607,-1.70234096030334,-1.61720137746012,
-1.57463225141158,-1.48950998831959,-1.44694971894997,-1.36184481342428,
-1.31929272973884,-1.23420250339752,-1.19165668590769,-1.10657630458283,
-1.06403387887117,-0.978956926164471,-0.936414500395869,-0.851334119096624,
-0.808788301665623,-0.723698074992683,-0.681145991251963,-0.596041085804248,
-0.553480816495593,-0.468358552751262,-0.425789426649065,-0.340649843938657,
-0.29807255203926,-0.212918159130711,-0.170334785000906,-0.085169413814831,
0.),.UNSPECIFIED.);
#65=B_SPLINE_CURVE_WITH_KNOTS('',3,(#8086,#8087,#8088,#8089,#8090,#8091,
#8092,#8093,#8094),.UNSPECIFIED.,.F.,.F.,(4,1,1,1,1,1,4),(0.,0.101123704582208,
0.303371113746624,0.404494818328831,0.505618522911039,0.556180375202143,
0.707865932075455),.UNSPECIFIED.);
#66=B_SPLINE_CURVE_WITH_KNOTS('',3,(#8096,#8097,#8098,#8099),
 .UNSPECIFIED.,.F.,.F.,(4,4),(-1.67898232981765,2.62075434855658),
 .UNSPECIFIED.);
#67=B_SPLINE_CURVE_WITH_KNOTS('',3,(#8113,#8114,#8115,#8116),
 .UNSPECIFIED.,.F.,.F.,(4,4),(-2.61907787519127,1.68065248629245),
 .UNSPECIFIED.);
#68=B_SPLINE_CURVE_WITH_KNOTS('',3,(#8118,#8119,#8120,#8121,#8122,#8123,
#8124,#8125),.UNSPECIFIED.,.F.,.F.,(4,1,1,1,1,4),(0.,0.10033086328504,0.300992589855121,
0.501654316425201,0.576902463888981,0.702316042995282),.UNSPECIFIED.);
#69=B_SPLINE_CURVE_WITH_KNOTS('',3,(#8139,#8140,#8141,#8142,#8143,#8144,
#8145,#8146,#8147,#8148,#8149,#8150,#8151,#8152,#8153,#8154,#8155,#8156,
#8157,#8158,#8159,#8160,#8161,#8162,#8163,#8164,#8165,#8166,#8167,#8168,
#8169,#8170,#8171,#8172,#8173,#8174,#8175,#8176,#8177,#8178,#8179,#8180,
#8181,#8182,#8183,#8184,#8185,#8186,#8187),.UNSPECIFIED.,.F.,.F.,(4,3,3,
3,3,3,3,3,3,3,3,3,3,3,3,3,4),(-0.17367111129442,-0.160441649308612,-0.147075395854406,
-0.14540404960183,-0.13204422528685,-0.124076178596651,-0.117140626515392,
-0.10382139406311,-0.0905289122813446,-0.0780698182883926,-0.0744513393943205,
-0.0612259738172167,-0.047794142839752,-0.0390312540501685,-0.0256032150484902,
-0.0123861812442775,0.),.UNSPECIFIED.);
#70=B_SPLINE_CURVE_WITH_KNOTS('',3,(#8195,#8196,#8197,#8198,#8199,#8200,
#8201,#8202,#8203,#8204,#8205,#8206,#8207,#8208,#8209,#8210,#8211,#8212,
#8213,#8214,#8215,#8216,#8217,#8218,#8219,#8220,#8221,#8222,#8223,#8224,
#8225,#8226,#8227,#8228,#8229,#8230,#8231,#8232,#8233,#8234,#8235,#8236,
#8237,#8238,#8239,#8240),.UNSPECIFIED.,.F.,.F.,(4,3,3,3,3,3,3,3,3,3,3,3,
3,3,3,4),(-0.172403023282934,-0.15863480716405,-0.144866591045167,-0.131097548887882,
-0.117328506730598,-0.103913817689566,-0.0985905847902433,-0.0852158034974579,
-0.0782505373578997,-0.064943786695506,-0.0515919554849819,-0.0492911946096116,
-0.0391348125667831,-0.0257947512493691,-0.0124868782882262,0.),
 .UNSPECIFIED.);
#71=B_SPLINE_CURVE_WITH_KNOTS('',3,(#8244,#8245,#8246,#8247),
 .UNSPECIFIED.,.F.,.F.,(4,4),(-2.62075434855658,1.6832359657427),
 .UNSPECIFIED.);
#72=B_SPLINE_CURVE_WITH_KNOTS('',3,(#8250,#8251,#8252,#8253),
 .UNSPECIFIED.,.F.,.F.,(4,4),(-1.68491689818668,2.61907787519127),
 .UNSPECIFIED.);
#73=B_SPLINE_CURVE_WITH_KNOTS('',3,(#8328,#8329,#8330,#8331,#8332,#8333,
#8334,#8335),.UNSPECIFIED.,.F.,.F.,(4,1,1,1,1,4),(-0.702316042995282,-0.576902463888981,
-0.501654316425201,-0.300992589855121,-0.10033086328504,0.),
 .UNSPECIFIED.);
#74=B_SPLINE_CURVE_WITH_KNOTS('',3,(#8441,#8442,#8443,#8444,#8445,#8446,
#8447,#8448,#8449),.UNSPECIFIED.,.F.,.F.,(4,1,1,1,1,1,4),(-0.707865932075455,
-0.556180375202143,-0.505618522911039,-0.404494818328831,-0.303371113746624,
-0.101123704582208,0.),.UNSPECIFIED.);
#75=SHAPE_REPRESENTATION_RELATIONSHIP('SRR','None',#8507,#78);
#76=SHAPE_REPRESENTATION_RELATIONSHIP('SRR','None',#8508,#79);
#77=SHAPE_REPRESENTATION_RELATIONSHIP('SRR','None',#8509,#80);
#78=ADVANCED_BREP_SHAPE_REPRESENTATION('',(#81),#8487);
#79=ADVANCED_BREP_SHAPE_REPRESENTATION('',(#82),#8488);
#80=ADVANCED_BREP_SHAPE_REPRESENTATION('',(#83),#8489);
#81=MANIFOLD_SOLID_BREP('Body1',#3869);
#82=MANIFOLD_SOLID_BREP('Body1',#3870);
#83=MANIFOLD_SOLID_BREP('Body1',#3871);
#84=CONICAL_SURFACE('',#4038,2.,0.785398163397448);
#85=CONICAL_SURFACE('',#4058,2.,0.785398163397448);
#86=CONICAL_SURFACE('',#4117,7.25,0.785398163397446);
#87=CONICAL_SURFACE('',#4119,7.25,0.785398163397448);
#88=CONICAL_SURFACE('',#4121,7.25,0.785398163397448);
#89=(
BOUNDED_SURFACE()
B_SPLINE_SURFACE(2,2,((#5791,#5792,#5793,#5794,#5795,#5796,#5797,#5798,
#5799),(#5800,#5801,#5802,#5803,#5804,#5805,#5806,#5807,#5808),(#5809,#5810,
#5811,#5812,#5813,#5814,#5815,#5816,#5817)),.UNSPECIFIED.,.F.,.T.,.F.)
B_SPLINE_SURFACE_WITH_KNOTS((3,3),(3,2,2,2,3),(0.,1.5707963267949),(-3.14159265358979,
-1.5707963267949,0.,1.5707963267949,3.14159265358979),.UNSPECIFIED.)
GEOMETRIC_REPRESENTATION_ITEM()
RATIONAL_B_SPLINE_SURFACE(((1.,0.707106781186548,1.,0.707106781186548,1.,
0.707106781186548,1.,0.707106781186548,1.),(0.707106781186543,0.499999999999997,
0.707106781186543,0.499999999999997,0.707106781186543,0.499999999999997,
0.707106781186543,0.499999999999997,0.707106781186543),(1.,0.707106781186548,
1.,0.707106781186548,1.,0.707106781186548,1.,0.707106781186548,1.)))
REPRESENTATION_ITEM('')
SURFACE()
);
#90=(
BOUNDED_SURFACE()
B_SPLINE_SURFACE(2,2,((#5832,#5833,#5834,#5835,#5836,#5837,#5838,#5839,
#5840),(#5841,#5842,#5843,#5844,#5845,#5846,#5847,#5848,#5849),(#5850,#5851,
#5852,#5853,#5854,#5855,#5856,#5857,#5858)),.UNSPECIFIED.,.F.,.T.,.F.)
B_SPLINE_SURFACE_WITH_KNOTS((3,3),(3,2,2,2,3),(0.,1.5707963267949),(-3.14159265358979,
-1.5707963267949,0.,1.5707963267949,3.14159265358979),.UNSPECIFIED.)
GEOMETRIC_REPRESENTATION_ITEM()
RATIONAL_B_SPLINE_SURFACE(((1.,0.707106781186548,1.,0.707106781186548,1.,
0.707106781186548,1.,0.707106781186548,1.),(0.707106781186542,0.499999999999996,
0.707106781186542,0.499999999999996,0.707106781186542,0.499999999999996,
0.707106781186542,0.499999999999996,0.707106781186542),(1.,0.707106781186548,
1.,0.707106781186548,1.,0.707106781186548,1.,0.707106781186548,1.)))
REPRESENTATION_ITEM('')
SURFACE()
);
#91=TOROIDAL_SURFACE('',#3986,3.5,0.5);
#92=TOROIDAL_SURFACE('',#4159,12.7320508075689,1.);
#93=TOROIDAL_SURFACE('',#4166,12.7320508075689,1.);
#94=TOROIDAL_SURFACE('',#4174,11.,1.);
#95=TOROIDAL_SURFACE('',#4177,11.,1.);
#96=TOROIDAL_SURFACE('',#4196,12.7320508075689,1.);
#97=TOROIDAL_SURFACE('',#4202,12.7320508075689,1.);
#98=TOROIDAL_SURFACE('',#4209,11.,1.);
#99=TOROIDAL_SURFACE('',#4211,11.,1.);
#100=FACE_BOUND('',#507,.T.);
#101=FACE_BOUND('',#514,.T.);
#102=FACE_BOUND('',#517,.T.);
#103=FACE_BOUND('',#521,.T.);
#104=FACE_BOUND('',#548,.T.);
#105=FACE_BOUND('',#549,.T.);
#106=FACE_BOUND('',#550,.T.);
#107=FACE_BOUND('',#551,.T.);
#108=FACE_BOUND('',#553,.T.);
#109=FACE_BOUND('',#559,.T.);
#110=FACE_BOUND('',#563,.T.);
#111=FACE_BOUND('',#565,.T.);
#112=FACE_BOUND('',#566,.T.);
#113=FACE_BOUND('',#567,.T.);
#114=FACE_BOUND('',#571,.T.);
#115=FACE_BOUND('',#581,.T.);
#116=FACE_BOUND('',#582,.T.);
#117=FACE_BOUND('',#583,.T.);
#118=FACE_BOUND('',#584,.T.);
#119=FACE_BOUND('',#585,.T.);
#120=FACE_BOUND('',#586,.T.);
#121=FACE_BOUND('',#587,.T.);
#122=FACE_BOUND('',#592,.T.);
#123=FACE_BOUND('',#594,.T.);
#124=FACE_BOUND('',#606,.T.);
#125=FACE_BOUND('',#609,.T.);
#126=FACE_BOUND('',#612,.T.);
#127=FACE_BOUND('',#615,.T.);
#128=FACE_BOUND('',#618,.T.);
#129=FACE_BOUND('',#621,.T.);
#130=FACE_BOUND('',#624,.T.);
#131=FACE_BOUND('',#627,.T.);
#132=FACE_BOUND('',#630,.T.);
#133=FACE_BOUND('',#635,.T.);
#134=FACE_BOUND('',#637,.T.);
#135=FACE_BOUND('',#639,.T.);
#136=FACE_BOUND('',#659,.T.);
#137=FACE_BOUND('',#667,.T.);
#138=FACE_BOUND('',#680,.T.);
#139=FACE_BOUND('',#691,.T.);
#140=FACE_BOUND('',#697,.T.);
#141=FACE_BOUND('',#700,.T.);
#142=FACE_BOUND('',#720,.T.);
#143=FACE_BOUND('',#723,.T.);
#144=FACE_BOUND('',#726,.T.);
#145=FACE_BOUND('',#740,.T.);
#146=FACE_BOUND('',#741,.T.);
#147=FACE_BOUND('',#753,.T.);
#148=FACE_BOUND('',#760,.T.);
#149=FACE_BOUND('',#764,.T.);
#150=FACE_BOUND('',#767,.T.);
#151=PLANE('',#3911);
#152=PLANE('',#3912);
#153=PLANE('',#3913);
#154=PLANE('',#3920);
#155=PLANE('',#3925);
#156=PLANE('',#3926);
#157=PLANE('',#3927);
#158=PLANE('',#3932);
#159=PLANE('',#3938);
#160=PLANE('',#3940);
#161=PLANE('',#3943);
#162=PLANE('',#3944);
#163=PLANE('',#3945);
#164=PLANE('',#3946);
#165=PLANE('',#3947);
#166=PLANE('',#3952);
#167=PLANE('',#3953);
#168=PLANE('',#3955);
#169=PLANE('',#3956);
#170=PLANE('',#3961);
#171=PLANE('',#3962);
#172=PLANE('',#3964);
#173=PLANE('',#3965);
#174=PLANE('',#3970);
#175=PLANE('',#3971);
#176=PLANE('',#3973);
#177=PLANE('',#3974);
#178=PLANE('',#3979);
#179=PLANE('',#3980);
#180=PLANE('',#3985);
#181=PLANE('',#3994);
#182=PLANE('',#3998);
#183=PLANE('',#4002);
#184=PLANE('',#4003);
#185=PLANE('',#4010);
#186=PLANE('',#4011);
#187=PLANE('',#4020);
#188=PLANE('',#4021);
#189=PLANE('',#4029);
#190=PLANE('',#4037);
#191=PLANE('',#4041);
#192=PLANE('',#4062);
#193=PLANE('',#4063);
#194=PLANE('',#4067);
#195=PLANE('',#4068);
#196=PLANE('',#4069);
#197=PLANE('',#4076);
#198=PLANE('',#4080);
#199=PLANE('',#4084);
#200=PLANE('',#4088);
#201=PLANE('',#4092);
#202=PLANE('',#4096);
#203=PLANE('',#4100);
#204=PLANE('',#4104);
#205=PLANE('',#4108);
#206=PLANE('',#4112);
#207=PLANE('',#4116);
#208=PLANE('',#4123);
#209=PLANE('',#4124);
#210=PLANE('',#4125);
#211=PLANE('',#4134);
#212=PLANE('',#4143);
#213=PLANE('',#4147);
#214=PLANE('',#4151);
#215=PLANE('',#4154);
#216=PLANE('',#4157);
#217=PLANE('',#4158);
#218=PLANE('',#4176);
#219=PLANE('',#4180);
#220=PLANE('',#4181);
#221=PLANE('',#4185);
#222=PLANE('',#4191);
#223=PLANE('',#4194);
#224=PLANE('',#4195);
#225=PLANE('',#4214);
#226=PLANE('',#4215);
#227=PLANE('',#4220);
#228=PLANE('',#4224);
#229=PLANE('',#4225);
#230=PLANE('',#4229);
#231=PLANE('',#4233);
#232=PLANE('',#4234);
#233=PLANE('',#4235);
#234=PLANE('',#4236);
#235=PLANE('',#4237);
#236=PLANE('',#4238);
#237=PLANE('',#4242);
#238=PLANE('',#4246);
#239=PLANE('',#4247);
#240=PLANE('',#4248);
#241=PLANE('',#4249);
#242=PLANE('',#4250);
#243=PLANE('',#4251);
#244=PLANE('',#4252);
#245=PLANE('',#4253);
#246=PLANE('',#4254);
#247=PLANE('',#4255);
#248=PLANE('',#4256);
#249=PLANE('',#4258);
#250=PLANE('',#4259);
#251=PLANE('',#4261);
#252=PLANE('',#4269);
#253=PLANE('',#4271);
#254=PLANE('',#4272);
#255=PLANE('',#4273);
#256=PLANE('',#4274);
#257=PLANE('',#4275);
#258=PLANE('',#4283);
#259=PLANE('',#4284);
#260=PLANE('',#4295);
#261=PLANE('',#4298);
#262=PLANE('',#4299);
#263=PLANE('',#4304);
#264=PLANE('',#4305);
#265=PLANE('',#4312);
#266=PLANE('',#4320);
#267=PLANE('',#4321);
#268=PLANE('',#4322);
#269=PLANE('',#4323);
#270=PLANE('',#4324);
#271=PLANE('',#4334);
#272=FACE_OUTER_BOUND('',#500,.T.);
#273=FACE_OUTER_BOUND('',#501,.T.);
#274=FACE_OUTER_BOUND('',#502,.T.);
#275=FACE_OUTER_BOUND('',#503,.T.);
#276=FACE_OUTER_BOUND('',#504,.T.);
#277=FACE_OUTER_BOUND('',#505,.T.);
#278=FACE_OUTER_BOUND('',#506,.T.);
#279=FACE_OUTER_BOUND('',#508,.T.);
#280=FACE_OUTER_BOUND('',#509,.T.);
#281=FACE_OUTER_BOUND('',#510,.T.);
#282=FACE_OUTER_BOUND('',#511,.T.);
#283=FACE_OUTER_BOUND('',#512,.T.);
#284=FACE_OUTER_BOUND('',#513,.T.);
#285=FACE_OUTER_BOUND('',#515,.T.);
#286=FACE_OUTER_BOUND('',#516,.T.);
#287=FACE_OUTER_BOUND('',#518,.T.);
#288=FACE_OUTER_BOUND('',#519,.T.);
#289=FACE_OUTER_BOUND('',#520,.T.);
#290=FACE_OUTER_BOUND('',#522,.T.);
#291=FACE_OUTER_BOUND('',#523,.T.);
#292=FACE_OUTER_BOUND('',#524,.T.);
#293=FACE_OUTER_BOUND('',#525,.T.);
#294=FACE_OUTER_BOUND('',#526,.T.);
#295=FACE_OUTER_BOUND('',#527,.T.);
#296=FACE_OUTER_BOUND('',#528,.T.);
#297=FACE_OUTER_BOUND('',#529,.T.);
#298=FACE_OUTER_BOUND('',#530,.T.);
#299=FACE_OUTER_BOUND('',#531,.T.);
#300=FACE_OUTER_BOUND('',#532,.T.);
#301=FACE_OUTER_BOUND('',#533,.T.);
#302=FACE_OUTER_BOUND('',#534,.T.);
#303=FACE_OUTER_BOUND('',#535,.T.);
#304=FACE_OUTER_BOUND('',#536,.T.);
#305=FACE_OUTER_BOUND('',#537,.T.);
#306=FACE_OUTER_BOUND('',#538,.T.);
#307=FACE_OUTER_BOUND('',#539,.T.);
#308=FACE_OUTER_BOUND('',#540,.T.);
#309=FACE_OUTER_BOUND('',#541,.T.);
#310=FACE_OUTER_BOUND('',#542,.T.);
#311=FACE_OUTER_BOUND('',#543,.T.);
#312=FACE_OUTER_BOUND('',#544,.T.);
#313=FACE_OUTER_BOUND('',#545,.T.);
#314=FACE_OUTER_BOUND('',#546,.T.);
#315=FACE_OUTER_BOUND('',#547,.T.);
#316=FACE_OUTER_BOUND('',#552,.T.);
#317=FACE_OUTER_BOUND('',#554,.T.);
#318=FACE_OUTER_BOUND('',#555,.T.);
#319=FACE_OUTER_BOUND('',#556,.T.);
#320=FACE_OUTER_BOUND('',#557,.T.);
#321=FACE_OUTER_BOUND('',#558,.T.);
#322=FACE_OUTER_BOUND('',#560,.T.);
#323=FACE_OUTER_BOUND('',#561,.T.);
#324=FACE_OUTER_BOUND('',#562,.T.);
#325=FACE_OUTER_BOUND('',#564,.T.);
#326=FACE_OUTER_BOUND('',#568,.T.);
#327=FACE_OUTER_BOUND('',#569,.T.);
#328=FACE_OUTER_BOUND('',#570,.T.);
#329=FACE_OUTER_BOUND('',#572,.T.);
#330=FACE_OUTER_BOUND('',#573,.T.);
#331=FACE_OUTER_BOUND('',#574,.T.);
#332=FACE_OUTER_BOUND('',#575,.T.);
#333=FACE_OUTER_BOUND('',#576,.T.);
#334=FACE_OUTER_BOUND('',#577,.T.);
#335=FACE_OUTER_BOUND('',#578,.T.);
#336=FACE_OUTER_BOUND('',#579,.T.);
#337=FACE_OUTER_BOUND('',#580,.T.);
#338=FACE_OUTER_BOUND('',#588,.T.);
#339=FACE_OUTER_BOUND('',#589,.T.);
#340=FACE_OUTER_BOUND('',#590,.T.);
#341=FACE_OUTER_BOUND('',#591,.T.);
#342=FACE_OUTER_BOUND('',#593,.T.);
#343=FACE_OUTER_BOUND('',#595,.T.);
#344=FACE_OUTER_BOUND('',#596,.T.);
#345=FACE_OUTER_BOUND('',#597,.T.);
#346=FACE_OUTER_BOUND('',#598,.T.);
#347=FACE_OUTER_BOUND('',#599,.T.);
#348=FACE_OUTER_BOUND('',#600,.T.);
#349=FACE_OUTER_BOUND('',#601,.T.);
#350=FACE_OUTER_BOUND('',#602,.T.);
#351=FACE_OUTER_BOUND('',#603,.T.);
#352=FACE_OUTER_BOUND('',#604,.T.);
#353=FACE_OUTER_BOUND('',#605,.T.);
#354=FACE_OUTER_BOUND('',#607,.T.);
#355=FACE_OUTER_BOUND('',#608,.T.);
#356=FACE_OUTER_BOUND('',#610,.T.);
#357=FACE_OUTER_BOUND('',#611,.T.);
#358=FACE_OUTER_BOUND('',#613,.T.);
#359=FACE_OUTER_BOUND('',#614,.T.);
#360=FACE_OUTER_BOUND('',#616,.T.);
#361=FACE_OUTER_BOUND('',#617,.T.);
#362=FACE_OUTER_BOUND('',#619,.T.);
#363=FACE_OUTER_BOUND('',#620,.T.);
#364=FACE_OUTER_BOUND('',#622,.T.);
#365=FACE_OUTER_BOUND('',#623,.T.);
#366=FACE_OUTER_BOUND('',#625,.T.);
#367=FACE_OUTER_BOUND('',#626,.T.);
#368=FACE_OUTER_BOUND('',#628,.T.);
#369=FACE_OUTER_BOUND('',#629,.T.);
#370=FACE_OUTER_BOUND('',#631,.T.);
#371=FACE_OUTER_BOUND('',#632,.T.);
#372=FACE_OUTER_BOUND('',#633,.T.);
#373=FACE_OUTER_BOUND('',#634,.T.);
#374=FACE_OUTER_BOUND('',#636,.T.);
#375=FACE_OUTER_BOUND('',#638,.T.);
#376=FACE_OUTER_BOUND('',#640,.T.);
#377=FACE_OUTER_BOUND('',#641,.T.);
#378=FACE_OUTER_BOUND('',#642,.T.);
#379=FACE_OUTER_BOUND('',#643,.T.);
#380=FACE_OUTER_BOUND('',#644,.T.);
#381=FACE_OUTER_BOUND('',#645,.T.);
#382=FACE_OUTER_BOUND('',#646,.T.);
#383=FACE_OUTER_BOUND('',#647,.T.);
#384=FACE_OUTER_BOUND('',#648,.T.);
#385=FACE_OUTER_BOUND('',#649,.T.);
#386=FACE_OUTER_BOUND('',#650,.T.);
#387=FACE_OUTER_BOUND('',#651,.T.);
#388=FACE_OUTER_BOUND('',#652,.T.);
#389=FACE_OUTER_BOUND('',#653,.T.);
#390=FACE_OUTER_BOUND('',#654,.T.);
#391=FACE_OUTER_BOUND('',#655,.T.);
#392=FACE_OUTER_BOUND('',#656,.T.);
#393=FACE_OUTER_BOUND('',#657,.T.);
#394=FACE_OUTER_BOUND('',#658,.T.);
#395=FACE_OUTER_BOUND('',#660,.T.);
#396=FACE_OUTER_BOUND('',#661,.T.);
#397=FACE_OUTER_BOUND('',#662,.T.);
#398=FACE_OUTER_BOUND('',#663,.T.);
#399=FACE_OUTER_BOUND('',#664,.T.);
#400=FACE_OUTER_BOUND('',#665,.T.);
#401=FACE_OUTER_BOUND('',#666,.T.);
#402=FACE_OUTER_BOUND('',#668,.T.);
#403=FACE_OUTER_BOUND('',#669,.T.);
#404=FACE_OUTER_BOUND('',#670,.T.);
#405=FACE_OUTER_BOUND('',#671,.T.);
#406=FACE_OUTER_BOUND('',#672,.T.);
#407=FACE_OUTER_BOUND('',#673,.T.);
#408=FACE_OUTER_BOUND('',#674,.T.);
#409=FACE_OUTER_BOUND('',#675,.T.);
#410=FACE_OUTER_BOUND('',#676,.T.);
#411=FACE_OUTER_BOUND('',#677,.T.);
#412=FACE_OUTER_BOUND('',#678,.T.);
#413=FACE_OUTER_BOUND('',#679,.T.);
#414=FACE_OUTER_BOUND('',#681,.T.);
#415=FACE_OUTER_BOUND('',#682,.T.);
#416=FACE_OUTER_BOUND('',#683,.T.);
#417=FACE_OUTER_BOUND('',#684,.T.);
#418=FACE_OUTER_BOUND('',#685,.T.);
#419=FACE_OUTER_BOUND('',#686,.T.);
#420=FACE_OUTER_BOUND('',#687,.T.);
#421=FACE_OUTER_BOUND('',#688,.T.);
#422=FACE_OUTER_BOUND('',#689,.T.);
#423=FACE_OUTER_BOUND('',#690,.T.);
#424=FACE_OUTER_BOUND('',#692,.T.);
#425=FACE_OUTER_BOUND('',#693,.T.);
#426=FACE_OUTER_BOUND('',#694,.T.);
#427=FACE_OUTER_BOUND('',#695,.T.);
#428=FACE_OUTER_BOUND('',#696,.T.);
#429=FACE_OUTER_BOUND('',#698,.T.);
#430=FACE_OUTER_BOUND('',#699,.T.);
#431=FACE_OUTER_BOUND('',#701,.T.);
#432=FACE_OUTER_BOUND('',#702,.T.);
#433=FACE_OUTER_BOUND('',#703,.T.);
#434=FACE_OUTER_BOUND('',#704,.T.);
#435=FACE_OUTER_BOUND('',#705,.T.);
#436=FACE_OUTER_BOUND('',#706,.T.);
#437=FACE_OUTER_BOUND('',#707,.T.);
#438=FACE_OUTER_BOUND('',#708,.T.);
#439=FACE_OUTER_BOUND('',#709,.T.);
#440=FACE_OUTER_BOUND('',#710,.T.);
#441=FACE_OUTER_BOUND('',#711,.T.);
#442=FACE_OUTER_BOUND('',#712,.T.);
#443=FACE_OUTER_BOUND('',#713,.T.);
#444=FACE_OUTER_BOUND('',#714,.T.);
#445=FACE_OUTER_BOUND('',#715,.T.);
#446=FACE_OUTER_BOUND('',#716,.T.);
#447=FACE_OUTER_BOUND('',#717,.T.);
#448=FACE_OUTER_BOUND('',#718,.T.);
#449=FACE_OUTER_BOUND('',#719,.T.);
#450=FACE_OUTER_BOUND('',#721,.T.);
#451=FACE_OUTER_BOUND('',#722,.T.);
#452=FACE_OUTER_BOUND('',#724,.T.);
#453=FACE_OUTER_BOUND('',#725,.T.);
#454=FACE_OUTER_BOUND('',#727,.T.);
#455=FACE_OUTER_BOUND('',#728,.T.);
#456=FACE_OUTER_BOUND('',#729,.T.);
#457=FACE_OUTER_BOUND('',#730,.T.);
#458=FACE_OUTER_BOUND('',#731,.T.);
#459=FACE_OUTER_BOUND('',#732,.T.);
#460=FACE_OUTER_BOUND('',#733,.T.);
#461=FACE_OUTER_BOUND('',#734,.T.);
#462=FACE_OUTER_BOUND('',#735,.T.);
#463=FACE_OUTER_BOUND('',#736,.T.);
#464=FACE_OUTER_BOUND('',#737,.T.);
#465=FACE_OUTER_BOUND('',#738,.T.);
#466=FACE_OUTER_BOUND('',#739,.T.);
#467=FACE_OUTER_BOUND('',#742,.T.);
#468=FACE_OUTER_BOUND('',#743,.T.);
#469=FACE_OUTER_BOUND('',#744,.T.);
#470=FACE_OUTER_BOUND('',#745,.T.);
#471=FACE_OUTER_BOUND('',#746,.T.);
#472=FACE_OUTER_BOUND('',#747,.T.);
#473=FACE_OUTER_BOUND('',#748,.T.);
#474=FACE_OUTER_BOUND('',#749,.T.);
#475=FACE_OUTER_BOUND('',#750,.T.);
#476=FACE_OUTER_BOUND('',#751,.T.);
#477=FACE_OUTER_BOUND('',#752,.T.);
#478=FACE_OUTER_BOUND('',#754,.T.);
#479=FACE_OUTER_BOUND('',#755,.T.);
#480=FACE_OUTER_BOUND('',#756,.T.);
#481=FACE_OUTER_BOUND('',#757,.T.);
#482=FACE_OUTER_BOUND('',#758,.T.);
#483=FACE_OUTER_BOUND('',#759,.T.);
#484=FACE_OUTER_BOUND('',#761,.T.);
#485=FACE_OUTER_BOUND('',#762,.T.);
#486=FACE_OUTER_BOUND('',#763,.T.);
#487=FACE_OUTER_BOUND('',#765,.T.);
#488=FACE_OUTER_BOUND('',#766,.T.);
#489=FACE_OUTER_BOUND('',#768,.T.);
#490=FACE_OUTER_BOUND('',#769,.T.);
#491=FACE_OUTER_BOUND('',#770,.T.);
#492=FACE_OUTER_BOUND('',#771,.T.);
#493=FACE_OUTER_BOUND('',#772,.T.);
#494=FACE_OUTER_BOUND('',#773,.T.);
#495=FACE_OUTER_BOUND('',#774,.T.);
#496=FACE_OUTER_BOUND('',#775,.T.);
#497=FACE_OUTER_BOUND('',#776,.T.);
#498=FACE_OUTER_BOUND('',#777,.T.);
#499=FACE_OUTER_BOUND('',#778,.T.);
#500=EDGE_LOOP('',(#2334,#2335,#2336,#2337));
#501=EDGE_LOOP('',(#2338,#2339,#2340,#2341));
#502=EDGE_LOOP('',(#2342,#2343,#2344,#2345));
#503=EDGE_LOOP('',(#2346,#2347,#2348,#2349));
#504=EDGE_LOOP('',(#2350,#2351,#2352,#2353));
#505=EDGE_LOOP('',(#2354,#2355,#2356,#2357));
#506=EDGE_LOOP('',(#2358,#2359,#2360,#2361,#2362,#2363,#2364,#2365,#2366,
#2367,#2368,#2369));
#507=EDGE_LOOP('',(#2370,#2371,#2372,#2373));
#508=EDGE_LOOP('',(#2374,#2375,#2376,#2377));
#509=EDGE_LOOP('',(#2378,#2379,#2380,#2381));
#510=EDGE_LOOP('',(#2382,#2383,#2384,#2385));
#511=EDGE_LOOP('',(#2386,#2387,#2388,#2389));
#512=EDGE_LOOP('',(#2390,#2391,#2392,#2393));
#513=EDGE_LOOP('',(#2394,#2395,#2396,#2397,#2398,#2399,#2400,#2401,#2402,
#2403,#2404,#2405));
#514=EDGE_LOOP('',(#2406,#2407,#2408,#2409));
#515=EDGE_LOOP('',(#2410,#2411,#2412,#2413));
#516=EDGE_LOOP('',(#2414,#2415,#2416,#2417,#2418,#2419));
#517=EDGE_LOOP('',(#2420));
#518=EDGE_LOOP('',(#2421,#2422,#2423,#2424));
#519=EDGE_LOOP('',(#2425,#2426,#2427,#2428));
#520=EDGE_LOOP('',(#2429,#2430,#2431,#2432,#2433,#2434));
#521=EDGE_LOOP('',(#2435));
#522=EDGE_LOOP('',(#2436,#2437,#2438,#2439));
#523=EDGE_LOOP('',(#2440,#2441,#2442,#2443));
#524=EDGE_LOOP('',(#2444,#2445,#2446,#2447));
#525=EDGE_LOOP('',(#2448,#2449,#2450,#2451));
#526=EDGE_LOOP('',(#2452,#2453,#2454,#2455));
#527=EDGE_LOOP('',(#2456,#2457,#2458,#2459));
#528=EDGE_LOOP('',(#2460,#2461,#2462,#2463));
#529=EDGE_LOOP('',(#2464,#2465,#2466,#2467));
#530=EDGE_LOOP('',(#2468,#2469,#2470,#2471));
#531=EDGE_LOOP('',(#2472,#2473,#2474,#2475));
#532=EDGE_LOOP('',(#2476,#2477,#2478,#2479));
#533=EDGE_LOOP('',(#2480,#2481,#2482,#2483));
#534=EDGE_LOOP('',(#2484,#2485,#2486,#2487));
#535=EDGE_LOOP('',(#2488,#2489,#2490,#2491));
#536=EDGE_LOOP('',(#2492,#2493,#2494,#2495));
#537=EDGE_LOOP('',(#2496,#2497,#2498,#2499));
#538=EDGE_LOOP('',(#2500,#2501,#2502,#2503));
#539=EDGE_LOOP('',(#2504,#2505,#2506,#2507));
#540=EDGE_LOOP('',(#2508,#2509,#2510,#2511));
#541=EDGE_LOOP('',(#2512,#2513,#2514,#2515));
#542=EDGE_LOOP('',(#2516,#2517,#2518,#2519));
#543=EDGE_LOOP('',(#2520,#2521,#2522,#2523));
#544=EDGE_LOOP('',(#2524,#2525,#2526,#2527));
#545=EDGE_LOOP('',(#2528));
#546=EDGE_LOOP('',(#2529,#2530,#2531,#2532,#2533,#2534));
#547=EDGE_LOOP('',(#2535,#2536,#2537,#2538,#2539));
#548=EDGE_LOOP('',(#2540,#2541,#2542,#2543));
#549=EDGE_LOOP('',(#2544,#2545,#2546,#2547));
#550=EDGE_LOOP('',(#2548,#2549,#2550,#2551));
#551=EDGE_LOOP('',(#2552,#2553,#2554,#2555));
#552=EDGE_LOOP('',(#2556,#2557));
#553=EDGE_LOOP('',(#2558));
#554=EDGE_LOOP('',(#2559,#2560,#2561,#2562));
#555=EDGE_LOOP('',(#2563,#2564,#2565,#2566));
#556=EDGE_LOOP('',(#2567,#2568,#2569,#2570));
#557=EDGE_LOOP('',(#2571,#2572,#2573,#2574));
#558=EDGE_LOOP('',(#2575,#2576,#2577,#2578));
#559=EDGE_LOOP('',(#2579));
#560=EDGE_LOOP('',(#2580,#2581,#2582,#2583));
#561=EDGE_LOOP('',(#2584,#2585,#2586,#2587));
#562=EDGE_LOOP('',(#2588));
#563=EDGE_LOOP('',(#2589));
#564=EDGE_LOOP('',(#2590,#2591,#2592,#2593));
#565=EDGE_LOOP('',(#2594,#2595,#2596,#2597));
#566=EDGE_LOOP('',(#2598));
#567=EDGE_LOOP('',(#2599));
#568=EDGE_LOOP('',(#2600,#2601,#2602,#2603));
#569=EDGE_LOOP('',(#2604,#2605,#2606,#2607));
#570=EDGE_LOOP('',(#2608));
#571=EDGE_LOOP('',(#2609));
#572=EDGE_LOOP('',(#2610));
#573=EDGE_LOOP('',(#2611,#2612,#2613,#2614,#2615,#2616));
#574=EDGE_LOOP('',(#2617,#2618,#2619,#2620,#2621));
#575=EDGE_LOOP('',(#2622,#2623));
#576=EDGE_LOOP('',(#2624,#2625,#2626,#2627,#2628,#2629));
#577=EDGE_LOOP('',(#2630,#2631,#2632,#2633,#2634));
#578=EDGE_LOOP('',(#2635,#2636));
#579=EDGE_LOOP('',(#2637,#2638,#2639,#2640));
#580=EDGE_LOOP('',(#2641,#2642,#2643,#2644));
#581=EDGE_LOOP('',(#2645));
#582=EDGE_LOOP('',(#2646));
#583=EDGE_LOOP('',(#2647,#2648,#2649,#2650));
#584=EDGE_LOOP('',(#2651,#2652,#2653,#2654));
#585=EDGE_LOOP('',(#2655));
#586=EDGE_LOOP('',(#2656));
#587=EDGE_LOOP('',(#2657));
#588=EDGE_LOOP('',(#2658,#2659,#2660,#2661));
#589=EDGE_LOOP('',(#2662,#2663,#2664,#2665));
#590=EDGE_LOOP('',(#2666,#2667,#2668,#2669));
#591=EDGE_LOOP('',(#2670));
#592=EDGE_LOOP('',(#2671));
#593=EDGE_LOOP('',(#2672));
#594=EDGE_LOOP('',(#2673));
#595=EDGE_LOOP('',(#2674,#2675,#2676,#2677));
#596=EDGE_LOOP('',(#2678));
#597=EDGE_LOOP('',(#2679,#2680,#2681,#2682));
#598=EDGE_LOOP('',(#2683,#2684,#2685,#2686));
#599=EDGE_LOOP('',(#2687,#2688,#2689,#2690));
#600=EDGE_LOOP('',(#2691,#2692,#2693,#2694));
#601=EDGE_LOOP('',(#2695,#2696,#2697,#2698));
#602=EDGE_LOOP('',(#2699,#2700,#2701,#2702));
#603=EDGE_LOOP('',(#2703));
#604=EDGE_LOOP('',(#2704,#2705,#2706,#2707));
#605=EDGE_LOOP('',(#2708));
#606=EDGE_LOOP('',(#2709));
#607=EDGE_LOOP('',(#2710,#2711,#2712,#2713));
#608=EDGE_LOOP('',(#2714));
#609=EDGE_LOOP('',(#2715,#2716,#2717,#2718));
#610=EDGE_LOOP('',(#2719,#2720,#2721,#2722));
#611=EDGE_LOOP('',(#2723));
#612=EDGE_LOOP('',(#2724));
#613=EDGE_LOOP('',(#2725,#2726,#2727,#2728));
#614=EDGE_LOOP('',(#2729));
#615=EDGE_LOOP('',(#2730));
#616=EDGE_LOOP('',(#2731,#2732,#2733,#2734));
#617=EDGE_LOOP('',(#2735));
#618=EDGE_LOOP('',(#2736));
#619=EDGE_LOOP('',(#2737,#2738,#2739,#2740));
#620=EDGE_LOOP('',(#2741));
#621=EDGE_LOOP('',(#2742));
#622=EDGE_LOOP('',(#2743,#2744,#2745,#2746));
#623=EDGE_LOOP('',(#2747));
#624=EDGE_LOOP('',(#2748));
#625=EDGE_LOOP('',(#2749,#2750,#2751,#2752));
#626=EDGE_LOOP('',(#2753));
#627=EDGE_LOOP('',(#2754));
#628=EDGE_LOOP('',(#2755,#2756,#2757,#2758));
#629=EDGE_LOOP('',(#2759));
#630=EDGE_LOOP('',(#2760));
#631=EDGE_LOOP('',(#2761,#2762,#2763,#2764));
#632=EDGE_LOOP('',(#2765,#2766,#2767,#2768));
#633=EDGE_LOOP('',(#2769,#2770,#2771,#2772));
#634=EDGE_LOOP('',(#2773));
#635=EDGE_LOOP('',(#2774));
#636=EDGE_LOOP('',(#2775));
#637=EDGE_LOOP('',(#2776));
#638=EDGE_LOOP('',(#2777));
#639=EDGE_LOOP('',(#2778));
#640=EDGE_LOOP('',(#2779,#2780,#2781,#2782));
#641=EDGE_LOOP('',(#2783,#2784,#2785,#2786));
#642=EDGE_LOOP('',(#2787,#2788,#2789,#2790));
#643=EDGE_LOOP('',(#2791,#2792,#2793,#2794));
#644=EDGE_LOOP('',(#2795,#2796,#2797,#2798));
#645=EDGE_LOOP('',(#2799,#2800,#2801,#2802));
#646=EDGE_LOOP('',(#2803,#2804,#2805,#2806));
#647=EDGE_LOOP('',(#2807,#2808,#2809,#2810));
#648=EDGE_LOOP('',(#2811,#2812,#2813,#2814));
#649=EDGE_LOOP('',(#2815,#2816,#2817,#2818));
#650=EDGE_LOOP('',(#2819,#2820,#2821,#2822));
#651=EDGE_LOOP('',(#2823,#2824,#2825,#2826));
#652=EDGE_LOOP('',(#2827,#2828,#2829,#2830));
#653=EDGE_LOOP('',(#2831,#2832,#2833,#2834));
#654=EDGE_LOOP('',(#2835,#2836,#2837,#2838));
#655=EDGE_LOOP('',(#2839,#2840,#2841,#2842));
#656=EDGE_LOOP('',(#2843,#2844,#2845,#2846));
#657=EDGE_LOOP('',(#2847,#2848,#2849,#2850));
#658=EDGE_LOOP('',(#2851,#2852,#2853,#2854));
#659=EDGE_LOOP('',(#2855,#2856,#2857,#2858));
#660=EDGE_LOOP('',(#2859,#2860,#2861,#2862));
#661=EDGE_LOOP('',(#2863,#2864,#2865,#2866));
#662=EDGE_LOOP('',(#2867,#2868,#2869,#2870));
#663=EDGE_LOOP('',(#2871,#2872,#2873,#2874));
#664=EDGE_LOOP('',(#2875,#2876,#2877,#2878));
#665=EDGE_LOOP('',(#2879,#2880,#2881,#2882));
#666=EDGE_LOOP('',(#2883,#2884,#2885,#2886));
#667=EDGE_LOOP('',(#2887,#2888,#2889,#2890));
#668=EDGE_LOOP('',(#2891,#2892,#2893,#2894));
#669=EDGE_LOOP('',(#2895,#2896,#2897,#2898));
#670=EDGE_LOOP('',(#2899));
#671=EDGE_LOOP('',(#2900,#2901,#2902,#2903));
#672=EDGE_LOOP('',(#2904,#2905,#2906,#2907));
#673=EDGE_LOOP('',(#2908,#2909,#2910,#2911));
#674=EDGE_LOOP('',(#2912,#2913,#2914,#2915));
#675=EDGE_LOOP('',(#2916,#2917,#2918,#2919));
#676=EDGE_LOOP('',(#2920,#2921,#2922,#2923));
#677=EDGE_LOOP('',(#2924,#2925,#2926,#2927));
#678=EDGE_LOOP('',(#2928,#2929,#2930,#2931));
#679=EDGE_LOOP('',(#2932,#2933,#2934,#2935));
#680=EDGE_LOOP('',(#2936,#2937,#2938,#2939));
#681=EDGE_LOOP('',(#2940,#2941,#2942,#2943));
#682=EDGE_LOOP('',(#2944,#2945,#2946,#2947));
#683=EDGE_LOOP('',(#2948,#2949,#2950,#2951));
#684=EDGE_LOOP('',(#2952,#2953,#2954,#2955));
#685=EDGE_LOOP('',(#2956,#2957,#2958,#2959));
#686=EDGE_LOOP('',(#2960,#2961,#2962,#2963));
#687=EDGE_LOOP('',(#2964,#2965,#2966,#2967));
#688=EDGE_LOOP('',(#2968,#2969,#2970,#2971));
#689=EDGE_LOOP('',(#2972,#2973,#2974,#2975));
#690=EDGE_LOOP('',(#2976,#2977,#2978,#2979));
#691=EDGE_LOOP('',(#2980,#2981,#2982,#2983));
#692=EDGE_LOOP('',(#2984,#2985,#2986,#2987));
#693=EDGE_LOOP('',(#2988));
#694=EDGE_LOOP('',(#2989,#2990,#2991,#2992));
#695=EDGE_LOOP('',(#2993));
#696=EDGE_LOOP('',(#2994,#2995,#2996,#2997));
#697=EDGE_LOOP('',(#2998));
#698=EDGE_LOOP('',(#2999,#3000,#3001,#3002));
#699=EDGE_LOOP('',(#3003,#3004,#3005,#3006));
#700=EDGE_LOOP('',(#3007));
#701=EDGE_LOOP('',(#3008,#3009,#3010,#3011));
#702=EDGE_LOOP('',(#3012,#3013,#3014,#3015));
#703=EDGE_LOOP('',(#3016,#3017,#3018,#3019));
#704=EDGE_LOOP('',(#3020,#3021,#3022,#3023));
#705=EDGE_LOOP('',(#3024,#3025,#3026,#3027));
#706=EDGE_LOOP('',(#3028,#3029,#3030,#3031));
#707=EDGE_LOOP('',(#3032,#3033,#3034,#3035));
#708=EDGE_LOOP('',(#3036,#3037,#3038,#3039));
#709=EDGE_LOOP('',(#3040));
#710=EDGE_LOOP('',(#3041,#3042,#3043,#3044));
#711=EDGE_LOOP('',(#3045));
#712=EDGE_LOOP('',(#3046,#3047,#3048,#3049));
#713=EDGE_LOOP('',(#3050,#3051,#3052,#3053));
#714=EDGE_LOOP('',(#3054,#3055,#3056,#3057));
#715=EDGE_LOOP('',(#3058,#3059,#3060,#3061));
#716=EDGE_LOOP('',(#3062,#3063,#3064,#3065));
#717=EDGE_LOOP('',(#3066,#3067,#3068,#3069));
#718=EDGE_LOOP('',(#3070,#3071,#3072,#3073));
#719=EDGE_LOOP('',(#3074,#3075,#3076,#3077,#3078,#3079));
#720=EDGE_LOOP('',(#3080,#3081,#3082,#3083));
#721=EDGE_LOOP('',(#3084,#3085,#3086,#3087));
#722=EDGE_LOOP('',(#3088,#3089,#3090,#3091,#3092,#3093,#3094));
#723=EDGE_LOOP('',(#3095));
#724=EDGE_LOOP('',(#3096,#3097,#3098,#3099));
#725=EDGE_LOOP('',(#3100,#3101,#3102,#3103,#3104,#3105,#3106));
#726=EDGE_LOOP('',(#3107));
#727=EDGE_LOOP('',(#3108,#3109,#3110,#3111));
#728=EDGE_LOOP('',(#3112,#3113,#3114,#3115));
#729=EDGE_LOOP('',(#3116,#3117,#3118,#3119,#3120,#3121,#3122,#3123,#3124));
#730=EDGE_LOOP('',(#3125,#3126,#3127,#3128,#3129,#3130));
#731=EDGE_LOOP('',(#3131,#3132,#3133));
#732=EDGE_LOOP('',(#3134,#3135,#3136));
#733=EDGE_LOOP('',(#3137,#3138,#3139,#3140));
#734=EDGE_LOOP('',(#3141,#3142,#3143,#3144,#3145,#3146));
#735=EDGE_LOOP('',(#3147,#3148,#3149,#3150,#3151,#3152,#3153,#3154));
#736=EDGE_LOOP('',(#3155,#3156,#3157,#3158,#3159,#3160,#3161,#3162,#3163));
#737=EDGE_LOOP('',(#3164,#3165,#3166,#3167));
#738=EDGE_LOOP('',(#3168,#3169,#3170,#3171));
#739=EDGE_LOOP('',(#3172,#3173,#3174,#3175));
#740=EDGE_LOOP('',(#3176,#3177,#3178,#3179));
#741=EDGE_LOOP('',(#3180,#3181,#3182,#3183));
#742=EDGE_LOOP('',(#3184,#3185,#3186,#3187,#3188,#3189));
#743=EDGE_LOOP('',(#3190,#3191,#3192,#3193));
#744=EDGE_LOOP('',(#3194,#3195,#3196,#3197));
#745=EDGE_LOOP('',(#3198,#3199,#3200,#3201));
#746=EDGE_LOOP('',(#3202,#3203,#3204,#3205));
#747=EDGE_LOOP('',(#3206,#3207,#3208,#3209));
#748=EDGE_LOOP('',(#3210,#3211,#3212,#3213));
#749=EDGE_LOOP('',(#3214,#3215,#3216,#3217));
#750=EDGE_LOOP('',(#3218,#3219,#3220,#3221));
#751=EDGE_LOOP('',(#3222,#3223,#3224,#3225));
#752=EDGE_LOOP('',(#3226,#3227,#3228,#3229));
#753=EDGE_LOOP('',(#3230,#3231,#3232,#3233));
#754=EDGE_LOOP('',(#3234,#3235,#3236,#3237));
#755=EDGE_LOOP('',(#3238,#3239,#3240,#3241));
#756=EDGE_LOOP('',(#3242));
#757=EDGE_LOOP('',(#3243,#3244,#3245,#3246,#3247,#3248));
#758=EDGE_LOOP('',(#3249,#3250,#3251,#3252,#3253,#3254,#3255));
#759=EDGE_LOOP('',(#3256,#3257,#3258,#3259));
#760=EDGE_LOOP('',(#3260));
#761=EDGE_LOOP('',(#3261,#3262,#3263,#3264,#3265,#3266,#3267));
#762=EDGE_LOOP('',(#3268,#3269,#3270,#3271));
#763=EDGE_LOOP('',(#3272,#3273,#3274,#3275));
#764=EDGE_LOOP('',(#3276));
#765=EDGE_LOOP('',(#3277,#3278,#3279,#3280));
#766=EDGE_LOOP('',(#3281,#3282,#3283,#3284));
#767=EDGE_LOOP('',(#3285));
#768=EDGE_LOOP('',(#3286,#3287,#3288,#3289));
#769=EDGE_LOOP('',(#3290,#3291,#3292,#3293,#3294,#3295,#3296,#3297));
#770=EDGE_LOOP('',(#3298,#3299,#3300,#3301));
#771=EDGE_LOOP('',(#3302,#3303,#3304,#3305));
#772=EDGE_LOOP('',(#3306,#3307,#3308,#3309));
#773=EDGE_LOOP('',(#3310,#3311,#3312,#3313));
#774=EDGE_LOOP('',(#3314,#3315,#3316,#3317));
#775=EDGE_LOOP('',(#3318,#3319,#3320,#3321));
#776=EDGE_LOOP('',(#3322,#3323,#3324,#3325));
#777=EDGE_LOOP('',(#3326,#3327,#3328,#3329));
#778=EDGE_LOOP('',(#3330,#3331,#3332,#3333));
#779=LINE('',#5481,#1049);
#780=LINE('',#5486,#1050);
#781=LINE('',#5488,#1051);
#782=LINE('',#5490,#1052);
#783=LINE('',#5491,#1053);
#784=LINE('',#5495,#1054);
#785=LINE('',#5497,#1055);
#786=LINE('',#5499,#1056);
#787=LINE('',#5500,#1057);
#788=LINE('',#5502,#1058);
#789=LINE('',#5503,#1059);
#790=LINE('',#5508,#1060);
#791=LINE('',#5514,#1061);
#792=LINE('',#5518,#1062);
#793=LINE('',#5522,#1063);
#794=LINE('',#5524,#1064);
#795=LINE('',#5526,#1065);
#796=LINE('',#5529,#1066);
#797=LINE('',#5534,#1067);
#798=LINE('',#5537,#1068);
#799=LINE('',#5540,#1069);
#800=LINE('',#5542,#1070);
#801=LINE('',#5543,#1071);
#802=LINE('',#5546,#1072);
#803=LINE('',#5548,#1073);
#804=LINE('',#5549,#1074);
#805=LINE('',#5551,#1075);
#806=LINE('',#5554,#1076);
#807=LINE('',#5559,#1077);
#808=LINE('',#5561,#1078);
#809=LINE('',#5562,#1079);
#810=LINE('',#5567,#1080);
#811=LINE('',#5570,#1081);
#812=LINE('',#5576,#1082);
#813=LINE('',#5579,#1083);
#814=LINE('',#5582,#1084);
#815=LINE('',#5586,#1085);
#816=LINE('',#5588,#1086);
#817=LINE('',#5589,#1087);
#818=LINE('',#5592,#1088);
#819=LINE('',#5593,#1089);
#820=LINE('',#5597,#1090);
#821=LINE('',#5600,#1091);
#822=LINE('',#5602,#1092);
#823=LINE('',#5603,#1093);
#824=LINE('',#5605,#1094);
#825=LINE('',#5607,#1095);
#826=LINE('',#5611,#1096);
#827=LINE('',#5613,#1097);
#828=LINE('',#5615,#1098);
#829=LINE('',#5616,#1099);
#830=LINE('',#5622,#1100);
#831=LINE('',#5626,#1101);
#832=LINE('',#5629,#1102);
#833=LINE('',#5630,#1103);
#834=LINE('',#5636,#1104);
#835=LINE('',#5638,#1105);
#836=LINE('',#5640,#1106);
#837=LINE('',#5641,#1107);
#838=LINE('',#5647,#1108);
#839=LINE('',#5651,#1109);
#840=LINE('',#5654,#1110);
#841=LINE('',#5655,#1111);
#842=LINE('',#5661,#1112);
#843=LINE('',#5663,#1113);
#844=LINE('',#5665,#1114);
#845=LINE('',#5666,#1115);
#846=LINE('',#5672,#1116);
#847=LINE('',#5676,#1117);
#848=LINE('',#5679,#1118);
#849=LINE('',#5680,#1119);
#850=LINE('',#5686,#1120);
#851=LINE('',#5688,#1121);
#852=LINE('',#5690,#1122);
#853=LINE('',#5691,#1123);
#854=LINE('',#5697,#1124);
#855=LINE('',#5701,#1125);
#856=LINE('',#5704,#1126);
#857=LINE('',#5705,#1127);
#858=LINE('',#5712,#1128);
#859=LINE('',#5727,#1129);
#860=LINE('',#5735,#1130);
#861=LINE('',#5738,#1131);
#862=LINE('',#5741,#1132);
#863=LINE('',#5743,#1133);
#864=LINE('',#5744,#1134);
#865=LINE('',#5749,#1135);
#866=LINE('',#5752,#1136);
#867=LINE('',#5753,#1137);
#868=LINE('',#5759,#1138);
#869=LINE('',#5765,#1139);
#870=LINE('',#5773,#1140);
#871=LINE('',#5776,#1141);
#872=LINE('',#5783,#1142);
#873=LINE('',#5787,#1143);
#874=LINE('',#5829,#1144);
#875=LINE('',#5870,#1145);
#876=LINE('',#5877,#1146);
#877=LINE('',#5884,#1147);
#878=LINE('',#5887,#1148);
#879=LINE('',#5914,#1149);
#880=LINE('',#5918,#1150);
#881=LINE('',#5922,#1151);
#882=LINE('',#5930,#1152);
#883=LINE('',#5936,#1153);
#884=LINE('',#5938,#1154);
#885=LINE('',#5940,#1155);
#886=LINE('',#5941,#1156);
#887=LINE('',#5945,#1157);
#888=LINE('',#5947,#1158);
#889=LINE('',#5949,#1159);
#890=LINE('',#5950,#1160);
#891=LINE('',#5962,#1161);
#892=LINE('',#5969,#1162);
#893=LINE('',#5976,#1163);
#894=LINE('',#5983,#1164);
#895=LINE('',#5990,#1165);
#896=LINE('',#5997,#1166);
#897=LINE('',#6004,#1167);
#898=LINE('',#6011,#1168);
#899=LINE('',#6018,#1169);
#900=LINE('',#6025,#1170);
#901=LINE('',#6030,#1171);
#902=LINE('',#6034,#1172);
#903=LINE('',#6038,#1173);
#904=LINE('',#6045,#1174);
#905=LINE('',#6048,#1175);
#906=LINE('',#6052,#1176);
#907=LINE('',#6056,#1177);
#908=LINE('',#6062,#1178);
#909=LINE('',#6065,#1179);
#910=LINE('',#6068,#1180);
#911=LINE('',#6072,#1181);
#912=LINE('',#6082,#1182);
#913=LINE('',#6085,#1183);
#914=LINE('',#6088,#1184);
#915=LINE('',#6090,#1185);
#916=LINE('',#6091,#1186);
#917=LINE('',#6097,#1187);
#918=LINE('',#6099,#1188);
#919=LINE('',#6100,#1189);
#920=LINE('',#6103,#1190);
#921=LINE('',#6106,#1191);
#922=LINE('',#6109,#1192);
#923=LINE('',#6110,#1193);
#924=LINE('',#6113,#1194);
#925=LINE('',#6116,#1195);
#926=LINE('',#6131,#1196);
#927=LINE('',#6132,#1197);
#928=LINE('',#6140,#1198);
#929=LINE('',#6141,#1199);
#930=LINE('',#6155,#1200);
#931=LINE('',#6157,#1201);
#932=LINE('',#6159,#1202);
#933=LINE('',#6160,#1203);
#934=LINE('',#6166,#1204);
#935=LINE('',#6169,#1205);
#936=LINE('',#6171,#1206);
#937=LINE('',#6172,#1207);
#938=LINE('',#6178,#1208);
#939=LINE('',#6181,#1209);
#940=LINE('',#6184,#1210);
#941=LINE('',#6185,#1211);
#942=LINE('',#6188,#1212);
#943=LINE('',#6191,#1213);
#944=LINE('',#6202,#1214);
#945=LINE('',#6208,#1215);
#946=LINE('',#6224,#1216);
#947=LINE('',#6231,#1217);
#948=LINE('',#6239,#1218);
#949=LINE('',#6241,#1219);
#950=LINE('',#6242,#1220);
#951=LINE('',#6245,#1221);
#952=LINE('',#6248,#1222);
#953=LINE('',#6254,#1223);
#954=LINE('',#6256,#1224);
#955=LINE('',#6257,#1225);
#956=LINE('',#6260,#1226);
#957=LINE('',#6263,#1227);
#958=LINE('',#6266,#1228);
#959=LINE('',#6267,#1229);
#960=LINE('',#6270,#1230);
#961=LINE('',#6271,#1231);
#962=LINE('',#6273,#1232);
#963=LINE('',#6276,#1233);
#964=LINE('',#6278,#1234);
#965=LINE('',#6279,#1235);
#966=LINE('',#6281,#1236);
#967=LINE('',#6283,#1237);
#968=LINE('',#6288,#1238);
#969=LINE('',#6295,#1239);
#970=LINE('',#6301,#1240);
#971=LINE('',#6303,#1241);
#972=LINE('',#6305,#1242);
#973=LINE('',#6306,#1243);
#974=LINE('',#6309,#1244);
#975=LINE('',#6311,#1245);
#976=LINE('',#6312,#1246);
#977=LINE('',#6315,#1247);
#978=LINE('',#6317,#1248);
#979=LINE('',#6318,#1249);
#980=LINE('',#6320,#1250);
#981=LINE('',#6321,#1251);
#982=LINE('',#6326,#1252);
#983=LINE('',#6328,#1253);
#984=LINE('',#6330,#1254);
#985=LINE('',#6331,#1255);
#986=LINE('',#6335,#1256);
#987=LINE('',#6337,#1257);
#988=LINE('',#6339,#1258);
#989=LINE('',#6340,#1259);
#990=LINE('',#6343,#1260);
#991=LINE('',#6345,#1261);
#992=LINE('',#6346,#1262);
#993=LINE('',#6347,#1263);
#994=LINE('',#6350,#1264);
#995=LINE('',#6352,#1265);
#996=LINE('',#6353,#1266);
#997=LINE('',#6401,#1267);
#998=LINE('',#6403,#1268);
#999=LINE('',#6404,#1269);
#1000=LINE('',#6406,#1270);
#1001=LINE('',#6408,#1271);
#1002=LINE('',#6412,#1272);
#1003=LINE('',#6413,#1273);
#1004=LINE('',#6463,#1274);
#1005=LINE('',#6464,#1275);
#1006=LINE('',#6466,#1276);
#1007=LINE('',#6467,#1277);
#1008=LINE('',#6469,#1278);
#1009=LINE('',#6522,#1279);
#1010=LINE('',#6526,#1280);
#1011=LINE('',#6530,#1281);
#1012=LINE('',#6533,#1282);
#1013=LINE('',#6536,#1283);
#1014=LINE('',#6539,#1284);
#1015=LINE('',#6541,#1285);
#1016=LINE('',#6543,#1286);
#1017=LINE('',#6544,#1287);
#1018=LINE('',#6549,#1288);
#1019=LINE('',#6554,#1289);
#1020=LINE('',#6557,#1290);
#1021=LINE('',#6561,#1291);
#1022=LINE('',#6562,#1292);
#1023=LINE('',#6615,#1293);
#1024=LINE('',#7011,#1294);
#1025=LINE('',#7012,#1295);
#1026=LINE('',#7401,#1296);
#1027=LINE('',#7402,#1297);
#1028=LINE('',#7407,#1298);
#1029=LINE('',#7735,#1299);
#1030=LINE('',#8057,#1300);
#1031=LINE('',#8064,#1301);
#1032=LINE('',#8070,#1302);
#1033=LINE('',#8074,#1303);
#1034=LINE('',#8078,#1304);
#1035=LINE('',#8079,#1305);
#1036=LINE('',#8082,#1306);
#1037=LINE('',#8105,#1307);
#1038=LINE('',#8106,#1308);
#1039=LINE('',#8131,#1309);
#1040=LINE('',#8135,#1310);
#1041=LINE('',#8136,#1311);
#1042=LINE('',#8188,#1312);
#1043=LINE('',#8191,#1313);
#1044=LINE('',#8192,#1314);
#1045=LINE('',#8241,#1315);
#1046=LINE('',#8249,#1316);
#1047=LINE('',#8363,#1317);
#1048=LINE('',#8476,#1318);
#1049=VECTOR('',#4347,1.);
#1050=VECTOR('',#4352,10.);
#1051=VECTOR('',#4353,10.);
#1052=VECTOR('',#4354,10.);
#1053=VECTOR('',#4355,10.);
#1054=VECTOR('',#4358,10.);
#1055=VECTOR('',#4359,10.);
#1056=VECTOR('',#4360,10.);
#1057=VECTOR('',#4361,10.);
#1058=VECTOR('',#4364,10.);
#1059=VECTOR('',#4365,10.);
#1060=VECTOR('',#4370,10.);
#1061=VECTOR('',#4377,10.);
#1062=VECTOR('',#4382,10.);
#1063=VECTOR('',#4385,10.);
#1064=VECTOR('',#4386,10.);
#1065=VECTOR('',#4387,10.);
#1066=VECTOR('',#4390,10.);
#1067=VECTOR('',#4393,10.);
#1068=VECTOR('',#4396,10.);
#1069=VECTOR('',#4399,10.);
#1070=VECTOR('',#4400,10.);
#1071=VECTOR('',#4401,10.);
#1072=VECTOR('',#4404,10.);
#1073=VECTOR('',#4405,10.);
#1074=VECTOR('',#4406,10.);
#1075=VECTOR('',#4409,10.);
#1076=VECTOR('',#4412,10.);
#1077=VECTOR('',#4419,10.);
#1078=VECTOR('',#4422,10.);
#1079=VECTOR('',#4423,10.);
#1080=VECTOR('',#4426,10.);
#1081=VECTOR('',#4429,10.);
#1082=VECTOR('',#4434,10.);
#1083=VECTOR('',#4437,10.);
#1084=VECTOR('',#4440,10.);
#1085=VECTOR('',#4443,10.);
#1086=VECTOR('',#4444,10.);
#1087=VECTOR('',#4445,10.);
#1088=VECTOR('',#4448,10.);
#1089=VECTOR('',#4449,10.);
#1090=VECTOR('',#4454,10.);
#1091=VECTOR('',#4457,10.);
#1092=VECTOR('',#4458,10.);
#1093=VECTOR('',#4459,10.);
#1094=VECTOR('',#4462,10.);
#1095=VECTOR('',#4465,10.);
#1096=VECTOR('',#4468,10.);
#1097=VECTOR('',#4469,10.);
#1098=VECTOR('',#4470,10.);
#1099=VECTOR('',#4471,10.);
#1100=VECTOR('',#4478,10.);
#1101=VECTOR('',#4483,10.);
#1102=VECTOR('',#4486,10.);
#1103=VECTOR('',#4487,10.);
#1104=VECTOR('',#4494,10.);
#1105=VECTOR('',#4495,10.);
#1106=VECTOR('',#4496,10.);
#1107=VECTOR('',#4497,10.);
#1108=VECTOR('',#4504,10.);
#1109=VECTOR('',#4509,10.);
#1110=VECTOR('',#4512,10.);
#1111=VECTOR('',#4513,10.);
#1112=VECTOR('',#4520,10.);
#1113=VECTOR('',#4521,10.);
#1114=VECTOR('',#4522,10.);
#1115=VECTOR('',#4523,10.);
#1116=VECTOR('',#4530,10.);
#1117=VECTOR('',#4535,10.);
#1118=VECTOR('',#4538,10.);
#1119=VECTOR('',#4539,10.);
#1120=VECTOR('',#4546,10.);
#1121=VECTOR('',#4547,10.);
#1122=VECTOR('',#4548,10.);
#1123=VECTOR('',#4549,10.);
#1124=VECTOR('',#4556,10.);
#1125=VECTOR('',#4561,10.);
#1126=VECTOR('',#4564,10.);
#1127=VECTOR('',#4565,10.);
#1128=VECTOR('',#4574,2.25);
#1129=VECTOR('',#4593,4.);
#1130=VECTOR('',#4602,10.);
#1131=VECTOR('',#4605,10.);
#1132=VECTOR('',#4608,10.);
#1133=VECTOR('',#4609,10.);
#1134=VECTOR('',#4610,10.);
#1135=VECTOR('',#4615,10.);
#1136=VECTOR('',#4620,10.);
#1137=VECTOR('',#4621,10.);
#1138=VECTOR('',#4628,3.275);
#1139=VECTOR('',#4635,3.375);
#1140=VECTOR('',#4644,10.);
#1141=VECTOR('',#4647,10.);
#1142=VECTOR('',#4654,3.275);
#1143=VECTOR('',#4659,3.375);
#1144=VECTOR('',#4678,1.55);
#1145=VECTOR('',#4695,1.55);
#1146=VECTOR('',#4704,2.);
#1147=VECTOR('',#4711,10.);
#1148=VECTOR('',#4714,10.);
#1149=VECTOR('',#4741,1.75);
#1150=VECTOR('',#4746,2.);
#1151=VECTOR('',#4751,1.75);
#1152=VECTOR('',#4762,2.);
#1153=VECTOR('',#4769,10.);
#1154=VECTOR('',#4770,10.);
#1155=VECTOR('',#4771,10.);
#1156=VECTOR('',#4772,10.);
#1157=VECTOR('',#4775,10.);
#1158=VECTOR('',#4776,10.);
#1159=VECTOR('',#4777,10.);
#1160=VECTOR('',#4778,10.);
#1161=VECTOR('',#4797,2.);
#1162=VECTOR('',#4806,3.75);
#1163=VECTOR('',#4815,3.75);
#1164=VECTOR('',#4824,3.75);
#1165=VECTOR('',#4833,4.75);
#1166=VECTOR('',#4842,4.75);
#1167=VECTOR('',#4851,4.75);
#1168=VECTOR('',#4860,5.75);
#1169=VECTOR('',#4869,5.75);
#1170=VECTOR('',#4878,5.75);
#1171=VECTOR('',#4885,7.25);
#1172=VECTOR('',#4890,7.25);
#1173=VECTOR('',#4895,7.25);
#1174=VECTOR('',#4906,10.);
#1175=VECTOR('',#4909,10.);
#1176=VECTOR('',#4914,10.);
#1177=VECTOR('',#4919,10.);
#1178=VECTOR('',#4928,10.);
#1179=VECTOR('',#4931,10.);
#1180=VECTOR('',#4934,10.);
#1181=VECTOR('',#4939,10.);
#1182=VECTOR('',#4952,10.);
#1183=VECTOR('',#4955,10.);
#1184=VECTOR('',#4958,10.);
#1185=VECTOR('',#4959,10.);
#1186=VECTOR('',#4960,10.);
#1187=VECTOR('',#4967,10.);
#1188=VECTOR('',#4970,10.);
#1189=VECTOR('',#4971,10.);
#1190=VECTOR('',#4974,10.);
#1191=VECTOR('',#4977,10.);
#1192=VECTOR('',#4980,10.);
#1193=VECTOR('',#4981,10.);
#1194=VECTOR('',#4984,10.);
#1195=VECTOR('',#4989,10.);
#1196=VECTOR('',#5006,10.);
#1197=VECTOR('',#5007,10.);
#1198=VECTOR('',#5018,10.);
#1199=VECTOR('',#5019,10.);
#1200=VECTOR('',#5042,10.);
#1201=VECTOR('',#5043,10.);
#1202=VECTOR('',#5044,10.);
#1203=VECTOR('',#5045,10.);
#1204=VECTOR('',#5052,10.);
#1205=VECTOR('',#5055,10.);
#1206=VECTOR('',#5056,10.);
#1207=VECTOR('',#5057,10.);
#1208=VECTOR('',#5066,10.);
#1209=VECTOR('',#5069,10.);
#1210=VECTOR('',#5072,10.);
#1211=VECTOR('',#5073,10.);
#1212=VECTOR('',#5076,10.);
#1213=VECTOR('',#5081,10.);
#1214=VECTOR('',#5096,10.);
#1215=VECTOR('',#5105,10.);
#1216=VECTOR('',#5132,1.5);
#1217=VECTOR('',#5141,1.5);
#1218=VECTOR('',#5150,10.);
#1219=VECTOR('',#5151,10.);
#1220=VECTOR('',#5152,10.);
#1221=VECTOR('',#5155,10.);
#1222=VECTOR('',#5158,10.);
#1223=VECTOR('',#5163,10.);
#1224=VECTOR('',#5164,10.);
#1225=VECTOR('',#5165,10.);
#1226=VECTOR('',#5168,10.);
#1227=VECTOR('',#5171,10.);
#1228=VECTOR('',#5174,10.);
#1229=VECTOR('',#5175,10.);
#1230=VECTOR('',#5178,10.);
#1231=VECTOR('',#5179,10.);
#1232=VECTOR('',#5182,10.);
#1233=VECTOR('',#5185,10.);
#1234=VECTOR('',#5186,10.);
#1235=VECTOR('',#5187,10.);
#1236=VECTOR('',#5190,10.);
#1237=VECTOR('',#5193,10.);
#1238=VECTOR('',#5198,1.5);
#1239=VECTOR('',#5207,1.5);
#1240=VECTOR('',#5214,10.);
#1241=VECTOR('',#5215,10.);
#1242=VECTOR('',#5216,10.);
#1243=VECTOR('',#5217,10.);
#1244=VECTOR('',#5220,10.);
#1245=VECTOR('',#5221,10.);
#1246=VECTOR('',#5222,10.);
#1247=VECTOR('',#5225,10.);
#1248=VECTOR('',#5226,10.);
#1249=VECTOR('',#5227,10.);
#1250=VECTOR('',#5230,10.);
#1251=VECTOR('',#5231,10.);
#1252=VECTOR('',#5236,10.);
#1253=VECTOR('',#5237,10.);
#1254=VECTOR('',#5238,10.);
#1255=VECTOR('',#5239,10.);
#1256=VECTOR('',#5242,10.);
#1257=VECTOR('',#5243,10.);
#1258=VECTOR('',#5244,10.);
#1259=VECTOR('',#5245,10.);
#1260=VECTOR('',#5248,10.);
#1261=VECTOR('',#5249,10.);
#1262=VECTOR('',#5250,10.);
#1263=VECTOR('',#5251,10.);
#1264=VECTOR('',#5254,10.);
#1265=VECTOR('',#5255,10.);
#1266=VECTOR('',#5256,10.);
#1267=VECTOR('',#5259,10.);
#1268=VECTOR('',#5260,10.);
#1269=VECTOR('',#5261,10.);
#1270=VECTOR('',#5262,10.);
#1271=VECTOR('',#5263,10.);
#1272=VECTOR('',#5268,10.);
#1273=VECTOR('',#5269,10.);
#1274=VECTOR('',#5274,10.);
#1275=VECTOR('',#5275,10.);
#1276=VECTOR('',#5276,10.);
#1277=VECTOR('',#5277,10.);
#1278=VECTOR('',#5280,10.);
#1279=VECTOR('',#5289,10.);
#1280=VECTOR('',#5292,10.);
#1281=VECTOR('',#5295,10.);
#1282=VECTOR('',#5298,10.);
#1283=VECTOR('',#5301,10.);
#1284=VECTOR('',#5306,10.);
#1285=VECTOR('',#5309,10.);
#1286=VECTOR('',#5312,10.);
#1287=VECTOR('',#5313,10.);
#1288=VECTOR('',#5320,10.);
#1289=VECTOR('',#5325,10.);
#1290=VECTOR('',#5328,10.);
#1291=VECTOR('',#5333,10.);
#1292=VECTOR('',#5334,10.);
#1293=VECTOR('',#5339,10.);
#1294=VECTOR('',#5350,10.);
#1295=VECTOR('',#5351,10.);
#1296=VECTOR('',#5356,10.);
#1297=VECTOR('',#5357,10.);
#1298=VECTOR('',#5362,10.);
#1299=VECTOR('',#5373,10.);
#1300=VECTOR('',#5376,10.);
#1301=VECTOR('',#5385,2.5);
#1302=VECTOR('',#5392,10.);
#1303=VECTOR('',#5395,10.);
#1304=VECTOR('',#5398,10.);
#1305=VECTOR('',#5399,10.);
#1306=VECTOR('',#5402,10.);
#1307=VECTOR('',#5411,10.);
#1308=VECTOR('',#5412,10.);
#1309=VECTOR('',#5425,1.5);
#1310=VECTOR('',#5430,10.);
#1311=VECTOR('',#5431,10.);
#1312=VECTOR('',#5434,10.);
#1313=VECTOR('',#5437,10.);
#1314=VECTOR('',#5438,10.);
#1315=VECTOR('',#5441,10.);
#1316=VECTOR('',#5444,10.);
#1317=VECTOR('',#5457,10.);
#1318=VECTOR('',#5466,10.);
#1319=CIRCLE('',#3909,1.);
#1320=CIRCLE('',#3910,1.);
#1321=CIRCLE('',#3915,15.);
#1322=CIRCLE('',#3916,15.);
#1323=CIRCLE('',#3918,15.);
#1324=CIRCLE('',#3919,15.);
#1325=CIRCLE('',#3921,15.);
#1326=CIRCLE('',#3922,15.);
#1327=CIRCLE('',#3923,13.6);
#1328=CIRCLE('',#3924,13.6);
#1329=CIRCLE('',#3929,15.);
#1330=CIRCLE('',#3931,15.);
#1331=CIRCLE('',#3933,13.5);
#1332=CIRCLE('',#3934,13.5);
#1333=CIRCLE('',#3936,3.);
#1334=CIRCLE('',#3937,3.);
#1335=CIRCLE('',#3939,3.);
#1336=CIRCLE('',#3942,3.);
#1337=CIRCLE('',#3948,4.);
#1338=CIRCLE('',#3949,2.25);
#1339=CIRCLE('',#3951,2.25);
#1340=CIRCLE('',#3954,4.);
#1341=CIRCLE('',#3957,4.);
#1342=CIRCLE('',#3958,2.25);
#1343=CIRCLE('',#3960,2.25);
#1344=CIRCLE('',#3963,4.);
#1345=CIRCLE('',#3966,4.);
#1346=CIRCLE('',#3967,2.25);
#1347=CIRCLE('',#3969,2.25);
#1348=CIRCLE('',#3972,4.);
#1349=CIRCLE('',#3975,4.);
#1350=CIRCLE('',#3976,2.25);
#1351=CIRCLE('',#3978,2.25);
#1352=CIRCLE('',#3981,4.);
#1353=CIRCLE('',#3983,2.25);
#1354=CIRCLE('',#3984,2.25);
#1355=CIRCLE('',#3987,3.5);
#1356=CIRCLE('',#3988,0.5);
#1357=CIRCLE('',#3989,4.);
#1358=CIRCLE('',#3990,4.);
#1359=CIRCLE('',#3991,3.5);
#1360=CIRCLE('',#3993,4.);
#1361=CIRCLE('',#3996,4.225);
#1362=CIRCLE('',#3997,4.225);
#1363=CIRCLE('',#4000,4.225);
#1364=CIRCLE('',#4001,4.225);
#1365=CIRCLE('',#4005,3.275);
#1366=CIRCLE('',#4006,3.275);
#1367=CIRCLE('',#4008,3.375);
#1368=CIRCLE('',#4009,3.375);
#1369=CIRCLE('',#4012,11.);
#1370=CIRCLE('',#4013,11.);
#1371=CIRCLE('',#4014,3.375);
#1372=CIRCLE('',#4016,3.275);
#1373=CIRCLE('',#4017,3.275);
#1374=CIRCLE('',#4019,3.375);
#1375=CIRCLE('',#4022,0.55);
#1376=CIRCLE('',#4023,1.);
#1377=CIRCLE('',#4024,1.55);
#1378=CIRCLE('',#4025,1.55);
#1379=CIRCLE('',#4026,0.55);
#1380=CIRCLE('',#4028,1.55);
#1381=CIRCLE('',#4030,0.549999999999998);
#1382=CIRCLE('',#4031,1.);
#1383=CIRCLE('',#4032,1.55);
#1384=CIRCLE('',#4033,1.55);
#1385=CIRCLE('',#4034,0.549999999999998);
#1386=CIRCLE('',#4036,1.55);
#1387=CIRCLE('',#4039,2.25);
#1388=CIRCLE('',#4040,1.75);
#1389=CIRCLE('',#4042,11.);
#1390=CIRCLE('',#4043,11.);
#1391=CIRCLE('',#4044,2.25);
#1392=CIRCLE('',#4045,7.75);
#1393=CIRCLE('',#4046,0.5);
#1394=CIRCLE('',#4047,1.53899159949582);
#1395=CIRCLE('',#4048,0.5);
#1396=CIRCLE('',#4049,0.538991599495827);
#1397=CIRCLE('',#4050,0.5);
#1398=CIRCLE('',#4051,0.538991599495827);
#1399=CIRCLE('',#4052,0.5);
#1400=CIRCLE('',#4053,1.53899159949582);
#1401=CIRCLE('',#4054,7.75);
#1402=CIRCLE('',#4055,7.75);
#1403=CIRCLE('',#4057,1.75);
#1404=CIRCLE('',#4059,1.75);
#1405=CIRCLE('',#4061,1.75);
#1406=CIRCLE('',#4065,2.);
#1407=CIRCLE('',#4066,2.);
#1408=CIRCLE('',#4071,2.8284271247462);
#1409=CIRCLE('',#4072,2.8284271247462);
#1410=CIRCLE('',#4074,2.82842712474619);
#1411=CIRCLE('',#4075,2.82842712474619);
#1412=CIRCLE('',#4078,2.);
#1413=CIRCLE('',#4079,2.);
#1414=CIRCLE('',#4082,3.75);
#1415=CIRCLE('',#4083,3.75);
#1416=CIRCLE('',#4086,3.75);
#1417=CIRCLE('',#4087,3.75);
#1418=CIRCLE('',#4090,3.75);
#1419=CIRCLE('',#4091,3.75);
#1420=CIRCLE('',#4094,4.75);
#1421=CIRCLE('',#4095,4.75);
#1422=CIRCLE('',#4098,4.75);
#1423=CIRCLE('',#4099,4.75);
#1424=CIRCLE('',#4102,4.75);
#1425=CIRCLE('',#4103,4.75);
#1426=CIRCLE('',#4106,5.75);
#1427=CIRCLE('',#4107,5.75);
#1428=CIRCLE('',#4110,5.75);
#1429=CIRCLE('',#4111,5.75);
#1430=CIRCLE('',#4114,5.75);
#1431=CIRCLE('',#4115,5.75);
#1432=CIRCLE('',#4118,6.75);
#1433=CIRCLE('',#4120,6.75);
#1434=CIRCLE('',#4122,6.75);
#1435=CIRCLE('',#4127,0.5);
#1436=CIRCLE('',#4129,0.538991599495827);
#1437=CIRCLE('',#4131,0.5);
#1438=CIRCLE('',#4133,1.53899159949582);
#1439=CIRCLE('',#4136,0.5);
#1440=CIRCLE('',#4138,0.538991599495827);
#1441=CIRCLE('',#4140,0.5);
#1442=CIRCLE('',#4142,1.53899159949582);
#1443=CIRCLE('',#4145,13.5);
#1444=CIRCLE('',#4146,13.5);
#1445=CIRCLE('',#4149,13.5);
#1446=CIRCLE('',#4150,13.5);
#1447=CIRCLE('',#4153,13.6);
#1448=CIRCLE('',#4156,13.6);
#1449=CIRCLE('',#4160,1.);
#1450=CIRCLE('',#4161,11.8660254037844);
#1451=CIRCLE('',#4162,0.999999999999999);
#1452=CIRCLE('',#4163,12.7320508075689);
#1453=CIRCLE('',#4165,0.999999999999999);
#1454=CIRCLE('',#4167,0.999999999999999);
#1455=CIRCLE('',#4168,12.7320508075689);
#1456=CIRCLE('',#4169,11.8660254037844);
#1457=CIRCLE('',#4172,1.);
#1458=CIRCLE('',#4173,1.);
#1459=CIRCLE('',#4175,1.);
#1460=CIRCLE('',#4178,1.);
#1461=CIRCLE('',#4183,12.7320508075689);
#1462=CIRCLE('',#4184,12.7320508075689);
#1463=CIRCLE('',#4187,12.7320508075689);
#1464=CIRCLE('',#4188,12.7320508075689);
#1465=CIRCLE('',#4190,13.5);
#1466=CIRCLE('',#4193,13.5);
#1467=CIRCLE('',#4197,1.);
#1468=CIRCLE('',#4198,11.8660254037844);
#1469=CIRCLE('',#4199,0.999999999999999);
#1470=CIRCLE('',#4201,0.999999999999999);
#1471=CIRCLE('',#4203,0.999999999999999);
#1472=CIRCLE('',#4204,11.8660254037844);
#1473=CIRCLE('',#4207,1.);
#1474=CIRCLE('',#4208,1.);
#1475=CIRCLE('',#4210,1.00000000000001);
#1476=CIRCLE('',#4212,1.);
#1477=CIRCLE('',#4218,1.5);
#1478=CIRCLE('',#4219,1.5);
#1479=CIRCLE('',#4222,1.5);
#1480=CIRCLE('',#4223,1.5);
#1481=CIRCLE('',#4226,3.);
#1482=CIRCLE('',#4228,3.);
#1483=CIRCLE('',#4230,3.);
#1484=CIRCLE('',#4232,3.);
#1485=CIRCLE('',#4240,1.5);
#1486=CIRCLE('',#4241,1.5);
#1487=CIRCLE('',#4244,1.5);
#1488=CIRCLE('',#4245,1.5);
#1489=CIRCLE('',#4263,0.499999999999998);
#1490=CIRCLE('',#4281,0.5);
#1491=CIRCLE('',#4285,0.500000000000003);
#1492=CIRCLE('',#4286,0.499999999999999);
#1493=CIRCLE('',#4288,0.499999999999998);
#1494=CIRCLE('',#4289,0.499999999999998);
#1495=CIRCLE('',#4292,0.499999999999998);
#1496=CIRCLE('',#4293,0.5);
#1497=CIRCLE('',#4294,0.499999999999999);
#1498=CIRCLE('',#4297,0.5);
#1499=CIRCLE('',#4302,2.5);
#1500=CIRCLE('',#4303,2.5);
#1501=CIRCLE('',#4318,1.5);
#1502=CIRCLE('',#4319,1.5);
#1503=CIRCLE('',#4325,1.);
#1504=CIRCLE('',#4326,0.999999999999996);
#1505=CIRCLE('',#4327,1.);
#1506=CIRCLE('',#4330,1.);
#1507=CIRCLE('',#4331,1.);
#1508=CIRCLE('',#4333,0.999999999999997);
#1509=VERTEX_POINT('',#5478);
#1510=VERTEX_POINT('',#5480);
#1511=VERTEX_POINT('',#5484);
#1512=VERTEX_POINT('',#5485);
#1513=VERTEX_POINT('',#5487);
#1514=VERTEX_POINT('',#5489);
#1515=VERTEX_POINT('',#5493);
#1516=VERTEX_POINT('',#5494);
#1517=VERTEX_POINT('',#5496);
#1518=VERTEX_POINT('',#5498);
#1519=VERTEX_POINT('',#5505);
#1520=VERTEX_POINT('',#5507);
#1521=VERTEX_POINT('',#5511);
#1522=VERTEX_POINT('',#5513);
#1523=VERTEX_POINT('',#5517);
#1524=VERTEX_POINT('',#5519);
#1525=VERTEX_POINT('',#5521);
#1526=VERTEX_POINT('',#5523);
#1527=VERTEX_POINT('',#5525);
#1528=VERTEX_POINT('',#5527);
#1529=VERTEX_POINT('',#5530);
#1530=VERTEX_POINT('',#5531);
#1531=VERTEX_POINT('',#5533);
#1532=VERTEX_POINT('',#5535);
#1533=VERTEX_POINT('',#5539);
#1534=VERTEX_POINT('',#5541);
#1535=VERTEX_POINT('',#5545);
#1536=VERTEX_POINT('',#5547);
#1537=VERTEX_POINT('',#5553);
#1538=VERTEX_POINT('',#5557);
#1539=VERTEX_POINT('',#5563);
#1540=VERTEX_POINT('',#5564);
#1541=VERTEX_POINT('',#5566);
#1542=VERTEX_POINT('',#5568);
#1543=VERTEX_POINT('',#5572);
#1544=VERTEX_POINT('',#5573);
#1545=VERTEX_POINT('',#5575);
#1546=VERTEX_POINT('',#5577);
#1547=VERTEX_POINT('',#5581);
#1548=VERTEX_POINT('',#5583);
#1549=VERTEX_POINT('',#5585);
#1550=VERTEX_POINT('',#5587);
#1551=VERTEX_POINT('',#5591);
#1552=VERTEX_POINT('',#5595);
#1553=VERTEX_POINT('',#5599);
#1554=VERTEX_POINT('',#5601);
#1555=VERTEX_POINT('',#5609);
#1556=VERTEX_POINT('',#5610);
#1557=VERTEX_POINT('',#5612);
#1558=VERTEX_POINT('',#5614);
#1559=VERTEX_POINT('',#5618);
#1560=VERTEX_POINT('',#5620);
#1561=VERTEX_POINT('',#5624);
#1562=VERTEX_POINT('',#5628);
#1563=VERTEX_POINT('',#5634);
#1564=VERTEX_POINT('',#5635);
#1565=VERTEX_POINT('',#5637);
#1566=VERTEX_POINT('',#5639);
#1567=VERTEX_POINT('',#5643);
#1568=VERTEX_POINT('',#5645);
#1569=VERTEX_POINT('',#5649);
#1570=VERTEX_POINT('',#5653);
#1571=VERTEX_POINT('',#5659);
#1572=VERTEX_POINT('',#5660);
#1573=VERTEX_POINT('',#5662);
#1574=VERTEX_POINT('',#5664);
#1575=VERTEX_POINT('',#5668);
#1576=VERTEX_POINT('',#5670);
#1577=VERTEX_POINT('',#5674);
#1578=VERTEX_POINT('',#5678);
#1579=VERTEX_POINT('',#5684);
#1580=VERTEX_POINT('',#5685);
#1581=VERTEX_POINT('',#5687);
#1582=VERTEX_POINT('',#5689);
#1583=VERTEX_POINT('',#5693);
#1584=VERTEX_POINT('',#5695);
#1585=VERTEX_POINT('',#5699);
#1586=VERTEX_POINT('',#5703);
#1587=VERTEX_POINT('',#5709);
#1588=VERTEX_POINT('',#5711);
#1589=VERTEX_POINT('',#5716);
#1590=VERTEX_POINT('',#5717);
#1591=VERTEX_POINT('',#5719);
#1592=VERTEX_POINT('',#5721);
#1593=VERTEX_POINT('',#5726);
#1594=VERTEX_POINT('',#5731);
#1595=VERTEX_POINT('',#5732);
#1596=VERTEX_POINT('',#5734);
#1597=VERTEX_POINT('',#5736);
#1598=VERTEX_POINT('',#5740);
#1599=VERTEX_POINT('',#5742);
#1600=VERTEX_POINT('',#5746);
#1601=VERTEX_POINT('',#5748);
#1602=VERTEX_POINT('',#5756);
#1603=VERTEX_POINT('',#5758);
#1604=VERTEX_POINT('',#5762);
#1605=VERTEX_POINT('',#5764);
#1606=VERTEX_POINT('',#5769);
#1607=VERTEX_POINT('',#5770);
#1608=VERTEX_POINT('',#5772);
#1609=VERTEX_POINT('',#5774);
#1610=VERTEX_POINT('',#5777);
#1611=VERTEX_POINT('',#5780);
#1612=VERTEX_POINT('',#5782);
#1613=VERTEX_POINT('',#5786);
#1614=VERTEX_POINT('',#5818);
#1615=VERTEX_POINT('',#5819);
#1616=VERTEX_POINT('',#5821);
#1617=VERTEX_POINT('',#5823);
#1618=VERTEX_POINT('',#5828);
#1619=VERTEX_POINT('',#5859);
#1620=VERTEX_POINT('',#5860);
#1621=VERTEX_POINT('',#5862);
#1622=VERTEX_POINT('',#5864);
#1623=VERTEX_POINT('',#5869);
#1624=VERTEX_POINT('',#5874);
#1625=VERTEX_POINT('',#5876);
#1626=VERTEX_POINT('',#5880);
#1627=VERTEX_POINT('',#5881);
#1628=VERTEX_POINT('',#5883);
#1629=VERTEX_POINT('',#5885);
#1630=VERTEX_POINT('',#5888);
#1631=VERTEX_POINT('',#5890);
#1632=VERTEX_POINT('',#5892);
#1633=VERTEX_POINT('',#5893);
#1634=VERTEX_POINT('',#5895);
#1635=VERTEX_POINT('',#5897);
#1636=VERTEX_POINT('',#5900);
#1637=VERTEX_POINT('',#5901);
#1638=VERTEX_POINT('',#5903);
#1639=VERTEX_POINT('',#5905);
#1640=VERTEX_POINT('',#5908);
#1641=VERTEX_POINT('',#5910);
#1642=VERTEX_POINT('',#5913);
#1643=VERTEX_POINT('',#5917);
#1644=VERTEX_POINT('',#5921);
#1645=VERTEX_POINT('',#5927);
#1646=VERTEX_POINT('',#5929);
#1647=VERTEX_POINT('',#5934);
#1648=VERTEX_POINT('',#5935);
#1649=VERTEX_POINT('',#5937);
#1650=VERTEX_POINT('',#5939);
#1651=VERTEX_POINT('',#5943);
#1652=VERTEX_POINT('',#5944);
#1653=VERTEX_POINT('',#5946);
#1654=VERTEX_POINT('',#5948);
#1655=VERTEX_POINT('',#5959);
#1656=VERTEX_POINT('',#5961);
#1657=VERTEX_POINT('',#5966);
#1658=VERTEX_POINT('',#5968);
#1659=VERTEX_POINT('',#5973);
#1660=VERTEX_POINT('',#5975);
#1661=VERTEX_POINT('',#5980);
#1662=VERTEX_POINT('',#5982);
#1663=VERTEX_POINT('',#5987);
#1664=VERTEX_POINT('',#5989);
#1665=VERTEX_POINT('',#5994);
#1666=VERTEX_POINT('',#5996);
#1667=VERTEX_POINT('',#6001);
#1668=VERTEX_POINT('',#6003);
#1669=VERTEX_POINT('',#6008);
#1670=VERTEX_POINT('',#6010);
#1671=VERTEX_POINT('',#6015);
#1672=VERTEX_POINT('',#6017);
#1673=VERTEX_POINT('',#6022);
#1674=VERTEX_POINT('',#6024);
#1675=VERTEX_POINT('',#6029);
#1676=VERTEX_POINT('',#6033);
#1677=VERTEX_POINT('',#6037);
#1678=VERTEX_POINT('',#6044);
#1679=VERTEX_POINT('',#6046);
#1680=VERTEX_POINT('',#6050);
#1681=VERTEX_POINT('',#6054);
#1682=VERTEX_POINT('',#6061);
#1683=VERTEX_POINT('',#6063);
#1684=VERTEX_POINT('',#6067);
#1685=VERTEX_POINT('',#6071);
#1686=VERTEX_POINT('',#6078);
#1687=VERTEX_POINT('',#6079);
#1688=VERTEX_POINT('',#6081);
#1689=VERTEX_POINT('',#6083);
#1690=VERTEX_POINT('',#6087);
#1691=VERTEX_POINT('',#6089);
#1692=VERTEX_POINT('',#6093);
#1693=VERTEX_POINT('',#6095);
#1694=VERTEX_POINT('',#6102);
#1695=VERTEX_POINT('',#6104);
#1696=VERTEX_POINT('',#6108);
#1697=VERTEX_POINT('',#6112);
#1698=VERTEX_POINT('',#6119);
#1699=VERTEX_POINT('',#6120);
#1700=VERTEX_POINT('',#6122);
#1701=VERTEX_POINT('',#6124);
#1702=VERTEX_POINT('',#6128);
#1703=VERTEX_POINT('',#6129);
#1704=VERTEX_POINT('',#6134);
#1705=VERTEX_POINT('',#6135);
#1706=VERTEX_POINT('',#6153);
#1707=VERTEX_POINT('',#6154);
#1708=VERTEX_POINT('',#6156);
#1709=VERTEX_POINT('',#6158);
#1710=VERTEX_POINT('',#6162);
#1711=VERTEX_POINT('',#6164);
#1712=VERTEX_POINT('',#6168);
#1713=VERTEX_POINT('',#6170);
#1714=VERTEX_POINT('',#6177);
#1715=VERTEX_POINT('',#6179);
#1716=VERTEX_POINT('',#6183);
#1717=VERTEX_POINT('',#6187);
#1718=VERTEX_POINT('',#6194);
#1719=VERTEX_POINT('',#6196);
#1720=VERTEX_POINT('',#6200);
#1721=VERTEX_POINT('',#6204);
#1722=VERTEX_POINT('',#6221);
#1723=VERTEX_POINT('',#6223);
#1724=VERTEX_POINT('',#6228);
#1725=VERTEX_POINT('',#6230);
#1726=VERTEX_POINT('',#6235);
#1727=VERTEX_POINT('',#6236);
#1728=VERTEX_POINT('',#6238);
#1729=VERTEX_POINT('',#6240);
#1730=VERTEX_POINT('',#6244);
#1731=VERTEX_POINT('',#6246);
#1732=VERTEX_POINT('',#6250);
#1733=VERTEX_POINT('',#6251);
#1734=VERTEX_POINT('',#6253);
#1735=VERTEX_POINT('',#6255);
#1736=VERTEX_POINT('',#6259);
#1737=VERTEX_POINT('',#6261);
#1738=VERTEX_POINT('',#6265);
#1739=VERTEX_POINT('',#6269);
#1740=VERTEX_POINT('',#6275);
#1741=VERTEX_POINT('',#6277);
#1742=VERTEX_POINT('',#6285);
#1743=VERTEX_POINT('',#6287);
#1744=VERTEX_POINT('',#6292);
#1745=VERTEX_POINT('',#6294);
#1746=VERTEX_POINT('',#6299);
#1747=VERTEX_POINT('',#6300);
#1748=VERTEX_POINT('',#6302);
#1749=VERTEX_POINT('',#6304);
#1750=VERTEX_POINT('',#6308);
#1751=VERTEX_POINT('',#6310);
#1752=VERTEX_POINT('',#6314);
#1753=VERTEX_POINT('',#6316);
#1754=VERTEX_POINT('',#6324);
#1755=VERTEX_POINT('',#6325);
#1756=VERTEX_POINT('',#6327);
#1757=VERTEX_POINT('',#6329);
#1758=VERTEX_POINT('',#6333);
#1759=VERTEX_POINT('',#6334);
#1760=VERTEX_POINT('',#6336);
#1761=VERTEX_POINT('',#6338);
#1762=VERTEX_POINT('',#6342);
#1763=VERTEX_POINT('',#6344);
#1764=VERTEX_POINT('',#6349);
#1765=VERTEX_POINT('',#6351);
#1766=VERTEX_POINT('',#6355);
#1767=VERTEX_POINT('',#6356);
#1768=VERTEX_POINT('',#6400);
#1769=VERTEX_POINT('',#6402);
#1770=VERTEX_POINT('',#6405);
#1771=VERTEX_POINT('',#6407);
#1772=VERTEX_POINT('',#6411);
#1773=VERTEX_POINT('',#6415);
#1774=VERTEX_POINT('',#6416);
#1775=VERTEX_POINT('',#6460);
#1776=VERTEX_POINT('',#6462);
#1777=VERTEX_POINT('',#6465);
#1778=VERTEX_POINT('',#6515);
#1779=VERTEX_POINT('',#6517);
#1780=VERTEX_POINT('',#6521);
#1781=VERTEX_POINT('',#6523);
#1782=VERTEX_POINT('',#6525);
#1783=VERTEX_POINT('',#6527);
#1784=VERTEX_POINT('',#6529);
#1785=VERTEX_POINT('',#6531);
#1786=VERTEX_POINT('',#6535);
#1787=VERTEX_POINT('',#6547);
#1788=VERTEX_POINT('',#6551);
#1789=VERTEX_POINT('',#6553);
#1790=VERTEX_POINT('',#6555);
#1791=VERTEX_POINT('',#6559);
#1792=VERTEX_POINT('',#6873);
#1793=VERTEX_POINT('',#6874);
#1794=VERTEX_POINT('',#6876);
#1795=VERTEX_POINT('',#6941);
#1796=VERTEX_POINT('',#7008);
#1797=VERTEX_POINT('',#7009);
#1798=VERTEX_POINT('',#7269);
#1799=VERTEX_POINT('',#7270);
#1800=VERTEX_POINT('',#7404);
#1801=VERTEX_POINT('',#7406);
#1802=VERTEX_POINT('',#7665);
#1803=VERTEX_POINT('',#7733);
#1804=VERTEX_POINT('',#8061);
#1805=VERTEX_POINT('',#8063);
#1806=VERTEX_POINT('',#8068);
#1807=VERTEX_POINT('',#8069);
#1808=VERTEX_POINT('',#8071);
#1809=VERTEX_POINT('',#8073);
#1810=VERTEX_POINT('',#8075);
#1811=VERTEX_POINT('',#8077);
#1812=VERTEX_POINT('',#8081);
#1813=VERTEX_POINT('',#8083);
#1814=VERTEX_POINT('',#8085);
#1815=VERTEX_POINT('',#8095);
#1816=VERTEX_POINT('',#8100);
#1817=VERTEX_POINT('',#8104);
#1818=VERTEX_POINT('',#8108);
#1819=VERTEX_POINT('',#8110);
#1820=VERTEX_POINT('',#8112);
#1821=VERTEX_POINT('',#8117);
#1822=VERTEX_POINT('',#8128);
#1823=VERTEX_POINT('',#8130);
#1824=VERTEX_POINT('',#8134);
#1825=VERTEX_POINT('',#8138);
#1826=VERTEX_POINT('',#8190);
#1827=VERTEX_POINT('',#8194);
#1828=VERTEX_POINT('',#8243);
#1829=VERTEX_POINT('',#8248);
#1830=VERTEX_POINT('',#8327);
#1831=VERTEX_POINT('',#8357);
#1832=VERTEX_POINT('',#8361);
#1833=VERTEX_POINT('',#8384);
#1834=EDGE_CURVE('',#1509,#1509,#1319,.T.);
#1835=EDGE_CURVE('',#1509,#1510,#779,.T.);
#1836=EDGE_CURVE('',#1510,#1510,#1320,.T.);
#1837=EDGE_CURVE('',#1511,#1512,#780,.T.);
#1838=EDGE_CURVE('',#1513,#1511,#781,.T.);
#1839=EDGE_CURVE('',#1514,#1513,#782,.T.);
#1840=EDGE_CURVE('',#1514,#1512,#783,.T.);
#1841=EDGE_CURVE('',#1515,#1516,#784,.T.);
#1842=EDGE_CURVE('',#1517,#1515,#785,.T.);
#1843=EDGE_CURVE('',#1518,#1517,#786,.T.);
#1844=EDGE_CURVE('',#1516,#1518,#787,.T.);
#1845=EDGE_CURVE('',#1512,#1515,#788,.T.);
#1846=EDGE_CURVE('',#1517,#1514,#789,.T.);
#1847=EDGE_CURVE('',#1519,#1518,#1321,.T.);
#1848=EDGE_CURVE('',#1520,#1519,#790,.T.);
#1849=EDGE_CURVE('',#1520,#1516,#1322,.T.);
#1850=EDGE_CURVE('',#1511,#1521,#1323,.T.);
#1851=EDGE_CURVE('',#1521,#1522,#791,.T.);
#1852=EDGE_CURVE('',#1513,#1522,#1324,.T.);
#1853=EDGE_CURVE('',#1523,#1520,#792,.T.);
#1854=EDGE_CURVE('',#1524,#1523,#1325,.T.);
#1855=EDGE_CURVE('',#1524,#1525,#793,.T.);
#1856=EDGE_CURVE('',#1525,#1526,#794,.T.);
#1857=EDGE_CURVE('',#1526,#1527,#795,.T.);
#1858=EDGE_CURVE('',#1528,#1527,#1326,.T.);
#1859=EDGE_CURVE('',#1521,#1528,#796,.T.);
#1860=EDGE_CURVE('',#1529,#1530,#1327,.T.);
#1861=EDGE_CURVE('',#1530,#1531,#797,.T.);
#1862=EDGE_CURVE('',#1531,#1532,#1328,.T.);
#1863=EDGE_CURVE('',#1532,#1529,#798,.T.);
#1864=EDGE_CURVE('',#1533,#1526,#799,.T.);
#1865=EDGE_CURVE('',#1534,#1533,#800,.T.);
#1866=EDGE_CURVE('',#1527,#1534,#801,.T.);
#1867=EDGE_CURVE('',#1535,#1524,#802,.T.);
#1868=EDGE_CURVE('',#1536,#1535,#803,.T.);
#1869=EDGE_CURVE('',#1536,#1525,#804,.T.);
#1870=EDGE_CURVE('',#1533,#1536,#805,.T.);
#1871=EDGE_CURVE('',#1523,#1537,#806,.T.);
#1872=EDGE_CURVE('',#1535,#1537,#1329,.T.);
#1873=EDGE_CURVE('',#1538,#1534,#1330,.T.);
#1874=EDGE_CURVE('',#1528,#1538,#807,.T.);
#1875=EDGE_CURVE('',#1522,#1538,#808,.T.);
#1876=EDGE_CURVE('',#1537,#1519,#809,.T.);
#1877=EDGE_CURVE('',#1539,#1540,#1331,.T.);
#1878=EDGE_CURVE('',#1540,#1541,#810,.T.);
#1879=EDGE_CURVE('',#1541,#1542,#1332,.T.);
#1880=EDGE_CURVE('',#1542,#1539,#811,.T.);
#1881=EDGE_CURVE('',#1543,#1544,#1333,.T.);
#1882=EDGE_CURVE('',#1544,#1545,#812,.T.);
#1883=EDGE_CURVE('',#1545,#1546,#1334,.T.);
#1884=EDGE_CURVE('',#1546,#1543,#813,.T.);
#1885=EDGE_CURVE('',#1547,#1545,#814,.T.);
#1886=EDGE_CURVE('',#1548,#1547,#1335,.T.);
#1887=EDGE_CURVE('',#1549,#1548,#815,.T.);
#1888=EDGE_CURVE('',#1550,#1549,#816,.T.);
#1889=EDGE_CURVE('',#1550,#1546,#817,.T.);
#1890=EDGE_CURVE('',#1544,#1551,#818,.T.);
#1891=EDGE_CURVE('',#1547,#1551,#819,.T.);
#1892=EDGE_CURVE('',#1551,#1552,#1336,.T.);
#1893=EDGE_CURVE('',#1552,#1548,#820,.T.);
#1894=EDGE_CURVE('',#1553,#1543,#821,.T.);
#1895=EDGE_CURVE('',#1554,#1553,#822,.T.);
#1896=EDGE_CURVE('',#1554,#1552,#823,.T.);
#1897=EDGE_CURVE('',#1553,#1550,#824,.T.);
#1898=EDGE_CURVE('',#1549,#1554,#825,.T.);
#1899=EDGE_CURVE('',#1555,#1556,#826,.T.);
#1900=EDGE_CURVE('',#1555,#1557,#827,.T.);
#1901=EDGE_CURVE('',#1557,#1558,#828,.T.);
#1902=EDGE_CURVE('',#1558,#1556,#829,.T.);
#1903=EDGE_CURVE('',#1556,#1559,#1337,.T.);
#1904=EDGE_CURVE('',#1560,#1558,#1338,.T.);
#1905=EDGE_CURVE('',#1559,#1560,#830,.T.);
#1906=EDGE_CURVE('',#1557,#1561,#1339,.T.);
#1907=EDGE_CURVE('',#1561,#1560,#831,.T.);
#1908=EDGE_CURVE('',#1559,#1562,#832,.T.);
#1909=EDGE_CURVE('',#1561,#1562,#833,.T.);
#1910=EDGE_CURVE('',#1562,#1555,#1340,.T.);
#1911=EDGE_CURVE('',#1563,#1564,#834,.T.);
#1912=EDGE_CURVE('',#1563,#1565,#835,.T.);
#1913=EDGE_CURVE('',#1565,#1566,#836,.T.);
#1914=EDGE_CURVE('',#1566,#1564,#837,.T.);
#1915=EDGE_CURVE('',#1564,#1567,#1341,.T.);
#1916=EDGE_CURVE('',#1568,#1566,#1342,.T.);
#1917=EDGE_CURVE('',#1567,#1568,#838,.T.);
#1918=EDGE_CURVE('',#1565,#1569,#1343,.T.);
#1919=EDGE_CURVE('',#1569,#1568,#839,.T.);
#1920=EDGE_CURVE('',#1567,#1570,#840,.T.);
#1921=EDGE_CURVE('',#1569,#1570,#841,.T.);
#1922=EDGE_CURVE('',#1570,#1563,#1344,.T.);
#1923=EDGE_CURVE('',#1571,#1572,#842,.T.);
#1924=EDGE_CURVE('',#1571,#1573,#843,.T.);
#1925=EDGE_CURVE('',#1573,#1574,#844,.T.);
#1926=EDGE_CURVE('',#1574,#1572,#845,.T.);
#1927=EDGE_CURVE('',#1572,#1575,#1345,.T.);
#1928=EDGE_CURVE('',#1576,#1574,#1346,.T.);
#1929=EDGE_CURVE('',#1575,#1576,#846,.T.);
#1930=EDGE_CURVE('',#1573,#1577,#1347,.T.);
#1931=EDGE_CURVE('',#1577,#1576,#847,.T.);
#1932=EDGE_CURVE('',#1575,#1578,#848,.T.);
#1933=EDGE_CURVE('',#1577,#1578,#849,.T.);
#1934=EDGE_CURVE('',#1578,#1571,#1348,.T.);
#1935=EDGE_CURVE('',#1579,#1580,#850,.T.);
#1936=EDGE_CURVE('',#1579,#1581,#851,.T.);
#1937=EDGE_CURVE('',#1581,#1582,#852,.T.);
#1938=EDGE_CURVE('',#1582,#1580,#853,.T.);
#1939=EDGE_CURVE('',#1580,#1583,#1349,.T.);
#1940=EDGE_CURVE('',#1584,#1582,#1350,.T.);
#1941=EDGE_CURVE('',#1583,#1584,#854,.T.);
#1942=EDGE_CURVE('',#1581,#1585,#1351,.T.);
#1943=EDGE_CURVE('',#1585,#1584,#855,.T.);
#1944=EDGE_CURVE('',#1583,#1586,#856,.T.);
#1945=EDGE_CURVE('',#1585,#1586,#857,.T.);
#1946=EDGE_CURVE('',#1586,#1579,#1352,.T.);
#1947=EDGE_CURVE('',#1587,#1587,#1353,.T.);
#1948=EDGE_CURVE('',#1587,#1588,#858,.T.);
#1949=EDGE_CURVE('',#1588,#1588,#1354,.T.);
#1950=EDGE_CURVE('',#1589,#1590,#1355,.T.);
#1951=EDGE_CURVE('',#1590,#1591,#1356,.T.);
#1952=EDGE_CURVE('',#1591,#1592,#1357,.T.);
#1953=EDGE_CURVE('',#1592,#1591,#1358,.T.);
#1954=EDGE_CURVE('',#1590,#1589,#1359,.T.);
#1955=EDGE_CURVE('',#1592,#1593,#859,.T.);
#1956=EDGE_CURVE('',#1593,#1593,#1360,.T.);
#1957=EDGE_CURVE('',#1594,#1595,#1361,.T.);
#1958=EDGE_CURVE('',#1594,#1596,#860,.T.);
#1959=EDGE_CURVE('',#1596,#1597,#1362,.T.);
#1960=EDGE_CURVE('',#1595,#1597,#861,.T.);
#1961=EDGE_CURVE('',#1598,#1594,#862,.T.);
#1962=EDGE_CURVE('',#1598,#1599,#863,.T.);
#1963=EDGE_CURVE('',#1599,#1596,#864,.T.);
#1964=EDGE_CURVE('',#1600,#1598,#1363,.T.);
#1965=EDGE_CURVE('',#1600,#1601,#865,.T.);
#1966=EDGE_CURVE('',#1601,#1599,#1364,.T.);
#1967=EDGE_CURVE('',#1595,#1600,#866,.T.);
#1968=EDGE_CURVE('',#1597,#1601,#867,.T.);
#1969=EDGE_CURVE('',#1602,#1602,#1365,.T.);
#1970=EDGE_CURVE('',#1602,#1603,#868,.T.);
#1971=EDGE_CURVE('',#1603,#1603,#1366,.T.);
#1972=EDGE_CURVE('',#1604,#1604,#1367,.T.);
#1973=EDGE_CURVE('',#1604,#1605,#869,.T.);
#1974=EDGE_CURVE('',#1605,#1605,#1368,.T.);
#1975=EDGE_CURVE('',#1606,#1607,#1369,.T.);
#1976=EDGE_CURVE('',#1608,#1606,#870,.T.);
#1977=EDGE_CURVE('',#1609,#1608,#1370,.T.);
#1978=EDGE_CURVE('',#1607,#1609,#871,.T.);
#1979=EDGE_CURVE('',#1610,#1610,#1371,.T.);
#1980=EDGE_CURVE('',#1611,#1611,#1372,.T.);
#1981=EDGE_CURVE('',#1611,#1612,#872,.T.);
#1982=EDGE_CURVE('',#1612,#1612,#1373,.T.);
#1983=EDGE_CURVE('',#1610,#1613,#873,.T.);
#1984=EDGE_CURVE('',#1613,#1613,#1374,.T.);
#1985=EDGE_CURVE('',#1614,#1615,#1375,.T.);
#1986=EDGE_CURVE('',#1615,#1616,#1376,.T.);
#1987=EDGE_CURVE('',#1616,#1617,#1377,.T.);
#1988=EDGE_CURVE('',#1617,#1616,#1378,.T.);
#1989=EDGE_CURVE('',#1615,#1614,#1379,.T.);
#1990=EDGE_CURVE('',#1617,#1618,#874,.T.);
#1991=EDGE_CURVE('',#1618,#1618,#1380,.T.);
#1992=EDGE_CURVE('',#1619,#1620,#1381,.T.);
#1993=EDGE_CURVE('',#1620,#1621,#1382,.T.);
#1994=EDGE_CURVE('',#1621,#1622,#1383,.T.);
#1995=EDGE_CURVE('',#1622,#1621,#1384,.T.);
#1996=EDGE_CURVE('',#1620,#1619,#1385,.T.);
#1997=EDGE_CURVE('',#1622,#1623,#875,.T.);
#1998=EDGE_CURVE('',#1623,#1623,#1386,.T.);
#1999=EDGE_CURVE('',#1624,#1624,#1387,.T.);
#2000=EDGE_CURVE('',#1624,#1625,#876,.T.);
#2001=EDGE_CURVE('',#1625,#1625,#1388,.T.);
#2002=EDGE_CURVE('',#1626,#1627,#1389,.T.);
#2003=EDGE_CURVE('',#1628,#1626,#877,.T.);
#2004=EDGE_CURVE('',#1629,#1628,#1390,.T.);
#2005=EDGE_CURVE('',#1627,#1629,#878,.T.);
#2006=EDGE_CURVE('',#1630,#1630,#1391,.T.);
#2007=EDGE_CURVE('',#1631,#1631,#1392,.T.);
#2008=EDGE_CURVE('',#1632,#1633,#1393,.T.);
#2009=EDGE_CURVE('',#1633,#1634,#1394,.T.);
#2010=EDGE_CURVE('',#1634,#1635,#1395,.T.);
#2011=EDGE_CURVE('',#1635,#1632,#1396,.T.);
#2012=EDGE_CURVE('',#1636,#1637,#1397,.T.);
#2013=EDGE_CURVE('',#1637,#1638,#1398,.T.);
#2014=EDGE_CURVE('',#1638,#1639,#1399,.T.);
#2015=EDGE_CURVE('',#1639,#1636,#1400,.T.);
#2016=EDGE_CURVE('',#1640,#1640,#1401,.T.);
#2017=EDGE_CURVE('',#1641,#1641,#1402,.T.);
#2018=EDGE_CURVE('',#1625,#1642,#879,.T.);
#2019=EDGE_CURVE('',#1642,#1642,#1403,.T.);
#2020=EDGE_CURVE('',#1630,#1643,#880,.T.);
#2021=EDGE_CURVE('',#1643,#1643,#1404,.T.);
#2022=EDGE_CURVE('',#1643,#1644,#881,.T.);
#2023=EDGE_CURVE('',#1644,#1644,#1405,.T.);
#2024=EDGE_CURVE('',#1645,#1645,#1406,.T.);
#2025=EDGE_CURVE('',#1645,#1646,#882,.T.);
#2026=EDGE_CURVE('',#1646,#1646,#1407,.T.);
#2027=EDGE_CURVE('',#1647,#1648,#883,.T.);
#2028=EDGE_CURVE('',#1647,#1649,#884,.T.);
#2029=EDGE_CURVE('',#1649,#1650,#885,.T.);
#2030=EDGE_CURVE('',#1648,#1650,#886,.T.);
#2031=EDGE_CURVE('',#1651,#1652,#887,.T.);
#2032=EDGE_CURVE('',#1651,#1653,#888,.T.);
#2033=EDGE_CURVE('',#1653,#1654,#889,.T.);
#2034=EDGE_CURVE('',#1652,#1654,#890,.T.);
#2035=EDGE_CURVE('',#1648,#1651,#1408,.T.);
#2036=EDGE_CURVE('',#1650,#1653,#1409,.T.);
#2037=EDGE_CURVE('',#1652,#1647,#1410,.T.);
#2038=EDGE_CURVE('',#1654,#1649,#1411,.T.);
#2039=EDGE_CURVE('',#1655,#1655,#1412,.T.);
#2040=EDGE_CURVE('',#1655,#1656,#891,.T.);
#2041=EDGE_CURVE('',#1656,#1656,#1413,.T.);
#2042=EDGE_CURVE('',#1657,#1657,#1414,.T.);
#2043=EDGE_CURVE('',#1657,#1658,#892,.T.);
#2044=EDGE_CURVE('',#1658,#1658,#1415,.T.);
#2045=EDGE_CURVE('',#1659,#1659,#1416,.T.);
#2046=EDGE_CURVE('',#1659,#1660,#893,.T.);
#2047=EDGE_CURVE('',#1660,#1660,#1417,.T.);
#2048=EDGE_CURVE('',#1661,#1661,#1418,.T.);
#2049=EDGE_CURVE('',#1661,#1662,#894,.T.);
#2050=EDGE_CURVE('',#1662,#1662,#1419,.T.);
#2051=EDGE_CURVE('',#1663,#1663,#1420,.T.);
#2052=EDGE_CURVE('',#1663,#1664,#895,.T.);
#2053=EDGE_CURVE('',#1664,#1664,#1421,.T.);
#2054=EDGE_CURVE('',#1665,#1665,#1422,.T.);
#2055=EDGE_CURVE('',#1665,#1666,#896,.T.);
#2056=EDGE_CURVE('',#1666,#1666,#1423,.T.);
#2057=EDGE_CURVE('',#1667,#1667,#1424,.T.);
#2058=EDGE_CURVE('',#1667,#1668,#897,.T.);
#2059=EDGE_CURVE('',#1668,#1668,#1425,.T.);
#2060=EDGE_CURVE('',#1669,#1669,#1426,.T.);
#2061=EDGE_CURVE('',#1669,#1670,#898,.T.);
#2062=EDGE_CURVE('',#1670,#1670,#1427,.T.);
#2063=EDGE_CURVE('',#1671,#1671,#1428,.T.);
#2064=EDGE_CURVE('',#1671,#1672,#899,.T.);
#2065=EDGE_CURVE('',#1672,#1672,#1429,.T.);
#2066=EDGE_CURVE('',#1673,#1673,#1430,.T.);
#2067=EDGE_CURVE('',#1673,#1674,#900,.T.);
#2068=EDGE_CURVE('',#1674,#1674,#1431,.T.);
#2069=EDGE_CURVE('',#1641,#1675,#901,.T.);
#2070=EDGE_CURVE('',#1675,#1675,#1432,.T.);
#2071=EDGE_CURVE('',#1631,#1676,#902,.T.);
#2072=EDGE_CURVE('',#1676,#1676,#1433,.T.);
#2073=EDGE_CURVE('',#1640,#1677,#903,.T.);
#2074=EDGE_CURVE('',#1677,#1677,#1434,.T.);
#2075=EDGE_CURVE('',#1636,#1678,#904,.T.);
#2076=EDGE_CURVE('',#1679,#1678,#1435,.T.);
#2077=EDGE_CURVE('',#1637,#1679,#905,.T.);
#2078=EDGE_CURVE('',#1680,#1679,#1436,.T.);
#2079=EDGE_CURVE('',#1638,#1680,#906,.T.);
#2080=EDGE_CURVE('',#1681,#1680,#1437,.T.);
#2081=EDGE_CURVE('',#1639,#1681,#907,.T.);
#2082=EDGE_CURVE('',#1678,#1681,#1438,.T.);
#2083=EDGE_CURVE('',#1632,#1682,#908,.T.);
#2084=EDGE_CURVE('',#1682,#1683,#1439,.T.);
#2085=EDGE_CURVE('',#1633,#1683,#909,.T.);
#2086=EDGE_CURVE('',#1635,#1684,#910,.T.);
#2087=EDGE_CURVE('',#1684,#1682,#1440,.T.);
#2088=EDGE_CURVE('',#1634,#1685,#911,.T.);
#2089=EDGE_CURVE('',#1685,#1684,#1441,.T.);
#2090=EDGE_CURVE('',#1683,#1685,#1442,.T.);
#2091=EDGE_CURVE('',#1686,#1687,#1443,.T.);
#2092=EDGE_CURVE('',#1686,#1688,#912,.T.);
#2093=EDGE_CURVE('',#1688,#1689,#1444,.T.);
#2094=EDGE_CURVE('',#1687,#1689,#913,.T.);
#2095=EDGE_CURVE('',#1687,#1690,#914,.T.);
#2096=EDGE_CURVE('',#1689,#1691,#915,.T.);
#2097=EDGE_CURVE('',#1690,#1691,#916,.T.);
#2098=EDGE_CURVE('',#1690,#1692,#1445,.T.);
#2099=EDGE_CURVE('',#1691,#1693,#1446,.T.);
#2100=EDGE_CURVE('',#1692,#1693,#917,.T.);
#2101=EDGE_CURVE('',#1692,#1686,#918,.T.);
#2102=EDGE_CURVE('',#1693,#1688,#919,.T.);
#2103=EDGE_CURVE('',#1529,#1694,#920,.T.);
#2104=EDGE_CURVE('',#1694,#1695,#1447,.T.);
#2105=EDGE_CURVE('',#1530,#1695,#921,.T.);
#2106=EDGE_CURVE('',#1532,#1696,#922,.T.);
#2107=EDGE_CURVE('',#1696,#1694,#923,.T.);
#2108=EDGE_CURVE('',#1531,#1697,#924,.T.);
#2109=EDGE_CURVE('',#1697,#1696,#1448,.T.);
#2110=EDGE_CURVE('',#1695,#1697,#925,.T.);
#2111=EDGE_CURVE('',#1698,#1699,#1449,.T.);
#2112=EDGE_CURVE('',#1699,#1700,#1450,.T.);
#2113=EDGE_CURVE('',#1700,#1701,#1451,.T.);
#2114=EDGE_CURVE('',#1701,#1698,#1452,.T.);
#2115=EDGE_CURVE('',#1702,#1703,#1453,.T.);
#2116=EDGE_CURVE('',#1703,#1701,#926,.T.);
#2117=EDGE_CURVE('',#1700,#1702,#927,.T.);
#2118=EDGE_CURVE('',#1704,#1705,#1454,.T.);
#2119=EDGE_CURVE('',#1705,#1703,#1455,.T.);
#2120=EDGE_CURVE('',#1702,#1704,#1456,.T.);
#2121=EDGE_CURVE('',#1698,#1705,#928,.T.);
#2122=EDGE_CURVE('',#1704,#1699,#929,.T.);
#2123=EDGE_CURVE('',#1607,#1700,#1457,.T.);
#2124=EDGE_CURVE('',#1609,#1702,#1458,.T.);
#2125=EDGE_CURVE('',#1699,#1606,#1459,.T.);
#2126=EDGE_CURVE('',#1608,#1704,#1460,.T.);
#2127=EDGE_CURVE('',#1706,#1707,#930,.T.);
#2128=EDGE_CURVE('',#1706,#1708,#931,.T.);
#2129=EDGE_CURVE('',#1708,#1709,#932,.T.);
#2130=EDGE_CURVE('',#1707,#1709,#933,.T.);
#2131=EDGE_CURVE('',#1707,#1710,#1461,.T.);
#2132=EDGE_CURVE('',#1709,#1711,#1462,.T.);
#2133=EDGE_CURVE('',#1710,#1711,#934,.T.);
#2134=EDGE_CURVE('',#1710,#1712,#935,.T.);
#2135=EDGE_CURVE('',#1711,#1713,#936,.T.);
#2136=EDGE_CURVE('',#1712,#1713,#937,.T.);
#2137=EDGE_CURVE('',#1712,#1706,#1463,.T.);
#2138=EDGE_CURVE('',#1713,#1708,#1464,.T.);
#2139=EDGE_CURVE('',#1539,#1714,#938,.T.);
#2140=EDGE_CURVE('',#1714,#1715,#1465,.T.);
#2141=EDGE_CURVE('',#1540,#1715,#939,.T.);
#2142=EDGE_CURVE('',#1542,#1716,#940,.T.);
#2143=EDGE_CURVE('',#1716,#1714,#941,.T.);
#2144=EDGE_CURVE('',#1541,#1717,#942,.T.);
#2145=EDGE_CURVE('',#1717,#1716,#1466,.T.);
#2146=EDGE_CURVE('',#1715,#1717,#943,.T.);
#2147=EDGE_CURVE('',#1706,#1718,#1467,.T.);
#2148=EDGE_CURVE('',#1718,#1719,#1468,.T.);
#2149=EDGE_CURVE('',#1719,#1712,#1469,.T.);
#2150=EDGE_CURVE('',#1720,#1710,#1470,.T.);
#2151=EDGE_CURVE('',#1719,#1720,#944,.T.);
#2152=EDGE_CURVE('',#1721,#1707,#1471,.T.);
#2153=EDGE_CURVE('',#1720,#1721,#1472,.T.);
#2154=EDGE_CURVE('',#1721,#1718,#945,.T.);
#2155=EDGE_CURVE('',#1627,#1719,#1473,.T.);
#2156=EDGE_CURVE('',#1629,#1720,#1474,.T.);
#2157=EDGE_CURVE('',#1718,#1626,#1475,.T.);
#2158=EDGE_CURVE('',#1628,#1721,#1476,.T.);
#2159=EDGE_CURVE('',#1722,#1722,#1477,.T.);
#2160=EDGE_CURVE('',#1722,#1723,#946,.T.);
#2161=EDGE_CURVE('',#1723,#1723,#1478,.T.);
#2162=EDGE_CURVE('',#1724,#1724,#1479,.T.);
#2163=EDGE_CURVE('',#1724,#1725,#947,.T.);
#2164=EDGE_CURVE('',#1725,#1725,#1480,.T.);
#2165=EDGE_CURVE('',#1726,#1727,#1481,.T.);
#2166=EDGE_CURVE('',#1728,#1726,#948,.T.);
#2167=EDGE_CURVE('',#1729,#1728,#949,.T.);
#2168=EDGE_CURVE('',#1729,#1727,#950,.T.);
#2169=EDGE_CURVE('',#1727,#1730,#951,.T.);
#2170=EDGE_CURVE('',#1730,#1731,#1482,.T.);
#2171=EDGE_CURVE('',#1731,#1726,#952,.T.);
#2172=EDGE_CURVE('',#1732,#1733,#1483,.T.);
#2173=EDGE_CURVE('',#1734,#1732,#953,.T.);
#2174=EDGE_CURVE('',#1735,#1734,#954,.T.);
#2175=EDGE_CURVE('',#1735,#1733,#955,.T.);
#2176=EDGE_CURVE('',#1733,#1736,#956,.T.);
#2177=EDGE_CURVE('',#1736,#1737,#1484,.T.);
#2178=EDGE_CURVE('',#1737,#1732,#957,.T.);
#2179=EDGE_CURVE('',#1738,#1737,#958,.T.);
#2180=EDGE_CURVE('',#1734,#1738,#959,.T.);
#2181=EDGE_CURVE('',#1739,#1736,#960,.T.);
#2182=EDGE_CURVE('',#1738,#1739,#961,.T.);
#2183=EDGE_CURVE('',#1739,#1735,#962,.T.);
#2184=EDGE_CURVE('',#1740,#1730,#963,.T.);
#2185=EDGE_CURVE('',#1741,#1740,#964,.T.);
#2186=EDGE_CURVE('',#1741,#1731,#965,.T.);
#2187=EDGE_CURVE('',#1740,#1729,#966,.T.);
#2188=EDGE_CURVE('',#1728,#1741,#967,.T.);
#2189=EDGE_CURVE('',#1742,#1742,#1485,.T.);
#2190=EDGE_CURVE('',#1742,#1743,#968,.T.);
#2191=EDGE_CURVE('',#1743,#1743,#1486,.T.);
#2192=EDGE_CURVE('',#1744,#1744,#1487,.T.);
#2193=EDGE_CURVE('',#1744,#1745,#969,.T.);
#2194=EDGE_CURVE('',#1745,#1745,#1488,.T.);
#2195=EDGE_CURVE('',#1746,#1747,#970,.T.);
#2196=EDGE_CURVE('',#1746,#1748,#971,.T.);
#2197=EDGE_CURVE('',#1749,#1748,#972,.T.);
#2198=EDGE_CURVE('',#1747,#1749,#973,.T.);
#2199=EDGE_CURVE('',#1747,#1750,#974,.T.);
#2200=EDGE_CURVE('',#1751,#1749,#975,.T.);
#2201=EDGE_CURVE('',#1750,#1751,#976,.T.);
#2202=EDGE_CURVE('',#1750,#1752,#977,.T.);
#2203=EDGE_CURVE('',#1753,#1751,#978,.T.);
#2204=EDGE_CURVE('',#1752,#1753,#979,.T.);
#2205=EDGE_CURVE('',#1752,#1746,#980,.T.);
#2206=EDGE_CURVE('',#1748,#1753,#981,.T.);
#2207=EDGE_CURVE('',#1754,#1755,#982,.T.);
#2208=EDGE_CURVE('',#1754,#1756,#983,.T.);
#2209=EDGE_CURVE('',#1756,#1757,#984,.T.);
#2210=EDGE_CURVE('',#1755,#1757,#985,.T.);
#2211=EDGE_CURVE('',#1758,#1759,#986,.T.);
#2212=EDGE_CURVE('',#1758,#1760,#987,.T.);
#2213=EDGE_CURVE('',#1760,#1761,#988,.T.);
#2214=EDGE_CURVE('',#1759,#1761,#989,.T.);
#2215=EDGE_CURVE('',#1762,#1760,#990,.T.);
#2216=EDGE_CURVE('',#1763,#1762,#991,.T.);
#2217=EDGE_CURVE('',#1757,#1763,#992,.T.);
#2218=EDGE_CURVE('',#1761,#1756,#993,.T.);
#2219=EDGE_CURVE('',#1764,#1755,#994,.T.);
#2220=EDGE_CURVE('',#1765,#1764,#995,.T.);
#2221=EDGE_CURVE('',#1765,#1754,#996,.T.);
#2222=EDGE_CURVE('',#1766,#1767,#57,.T.);
#2223=EDGE_CURVE('',#1768,#1766,#997,.T.);
#2224=EDGE_CURVE('',#1768,#1769,#998,.T.);
#2225=EDGE_CURVE('',#1762,#1769,#999,.T.);
#2226=EDGE_CURVE('',#1770,#1762,#1000,.T.);
#2227=EDGE_CURVE('',#1771,#1770,#1001,.T.);
#2228=EDGE_CURVE('',#1767,#1771,#35,.T.);
#2229=EDGE_CURVE('',#1769,#1772,#1002,.T.);
#2230=EDGE_CURVE('',#1763,#1772,#1003,.T.);
#2231=EDGE_CURVE('',#1773,#1774,#58,.T.);
#2232=EDGE_CURVE('',#1775,#1773,#36,.T.);
#2233=EDGE_CURVE('',#1776,#1775,#1004,.T.);
#2234=EDGE_CURVE('',#1776,#1763,#1005,.T.);
#2235=EDGE_CURVE('',#1772,#1777,#1006,.T.);
#2236=EDGE_CURVE('',#1774,#1777,#1007,.T.);
#2237=EDGE_CURVE('',#1777,#1768,#1008,.T.);
#2238=EDGE_CURVE('',#1767,#1778,#37,.T.);
#2239=EDGE_CURVE('',#1779,#1778,#1489,.T.);
#2240=EDGE_CURVE('',#1779,#1766,#38,.T.);
#2241=EDGE_CURVE('',#1771,#1780,#1009,.T.);
#2242=EDGE_CURVE('',#1780,#1781,#39,.T.);
#2243=EDGE_CURVE('',#1781,#1782,#1010,.T.);
#2244=EDGE_CURVE('',#1782,#1783,#40,.T.);
#2245=EDGE_CURVE('',#1783,#1784,#1011,.T.);
#2246=EDGE_CURVE('',#1784,#1785,#41,.T.);
#2247=EDGE_CURVE('',#1785,#1778,#1012,.T.);
#2248=EDGE_CURVE('',#1786,#1776,#1013,.T.);
#2249=EDGE_CURVE('',#1764,#1786,#42,.T.);
#2250=EDGE_CURVE('',#1786,#1775,#1014,.T.);
#2251=EDGE_CURVE('',#1770,#1780,#1015,.T.);
#2252=EDGE_CURVE('',#1759,#1782,#1016,.T.);
#2253=EDGE_CURVE('',#1758,#1781,#1017,.T.);
#2254=EDGE_CURVE('',#1787,#1765,#43,.T.);
#2255=EDGE_CURVE('',#1783,#1787,#1018,.T.);
#2256=EDGE_CURVE('',#1788,#1773,#44,.T.);
#2257=EDGE_CURVE('',#1788,#1789,#1019,.T.);
#2258=EDGE_CURVE('',#1789,#1790,#45,.T.);
#2259=EDGE_CURVE('',#1790,#1787,#1020,.T.);
#2260=EDGE_CURVE('',#1788,#1791,#1490,.T.);
#2261=EDGE_CURVE('',#1791,#1779,#1021,.T.);
#2262=EDGE_CURVE('',#1778,#1788,#1022,.T.);
#2263=EDGE_CURVE('',#1774,#1791,#46,.T.);
#2264=EDGE_CURVE('',#1785,#1789,#1023,.T.);
#2265=EDGE_CURVE('',#1792,#1793,#1491,.T.);
#2266=EDGE_CURVE('',#1793,#1794,#59,.T.);
#2267=EDGE_CURVE('',#1794,#1795,#1492,.T.);
#2268=EDGE_CURVE('',#1795,#1792,#60,.T.);
#2269=EDGE_CURVE('',#1796,#1797,#1493,.T.);
#2270=EDGE_CURVE('',#1797,#1793,#1024,.T.);
#2271=EDGE_CURVE('',#1792,#1796,#1025,.T.);
#2272=EDGE_CURVE('',#1798,#1799,#1494,.T.);
#2273=EDGE_CURVE('',#1799,#1797,#61,.T.);
#2274=EDGE_CURVE('',#1796,#1798,#62,.T.);
#2275=EDGE_CURVE('',#1794,#1799,#1026,.T.);
#2276=EDGE_CURVE('',#1798,#1795,#1027,.T.);
#2277=EDGE_CURVE('',#1800,#1794,#1495,.T.);
#2278=EDGE_CURVE('',#1800,#1801,#1028,.T.);
#2279=EDGE_CURVE('',#1799,#1801,#1496,.T.);
#2280=EDGE_CURVE('',#1793,#1802,#1497,.T.);
#2281=EDGE_CURVE('',#1802,#1800,#63,.T.);
#2282=EDGE_CURVE('',#1797,#1803,#1498,.T.);
#2283=EDGE_CURVE('',#1803,#1802,#1029,.T.);
#2284=EDGE_CURVE('',#1801,#1803,#64,.T.);
#2285=EDGE_CURVE('',#1784,#1790,#1030,.T.);
#2286=EDGE_CURVE('',#1804,#1804,#1499,.T.);
#2287=EDGE_CURVE('',#1804,#1805,#1031,.T.);
#2288=EDGE_CURVE('',#1805,#1805,#1500,.T.);
#2289=EDGE_CURVE('',#1806,#1807,#1032,.T.);
#2290=EDGE_CURVE('',#1808,#1806,#47,.T.);
#2291=EDGE_CURVE('',#1809,#1808,#1033,.T.);
#2292=EDGE_CURVE('',#1810,#1809,#48,.T.);
#2293=EDGE_CURVE('',#1811,#1810,#1034,.T.);
#2294=EDGE_CURVE('',#1807,#1811,#1035,.T.);
#2295=EDGE_CURVE('',#1809,#1812,#1036,.T.);
#2296=EDGE_CURVE('',#1813,#1812,#49,.T.);
#2297=EDGE_CURVE('',#1814,#1813,#65,.T.);
#2298=EDGE_CURVE('',#1815,#1814,#66,.T.);
#2299=EDGE_CURVE('',#1815,#1816,#50,.T.);
#2300=EDGE_CURVE('',#1816,#1810,#51,.T.);
#2301=EDGE_CURVE('',#1817,#1808,#1037,.T.);
#2302=EDGE_CURVE('',#1812,#1817,#1038,.T.);
#2303=EDGE_CURVE('',#1806,#1818,#52,.T.);
#2304=EDGE_CURVE('',#1818,#1819,#53,.T.);
#2305=EDGE_CURVE('',#1820,#1819,#67,.T.);
#2306=EDGE_CURVE('',#1821,#1820,#68,.T.);
#2307=EDGE_CURVE('',#1817,#1821,#54,.T.);
#2308=EDGE_CURVE('',#1822,#1822,#1501,.T.);
#2309=EDGE_CURVE('',#1822,#1823,#1039,.T.);
#2310=EDGE_CURVE('',#1823,#1823,#1502,.T.);
#2311=EDGE_CURVE('',#1816,#1824,#1040,.T.);
#2312=EDGE_CURVE('',#1811,#1824,#1041,.T.);
#2313=EDGE_CURVE('',#1825,#1815,#69,.T.);
#2314=EDGE_CURVE('',#1824,#1825,#1042,.T.);
#2315=EDGE_CURVE('',#1826,#1807,#1043,.T.);
#2316=EDGE_CURVE('',#1818,#1826,#1044,.T.);
#2317=EDGE_CURVE('',#1819,#1827,#70,.T.);
#2318=EDGE_CURVE('',#1827,#1826,#1045,.T.);
#2319=EDGE_CURVE('',#1828,#1825,#71,.T.);
#2320=EDGE_CURVE('',#1829,#1828,#1046,.T.);
#2321=EDGE_CURVE('',#1827,#1829,#72,.T.);
#2322=EDGE_CURVE('',#1829,#1820,#1503,.T.);
#2323=EDGE_CURVE('',#1829,#1830,#73,.T.);
#2324=EDGE_CURVE('',#1830,#1821,#1504,.T.);
#2325=EDGE_CURVE('',#1831,#1817,#1505,.T.);
#2326=EDGE_CURVE('',#1830,#1831,#55,.T.);
#2327=EDGE_CURVE('',#1832,#1812,#1506,.T.);
#2328=EDGE_CURVE('',#1831,#1832,#1047,.T.);
#2329=EDGE_CURVE('',#1833,#1813,#1507,.T.);
#2330=EDGE_CURVE('',#1832,#1833,#56,.T.);
#2331=EDGE_CURVE('',#1833,#1828,#74,.T.);
#2332=EDGE_CURVE('',#1828,#1814,#1508,.T.);
#2333=EDGE_CURVE('',#1833,#1830,#1048,.T.);
#2334=ORIENTED_EDGE('',*,*,#1834,.F.);
#2335=ORIENTED_EDGE('',*,*,#1835,.T.);
#2336=ORIENTED_EDGE('',*,*,#1836,.F.);
#2337=ORIENTED_EDGE('',*,*,#1835,.F.);
#2338=ORIENTED_EDGE('',*,*,#1837,.F.);
#2339=ORIENTED_EDGE('',*,*,#1838,.F.);
#2340=ORIENTED_EDGE('',*,*,#1839,.F.);
#2341=ORIENTED_EDGE('',*,*,#1840,.T.);
#2342=ORIENTED_EDGE('',*,*,#1841,.F.);
#2343=ORIENTED_EDGE('',*,*,#1842,.F.);
#2344=ORIENTED_EDGE('',*,*,#1843,.F.);
#2345=ORIENTED_EDGE('',*,*,#1844,.F.);
#2346=ORIENTED_EDGE('',*,*,#1845,.F.);
#2347=ORIENTED_EDGE('',*,*,#1840,.F.);
#2348=ORIENTED_EDGE('',*,*,#1846,.F.);
#2349=ORIENTED_EDGE('',*,*,#1842,.T.);
#2350=ORIENTED_EDGE('',*,*,#1844,.T.);
#2351=ORIENTED_EDGE('',*,*,#1847,.F.);
#2352=ORIENTED_EDGE('',*,*,#1848,.F.);
#2353=ORIENTED_EDGE('',*,*,#1849,.T.);
#2354=ORIENTED_EDGE('',*,*,#1838,.T.);
#2355=ORIENTED_EDGE('',*,*,#1850,.T.);
#2356=ORIENTED_EDGE('',*,*,#1851,.T.);
#2357=ORIENTED_EDGE('',*,*,#1852,.F.);
#2358=ORIENTED_EDGE('',*,*,#1837,.T.);
#2359=ORIENTED_EDGE('',*,*,#1845,.T.);
#2360=ORIENTED_EDGE('',*,*,#1841,.T.);
#2361=ORIENTED_EDGE('',*,*,#1849,.F.);
#2362=ORIENTED_EDGE('',*,*,#1853,.F.);
#2363=ORIENTED_EDGE('',*,*,#1854,.F.);
#2364=ORIENTED_EDGE('',*,*,#1855,.T.);
#2365=ORIENTED_EDGE('',*,*,#1856,.T.);
#2366=ORIENTED_EDGE('',*,*,#1857,.T.);
#2367=ORIENTED_EDGE('',*,*,#1858,.F.);
#2368=ORIENTED_EDGE('',*,*,#1859,.F.);
#2369=ORIENTED_EDGE('',*,*,#1850,.F.);
#2370=ORIENTED_EDGE('',*,*,#1860,.T.);
#2371=ORIENTED_EDGE('',*,*,#1861,.T.);
#2372=ORIENTED_EDGE('',*,*,#1862,.T.);
#2373=ORIENTED_EDGE('',*,*,#1863,.T.);
#2374=ORIENTED_EDGE('',*,*,#1857,.F.);
#2375=ORIENTED_EDGE('',*,*,#1864,.F.);
#2376=ORIENTED_EDGE('',*,*,#1865,.F.);
#2377=ORIENTED_EDGE('',*,*,#1866,.F.);
#2378=ORIENTED_EDGE('',*,*,#1855,.F.);
#2379=ORIENTED_EDGE('',*,*,#1867,.F.);
#2380=ORIENTED_EDGE('',*,*,#1868,.F.);
#2381=ORIENTED_EDGE('',*,*,#1869,.T.);
#2382=ORIENTED_EDGE('',*,*,#1856,.F.);
#2383=ORIENTED_EDGE('',*,*,#1869,.F.);
#2384=ORIENTED_EDGE('',*,*,#1870,.F.);
#2385=ORIENTED_EDGE('',*,*,#1864,.T.);
#2386=ORIENTED_EDGE('',*,*,#1867,.T.);
#2387=ORIENTED_EDGE('',*,*,#1854,.T.);
#2388=ORIENTED_EDGE('',*,*,#1871,.T.);
#2389=ORIENTED_EDGE('',*,*,#1872,.F.);
#2390=ORIENTED_EDGE('',*,*,#1866,.T.);
#2391=ORIENTED_EDGE('',*,*,#1873,.F.);
#2392=ORIENTED_EDGE('',*,*,#1874,.F.);
#2393=ORIENTED_EDGE('',*,*,#1858,.T.);
#2394=ORIENTED_EDGE('',*,*,#1839,.T.);
#2395=ORIENTED_EDGE('',*,*,#1852,.T.);
#2396=ORIENTED_EDGE('',*,*,#1875,.T.);
#2397=ORIENTED_EDGE('',*,*,#1873,.T.);
#2398=ORIENTED_EDGE('',*,*,#1865,.T.);
#2399=ORIENTED_EDGE('',*,*,#1870,.T.);
#2400=ORIENTED_EDGE('',*,*,#1868,.T.);
#2401=ORIENTED_EDGE('',*,*,#1872,.T.);
#2402=ORIENTED_EDGE('',*,*,#1876,.T.);
#2403=ORIENTED_EDGE('',*,*,#1847,.T.);
#2404=ORIENTED_EDGE('',*,*,#1843,.T.);
#2405=ORIENTED_EDGE('',*,*,#1846,.T.);
#2406=ORIENTED_EDGE('',*,*,#1877,.T.);
#2407=ORIENTED_EDGE('',*,*,#1878,.T.);
#2408=ORIENTED_EDGE('',*,*,#1879,.T.);
#2409=ORIENTED_EDGE('',*,*,#1880,.T.);
#2410=ORIENTED_EDGE('',*,*,#1881,.T.);
#2411=ORIENTED_EDGE('',*,*,#1882,.T.);
#2412=ORIENTED_EDGE('',*,*,#1883,.T.);
#2413=ORIENTED_EDGE('',*,*,#1884,.T.);
#2414=ORIENTED_EDGE('',*,*,#1883,.F.);
#2415=ORIENTED_EDGE('',*,*,#1885,.F.);
#2416=ORIENTED_EDGE('',*,*,#1886,.F.);
#2417=ORIENTED_EDGE('',*,*,#1887,.F.);
#2418=ORIENTED_EDGE('',*,*,#1888,.F.);
#2419=ORIENTED_EDGE('',*,*,#1889,.T.);
#2420=ORIENTED_EDGE('',*,*,#1834,.T.);
#2421=ORIENTED_EDGE('',*,*,#1882,.F.);
#2422=ORIENTED_EDGE('',*,*,#1890,.T.);
#2423=ORIENTED_EDGE('',*,*,#1891,.F.);
#2424=ORIENTED_EDGE('',*,*,#1885,.T.);
#2425=ORIENTED_EDGE('',*,*,#1886,.T.);
#2426=ORIENTED_EDGE('',*,*,#1891,.T.);
#2427=ORIENTED_EDGE('',*,*,#1892,.T.);
#2428=ORIENTED_EDGE('',*,*,#1893,.T.);
#2429=ORIENTED_EDGE('',*,*,#1881,.F.);
#2430=ORIENTED_EDGE('',*,*,#1894,.F.);
#2431=ORIENTED_EDGE('',*,*,#1895,.F.);
#2432=ORIENTED_EDGE('',*,*,#1896,.T.);
#2433=ORIENTED_EDGE('',*,*,#1892,.F.);
#2434=ORIENTED_EDGE('',*,*,#1890,.F.);
#2435=ORIENTED_EDGE('',*,*,#1836,.T.);
#2436=ORIENTED_EDGE('',*,*,#1884,.F.);
#2437=ORIENTED_EDGE('',*,*,#1889,.F.);
#2438=ORIENTED_EDGE('',*,*,#1897,.F.);
#2439=ORIENTED_EDGE('',*,*,#1894,.T.);
#2440=ORIENTED_EDGE('',*,*,#1893,.F.);
#2441=ORIENTED_EDGE('',*,*,#1896,.F.);
#2442=ORIENTED_EDGE('',*,*,#1898,.F.);
#2443=ORIENTED_EDGE('',*,*,#1887,.T.);
#2444=ORIENTED_EDGE('',*,*,#1899,.F.);
#2445=ORIENTED_EDGE('',*,*,#1900,.T.);
#2446=ORIENTED_EDGE('',*,*,#1901,.T.);
#2447=ORIENTED_EDGE('',*,*,#1902,.T.);
#2448=ORIENTED_EDGE('',*,*,#1903,.F.);
#2449=ORIENTED_EDGE('',*,*,#1902,.F.);
#2450=ORIENTED_EDGE('',*,*,#1904,.F.);
#2451=ORIENTED_EDGE('',*,*,#1905,.F.);
#2452=ORIENTED_EDGE('',*,*,#1906,.T.);
#2453=ORIENTED_EDGE('',*,*,#1907,.T.);
#2454=ORIENTED_EDGE('',*,*,#1904,.T.);
#2455=ORIENTED_EDGE('',*,*,#1901,.F.);
#2456=ORIENTED_EDGE('',*,*,#1908,.F.);
#2457=ORIENTED_EDGE('',*,*,#1905,.T.);
#2458=ORIENTED_EDGE('',*,*,#1907,.F.);
#2459=ORIENTED_EDGE('',*,*,#1909,.T.);
#2460=ORIENTED_EDGE('',*,*,#1910,.F.);
#2461=ORIENTED_EDGE('',*,*,#1909,.F.);
#2462=ORIENTED_EDGE('',*,*,#1906,.F.);
#2463=ORIENTED_EDGE('',*,*,#1900,.F.);
#2464=ORIENTED_EDGE('',*,*,#1911,.F.);
#2465=ORIENTED_EDGE('',*,*,#1912,.T.);
#2466=ORIENTED_EDGE('',*,*,#1913,.T.);
#2467=ORIENTED_EDGE('',*,*,#1914,.T.);
#2468=ORIENTED_EDGE('',*,*,#1915,.F.);
#2469=ORIENTED_EDGE('',*,*,#1914,.F.);
#2470=ORIENTED_EDGE('',*,*,#1916,.F.);
#2471=ORIENTED_EDGE('',*,*,#1917,.F.);
#2472=ORIENTED_EDGE('',*,*,#1918,.T.);
#2473=ORIENTED_EDGE('',*,*,#1919,.T.);
#2474=ORIENTED_EDGE('',*,*,#1916,.T.);
#2475=ORIENTED_EDGE('',*,*,#1913,.F.);
#2476=ORIENTED_EDGE('',*,*,#1920,.F.);
#2477=ORIENTED_EDGE('',*,*,#1917,.T.);
#2478=ORIENTED_EDGE('',*,*,#1919,.F.);
#2479=ORIENTED_EDGE('',*,*,#1921,.T.);
#2480=ORIENTED_EDGE('',*,*,#1922,.F.);
#2481=ORIENTED_EDGE('',*,*,#1921,.F.);
#2482=ORIENTED_EDGE('',*,*,#1918,.F.);
#2483=ORIENTED_EDGE('',*,*,#1912,.F.);
#2484=ORIENTED_EDGE('',*,*,#1923,.F.);
#2485=ORIENTED_EDGE('',*,*,#1924,.T.);
#2486=ORIENTED_EDGE('',*,*,#1925,.T.);
#2487=ORIENTED_EDGE('',*,*,#1926,.T.);
#2488=ORIENTED_EDGE('',*,*,#1927,.F.);
#2489=ORIENTED_EDGE('',*,*,#1926,.F.);
#2490=ORIENTED_EDGE('',*,*,#1928,.F.);
#2491=ORIENTED_EDGE('',*,*,#1929,.F.);
#2492=ORIENTED_EDGE('',*,*,#1930,.T.);
#2493=ORIENTED_EDGE('',*,*,#1931,.T.);
#2494=ORIENTED_EDGE('',*,*,#1928,.T.);
#2495=ORIENTED_EDGE('',*,*,#1925,.F.);
#2496=ORIENTED_EDGE('',*,*,#1932,.F.);
#2497=ORIENTED_EDGE('',*,*,#1929,.T.);
#2498=ORIENTED_EDGE('',*,*,#1931,.F.);
#2499=ORIENTED_EDGE('',*,*,#1933,.T.);
#2500=ORIENTED_EDGE('',*,*,#1934,.F.);
#2501=ORIENTED_EDGE('',*,*,#1933,.F.);
#2502=ORIENTED_EDGE('',*,*,#1930,.F.);
#2503=ORIENTED_EDGE('',*,*,#1924,.F.);
#2504=ORIENTED_EDGE('',*,*,#1935,.F.);
#2505=ORIENTED_EDGE('',*,*,#1936,.T.);
#2506=ORIENTED_EDGE('',*,*,#1937,.T.);
#2507=ORIENTED_EDGE('',*,*,#1938,.T.);
#2508=ORIENTED_EDGE('',*,*,#1939,.F.);
#2509=ORIENTED_EDGE('',*,*,#1938,.F.);
#2510=ORIENTED_EDGE('',*,*,#1940,.F.);
#2511=ORIENTED_EDGE('',*,*,#1941,.F.);
#2512=ORIENTED_EDGE('',*,*,#1942,.T.);
#2513=ORIENTED_EDGE('',*,*,#1943,.T.);
#2514=ORIENTED_EDGE('',*,*,#1940,.T.);
#2515=ORIENTED_EDGE('',*,*,#1937,.F.);
#2516=ORIENTED_EDGE('',*,*,#1944,.F.);
#2517=ORIENTED_EDGE('',*,*,#1941,.T.);
#2518=ORIENTED_EDGE('',*,*,#1943,.F.);
#2519=ORIENTED_EDGE('',*,*,#1945,.T.);
#2520=ORIENTED_EDGE('',*,*,#1946,.F.);
#2521=ORIENTED_EDGE('',*,*,#1945,.F.);
#2522=ORIENTED_EDGE('',*,*,#1942,.F.);
#2523=ORIENTED_EDGE('',*,*,#1936,.F.);
#2524=ORIENTED_EDGE('',*,*,#1947,.F.);
#2525=ORIENTED_EDGE('',*,*,#1948,.T.);
#2526=ORIENTED_EDGE('',*,*,#1949,.F.);
#2527=ORIENTED_EDGE('',*,*,#1948,.F.);
#2528=ORIENTED_EDGE('',*,*,#1947,.T.);
#2529=ORIENTED_EDGE('',*,*,#1950,.T.);
#2530=ORIENTED_EDGE('',*,*,#1951,.T.);
#2531=ORIENTED_EDGE('',*,*,#1952,.T.);
#2532=ORIENTED_EDGE('',*,*,#1953,.T.);
#2533=ORIENTED_EDGE('',*,*,#1951,.F.);
#2534=ORIENTED_EDGE('',*,*,#1954,.T.);
#2535=ORIENTED_EDGE('',*,*,#1953,.F.);
#2536=ORIENTED_EDGE('',*,*,#1955,.T.);
#2537=ORIENTED_EDGE('',*,*,#1956,.F.);
#2538=ORIENTED_EDGE('',*,*,#1955,.F.);
#2539=ORIENTED_EDGE('',*,*,#1952,.F.);
#2540=ORIENTED_EDGE('',*,*,#1908,.T.);
#2541=ORIENTED_EDGE('',*,*,#1910,.T.);
#2542=ORIENTED_EDGE('',*,*,#1899,.T.);
#2543=ORIENTED_EDGE('',*,*,#1903,.T.);
#2544=ORIENTED_EDGE('',*,*,#1920,.T.);
#2545=ORIENTED_EDGE('',*,*,#1922,.T.);
#2546=ORIENTED_EDGE('',*,*,#1911,.T.);
#2547=ORIENTED_EDGE('',*,*,#1915,.T.);
#2548=ORIENTED_EDGE('',*,*,#1932,.T.);
#2549=ORIENTED_EDGE('',*,*,#1934,.T.);
#2550=ORIENTED_EDGE('',*,*,#1923,.T.);
#2551=ORIENTED_EDGE('',*,*,#1927,.T.);
#2552=ORIENTED_EDGE('',*,*,#1944,.T.);
#2553=ORIENTED_EDGE('',*,*,#1946,.T.);
#2554=ORIENTED_EDGE('',*,*,#1935,.T.);
#2555=ORIENTED_EDGE('',*,*,#1939,.T.);
#2556=ORIENTED_EDGE('',*,*,#1950,.F.);
#2557=ORIENTED_EDGE('',*,*,#1954,.F.);
#2558=ORIENTED_EDGE('',*,*,#1949,.T.);
#2559=ORIENTED_EDGE('',*,*,#1957,.F.);
#2560=ORIENTED_EDGE('',*,*,#1958,.T.);
#2561=ORIENTED_EDGE('',*,*,#1959,.T.);
#2562=ORIENTED_EDGE('',*,*,#1960,.F.);
#2563=ORIENTED_EDGE('',*,*,#1961,.F.);
#2564=ORIENTED_EDGE('',*,*,#1962,.T.);
#2565=ORIENTED_EDGE('',*,*,#1963,.T.);
#2566=ORIENTED_EDGE('',*,*,#1958,.F.);
#2567=ORIENTED_EDGE('',*,*,#1964,.F.);
#2568=ORIENTED_EDGE('',*,*,#1965,.T.);
#2569=ORIENTED_EDGE('',*,*,#1966,.T.);
#2570=ORIENTED_EDGE('',*,*,#1962,.F.);
#2571=ORIENTED_EDGE('',*,*,#1967,.F.);
#2572=ORIENTED_EDGE('',*,*,#1960,.T.);
#2573=ORIENTED_EDGE('',*,*,#1968,.T.);
#2574=ORIENTED_EDGE('',*,*,#1965,.F.);
#2575=ORIENTED_EDGE('',*,*,#1968,.F.);
#2576=ORIENTED_EDGE('',*,*,#1959,.F.);
#2577=ORIENTED_EDGE('',*,*,#1963,.F.);
#2578=ORIENTED_EDGE('',*,*,#1966,.F.);
#2579=ORIENTED_EDGE('',*,*,#1956,.T.);
#2580=ORIENTED_EDGE('',*,*,#1969,.F.);
#2581=ORIENTED_EDGE('',*,*,#1970,.T.);
#2582=ORIENTED_EDGE('',*,*,#1971,.F.);
#2583=ORIENTED_EDGE('',*,*,#1970,.F.);
#2584=ORIENTED_EDGE('',*,*,#1972,.F.);
#2585=ORIENTED_EDGE('',*,*,#1973,.T.);
#2586=ORIENTED_EDGE('',*,*,#1974,.F.);
#2587=ORIENTED_EDGE('',*,*,#1973,.F.);
#2588=ORIENTED_EDGE('',*,*,#1974,.T.);
#2589=ORIENTED_EDGE('',*,*,#1969,.T.);
#2590=ORIENTED_EDGE('',*,*,#1975,.F.);
#2591=ORIENTED_EDGE('',*,*,#1976,.F.);
#2592=ORIENTED_EDGE('',*,*,#1977,.F.);
#2593=ORIENTED_EDGE('',*,*,#1978,.F.);
#2594=ORIENTED_EDGE('',*,*,#1957,.T.);
#2595=ORIENTED_EDGE('',*,*,#1967,.T.);
#2596=ORIENTED_EDGE('',*,*,#1964,.T.);
#2597=ORIENTED_EDGE('',*,*,#1961,.T.);
#2598=ORIENTED_EDGE('',*,*,#1979,.T.);
#2599=ORIENTED_EDGE('',*,*,#1972,.T.);
#2600=ORIENTED_EDGE('',*,*,#1980,.T.);
#2601=ORIENTED_EDGE('',*,*,#1981,.T.);
#2602=ORIENTED_EDGE('',*,*,#1982,.F.);
#2603=ORIENTED_EDGE('',*,*,#1981,.F.);
#2604=ORIENTED_EDGE('',*,*,#1979,.F.);
#2605=ORIENTED_EDGE('',*,*,#1983,.T.);
#2606=ORIENTED_EDGE('',*,*,#1984,.T.);
#2607=ORIENTED_EDGE('',*,*,#1983,.F.);
#2608=ORIENTED_EDGE('',*,*,#1984,.F.);
#2609=ORIENTED_EDGE('',*,*,#1980,.F.);
#2610=ORIENTED_EDGE('',*,*,#1971,.T.);
#2611=ORIENTED_EDGE('',*,*,#1985,.T.);
#2612=ORIENTED_EDGE('',*,*,#1986,.T.);
#2613=ORIENTED_EDGE('',*,*,#1987,.T.);
#2614=ORIENTED_EDGE('',*,*,#1988,.T.);
#2615=ORIENTED_EDGE('',*,*,#1986,.F.);
#2616=ORIENTED_EDGE('',*,*,#1989,.T.);
#2617=ORIENTED_EDGE('',*,*,#1988,.F.);
#2618=ORIENTED_EDGE('',*,*,#1990,.T.);
#2619=ORIENTED_EDGE('',*,*,#1991,.F.);
#2620=ORIENTED_EDGE('',*,*,#1990,.F.);
#2621=ORIENTED_EDGE('',*,*,#1987,.F.);
#2622=ORIENTED_EDGE('',*,*,#1985,.F.);
#2623=ORIENTED_EDGE('',*,*,#1989,.F.);
#2624=ORIENTED_EDGE('',*,*,#1992,.T.);
#2625=ORIENTED_EDGE('',*,*,#1993,.T.);
#2626=ORIENTED_EDGE('',*,*,#1994,.T.);
#2627=ORIENTED_EDGE('',*,*,#1995,.T.);
#2628=ORIENTED_EDGE('',*,*,#1993,.F.);
#2629=ORIENTED_EDGE('',*,*,#1996,.T.);
#2630=ORIENTED_EDGE('',*,*,#1995,.F.);
#2631=ORIENTED_EDGE('',*,*,#1997,.T.);
#2632=ORIENTED_EDGE('',*,*,#1998,.F.);
#2633=ORIENTED_EDGE('',*,*,#1997,.F.);
#2634=ORIENTED_EDGE('',*,*,#1994,.F.);
#2635=ORIENTED_EDGE('',*,*,#1992,.F.);
#2636=ORIENTED_EDGE('',*,*,#1996,.F.);
#2637=ORIENTED_EDGE('',*,*,#1999,.T.);
#2638=ORIENTED_EDGE('',*,*,#2000,.T.);
#2639=ORIENTED_EDGE('',*,*,#2001,.T.);
#2640=ORIENTED_EDGE('',*,*,#2000,.F.);
#2641=ORIENTED_EDGE('',*,*,#2002,.F.);
#2642=ORIENTED_EDGE('',*,*,#2003,.F.);
#2643=ORIENTED_EDGE('',*,*,#2004,.F.);
#2644=ORIENTED_EDGE('',*,*,#2005,.F.);
#2645=ORIENTED_EDGE('',*,*,#2006,.F.);
#2646=ORIENTED_EDGE('',*,*,#2007,.F.);
#2647=ORIENTED_EDGE('',*,*,#2008,.T.);
#2648=ORIENTED_EDGE('',*,*,#2009,.T.);
#2649=ORIENTED_EDGE('',*,*,#2010,.T.);
#2650=ORIENTED_EDGE('',*,*,#2011,.T.);
#2651=ORIENTED_EDGE('',*,*,#2012,.T.);
#2652=ORIENTED_EDGE('',*,*,#2013,.T.);
#2653=ORIENTED_EDGE('',*,*,#2014,.T.);
#2654=ORIENTED_EDGE('',*,*,#2015,.T.);
#2655=ORIENTED_EDGE('',*,*,#2016,.F.);
#2656=ORIENTED_EDGE('',*,*,#2017,.F.);
#2657=ORIENTED_EDGE('',*,*,#1999,.F.);
#2658=ORIENTED_EDGE('',*,*,#2001,.F.);
#2659=ORIENTED_EDGE('',*,*,#2018,.T.);
#2660=ORIENTED_EDGE('',*,*,#2019,.T.);
#2661=ORIENTED_EDGE('',*,*,#2018,.F.);
#2662=ORIENTED_EDGE('',*,*,#2006,.T.);
#2663=ORIENTED_EDGE('',*,*,#2020,.T.);
#2664=ORIENTED_EDGE('',*,*,#2021,.T.);
#2665=ORIENTED_EDGE('',*,*,#2020,.F.);
#2666=ORIENTED_EDGE('',*,*,#2021,.F.);
#2667=ORIENTED_EDGE('',*,*,#2022,.T.);
#2668=ORIENTED_EDGE('',*,*,#2023,.T.);
#2669=ORIENTED_EDGE('',*,*,#2022,.F.);
#2670=ORIENTED_EDGE('',*,*,#2023,.F.);
#2671=ORIENTED_EDGE('',*,*,#1998,.T.);
#2672=ORIENTED_EDGE('',*,*,#2019,.F.);
#2673=ORIENTED_EDGE('',*,*,#1991,.T.);
#2674=ORIENTED_EDGE('',*,*,#2024,.F.);
#2675=ORIENTED_EDGE('',*,*,#2025,.T.);
#2676=ORIENTED_EDGE('',*,*,#2026,.T.);
#2677=ORIENTED_EDGE('',*,*,#2025,.F.);
#2678=ORIENTED_EDGE('',*,*,#2026,.F.);
#2679=ORIENTED_EDGE('',*,*,#2027,.F.);
#2680=ORIENTED_EDGE('',*,*,#2028,.T.);
#2681=ORIENTED_EDGE('',*,*,#2029,.T.);
#2682=ORIENTED_EDGE('',*,*,#2030,.F.);
#2683=ORIENTED_EDGE('',*,*,#2031,.F.);
#2684=ORIENTED_EDGE('',*,*,#2032,.T.);
#2685=ORIENTED_EDGE('',*,*,#2033,.T.);
#2686=ORIENTED_EDGE('',*,*,#2034,.F.);
#2687=ORIENTED_EDGE('',*,*,#2035,.F.);
#2688=ORIENTED_EDGE('',*,*,#2030,.T.);
#2689=ORIENTED_EDGE('',*,*,#2036,.T.);
#2690=ORIENTED_EDGE('',*,*,#2032,.F.);
#2691=ORIENTED_EDGE('',*,*,#2037,.F.);
#2692=ORIENTED_EDGE('',*,*,#2034,.T.);
#2693=ORIENTED_EDGE('',*,*,#2038,.T.);
#2694=ORIENTED_EDGE('',*,*,#2028,.F.);
#2695=ORIENTED_EDGE('',*,*,#2038,.F.);
#2696=ORIENTED_EDGE('',*,*,#2033,.F.);
#2697=ORIENTED_EDGE('',*,*,#2036,.F.);
#2698=ORIENTED_EDGE('',*,*,#2029,.F.);
#2699=ORIENTED_EDGE('',*,*,#2039,.F.);
#2700=ORIENTED_EDGE('',*,*,#2040,.T.);
#2701=ORIENTED_EDGE('',*,*,#2041,.T.);
#2702=ORIENTED_EDGE('',*,*,#2040,.F.);
#2703=ORIENTED_EDGE('',*,*,#2041,.F.);
#2704=ORIENTED_EDGE('',*,*,#2042,.F.);
#2705=ORIENTED_EDGE('',*,*,#2043,.T.);
#2706=ORIENTED_EDGE('',*,*,#2044,.T.);
#2707=ORIENTED_EDGE('',*,*,#2043,.F.);
#2708=ORIENTED_EDGE('',*,*,#2044,.F.);
#2709=ORIENTED_EDGE('',*,*,#2024,.T.);
#2710=ORIENTED_EDGE('',*,*,#2045,.F.);
#2711=ORIENTED_EDGE('',*,*,#2046,.T.);
#2712=ORIENTED_EDGE('',*,*,#2047,.T.);
#2713=ORIENTED_EDGE('',*,*,#2046,.F.);
#2714=ORIENTED_EDGE('',*,*,#2047,.F.);
#2715=ORIENTED_EDGE('',*,*,#2031,.T.);
#2716=ORIENTED_EDGE('',*,*,#2037,.T.);
#2717=ORIENTED_EDGE('',*,*,#2027,.T.);
#2718=ORIENTED_EDGE('',*,*,#2035,.T.);
#2719=ORIENTED_EDGE('',*,*,#2048,.F.);
#2720=ORIENTED_EDGE('',*,*,#2049,.T.);
#2721=ORIENTED_EDGE('',*,*,#2050,.T.);
#2722=ORIENTED_EDGE('',*,*,#2049,.F.);
#2723=ORIENTED_EDGE('',*,*,#2050,.F.);
#2724=ORIENTED_EDGE('',*,*,#2039,.T.);
#2725=ORIENTED_EDGE('',*,*,#2051,.F.);
#2726=ORIENTED_EDGE('',*,*,#2052,.T.);
#2727=ORIENTED_EDGE('',*,*,#2053,.T.);
#2728=ORIENTED_EDGE('',*,*,#2052,.F.);
#2729=ORIENTED_EDGE('',*,*,#2053,.F.);
#2730=ORIENTED_EDGE('',*,*,#2042,.T.);
#2731=ORIENTED_EDGE('',*,*,#2054,.F.);
#2732=ORIENTED_EDGE('',*,*,#2055,.T.);
#2733=ORIENTED_EDGE('',*,*,#2056,.T.);
#2734=ORIENTED_EDGE('',*,*,#2055,.F.);
#2735=ORIENTED_EDGE('',*,*,#2056,.F.);
#2736=ORIENTED_EDGE('',*,*,#2045,.T.);
#2737=ORIENTED_EDGE('',*,*,#2057,.F.);
#2738=ORIENTED_EDGE('',*,*,#2058,.T.);
#2739=ORIENTED_EDGE('',*,*,#2059,.T.);
#2740=ORIENTED_EDGE('',*,*,#2058,.F.);
#2741=ORIENTED_EDGE('',*,*,#2059,.F.);
#2742=ORIENTED_EDGE('',*,*,#2048,.T.);
#2743=ORIENTED_EDGE('',*,*,#2060,.F.);
#2744=ORIENTED_EDGE('',*,*,#2061,.T.);
#2745=ORIENTED_EDGE('',*,*,#2062,.T.);
#2746=ORIENTED_EDGE('',*,*,#2061,.F.);
#2747=ORIENTED_EDGE('',*,*,#2062,.F.);
#2748=ORIENTED_EDGE('',*,*,#2057,.T.);
#2749=ORIENTED_EDGE('',*,*,#2063,.F.);
#2750=ORIENTED_EDGE('',*,*,#2064,.T.);
#2751=ORIENTED_EDGE('',*,*,#2065,.T.);
#2752=ORIENTED_EDGE('',*,*,#2064,.F.);
#2753=ORIENTED_EDGE('',*,*,#2065,.F.);
#2754=ORIENTED_EDGE('',*,*,#2051,.T.);
#2755=ORIENTED_EDGE('',*,*,#2066,.F.);
#2756=ORIENTED_EDGE('',*,*,#2067,.T.);
#2757=ORIENTED_EDGE('',*,*,#2068,.T.);
#2758=ORIENTED_EDGE('',*,*,#2067,.F.);
#2759=ORIENTED_EDGE('',*,*,#2068,.F.);
#2760=ORIENTED_EDGE('',*,*,#2054,.T.);
#2761=ORIENTED_EDGE('',*,*,#2017,.T.);
#2762=ORIENTED_EDGE('',*,*,#2069,.T.);
#2763=ORIENTED_EDGE('',*,*,#2070,.T.);
#2764=ORIENTED_EDGE('',*,*,#2069,.F.);
#2765=ORIENTED_EDGE('',*,*,#2007,.T.);
#2766=ORIENTED_EDGE('',*,*,#2071,.T.);
#2767=ORIENTED_EDGE('',*,*,#2072,.T.);
#2768=ORIENTED_EDGE('',*,*,#2071,.F.);
#2769=ORIENTED_EDGE('',*,*,#2016,.T.);
#2770=ORIENTED_EDGE('',*,*,#2073,.T.);
#2771=ORIENTED_EDGE('',*,*,#2074,.T.);
#2772=ORIENTED_EDGE('',*,*,#2073,.F.);
#2773=ORIENTED_EDGE('',*,*,#2072,.F.);
#2774=ORIENTED_EDGE('',*,*,#2063,.T.);
#2775=ORIENTED_EDGE('',*,*,#2070,.F.);
#2776=ORIENTED_EDGE('',*,*,#2066,.T.);
#2777=ORIENTED_EDGE('',*,*,#2074,.F.);
#2778=ORIENTED_EDGE('',*,*,#2060,.T.);
#2779=ORIENTED_EDGE('',*,*,#2012,.F.);
#2780=ORIENTED_EDGE('',*,*,#2075,.T.);
#2781=ORIENTED_EDGE('',*,*,#2076,.F.);
#2782=ORIENTED_EDGE('',*,*,#2077,.F.);
#2783=ORIENTED_EDGE('',*,*,#2013,.F.);
#2784=ORIENTED_EDGE('',*,*,#2077,.T.);
#2785=ORIENTED_EDGE('',*,*,#2078,.F.);
#2786=ORIENTED_EDGE('',*,*,#2079,.F.);
#2787=ORIENTED_EDGE('',*,*,#2014,.F.);
#2788=ORIENTED_EDGE('',*,*,#2079,.T.);
#2789=ORIENTED_EDGE('',*,*,#2080,.F.);
#2790=ORIENTED_EDGE('',*,*,#2081,.F.);
#2791=ORIENTED_EDGE('',*,*,#2015,.F.);
#2792=ORIENTED_EDGE('',*,*,#2081,.T.);
#2793=ORIENTED_EDGE('',*,*,#2082,.F.);
#2794=ORIENTED_EDGE('',*,*,#2075,.F.);
#2795=ORIENTED_EDGE('',*,*,#2082,.T.);
#2796=ORIENTED_EDGE('',*,*,#2080,.T.);
#2797=ORIENTED_EDGE('',*,*,#2078,.T.);
#2798=ORIENTED_EDGE('',*,*,#2076,.T.);
#2799=ORIENTED_EDGE('',*,*,#2008,.F.);
#2800=ORIENTED_EDGE('',*,*,#2083,.T.);
#2801=ORIENTED_EDGE('',*,*,#2084,.T.);
#2802=ORIENTED_EDGE('',*,*,#2085,.F.);
#2803=ORIENTED_EDGE('',*,*,#2011,.F.);
#2804=ORIENTED_EDGE('',*,*,#2086,.T.);
#2805=ORIENTED_EDGE('',*,*,#2087,.T.);
#2806=ORIENTED_EDGE('',*,*,#2083,.F.);
#2807=ORIENTED_EDGE('',*,*,#2010,.F.);
#2808=ORIENTED_EDGE('',*,*,#2088,.T.);
#2809=ORIENTED_EDGE('',*,*,#2089,.T.);
#2810=ORIENTED_EDGE('',*,*,#2086,.F.);
#2811=ORIENTED_EDGE('',*,*,#2009,.F.);
#2812=ORIENTED_EDGE('',*,*,#2085,.T.);
#2813=ORIENTED_EDGE('',*,*,#2090,.T.);
#2814=ORIENTED_EDGE('',*,*,#2088,.F.);
#2815=ORIENTED_EDGE('',*,*,#2090,.F.);
#2816=ORIENTED_EDGE('',*,*,#2084,.F.);
#2817=ORIENTED_EDGE('',*,*,#2087,.F.);
#2818=ORIENTED_EDGE('',*,*,#2089,.F.);
#2819=ORIENTED_EDGE('',*,*,#2091,.F.);
#2820=ORIENTED_EDGE('',*,*,#2092,.T.);
#2821=ORIENTED_EDGE('',*,*,#2093,.T.);
#2822=ORIENTED_EDGE('',*,*,#2094,.F.);
#2823=ORIENTED_EDGE('',*,*,#2095,.F.);
#2824=ORIENTED_EDGE('',*,*,#2094,.T.);
#2825=ORIENTED_EDGE('',*,*,#2096,.T.);
#2826=ORIENTED_EDGE('',*,*,#2097,.F.);
#2827=ORIENTED_EDGE('',*,*,#2098,.F.);
#2828=ORIENTED_EDGE('',*,*,#2097,.T.);
#2829=ORIENTED_EDGE('',*,*,#2099,.T.);
#2830=ORIENTED_EDGE('',*,*,#2100,.F.);
#2831=ORIENTED_EDGE('',*,*,#2101,.F.);
#2832=ORIENTED_EDGE('',*,*,#2100,.T.);
#2833=ORIENTED_EDGE('',*,*,#2102,.T.);
#2834=ORIENTED_EDGE('',*,*,#2092,.F.);
#2835=ORIENTED_EDGE('',*,*,#1860,.F.);
#2836=ORIENTED_EDGE('',*,*,#2103,.T.);
#2837=ORIENTED_EDGE('',*,*,#2104,.T.);
#2838=ORIENTED_EDGE('',*,*,#2105,.F.);
#2839=ORIENTED_EDGE('',*,*,#1863,.F.);
#2840=ORIENTED_EDGE('',*,*,#2106,.T.);
#2841=ORIENTED_EDGE('',*,*,#2107,.T.);
#2842=ORIENTED_EDGE('',*,*,#2103,.F.);
#2843=ORIENTED_EDGE('',*,*,#1862,.F.);
#2844=ORIENTED_EDGE('',*,*,#2108,.T.);
#2845=ORIENTED_EDGE('',*,*,#2109,.T.);
#2846=ORIENTED_EDGE('',*,*,#2106,.F.);
#2847=ORIENTED_EDGE('',*,*,#1861,.F.);
#2848=ORIENTED_EDGE('',*,*,#2105,.T.);
#2849=ORIENTED_EDGE('',*,*,#2110,.T.);
#2850=ORIENTED_EDGE('',*,*,#2108,.F.);
#2851=ORIENTED_EDGE('',*,*,#2110,.F.);
#2852=ORIENTED_EDGE('',*,*,#2104,.F.);
#2853=ORIENTED_EDGE('',*,*,#2107,.F.);
#2854=ORIENTED_EDGE('',*,*,#2109,.F.);
#2855=ORIENTED_EDGE('',*,*,#2093,.F.);
#2856=ORIENTED_EDGE('',*,*,#2102,.F.);
#2857=ORIENTED_EDGE('',*,*,#2099,.F.);
#2858=ORIENTED_EDGE('',*,*,#2096,.F.);
#2859=ORIENTED_EDGE('',*,*,#2111,.T.);
#2860=ORIENTED_EDGE('',*,*,#2112,.T.);
#2861=ORIENTED_EDGE('',*,*,#2113,.T.);
#2862=ORIENTED_EDGE('',*,*,#2114,.T.);
#2863=ORIENTED_EDGE('',*,*,#2115,.T.);
#2864=ORIENTED_EDGE('',*,*,#2116,.T.);
#2865=ORIENTED_EDGE('',*,*,#2113,.F.);
#2866=ORIENTED_EDGE('',*,*,#2117,.T.);
#2867=ORIENTED_EDGE('',*,*,#2118,.T.);
#2868=ORIENTED_EDGE('',*,*,#2119,.T.);
#2869=ORIENTED_EDGE('',*,*,#2115,.F.);
#2870=ORIENTED_EDGE('',*,*,#2120,.T.);
#2871=ORIENTED_EDGE('',*,*,#2111,.F.);
#2872=ORIENTED_EDGE('',*,*,#2121,.T.);
#2873=ORIENTED_EDGE('',*,*,#2118,.F.);
#2874=ORIENTED_EDGE('',*,*,#2122,.T.);
#2875=ORIENTED_EDGE('',*,*,#2117,.F.);
#2876=ORIENTED_EDGE('',*,*,#2123,.F.);
#2877=ORIENTED_EDGE('',*,*,#1978,.T.);
#2878=ORIENTED_EDGE('',*,*,#2124,.T.);
#2879=ORIENTED_EDGE('',*,*,#2112,.F.);
#2880=ORIENTED_EDGE('',*,*,#2125,.T.);
#2881=ORIENTED_EDGE('',*,*,#1975,.T.);
#2882=ORIENTED_EDGE('',*,*,#2123,.T.);
#2883=ORIENTED_EDGE('',*,*,#2091,.T.);
#2884=ORIENTED_EDGE('',*,*,#2095,.T.);
#2885=ORIENTED_EDGE('',*,*,#2098,.T.);
#2886=ORIENTED_EDGE('',*,*,#2101,.T.);
#2887=ORIENTED_EDGE('',*,*,#2114,.F.);
#2888=ORIENTED_EDGE('',*,*,#2116,.F.);
#2889=ORIENTED_EDGE('',*,*,#2119,.F.);
#2890=ORIENTED_EDGE('',*,*,#2121,.F.);
#2891=ORIENTED_EDGE('',*,*,#2120,.F.);
#2892=ORIENTED_EDGE('',*,*,#2124,.F.);
#2893=ORIENTED_EDGE('',*,*,#1977,.T.);
#2894=ORIENTED_EDGE('',*,*,#2126,.T.);
#2895=ORIENTED_EDGE('',*,*,#2122,.F.);
#2896=ORIENTED_EDGE('',*,*,#2126,.F.);
#2897=ORIENTED_EDGE('',*,*,#1976,.T.);
#2898=ORIENTED_EDGE('',*,*,#2125,.F.);
#2899=ORIENTED_EDGE('',*,*,#1982,.T.);
#2900=ORIENTED_EDGE('',*,*,#2127,.F.);
#2901=ORIENTED_EDGE('',*,*,#2128,.T.);
#2902=ORIENTED_EDGE('',*,*,#2129,.T.);
#2903=ORIENTED_EDGE('',*,*,#2130,.F.);
#2904=ORIENTED_EDGE('',*,*,#2131,.F.);
#2905=ORIENTED_EDGE('',*,*,#2130,.T.);
#2906=ORIENTED_EDGE('',*,*,#2132,.T.);
#2907=ORIENTED_EDGE('',*,*,#2133,.F.);
#2908=ORIENTED_EDGE('',*,*,#2134,.F.);
#2909=ORIENTED_EDGE('',*,*,#2133,.T.);
#2910=ORIENTED_EDGE('',*,*,#2135,.T.);
#2911=ORIENTED_EDGE('',*,*,#2136,.F.);
#2912=ORIENTED_EDGE('',*,*,#2137,.F.);
#2913=ORIENTED_EDGE('',*,*,#2136,.T.);
#2914=ORIENTED_EDGE('',*,*,#2138,.T.);
#2915=ORIENTED_EDGE('',*,*,#2128,.F.);
#2916=ORIENTED_EDGE('',*,*,#1877,.F.);
#2917=ORIENTED_EDGE('',*,*,#2139,.T.);
#2918=ORIENTED_EDGE('',*,*,#2140,.T.);
#2919=ORIENTED_EDGE('',*,*,#2141,.F.);
#2920=ORIENTED_EDGE('',*,*,#1880,.F.);
#2921=ORIENTED_EDGE('',*,*,#2142,.T.);
#2922=ORIENTED_EDGE('',*,*,#2143,.T.);
#2923=ORIENTED_EDGE('',*,*,#2139,.F.);
#2924=ORIENTED_EDGE('',*,*,#1879,.F.);
#2925=ORIENTED_EDGE('',*,*,#2144,.T.);
#2926=ORIENTED_EDGE('',*,*,#2145,.T.);
#2927=ORIENTED_EDGE('',*,*,#2142,.F.);
#2928=ORIENTED_EDGE('',*,*,#1878,.F.);
#2929=ORIENTED_EDGE('',*,*,#2141,.T.);
#2930=ORIENTED_EDGE('',*,*,#2146,.T.);
#2931=ORIENTED_EDGE('',*,*,#2144,.F.);
#2932=ORIENTED_EDGE('',*,*,#2146,.F.);
#2933=ORIENTED_EDGE('',*,*,#2140,.F.);
#2934=ORIENTED_EDGE('',*,*,#2143,.F.);
#2935=ORIENTED_EDGE('',*,*,#2145,.F.);
#2936=ORIENTED_EDGE('',*,*,#2129,.F.);
#2937=ORIENTED_EDGE('',*,*,#2138,.F.);
#2938=ORIENTED_EDGE('',*,*,#2135,.F.);
#2939=ORIENTED_EDGE('',*,*,#2132,.F.);
#2940=ORIENTED_EDGE('',*,*,#2147,.T.);
#2941=ORIENTED_EDGE('',*,*,#2148,.T.);
#2942=ORIENTED_EDGE('',*,*,#2149,.T.);
#2943=ORIENTED_EDGE('',*,*,#2137,.T.);
#2944=ORIENTED_EDGE('',*,*,#2150,.T.);
#2945=ORIENTED_EDGE('',*,*,#2134,.T.);
#2946=ORIENTED_EDGE('',*,*,#2149,.F.);
#2947=ORIENTED_EDGE('',*,*,#2151,.T.);
#2948=ORIENTED_EDGE('',*,*,#2152,.T.);
#2949=ORIENTED_EDGE('',*,*,#2131,.T.);
#2950=ORIENTED_EDGE('',*,*,#2150,.F.);
#2951=ORIENTED_EDGE('',*,*,#2153,.T.);
#2952=ORIENTED_EDGE('',*,*,#2147,.F.);
#2953=ORIENTED_EDGE('',*,*,#2127,.T.);
#2954=ORIENTED_EDGE('',*,*,#2152,.F.);
#2955=ORIENTED_EDGE('',*,*,#2154,.T.);
#2956=ORIENTED_EDGE('',*,*,#2151,.F.);
#2957=ORIENTED_EDGE('',*,*,#2155,.F.);
#2958=ORIENTED_EDGE('',*,*,#2005,.T.);
#2959=ORIENTED_EDGE('',*,*,#2156,.T.);
#2960=ORIENTED_EDGE('',*,*,#2148,.F.);
#2961=ORIENTED_EDGE('',*,*,#2157,.T.);
#2962=ORIENTED_EDGE('',*,*,#2002,.T.);
#2963=ORIENTED_EDGE('',*,*,#2155,.T.);
#2964=ORIENTED_EDGE('',*,*,#2153,.F.);
#2965=ORIENTED_EDGE('',*,*,#2156,.F.);
#2966=ORIENTED_EDGE('',*,*,#2004,.T.);
#2967=ORIENTED_EDGE('',*,*,#2158,.T.);
#2968=ORIENTED_EDGE('',*,*,#2154,.F.);
#2969=ORIENTED_EDGE('',*,*,#2158,.F.);
#2970=ORIENTED_EDGE('',*,*,#2003,.T.);
#2971=ORIENTED_EDGE('',*,*,#2157,.F.);
#2972=ORIENTED_EDGE('',*,*,#1859,.T.);
#2973=ORIENTED_EDGE('',*,*,#1874,.T.);
#2974=ORIENTED_EDGE('',*,*,#1875,.F.);
#2975=ORIENTED_EDGE('',*,*,#1851,.F.);
#2976=ORIENTED_EDGE('',*,*,#1853,.T.);
#2977=ORIENTED_EDGE('',*,*,#1848,.T.);
#2978=ORIENTED_EDGE('',*,*,#1876,.F.);
#2979=ORIENTED_EDGE('',*,*,#1871,.F.);
#2980=ORIENTED_EDGE('',*,*,#1895,.T.);
#2981=ORIENTED_EDGE('',*,*,#1897,.T.);
#2982=ORIENTED_EDGE('',*,*,#1888,.T.);
#2983=ORIENTED_EDGE('',*,*,#1898,.T.);
#2984=ORIENTED_EDGE('',*,*,#2159,.T.);
#2985=ORIENTED_EDGE('',*,*,#2160,.T.);
#2986=ORIENTED_EDGE('',*,*,#2161,.F.);
#2987=ORIENTED_EDGE('',*,*,#2160,.F.);
#2988=ORIENTED_EDGE('',*,*,#2159,.F.);
#2989=ORIENTED_EDGE('',*,*,#2162,.F.);
#2990=ORIENTED_EDGE('',*,*,#2163,.T.);
#2991=ORIENTED_EDGE('',*,*,#2164,.F.);
#2992=ORIENTED_EDGE('',*,*,#2163,.F.);
#2993=ORIENTED_EDGE('',*,*,#2162,.T.);
#2994=ORIENTED_EDGE('',*,*,#2165,.F.);
#2995=ORIENTED_EDGE('',*,*,#2166,.F.);
#2996=ORIENTED_EDGE('',*,*,#2167,.F.);
#2997=ORIENTED_EDGE('',*,*,#2168,.T.);
#2998=ORIENTED_EDGE('',*,*,#2161,.T.);
#2999=ORIENTED_EDGE('',*,*,#2165,.T.);
#3000=ORIENTED_EDGE('',*,*,#2169,.T.);
#3001=ORIENTED_EDGE('',*,*,#2170,.T.);
#3002=ORIENTED_EDGE('',*,*,#2171,.T.);
#3003=ORIENTED_EDGE('',*,*,#2172,.F.);
#3004=ORIENTED_EDGE('',*,*,#2173,.F.);
#3005=ORIENTED_EDGE('',*,*,#2174,.F.);
#3006=ORIENTED_EDGE('',*,*,#2175,.T.);
#3007=ORIENTED_EDGE('',*,*,#2164,.T.);
#3008=ORIENTED_EDGE('',*,*,#2172,.T.);
#3009=ORIENTED_EDGE('',*,*,#2176,.T.);
#3010=ORIENTED_EDGE('',*,*,#2177,.T.);
#3011=ORIENTED_EDGE('',*,*,#2178,.T.);
#3012=ORIENTED_EDGE('',*,*,#2178,.F.);
#3013=ORIENTED_EDGE('',*,*,#2179,.F.);
#3014=ORIENTED_EDGE('',*,*,#2180,.F.);
#3015=ORIENTED_EDGE('',*,*,#2173,.T.);
#3016=ORIENTED_EDGE('',*,*,#2177,.F.);
#3017=ORIENTED_EDGE('',*,*,#2181,.F.);
#3018=ORIENTED_EDGE('',*,*,#2182,.F.);
#3019=ORIENTED_EDGE('',*,*,#2179,.T.);
#3020=ORIENTED_EDGE('',*,*,#2176,.F.);
#3021=ORIENTED_EDGE('',*,*,#2175,.F.);
#3022=ORIENTED_EDGE('',*,*,#2183,.F.);
#3023=ORIENTED_EDGE('',*,*,#2181,.T.);
#3024=ORIENTED_EDGE('',*,*,#2170,.F.);
#3025=ORIENTED_EDGE('',*,*,#2184,.F.);
#3026=ORIENTED_EDGE('',*,*,#2185,.F.);
#3027=ORIENTED_EDGE('',*,*,#2186,.T.);
#3028=ORIENTED_EDGE('',*,*,#2169,.F.);
#3029=ORIENTED_EDGE('',*,*,#2168,.F.);
#3030=ORIENTED_EDGE('',*,*,#2187,.F.);
#3031=ORIENTED_EDGE('',*,*,#2184,.T.);
#3032=ORIENTED_EDGE('',*,*,#2171,.F.);
#3033=ORIENTED_EDGE('',*,*,#2186,.F.);
#3034=ORIENTED_EDGE('',*,*,#2188,.F.);
#3035=ORIENTED_EDGE('',*,*,#2166,.T.);
#3036=ORIENTED_EDGE('',*,*,#2189,.F.);
#3037=ORIENTED_EDGE('',*,*,#2190,.T.);
#3038=ORIENTED_EDGE('',*,*,#2191,.F.);
#3039=ORIENTED_EDGE('',*,*,#2190,.F.);
#3040=ORIENTED_EDGE('',*,*,#2191,.T.);
#3041=ORIENTED_EDGE('',*,*,#2192,.F.);
#3042=ORIENTED_EDGE('',*,*,#2193,.T.);
#3043=ORIENTED_EDGE('',*,*,#2194,.T.);
#3044=ORIENTED_EDGE('',*,*,#2193,.F.);
#3045=ORIENTED_EDGE('',*,*,#2194,.F.);
#3046=ORIENTED_EDGE('',*,*,#2195,.F.);
#3047=ORIENTED_EDGE('',*,*,#2196,.T.);
#3048=ORIENTED_EDGE('',*,*,#2197,.F.);
#3049=ORIENTED_EDGE('',*,*,#2198,.F.);
#3050=ORIENTED_EDGE('',*,*,#2199,.F.);
#3051=ORIENTED_EDGE('',*,*,#2198,.T.);
#3052=ORIENTED_EDGE('',*,*,#2200,.F.);
#3053=ORIENTED_EDGE('',*,*,#2201,.F.);
#3054=ORIENTED_EDGE('',*,*,#2202,.F.);
#3055=ORIENTED_EDGE('',*,*,#2201,.T.);
#3056=ORIENTED_EDGE('',*,*,#2203,.F.);
#3057=ORIENTED_EDGE('',*,*,#2204,.F.);
#3058=ORIENTED_EDGE('',*,*,#2205,.F.);
#3059=ORIENTED_EDGE('',*,*,#2204,.T.);
#3060=ORIENTED_EDGE('',*,*,#2206,.F.);
#3061=ORIENTED_EDGE('',*,*,#2196,.F.);
#3062=ORIENTED_EDGE('',*,*,#2206,.T.);
#3063=ORIENTED_EDGE('',*,*,#2203,.T.);
#3064=ORIENTED_EDGE('',*,*,#2200,.T.);
#3065=ORIENTED_EDGE('',*,*,#2197,.T.);
#3066=ORIENTED_EDGE('',*,*,#2207,.F.);
#3067=ORIENTED_EDGE('',*,*,#2208,.T.);
#3068=ORIENTED_EDGE('',*,*,#2209,.T.);
#3069=ORIENTED_EDGE('',*,*,#2210,.F.);
#3070=ORIENTED_EDGE('',*,*,#2211,.F.);
#3071=ORIENTED_EDGE('',*,*,#2212,.T.);
#3072=ORIENTED_EDGE('',*,*,#2213,.T.);
#3073=ORIENTED_EDGE('',*,*,#2214,.F.);
#3074=ORIENTED_EDGE('',*,*,#2213,.F.);
#3075=ORIENTED_EDGE('',*,*,#2215,.F.);
#3076=ORIENTED_EDGE('',*,*,#2216,.F.);
#3077=ORIENTED_EDGE('',*,*,#2217,.F.);
#3078=ORIENTED_EDGE('',*,*,#2209,.F.);
#3079=ORIENTED_EDGE('',*,*,#2218,.F.);
#3080=ORIENTED_EDGE('',*,*,#2195,.T.);
#3081=ORIENTED_EDGE('',*,*,#2199,.T.);
#3082=ORIENTED_EDGE('',*,*,#2202,.T.);
#3083=ORIENTED_EDGE('',*,*,#2205,.T.);
#3084=ORIENTED_EDGE('',*,*,#2207,.T.);
#3085=ORIENTED_EDGE('',*,*,#2219,.F.);
#3086=ORIENTED_EDGE('',*,*,#2220,.F.);
#3087=ORIENTED_EDGE('',*,*,#2221,.T.);
#3088=ORIENTED_EDGE('',*,*,#2222,.F.);
#3089=ORIENTED_EDGE('',*,*,#2223,.F.);
#3090=ORIENTED_EDGE('',*,*,#2224,.T.);
#3091=ORIENTED_EDGE('',*,*,#2225,.F.);
#3092=ORIENTED_EDGE('',*,*,#2226,.F.);
#3093=ORIENTED_EDGE('',*,*,#2227,.F.);
#3094=ORIENTED_EDGE('',*,*,#2228,.F.);
#3095=ORIENTED_EDGE('',*,*,#2189,.T.);
#3096=ORIENTED_EDGE('',*,*,#2216,.T.);
#3097=ORIENTED_EDGE('',*,*,#2225,.T.);
#3098=ORIENTED_EDGE('',*,*,#2229,.T.);
#3099=ORIENTED_EDGE('',*,*,#2230,.F.);
#3100=ORIENTED_EDGE('',*,*,#2231,.F.);
#3101=ORIENTED_EDGE('',*,*,#2232,.F.);
#3102=ORIENTED_EDGE('',*,*,#2233,.F.);
#3103=ORIENTED_EDGE('',*,*,#2234,.T.);
#3104=ORIENTED_EDGE('',*,*,#2230,.T.);
#3105=ORIENTED_EDGE('',*,*,#2235,.T.);
#3106=ORIENTED_EDGE('',*,*,#2236,.F.);
#3107=ORIENTED_EDGE('',*,*,#2192,.T.);
#3108=ORIENTED_EDGE('',*,*,#2224,.F.);
#3109=ORIENTED_EDGE('',*,*,#2237,.F.);
#3110=ORIENTED_EDGE('',*,*,#2235,.F.);
#3111=ORIENTED_EDGE('',*,*,#2229,.F.);
#3112=ORIENTED_EDGE('',*,*,#2222,.T.);
#3113=ORIENTED_EDGE('',*,*,#2238,.T.);
#3114=ORIENTED_EDGE('',*,*,#2239,.F.);
#3115=ORIENTED_EDGE('',*,*,#2240,.T.);
#3116=ORIENTED_EDGE('',*,*,#2228,.T.);
#3117=ORIENTED_EDGE('',*,*,#2241,.T.);
#3118=ORIENTED_EDGE('',*,*,#2242,.T.);
#3119=ORIENTED_EDGE('',*,*,#2243,.T.);
#3120=ORIENTED_EDGE('',*,*,#2244,.T.);
#3121=ORIENTED_EDGE('',*,*,#2245,.T.);
#3122=ORIENTED_EDGE('',*,*,#2246,.T.);
#3123=ORIENTED_EDGE('',*,*,#2247,.T.);
#3124=ORIENTED_EDGE('',*,*,#2238,.F.);
#3125=ORIENTED_EDGE('',*,*,#2234,.F.);
#3126=ORIENTED_EDGE('',*,*,#2248,.F.);
#3127=ORIENTED_EDGE('',*,*,#2249,.F.);
#3128=ORIENTED_EDGE('',*,*,#2219,.T.);
#3129=ORIENTED_EDGE('',*,*,#2210,.T.);
#3130=ORIENTED_EDGE('',*,*,#2217,.T.);
#3131=ORIENTED_EDGE('',*,*,#2233,.T.);
#3132=ORIENTED_EDGE('',*,*,#2250,.F.);
#3133=ORIENTED_EDGE('',*,*,#2248,.T.);
#3134=ORIENTED_EDGE('',*,*,#2227,.T.);
#3135=ORIENTED_EDGE('',*,*,#2251,.T.);
#3136=ORIENTED_EDGE('',*,*,#2241,.F.);
#3137=ORIENTED_EDGE('',*,*,#2211,.T.);
#3138=ORIENTED_EDGE('',*,*,#2252,.T.);
#3139=ORIENTED_EDGE('',*,*,#2243,.F.);
#3140=ORIENTED_EDGE('',*,*,#2253,.F.);
#3141=ORIENTED_EDGE('',*,*,#2226,.T.);
#3142=ORIENTED_EDGE('',*,*,#2215,.T.);
#3143=ORIENTED_EDGE('',*,*,#2212,.F.);
#3144=ORIENTED_EDGE('',*,*,#2253,.T.);
#3145=ORIENTED_EDGE('',*,*,#2242,.F.);
#3146=ORIENTED_EDGE('',*,*,#2251,.F.);
#3147=ORIENTED_EDGE('',*,*,#2254,.F.);
#3148=ORIENTED_EDGE('',*,*,#2255,.F.);
#3149=ORIENTED_EDGE('',*,*,#2244,.F.);
#3150=ORIENTED_EDGE('',*,*,#2252,.F.);
#3151=ORIENTED_EDGE('',*,*,#2214,.T.);
#3152=ORIENTED_EDGE('',*,*,#2218,.T.);
#3153=ORIENTED_EDGE('',*,*,#2208,.F.);
#3154=ORIENTED_EDGE('',*,*,#2221,.F.);
#3155=ORIENTED_EDGE('',*,*,#2232,.T.);
#3156=ORIENTED_EDGE('',*,*,#2256,.F.);
#3157=ORIENTED_EDGE('',*,*,#2257,.T.);
#3158=ORIENTED_EDGE('',*,*,#2258,.T.);
#3159=ORIENTED_EDGE('',*,*,#2259,.T.);
#3160=ORIENTED_EDGE('',*,*,#2254,.T.);
#3161=ORIENTED_EDGE('',*,*,#2220,.T.);
#3162=ORIENTED_EDGE('',*,*,#2249,.T.);
#3163=ORIENTED_EDGE('',*,*,#2250,.T.);
#3164=ORIENTED_EDGE('',*,*,#2260,.T.);
#3165=ORIENTED_EDGE('',*,*,#2261,.T.);
#3166=ORIENTED_EDGE('',*,*,#2239,.T.);
#3167=ORIENTED_EDGE('',*,*,#2262,.T.);
#3168=ORIENTED_EDGE('',*,*,#2231,.T.);
#3169=ORIENTED_EDGE('',*,*,#2263,.T.);
#3170=ORIENTED_EDGE('',*,*,#2260,.F.);
#3171=ORIENTED_EDGE('',*,*,#2256,.T.);
#3172=ORIENTED_EDGE('',*,*,#2262,.F.);
#3173=ORIENTED_EDGE('',*,*,#2247,.F.);
#3174=ORIENTED_EDGE('',*,*,#2264,.T.);
#3175=ORIENTED_EDGE('',*,*,#2257,.F.);
#3176=ORIENTED_EDGE('',*,*,#2174,.T.);
#3177=ORIENTED_EDGE('',*,*,#2180,.T.);
#3178=ORIENTED_EDGE('',*,*,#2182,.T.);
#3179=ORIENTED_EDGE('',*,*,#2183,.T.);
#3180=ORIENTED_EDGE('',*,*,#2185,.T.);
#3181=ORIENTED_EDGE('',*,*,#2187,.T.);
#3182=ORIENTED_EDGE('',*,*,#2167,.T.);
#3183=ORIENTED_EDGE('',*,*,#2188,.T.);
#3184=ORIENTED_EDGE('',*,*,#2223,.T.);
#3185=ORIENTED_EDGE('',*,*,#2240,.F.);
#3186=ORIENTED_EDGE('',*,*,#2261,.F.);
#3187=ORIENTED_EDGE('',*,*,#2263,.F.);
#3188=ORIENTED_EDGE('',*,*,#2236,.T.);
#3189=ORIENTED_EDGE('',*,*,#2237,.T.);
#3190=ORIENTED_EDGE('',*,*,#2265,.T.);
#3191=ORIENTED_EDGE('',*,*,#2266,.T.);
#3192=ORIENTED_EDGE('',*,*,#2267,.T.);
#3193=ORIENTED_EDGE('',*,*,#2268,.T.);
#3194=ORIENTED_EDGE('',*,*,#2269,.T.);
#3195=ORIENTED_EDGE('',*,*,#2270,.T.);
#3196=ORIENTED_EDGE('',*,*,#2265,.F.);
#3197=ORIENTED_EDGE('',*,*,#2271,.T.);
#3198=ORIENTED_EDGE('',*,*,#2272,.T.);
#3199=ORIENTED_EDGE('',*,*,#2273,.T.);
#3200=ORIENTED_EDGE('',*,*,#2269,.F.);
#3201=ORIENTED_EDGE('',*,*,#2274,.T.);
#3202=ORIENTED_EDGE('',*,*,#2267,.F.);
#3203=ORIENTED_EDGE('',*,*,#2275,.T.);
#3204=ORIENTED_EDGE('',*,*,#2272,.F.);
#3205=ORIENTED_EDGE('',*,*,#2276,.T.);
#3206=ORIENTED_EDGE('',*,*,#2275,.F.);
#3207=ORIENTED_EDGE('',*,*,#2277,.F.);
#3208=ORIENTED_EDGE('',*,*,#2278,.T.);
#3209=ORIENTED_EDGE('',*,*,#2279,.F.);
#3210=ORIENTED_EDGE('',*,*,#2266,.F.);
#3211=ORIENTED_EDGE('',*,*,#2280,.T.);
#3212=ORIENTED_EDGE('',*,*,#2281,.T.);
#3213=ORIENTED_EDGE('',*,*,#2277,.T.);
#3214=ORIENTED_EDGE('',*,*,#2268,.F.);
#3215=ORIENTED_EDGE('',*,*,#2276,.F.);
#3216=ORIENTED_EDGE('',*,*,#2274,.F.);
#3217=ORIENTED_EDGE('',*,*,#2271,.F.);
#3218=ORIENTED_EDGE('',*,*,#2270,.F.);
#3219=ORIENTED_EDGE('',*,*,#2282,.T.);
#3220=ORIENTED_EDGE('',*,*,#2283,.T.);
#3221=ORIENTED_EDGE('',*,*,#2280,.F.);
#3222=ORIENTED_EDGE('',*,*,#2273,.F.);
#3223=ORIENTED_EDGE('',*,*,#2279,.T.);
#3224=ORIENTED_EDGE('',*,*,#2284,.T.);
#3225=ORIENTED_EDGE('',*,*,#2282,.F.);
#3226=ORIENTED_EDGE('',*,*,#2246,.F.);
#3227=ORIENTED_EDGE('',*,*,#2285,.T.);
#3228=ORIENTED_EDGE('',*,*,#2258,.F.);
#3229=ORIENTED_EDGE('',*,*,#2264,.F.);
#3230=ORIENTED_EDGE('',*,*,#2281,.F.);
#3231=ORIENTED_EDGE('',*,*,#2283,.F.);
#3232=ORIENTED_EDGE('',*,*,#2284,.F.);
#3233=ORIENTED_EDGE('',*,*,#2278,.F.);
#3234=ORIENTED_EDGE('',*,*,#2255,.T.);
#3235=ORIENTED_EDGE('',*,*,#2259,.F.);
#3236=ORIENTED_EDGE('',*,*,#2285,.F.);
#3237=ORIENTED_EDGE('',*,*,#2245,.F.);
#3238=ORIENTED_EDGE('',*,*,#2286,.F.);
#3239=ORIENTED_EDGE('',*,*,#2287,.T.);
#3240=ORIENTED_EDGE('',*,*,#2288,.T.);
#3241=ORIENTED_EDGE('',*,*,#2287,.F.);
#3242=ORIENTED_EDGE('',*,*,#2288,.F.);
#3243=ORIENTED_EDGE('',*,*,#2289,.F.);
#3244=ORIENTED_EDGE('',*,*,#2290,.F.);
#3245=ORIENTED_EDGE('',*,*,#2291,.F.);
#3246=ORIENTED_EDGE('',*,*,#2292,.F.);
#3247=ORIENTED_EDGE('',*,*,#2293,.F.);
#3248=ORIENTED_EDGE('',*,*,#2294,.F.);
#3249=ORIENTED_EDGE('',*,*,#2292,.T.);
#3250=ORIENTED_EDGE('',*,*,#2295,.T.);
#3251=ORIENTED_EDGE('',*,*,#2296,.F.);
#3252=ORIENTED_EDGE('',*,*,#2297,.F.);
#3253=ORIENTED_EDGE('',*,*,#2298,.F.);
#3254=ORIENTED_EDGE('',*,*,#2299,.T.);
#3255=ORIENTED_EDGE('',*,*,#2300,.T.);
#3256=ORIENTED_EDGE('',*,*,#2291,.T.);
#3257=ORIENTED_EDGE('',*,*,#2301,.F.);
#3258=ORIENTED_EDGE('',*,*,#2302,.F.);
#3259=ORIENTED_EDGE('',*,*,#2295,.F.);
#3260=ORIENTED_EDGE('',*,*,#2286,.T.);
#3261=ORIENTED_EDGE('',*,*,#2290,.T.);
#3262=ORIENTED_EDGE('',*,*,#2303,.T.);
#3263=ORIENTED_EDGE('',*,*,#2304,.T.);
#3264=ORIENTED_EDGE('',*,*,#2305,.F.);
#3265=ORIENTED_EDGE('',*,*,#2306,.F.);
#3266=ORIENTED_EDGE('',*,*,#2307,.F.);
#3267=ORIENTED_EDGE('',*,*,#2301,.T.);
#3268=ORIENTED_EDGE('',*,*,#2308,.F.);
#3269=ORIENTED_EDGE('',*,*,#2309,.T.);
#3270=ORIENTED_EDGE('',*,*,#2310,.F.);
#3271=ORIENTED_EDGE('',*,*,#2309,.F.);
#3272=ORIENTED_EDGE('',*,*,#2293,.T.);
#3273=ORIENTED_EDGE('',*,*,#2300,.F.);
#3274=ORIENTED_EDGE('',*,*,#2311,.T.);
#3275=ORIENTED_EDGE('',*,*,#2312,.F.);
#3276=ORIENTED_EDGE('',*,*,#2308,.T.);
#3277=ORIENTED_EDGE('',*,*,#2299,.F.);
#3278=ORIENTED_EDGE('',*,*,#2313,.F.);
#3279=ORIENTED_EDGE('',*,*,#2314,.F.);
#3280=ORIENTED_EDGE('',*,*,#2311,.F.);
#3281=ORIENTED_EDGE('',*,*,#2289,.T.);
#3282=ORIENTED_EDGE('',*,*,#2315,.F.);
#3283=ORIENTED_EDGE('',*,*,#2316,.F.);
#3284=ORIENTED_EDGE('',*,*,#2303,.F.);
#3285=ORIENTED_EDGE('',*,*,#2310,.T.);
#3286=ORIENTED_EDGE('',*,*,#2317,.F.);
#3287=ORIENTED_EDGE('',*,*,#2304,.F.);
#3288=ORIENTED_EDGE('',*,*,#2316,.T.);
#3289=ORIENTED_EDGE('',*,*,#2318,.F.);
#3290=ORIENTED_EDGE('',*,*,#2294,.T.);
#3291=ORIENTED_EDGE('',*,*,#2312,.T.);
#3292=ORIENTED_EDGE('',*,*,#2314,.T.);
#3293=ORIENTED_EDGE('',*,*,#2319,.F.);
#3294=ORIENTED_EDGE('',*,*,#2320,.F.);
#3295=ORIENTED_EDGE('',*,*,#2321,.F.);
#3296=ORIENTED_EDGE('',*,*,#2318,.T.);
#3297=ORIENTED_EDGE('',*,*,#2315,.T.);
#3298=ORIENTED_EDGE('',*,*,#2317,.T.);
#3299=ORIENTED_EDGE('',*,*,#2321,.T.);
#3300=ORIENTED_EDGE('',*,*,#2322,.T.);
#3301=ORIENTED_EDGE('',*,*,#2305,.T.);
#3302=ORIENTED_EDGE('',*,*,#2322,.F.);
#3303=ORIENTED_EDGE('',*,*,#2323,.T.);
#3304=ORIENTED_EDGE('',*,*,#2324,.T.);
#3305=ORIENTED_EDGE('',*,*,#2306,.T.);
#3306=ORIENTED_EDGE('',*,*,#2325,.T.);
#3307=ORIENTED_EDGE('',*,*,#2307,.T.);
#3308=ORIENTED_EDGE('',*,*,#2324,.F.);
#3309=ORIENTED_EDGE('',*,*,#2326,.T.);
#3310=ORIENTED_EDGE('',*,*,#2327,.T.);
#3311=ORIENTED_EDGE('',*,*,#2302,.T.);
#3312=ORIENTED_EDGE('',*,*,#2325,.F.);
#3313=ORIENTED_EDGE('',*,*,#2328,.T.);
#3314=ORIENTED_EDGE('',*,*,#2329,.T.);
#3315=ORIENTED_EDGE('',*,*,#2296,.T.);
#3316=ORIENTED_EDGE('',*,*,#2327,.F.);
#3317=ORIENTED_EDGE('',*,*,#2330,.T.);
#3318=ORIENTED_EDGE('',*,*,#2329,.F.);
#3319=ORIENTED_EDGE('',*,*,#2331,.T.);
#3320=ORIENTED_EDGE('',*,*,#2332,.T.);
#3321=ORIENTED_EDGE('',*,*,#2297,.T.);
#3322=ORIENTED_EDGE('',*,*,#2313,.T.);
#3323=ORIENTED_EDGE('',*,*,#2298,.T.);
#3324=ORIENTED_EDGE('',*,*,#2332,.F.);
#3325=ORIENTED_EDGE('',*,*,#2319,.T.);
#3326=ORIENTED_EDGE('',*,*,#2330,.F.);
#3327=ORIENTED_EDGE('',*,*,#2328,.F.);
#3328=ORIENTED_EDGE('',*,*,#2326,.F.);
#3329=ORIENTED_EDGE('',*,*,#2333,.F.);
#3330=ORIENTED_EDGE('',*,*,#2331,.F.);
#3331=ORIENTED_EDGE('',*,*,#2333,.T.);
#3332=ORIENTED_EDGE('',*,*,#2323,.F.);
#3333=ORIENTED_EDGE('',*,*,#2320,.T.);
#3334=CYLINDRICAL_SURFACE('',#3908,1.);
#3335=CYLINDRICAL_SURFACE('',#3914,15.);
#3336=CYLINDRICAL_SURFACE('',#3917,15.);
#3337=CYLINDRICAL_SURFACE('',#3928,15.);
#3338=CYLINDRICAL_SURFACE('',#3930,15.);
#3339=CYLINDRICAL_SURFACE('',#3935,3.);
#3340=CYLINDRICAL_SURFACE('',#3941,3.);
#3341=CYLINDRICAL_SURFACE('',#3950,2.25);
#3342=CYLINDRICAL_SURFACE('',#3959,2.25);
#3343=CYLINDRICAL_SURFACE('',#3968,2.25);
#3344=CYLINDRICAL_SURFACE('',#3977,2.25);
#3345=CYLINDRICAL_SURFACE('',#3982,2.25);
#3346=CYLINDRICAL_SURFACE('',#3992,4.);
#3347=CYLINDRICAL_SURFACE('',#3995,4.225);
#3348=CYLINDRICAL_SURFACE('',#3999,4.225);
#3349=CYLINDRICAL_SURFACE('',#4004,3.275);
#3350=CYLINDRICAL_SURFACE('',#4007,3.375);
#3351=CYLINDRICAL_SURFACE('',#4015,3.275);
#3352=CYLINDRICAL_SURFACE('',#4018,3.375);
#3353=CYLINDRICAL_SURFACE('',#4027,1.55);
#3354=CYLINDRICAL_SURFACE('',#4035,1.55);
#3355=CYLINDRICAL_SURFACE('',#4056,1.75);
#3356=CYLINDRICAL_SURFACE('',#4060,1.75);
#3357=CYLINDRICAL_SURFACE('',#4064,2.);
#3358=CYLINDRICAL_SURFACE('',#4070,2.8284271247462);
#3359=CYLINDRICAL_SURFACE('',#4073,2.82842712474619);
#3360=CYLINDRICAL_SURFACE('',#4077,2.);
#3361=CYLINDRICAL_SURFACE('',#4081,3.75);
#3362=CYLINDRICAL_SURFACE('',#4085,3.75);
#3363=CYLINDRICAL_SURFACE('',#4089,3.75);
#3364=CYLINDRICAL_SURFACE('',#4093,4.75);
#3365=CYLINDRICAL_SURFACE('',#4097,4.75);
#3366=CYLINDRICAL_SURFACE('',#4101,4.75);
#3367=CYLINDRICAL_SURFACE('',#4105,5.75);
#3368=CYLINDRICAL_SURFACE('',#4109,5.75);
#3369=CYLINDRICAL_SURFACE('',#4113,5.75);
#3370=CYLINDRICAL_SURFACE('',#4126,0.5);
#3371=CYLINDRICAL_SURFACE('',#4128,0.538991599495827);
#3372=CYLINDRICAL_SURFACE('',#4130,0.5);
#3373=CYLINDRICAL_SURFACE('',#4132,1.53899159949582);
#3374=CYLINDRICAL_SURFACE('',#4135,0.5);
#3375=CYLINDRICAL_SURFACE('',#4137,0.538991599495827);
#3376=CYLINDRICAL_SURFACE('',#4139,0.5);
#3377=CYLINDRICAL_SURFACE('',#4141,1.53899159949582);
#3378=CYLINDRICAL_SURFACE('',#4144,13.5);
#3379=CYLINDRICAL_SURFACE('',#4148,13.5);
#3380=CYLINDRICAL_SURFACE('',#4152,13.6);
#3381=CYLINDRICAL_SURFACE('',#4155,13.6);
#3382=CYLINDRICAL_SURFACE('',#4164,1.);
#3383=CYLINDRICAL_SURFACE('',#4170,1.);
#3384=CYLINDRICAL_SURFACE('',#4171,1.);
#3385=CYLINDRICAL_SURFACE('',#4179,1.);
#3386=CYLINDRICAL_SURFACE('',#4182,12.7320508075689);
#3387=CYLINDRICAL_SURFACE('',#4186,12.7320508075689);
#3388=CYLINDRICAL_SURFACE('',#4189,13.5);
#3389=CYLINDRICAL_SURFACE('',#4192,13.5);
#3390=CYLINDRICAL_SURFACE('',#4200,1.);
#3391=CYLINDRICAL_SURFACE('',#4205,1.);
#3392=CYLINDRICAL_SURFACE('',#4206,1.);
#3393=CYLINDRICAL_SURFACE('',#4213,1.);
#3394=CYLINDRICAL_SURFACE('',#4217,1.5);
#3395=CYLINDRICAL_SURFACE('',#4221,1.5);
#3396=CYLINDRICAL_SURFACE('',#4227,3.);
#3397=CYLINDRICAL_SURFACE('',#4231,3.);
#3398=CYLINDRICAL_SURFACE('',#4239,1.5);
#3399=CYLINDRICAL_SURFACE('',#4243,1.5);
#3400=CYLINDRICAL_SURFACE('',#4265,7.);
#3401=CYLINDRICAL_SURFACE('',#4277,7.);
#3402=CYLINDRICAL_SURFACE('',#4280,0.5);
#3403=CYLINDRICAL_SURFACE('',#4287,0.5);
#3404=CYLINDRICAL_SURFACE('',#4290,0.5);
#3405=CYLINDRICAL_SURFACE('',#4291,0.5);
#3406=CYLINDRICAL_SURFACE('',#4296,0.5);
#3407=CYLINDRICAL_SURFACE('',#4301,2.5);
#3408=CYLINDRICAL_SURFACE('',#4308,7.);
#3409=CYLINDRICAL_SURFACE('',#4313,7.);
#3410=CYLINDRICAL_SURFACE('',#4317,1.5);
#3411=CYLINDRICAL_SURFACE('',#4329,1.);
#3412=CYLINDRICAL_SURFACE('',#4335,5.);
#3413=STYLED_ITEM('',(#8532),#3641);
#3414=STYLED_ITEM('',(#8532),#3642);
#3415=STYLED_ITEM('',(#8532),#3643);
#3416=STYLED_ITEM('',(#8533),#3644);
#3417=STYLED_ITEM('',(#8532),#3645);
#3418=STYLED_ITEM('',(#8532),#3646);
#3419=STYLED_ITEM('',(#8532),#3647);
#3420=STYLED_ITEM('',(#8532),#3648);
#3421=STYLED_ITEM('',(#8532),#3649);
#3422=STYLED_ITEM('',(#8533),#3650);
#3423=STYLED_ITEM('',(#8532),#3651);
#3424=STYLED_ITEM('',(#8532),#3652);
#3425=STYLED_ITEM('',(#8532),#3653);
#3426=STYLED_ITEM('',(#8532),#3654);
#3427=STYLED_ITEM('',(#8532),#3655);
#3428=STYLED_ITEM('',(#8532),#3656);
#3429=STYLED_ITEM('',(#8532),#3657);
#3430=STYLED_ITEM('',(#8532),#3658);
#3431=STYLED_ITEM('',(#8532),#3659);
#3432=STYLED_ITEM('',(#8532),#3660);
#3433=STYLED_ITEM('',(#8532),#3661);
#3434=STYLED_ITEM('',(#8532),#3662);
#3435=STYLED_ITEM('',(#8532),#3663);
#3436=STYLED_ITEM('',(#8532),#3664);
#3437=STYLED_ITEM('',(#8532),#3665);
#3438=STYLED_ITEM('',(#8532),#3666);
#3439=STYLED_ITEM('',(#8532),#3667);
#3440=STYLED_ITEM('',(#8532),#3668);
#3441=STYLED_ITEM('',(#8532),#3669);
#3442=STYLED_ITEM('',(#8532),#3670);
#3443=STYLED_ITEM('',(#8532),#3671);
#3444=STYLED_ITEM('',(#8532),#3672);
#3445=STYLED_ITEM('',(#8532),#3673);
#3446=STYLED_ITEM('',(#8532),#3674);
#3447=STYLED_ITEM('',(#8532),#3675);
#3448=STYLED_ITEM('',(#8532),#3676);
#3449=STYLED_ITEM('',(#8532),#3677);
#3450=STYLED_ITEM('',(#8532),#3678);
#3451=STYLED_ITEM('',(#8532),#3679);
#3452=STYLED_ITEM('',(#8532),#3680);
#3453=STYLED_ITEM('',(#8532),#3681);
#3454=STYLED_ITEM('',(#8532),#3682);
#3455=STYLED_ITEM('',(#8532),#3683);
#3456=STYLED_ITEM('',(#8532),#3684);
#3457=STYLED_ITEM('',(#8532),#3685);
#3458=STYLED_ITEM('',(#8532),#3686);
#3459=STYLED_ITEM('',(#8532),#3687);
#3460=STYLED_ITEM('',(#8532),#3688);
#3461=STYLED_ITEM('',(#8532),#3689);
#3462=STYLED_ITEM('',(#8532),#3690);
#3463=STYLED_ITEM('',(#8532),#3691);
#3464=STYLED_ITEM('',(#8532),#3692);
#3465=STYLED_ITEM('',(#8532),#3693);
#3466=STYLED_ITEM('',(#8532),#3694);
#3467=STYLED_ITEM('',(#8532),#3695);
#3468=STYLED_ITEM('',(#8532),#3696);
#3469=STYLED_ITEM('',(#8532),#3697);
#3470=STYLED_ITEM('',(#8532),#3698);
#3471=STYLED_ITEM('',(#8532),#3699);
#3472=STYLED_ITEM('',(#8532),#3700);
#3473=STYLED_ITEM('',(#8532),#3701);
#3474=STYLED_ITEM('',(#8534),#3702);
#3475=STYLED_ITEM('',(#8532),#3703);
#3476=STYLED_ITEM('',(#8534),#3704);
#3477=STYLED_ITEM('',(#8532),#3705);
#3478=STYLED_ITEM('',(#8532),#3706);
#3479=STYLED_ITEM('',(#8532),#3707);
#3480=STYLED_ITEM('',(#8532),#3708);
#3481=STYLED_ITEM('',(#8532),#3709);
#3482=STYLED_ITEM('',(#8532),#3710);
#3483=STYLED_ITEM('',(#8532),#3711);
#3484=STYLED_ITEM('',(#8532),#3712);
#3485=STYLED_ITEM('',(#8535),#3713);
#3486=STYLED_ITEM('',(#8532),#3714);
#3487=STYLED_ITEM('',(#8532),#3715);
#3488=STYLED_ITEM('',(#8532),#3716);
#3489=STYLED_ITEM('',(#8532),#3717);
#3490=STYLED_ITEM('',(#8535),#3718);
#3491=STYLED_ITEM('',(#8532),#3719);
#3492=STYLED_ITEM('',(#8535),#3720);
#3493=STYLED_ITEM('',(#8532),#3721);
#3494=STYLED_ITEM('',(#8532),#3722);
#3495=STYLED_ITEM('',(#8532),#3723);
#3496=STYLED_ITEM('',(#8532),#3724);
#3497=STYLED_ITEM('',(#8532),#3725);
#3498=STYLED_ITEM('',(#8532),#3726);
#3499=STYLED_ITEM('',(#8532),#3727);
#3500=STYLED_ITEM('',(#8532),#3728);
#3501=STYLED_ITEM('',(#8532),#3729);
#3502=STYLED_ITEM('',(#8532),#3730);
#3503=STYLED_ITEM('',(#8532),#3731);
#3504=STYLED_ITEM('',(#8532),#3732);
#3505=STYLED_ITEM('',(#8532),#3733);
#3506=STYLED_ITEM('',(#8532),#3734);
#3507=STYLED_ITEM('',(#8532),#3735);
#3508=STYLED_ITEM('',(#8532),#3736);
#3509=STYLED_ITEM('',(#8532),#3737);
#3510=STYLED_ITEM('',(#8532),#3738);
#3511=STYLED_ITEM('',(#8532),#3739);
#3512=STYLED_ITEM('',(#8532),#3740);
#3513=STYLED_ITEM('',(#8532),#3741);
#3514=STYLED_ITEM('',(#8532),#3742);
#3515=STYLED_ITEM('',(#8532),#3743);
#3516=STYLED_ITEM('',(#8532),#3744);
#3517=STYLED_ITEM('',(#8532),#3745);
#3518=STYLED_ITEM('',(#8532),#3746);
#3519=STYLED_ITEM('',(#8532),#3747);
#3520=STYLED_ITEM('',(#8532),#3748);
#3521=STYLED_ITEM('',(#8532),#3749);
#3522=STYLED_ITEM('',(#8532),#3750);
#3523=STYLED_ITEM('',(#8532),#3751);
#3524=STYLED_ITEM('',(#8532),#3752);
#3525=STYLED_ITEM('',(#8532),#3753);
#3526=STYLED_ITEM('',(#8532),#3754);
#3527=STYLED_ITEM('',(#8532),#3755);
#3528=STYLED_ITEM('',(#8532),#3756);
#3529=STYLED_ITEM('',(#8532),#3757);
#3530=STYLED_ITEM('',(#8532),#3758);
#3531=STYLED_ITEM('',(#8532),#3759);
#3532=STYLED_ITEM('',(#8532),#3760);
#3533=STYLED_ITEM('',(#8532),#3761);
#3534=STYLED_ITEM('',(#8532),#3762);
#3535=STYLED_ITEM('',(#8532),#3763);
#3536=STYLED_ITEM('',(#8532),#3764);
#3537=STYLED_ITEM('',(#8532),#3765);
#3538=STYLED_ITEM('',(#8532),#3766);
#3539=STYLED_ITEM('',(#8532),#3767);
#3540=STYLED_ITEM('',(#8532),#3768);
#3541=STYLED_ITEM('',(#8532),#3769);
#3542=STYLED_ITEM('',(#8532),#3770);
#3543=STYLED_ITEM('',(#8532),#3771);
#3544=STYLED_ITEM('',(#8532),#3772);
#3545=STYLED_ITEM('',(#8532),#3773);
#3546=STYLED_ITEM('',(#8532),#3774);
#3547=STYLED_ITEM('',(#8532),#3775);
#3548=STYLED_ITEM('',(#8532),#3776);
#3549=STYLED_ITEM('',(#8532),#3777);
#3550=STYLED_ITEM('',(#8532),#3778);
#3551=STYLED_ITEM('',(#8532),#3779);
#3552=STYLED_ITEM('',(#8532),#3780);
#3553=STYLED_ITEM('',(#8532),#3781);
#3554=STYLED_ITEM('',(#8532),#3782);
#3555=STYLED_ITEM('',(#8532),#3783);
#3556=STYLED_ITEM('',(#8532),#3784);
#3557=STYLED_ITEM('',(#8532),#3785);
#3558=STYLED_ITEM('',(#8532),#3786);
#3559=STYLED_ITEM('',(#8532),#3787);
#3560=STYLED_ITEM('',(#8532),#3788);
#3561=STYLED_ITEM('',(#8532),#3789);
#3562=STYLED_ITEM('',(#8532),#3790);
#3563=STYLED_ITEM('',(#8532),#3791);
#3564=STYLED_ITEM('',(#8532),#3792);
#3565=STYLED_ITEM('',(#8531),#81);
#3566=STYLED_ITEM('',(#8536),#3793);
#3567=STYLED_ITEM('',(#8536),#3794);
#3568=STYLED_ITEM('',(#8536),#3795);
#3569=STYLED_ITEM('',(#8536),#3796);
#3570=STYLED_ITEM('',(#8537),#3797);
#3571=STYLED_ITEM('',(#8537),#3798);
#3572=STYLED_ITEM('',(#8537),#3799);
#3573=STYLED_ITEM('',(#8537),#3800);
#3574=STYLED_ITEM('',(#8537),#3801);
#3575=STYLED_ITEM('',(#8537),#3802);
#3576=STYLED_ITEM('',(#8537),#3803);
#3577=STYLED_ITEM('',(#8537),#3804);
#3578=STYLED_ITEM('',(#8537),#3805);
#3579=STYLED_ITEM('',(#8537),#3806);
#3580=STYLED_ITEM('',(#8537),#3807);
#3581=STYLED_ITEM('',(#8537),#3808);
#3582=STYLED_ITEM('',(#8537),#3809);
#3583=STYLED_ITEM('',(#8537),#3810);
#3584=STYLED_ITEM('',(#8537),#3811);
#3585=STYLED_ITEM('',(#8537),#3812);
#3586=STYLED_ITEM('',(#8537),#3813);
#3587=STYLED_ITEM('',(#8537),#3814);
#3588=STYLED_ITEM('',(#8538),#3815);
#3589=STYLED_ITEM('',(#8537),#3816);
#3590=STYLED_ITEM('',(#8537),#3817);
#3591=STYLED_ITEM('',(#8537),#3818);
#3592=STYLED_ITEM('',(#8537),#3819);
#3593=STYLED_ITEM('',(#8537),#3820);
#3594=STYLED_ITEM('',(#8537),#3821);
#3595=STYLED_ITEM('',(#8537),#3822);
#3596=STYLED_ITEM('',(#8537),#3823);
#3597=STYLED_ITEM('',(#8537),#3824);
#3598=STYLED_ITEM('',(#8537),#3825);
#3599=STYLED_ITEM('',(#8537),#3826);
#3600=STYLED_ITEM('',(#8537),#3827);
#3601=STYLED_ITEM('',(#8537),#3828);
#3602=STYLED_ITEM('',(#8537),#3829);
#3603=STYLED_ITEM('',(#8537),#3830);
#3604=STYLED_ITEM('',(#8537),#3831);
#3605=STYLED_ITEM('',(#8537),#3832);
#3606=STYLED_ITEM('',(#8537),#3833);
#3607=STYLED_ITEM('',(#8537),#3834);
#3608=STYLED_ITEM('',(#8537),#3835);
#3609=STYLED_ITEM('',(#8537),#3836);
#3610=STYLED_ITEM('',(#8537),#3837);
#3611=STYLED_ITEM('',(#8537),#3838);
#3612=STYLED_ITEM('',(#8537),#3839);
#3613=STYLED_ITEM('',(#8537),#3840);
#3614=STYLED_ITEM('',(#8537),#3841);
#3615=STYLED_ITEM('',(#8537),#3842);
#3616=STYLED_ITEM('',(#8537),#3843);
#3617=STYLED_ITEM('',(#8537),#3844);
#3618=STYLED_ITEM('',(#8537),#3845);
#3619=STYLED_ITEM('',(#8537),#3846);
#3620=STYLED_ITEM('',(#8537),#3847);
#3621=STYLED_ITEM('',(#8531),#82);
#3622=STYLED_ITEM('',(#8537),#3850);
#3623=STYLED_ITEM('',(#8537),#3851);
#3624=STYLED_ITEM('',(#8537),#3852);
#3625=STYLED_ITEM('',(#8537),#3853);
#3626=STYLED_ITEM('',(#8537),#3855);
#3627=STYLED_ITEM('',(#8537),#3856);
#3628=STYLED_ITEM('',(#8537),#3857);
#3629=STYLED_ITEM('',(#8537),#3858);
#3630=STYLED_ITEM('',(#8538),#3859);
#3631=STYLED_ITEM('',(#8537),#3860);
#3632=STYLED_ITEM('',(#8537),#3861);
#3633=STYLED_ITEM('',(#8537),#3862);
#3634=STYLED_ITEM('',(#8537),#3863);
#3635=STYLED_ITEM('',(#8537),#3864);
#3636=STYLED_ITEM('',(#8537),#3865);
#3637=STYLED_ITEM('',(#8537),#3866);
#3638=STYLED_ITEM('',(#8537),#3867);
#3639=STYLED_ITEM('',(#8538),#3868);
#3640=STYLED_ITEM('',(#8531),#83);
#3641=ADVANCED_FACE('',(#272),#3334,.F.);
#3642=ADVANCED_FACE('',(#273),#151,.T.);
#3643=ADVANCED_FACE('',(#274),#152,.T.);
#3644=ADVANCED_FACE('',(#275),#153,.T.);
#3645=ADVANCED_FACE('',(#276),#3335,.T.);
#3646=ADVANCED_FACE('',(#277),#3336,.T.);
#3647=ADVANCED_FACE('',(#278,#100),#154,.F.);
#3648=ADVANCED_FACE('',(#279),#155,.F.);
#3649=ADVANCED_FACE('',(#280),#156,.F.);
#3650=ADVANCED_FACE('',(#281),#157,.F.);
#3651=ADVANCED_FACE('',(#282),#3337,.T.);
#3652=ADVANCED_FACE('',(#283),#3338,.T.);
#3653=ADVANCED_FACE('',(#284,#101),#158,.T.);
#3654=ADVANCED_FACE('',(#285),#3339,.T.);
#3655=ADVANCED_FACE('',(#286,#102),#159,.T.);
#3656=ADVANCED_FACE('',(#287),#160,.T.);
#3657=ADVANCED_FACE('',(#288),#3340,.T.);
#3658=ADVANCED_FACE('',(#289,#103),#161,.T.);
#3659=ADVANCED_FACE('',(#290),#162,.T.);
#3660=ADVANCED_FACE('',(#291),#163,.T.);
#3661=ADVANCED_FACE('',(#292),#164,.F.);
#3662=ADVANCED_FACE('',(#293),#165,.T.);
#3663=ADVANCED_FACE('',(#294),#3341,.T.);
#3664=ADVANCED_FACE('',(#295),#166,.F.);
#3665=ADVANCED_FACE('',(#296),#167,.F.);
#3666=ADVANCED_FACE('',(#297),#168,.F.);
#3667=ADVANCED_FACE('',(#298),#169,.T.);
#3668=ADVANCED_FACE('',(#299),#3342,.T.);
#3669=ADVANCED_FACE('',(#300),#170,.F.);
#3670=ADVANCED_FACE('',(#301),#171,.F.);
#3671=ADVANCED_FACE('',(#302),#172,.F.);
#3672=ADVANCED_FACE('',(#303),#173,.T.);
#3673=ADVANCED_FACE('',(#304),#3343,.T.);
#3674=ADVANCED_FACE('',(#305),#174,.F.);
#3675=ADVANCED_FACE('',(#306),#175,.F.);
#3676=ADVANCED_FACE('',(#307),#176,.F.);
#3677=ADVANCED_FACE('',(#308),#177,.T.);
#3678=ADVANCED_FACE('',(#309),#3344,.T.);
#3679=ADVANCED_FACE('',(#310),#178,.F.);
#3680=ADVANCED_FACE('',(#311),#179,.F.);
#3681=ADVANCED_FACE('',(#312),#3345,.T.);
#3682=ADVANCED_FACE('',(#313),#180,.F.);
#3683=ADVANCED_FACE('',(#314),#91,.T.);
#3684=ADVANCED_FACE('',(#315,#104,#105,#106,#107),#3346,.T.);
#3685=ADVANCED_FACE('',(#316,#108),#181,.F.);
#3686=ADVANCED_FACE('',(#317),#3347,.F.);
#3687=ADVANCED_FACE('',(#318),#182,.F.);
#3688=ADVANCED_FACE('',(#319),#3348,.F.);
#3689=ADVANCED_FACE('',(#320),#183,.F.);
#3690=ADVANCED_FACE('',(#321,#109),#184,.T.);
#3691=ADVANCED_FACE('',(#322),#3349,.T.);
#3692=ADVANCED_FACE('',(#323),#3350,.F.);
#3693=ADVANCED_FACE('',(#324,#110),#185,.T.);
#3694=ADVANCED_FACE('',(#325,#111,#112,#113),#186,.F.);
#3695=ADVANCED_FACE('',(#326),#3351,.T.);
#3696=ADVANCED_FACE('',(#327),#3352,.F.);
#3697=ADVANCED_FACE('',(#328,#114),#187,.F.);
#3698=ADVANCED_FACE('',(#329),#188,.F.);
#3699=ADVANCED_FACE('',(#330),#89,.F.);
#3700=ADVANCED_FACE('',(#331),#3353,.T.);
#3701=ADVANCED_FACE('',(#332),#189,.T.);
#3702=ADVANCED_FACE('',(#333),#90,.F.);
#3703=ADVANCED_FACE('',(#334),#3354,.T.);
#3704=ADVANCED_FACE('',(#335),#190,.T.);
#3705=ADVANCED_FACE('',(#336),#84,.F.);
#3706=ADVANCED_FACE('',(#337,#115,#116,#117,#118,#119,#120,#121),#191,.T.);
#3707=ADVANCED_FACE('',(#338),#3355,.F.);
#3708=ADVANCED_FACE('',(#339),#85,.F.);
#3709=ADVANCED_FACE('',(#340),#3356,.F.);
#3710=ADVANCED_FACE('',(#341,#122),#192,.T.);
#3711=ADVANCED_FACE('',(#342,#123),#193,.T.);
#3712=ADVANCED_FACE('',(#343),#3357,.F.);
#3713=ADVANCED_FACE('',(#344),#194,.T.);
#3714=ADVANCED_FACE('',(#345),#195,.F.);
#3715=ADVANCED_FACE('',(#346),#196,.F.);
#3716=ADVANCED_FACE('',(#347),#3358,.F.);
#3717=ADVANCED_FACE('',(#348),#3359,.F.);
#3718=ADVANCED_FACE('',(#349),#197,.F.);
#3719=ADVANCED_FACE('',(#350),#3360,.F.);
#3720=ADVANCED_FACE('',(#351),#198,.T.);
#3721=ADVANCED_FACE('',(#352),#3361,.F.);
#3722=ADVANCED_FACE('',(#353,#124),#199,.T.);
#3723=ADVANCED_FACE('',(#354),#3362,.F.);
#3724=ADVANCED_FACE('',(#355,#125),#200,.T.);
#3725=ADVANCED_FACE('',(#356),#3363,.F.);
#3726=ADVANCED_FACE('',(#357,#126),#201,.T.);
#3727=ADVANCED_FACE('',(#358),#3364,.F.);
#3728=ADVANCED_FACE('',(#359,#127),#202,.T.);
#3729=ADVANCED_FACE('',(#360),#3365,.F.);
#3730=ADVANCED_FACE('',(#361,#128),#203,.T.);
#3731=ADVANCED_FACE('',(#362),#3366,.F.);
#3732=ADVANCED_FACE('',(#363,#129),#204,.T.);
#3733=ADVANCED_FACE('',(#364),#3367,.F.);
#3734=ADVANCED_FACE('',(#365,#130),#205,.T.);
#3735=ADVANCED_FACE('',(#366),#3368,.F.);
#3736=ADVANCED_FACE('',(#367,#131),#206,.T.);
#3737=ADVANCED_FACE('',(#368),#3369,.F.);
#3738=ADVANCED_FACE('',(#369,#132),#207,.T.);
#3739=ADVANCED_FACE('',(#370),#86,.F.);
#3740=ADVANCED_FACE('',(#371),#87,.F.);
#3741=ADVANCED_FACE('',(#372),#88,.F.);
#3742=ADVANCED_FACE('',(#373,#133),#208,.T.);
#3743=ADVANCED_FACE('',(#374,#134),#209,.T.);
#3744=ADVANCED_FACE('',(#375,#135),#210,.T.);
#3745=ADVANCED_FACE('',(#376),#3370,.F.);
#3746=ADVANCED_FACE('',(#377),#3371,.T.);
#3747=ADVANCED_FACE('',(#378),#3372,.F.);
#3748=ADVANCED_FACE('',(#379),#3373,.F.);
#3749=ADVANCED_FACE('',(#380),#211,.F.);
#3750=ADVANCED_FACE('',(#381),#3374,.F.);
#3751=ADVANCED_FACE('',(#382),#3375,.T.);
#3752=ADVANCED_FACE('',(#383),#3376,.F.);
#3753=ADVANCED_FACE('',(#384),#3377,.F.);
#3754=ADVANCED_FACE('',(#385),#212,.T.);
#3755=ADVANCED_FACE('',(#386),#3378,.T.);
#3756=ADVANCED_FACE('',(#387),#213,.T.);
#3757=ADVANCED_FACE('',(#388),#3379,.T.);
#3758=ADVANCED_FACE('',(#389),#214,.T.);
#3759=ADVANCED_FACE('',(#390),#3380,.F.);
#3760=ADVANCED_FACE('',(#391),#215,.F.);
#3761=ADVANCED_FACE('',(#392),#3381,.F.);
#3762=ADVANCED_FACE('',(#393),#216,.F.);
#3763=ADVANCED_FACE('',(#394,#136),#217,.F.);
#3764=ADVANCED_FACE('',(#395),#92,.T.);
#3765=ADVANCED_FACE('',(#396),#3382,.T.);
#3766=ADVANCED_FACE('',(#397),#93,.T.);
#3767=ADVANCED_FACE('',(#398),#3383,.T.);
#3768=ADVANCED_FACE('',(#399),#3384,.F.);
#3769=ADVANCED_FACE('',(#400),#94,.F.);
#3770=ADVANCED_FACE('',(#401,#137),#218,.F.);
#3771=ADVANCED_FACE('',(#402),#95,.F.);
#3772=ADVANCED_FACE('',(#403),#3385,.F.);
#3773=ADVANCED_FACE('',(#404),#219,.F.);
#3774=ADVANCED_FACE('',(#405),#220,.T.);
#3775=ADVANCED_FACE('',(#406),#3386,.T.);
#3776=ADVANCED_FACE('',(#407),#221,.T.);
#3777=ADVANCED_FACE('',(#408),#3387,.T.);
#3778=ADVANCED_FACE('',(#409),#3388,.F.);
#3779=ADVANCED_FACE('',(#410),#222,.F.);
#3780=ADVANCED_FACE('',(#411),#3389,.F.);
#3781=ADVANCED_FACE('',(#412),#223,.F.);
#3782=ADVANCED_FACE('',(#413,#138),#224,.T.);
#3783=ADVANCED_FACE('',(#414),#96,.T.);
#3784=ADVANCED_FACE('',(#415),#3390,.T.);
#3785=ADVANCED_FACE('',(#416),#97,.T.);
#3786=ADVANCED_FACE('',(#417),#3391,.T.);
#3787=ADVANCED_FACE('',(#418),#3392,.F.);
#3788=ADVANCED_FACE('',(#419),#98,.F.);
#3789=ADVANCED_FACE('',(#420),#99,.F.);
#3790=ADVANCED_FACE('',(#421),#3393,.F.);
#3791=ADVANCED_FACE('',(#422),#225,.T.);
#3792=ADVANCED_FACE('',(#423,#139),#226,.T.);
#3793=ADVANCED_FACE('',(#424),#3394,.T.);
#3794=ADVANCED_FACE('',(#425),#227,.T.);
#3795=ADVANCED_FACE('',(#426),#3395,.T.);
#3796=ADVANCED_FACE('',(#427),#228,.F.);
#3797=ADVANCED_FACE('',(#428,#140),#229,.T.);
#3798=ADVANCED_FACE('',(#429),#3396,.T.);
#3799=ADVANCED_FACE('',(#430,#141),#230,.T.);
#3800=ADVANCED_FACE('',(#431),#3397,.T.);
#3801=ADVANCED_FACE('',(#432),#231,.T.);
#3802=ADVANCED_FACE('',(#433),#232,.T.);
#3803=ADVANCED_FACE('',(#434),#233,.T.);
#3804=ADVANCED_FACE('',(#435),#234,.T.);
#3805=ADVANCED_FACE('',(#436),#235,.T.);
#3806=ADVANCED_FACE('',(#437),#236,.T.);
#3807=ADVANCED_FACE('',(#438),#3398,.F.);
#3808=ADVANCED_FACE('',(#439),#237,.F.);
#3809=ADVANCED_FACE('',(#440),#3399,.F.);
#3810=ADVANCED_FACE('',(#441),#238,.T.);
#3811=ADVANCED_FACE('',(#442),#239,.T.);
#3812=ADVANCED_FACE('',(#443),#240,.T.);
#3813=ADVANCED_FACE('',(#444),#241,.T.);
#3814=ADVANCED_FACE('',(#445),#242,.T.);
#3815=ADVANCED_FACE('',(#446),#243,.T.);
#3816=ADVANCED_FACE('',(#447),#244,.F.);
#3817=ADVANCED_FACE('',(#448),#245,.F.);
#3818=ADVANCED_FACE('',(#449,#142),#246,.F.);
#3819=ADVANCED_FACE('',(#450),#247,.F.);
#3820=ADVANCED_FACE('',(#451,#143),#248,.F.);
#3821=ADVANCED_FACE('',(#452),#249,.F.);
#3822=ADVANCED_FACE('',(#453,#144),#250,.F.);
#3823=ADVANCED_FACE('',(#454),#251,.F.);
#3824=ADVANCED_FACE('',(#455),#23,.F.);
#3825=ADVANCED_FACE('',(#456),#3400,.T.);
#3826=ADVANCED_FACE('',(#457),#252,.F.);
#3827=ADVANCED_FACE('',(#458),#253,.T.);
#3828=ADVANCED_FACE('',(#459),#254,.T.);
#3829=ADVANCED_FACE('',(#460),#255,.F.);
#3830=ADVANCED_FACE('',(#461),#256,.F.);
#3831=ADVANCED_FACE('',(#462),#257,.F.);
#3832=ADVANCED_FACE('',(#463),#3401,.T.);
#3833=ADVANCED_FACE('',(#464),#3402,.T.);
#3834=ADVANCED_FACE('',(#465),#24,.F.);
#3835=ADVANCED_FACE('',(#466,#145,#146),#258,.T.);
#3836=ADVANCED_FACE('',(#467),#259,.T.);
#3837=ADVANCED_FACE('',(#468),#25,.T.);
#3838=ADVANCED_FACE('',(#469),#3403,.F.);
#3839=ADVANCED_FACE('',(#470),#26,.T.);
#3840=ADVANCED_FACE('',(#471),#3404,.F.);
#3841=ADVANCED_FACE('',(#472),#3405,.T.);
#3842=ADVANCED_FACE('',(#473),#27,.F.);
#3843=ADVANCED_FACE('',(#474),#260,.F.);
#3844=ADVANCED_FACE('',(#475),#3406,.T.);
#3845=ADVANCED_FACE('',(#476),#28,.F.);
#3846=ADVANCED_FACE('',(#477,#147),#261,.T.);
#3847=ADVANCED_FACE('',(#478),#262,.T.);
#3848=ADVANCED_FACE('',(#479),#3407,.F.);
#3849=ADVANCED_FACE('',(#480),#263,.T.);
#3850=ADVANCED_FACE('',(#481),#264,.F.);
#3851=ADVANCED_FACE('',(#482),#3408,.T.);
#3852=ADVANCED_FACE('',(#483,#148),#265,.T.);
#3853=ADVANCED_FACE('',(#484),#3409,.T.);
#3854=ADVANCED_FACE('',(#485),#3410,.F.);
#3855=ADVANCED_FACE('',(#486,#149),#266,.F.);
#3856=ADVANCED_FACE('',(#487),#267,.F.);
#3857=ADVANCED_FACE('',(#488,#150),#268,.F.);
#3858=ADVANCED_FACE('',(#489),#269,.F.);
#3859=ADVANCED_FACE('',(#490),#270,.F.);
#3860=ADVANCED_FACE('',(#491),#29,.F.);
#3861=ADVANCED_FACE('',(#492),#30,.F.);
#3862=ADVANCED_FACE('',(#493),#31,.F.);
#3863=ADVANCED_FACE('',(#494),#3411,.T.);
#3864=ADVANCED_FACE('',(#495),#32,.F.);
#3865=ADVANCED_FACE('',(#496),#33,.F.);
#3866=ADVANCED_FACE('',(#497),#34,.F.);
#3867=ADVANCED_FACE('',(#498),#271,.T.);
#3868=ADVANCED_FACE('',(#499),#3412,.T.);
#3869=CLOSED_SHELL('',(#3641,#3642,#3643,#3644,#3645,#3646,#3647,#3648,
#3649,#3650,#3651,#3652,#3653,#3654,#3655,#3656,#3657,#3658,#3659,#3660,
#3661,#3662,#3663,#3664,#3665,#3666,#3667,#3668,#3669,#3670,#3671,#3672,
#3673,#3674,#3675,#3676,#3677,#3678,#3679,#3680,#3681,#3682,#3683,#3684,
#3685,#3686,#3687,#3688,#3689,#3690,#3691,#3692,#3693,#3694,#3695,#3696,
#3697,#3698,#3699,#3700,#3701,#3702,#3703,#3704,#3705,#3706,#3707,#3708,
#3709,#3710,#3711,#3712,#3713,#3714,#3715,#3716,#3717,#3718,#3719,#3720,
#3721,#3722,#3723,#3724,#3725,#3726,#3727,#3728,#3729,#3730,#3731,#3732,
#3733,#3734,#3735,#3736,#3737,#3738,#3739,#3740,#3741,#3742,#3743,#3744,
#3745,#3746,#3747,#3748,#3749,#3750,#3751,#3752,#3753,#3754,#3755,#3756,
#3757,#3758,#3759,#3760,#3761,#3762,#3763,#3764,#3765,#3766,#3767,#3768,
#3769,#3770,#3771,#3772,#3773,#3774,#3775,#3776,#3777,#3778,#3779,#3780,
#3781,#3782,#3783,#3784,#3785,#3786,#3787,#3788,#3789,#3790,#3791,#3792));
#3870=CLOSED_SHELL('',(#3793,#3794,#3795,#3796,#3797,#3798,#3799,#3800,
#3801,#3802,#3803,#3804,#3805,#3806,#3807,#3808,#3809,#3810,#3811,#3812,
#3813,#3814,#3815,#3816,#3817,#3818,#3819,#3820,#3821,#3822,#3823,#3824,
#3825,#3826,#3827,#3828,#3829,#3830,#3831,#3832,#3833,#3834,#3835,#3836,
#3837,#3838,#3839,#3840,#3841,#3842,#3843,#3844,#3845,#3846,#3847));
#3871=CLOSED_SHELL('',(#3848,#3849,#3850,#3851,#3852,#3853,#3854,#3855,
#3856,#3857,#3858,#3859,#3860,#3861,#3862,#3863,#3864,#3865,#3866,#3867,
#3868));
#3872=DERIVED_UNIT_ELEMENT(#3878,1.);
#3873=DERIVED_UNIT_ELEMENT(#8492,3.);
#3874=DERIVED_UNIT_ELEMENT(#3878,1.);
#3875=DERIVED_UNIT_ELEMENT(#8492,3.);
#3876=DERIVED_UNIT_ELEMENT(#3878,1.);
#3877=DERIVED_UNIT_ELEMENT(#8492,3.);
#3878=(
MASS_UNIT()
NAMED_UNIT(*)
SI_UNIT(.KILO.,.GRAM.)
);
#3879=DERIVED_UNIT((#3872,#3873));
#3880=DERIVED_UNIT((#3874,#3875));
#3881=DERIVED_UNIT((#3876,#3877));
#3882=MEASURE_REPRESENTATION_ITEM('density measure',
POSITIVE_RATIO_MEASURE(1000.),#3879);
#3883=MEASURE_REPRESENTATION_ITEM('density measure',
POSITIVE_RATIO_MEASURE(1000.),#3880);
#3884=MEASURE_REPRESENTATION_ITEM('density measure',
POSITIVE_RATIO_MEASURE(1000.),#3881);
#3885=PROPERTY_DEFINITION_REPRESENTATION(#3900,#3891);
#3886=PROPERTY_DEFINITION_REPRESENTATION(#3901,#3892);
#3887=PROPERTY_DEFINITION_REPRESENTATION(#3902,#3893);
#3888=PROPERTY_DEFINITION_REPRESENTATION(#3903,#3894);
#3889=PROPERTY_DEFINITION_REPRESENTATION(#3904,#3895);
#3890=PROPERTY_DEFINITION_REPRESENTATION(#3905,#3896);
#3891=REPRESENTATION('material name',(#3897),#8487);
#3892=REPRESENTATION('density',(#3882),#8487);
#3893=REPRESENTATION('material name',(#3898),#8488);
#3894=REPRESENTATION('density',(#3883),#8488);
#3895=REPRESENTATION('material name',(#3899),#8489);
#3896=REPRESENTATION('density',(#3884),#8489);
#3897=DESCRIPTIVE_REPRESENTATION_ITEM('Generic','Generic');
#3898=DESCRIPTIVE_REPRESENTATION_ITEM('Generic','Generic');
#3899=DESCRIPTIVE_REPRESENTATION_ITEM('Generic','Generic');
#3900=PROPERTY_DEFINITION('material property','material name',#8512);
#3901=PROPERTY_DEFINITION('material property','density of part',#8512);
#3902=PROPERTY_DEFINITION('material property','material name',#8513);
#3903=PROPERTY_DEFINITION('material property','density of part',#8513);
#3904=PROPERTY_DEFINITION('material property','material name',#8514);
#3905=PROPERTY_DEFINITION('material property','density of part',#8514);
#3906=AXIS2_PLACEMENT_3D('placement',#5475,#4339,#4340);
#3907=AXIS2_PLACEMENT_3D('placement',#5476,#4341,#4342);
#3908=AXIS2_PLACEMENT_3D('',#5477,#4343,#4344);
#3909=AXIS2_PLACEMENT_3D('',#5479,#4345,#4346);
#3910=AXIS2_PLACEMENT_3D('',#5482,#4348,#4349);
#3911=AXIS2_PLACEMENT_3D('',#5483,#4350,#4351);
#3912=AXIS2_PLACEMENT_3D('',#5492,#4356,#4357);
#3913=AXIS2_PLACEMENT_3D('',#5501,#4362,#4363);
#3914=AXIS2_PLACEMENT_3D('',#5504,#4366,#4367);
#3915=AXIS2_PLACEMENT_3D('',#5506,#4368,#4369);
#3916=AXIS2_PLACEMENT_3D('',#5509,#4371,#4372);
#3917=AXIS2_PLACEMENT_3D('',#5510,#4373,#4374);
#3918=AXIS2_PLACEMENT_3D('',#5512,#4375,#4376);
#3919=AXIS2_PLACEMENT_3D('',#5515,#4378,#4379);
#3920=AXIS2_PLACEMENT_3D('',#5516,#4380,#4381);
#3921=AXIS2_PLACEMENT_3D('',#5520,#4383,#4384);
#3922=AXIS2_PLACEMENT_3D('',#5528,#4388,#4389);
#3923=AXIS2_PLACEMENT_3D('',#5532,#4391,#4392);
#3924=AXIS2_PLACEMENT_3D('',#5536,#4394,#4395);
#3925=AXIS2_PLACEMENT_3D('',#5538,#4397,#4398);
#3926=AXIS2_PLACEMENT_3D('',#5544,#4402,#4403);
#3927=AXIS2_PLACEMENT_3D('',#5550,#4407,#4408);
#3928=AXIS2_PLACEMENT_3D('',#5552,#4410,#4411);
#3929=AXIS2_PLACEMENT_3D('',#5555,#4413,#4414);
#3930=AXIS2_PLACEMENT_3D('',#5556,#4415,#4416);
#3931=AXIS2_PLACEMENT_3D('',#5558,#4417,#4418);
#3932=AXIS2_PLACEMENT_3D('',#5560,#4420,#4421);
#3933=AXIS2_PLACEMENT_3D('',#5565,#4424,#4425);
#3934=AXIS2_PLACEMENT_3D('',#5569,#4427,#4428);
#3935=AXIS2_PLACEMENT_3D('',#5571,#4430,#4431);
#3936=AXIS2_PLACEMENT_3D('',#5574,#4432,#4433);
#3937=AXIS2_PLACEMENT_3D('',#5578,#4435,#4436);
#3938=AXIS2_PLACEMENT_3D('',#5580,#4438,#4439);
#3939=AXIS2_PLACEMENT_3D('',#5584,#4441,#4442);
#3940=AXIS2_PLACEMENT_3D('',#5590,#4446,#4447);
#3941=AXIS2_PLACEMENT_3D('',#5594,#4450,#4451);
#3942=AXIS2_PLACEMENT_3D('',#5596,#4452,#4453);
#3943=AXIS2_PLACEMENT_3D('',#5598,#4455,#4456);
#3944=AXIS2_PLACEMENT_3D('',#5604,#4460,#4461);
#3945=AXIS2_PLACEMENT_3D('',#5606,#4463,#4464);
#3946=AXIS2_PLACEMENT_3D('',#5608,#4466,#4467);
#3947=AXIS2_PLACEMENT_3D('',#5617,#4472,#4473);
#3948=AXIS2_PLACEMENT_3D('',#5619,#4474,#4475);
#3949=AXIS2_PLACEMENT_3D('',#5621,#4476,#4477);
#3950=AXIS2_PLACEMENT_3D('',#5623,#4479,#4480);
#3951=AXIS2_PLACEMENT_3D('',#5625,#4481,#4482);
#3952=AXIS2_PLACEMENT_3D('',#5627,#4484,#4485);
#3953=AXIS2_PLACEMENT_3D('',#5631,#4488,#4489);
#3954=AXIS2_PLACEMENT_3D('',#5632,#4490,#4491);
#3955=AXIS2_PLACEMENT_3D('',#5633,#4492,#4493);
#3956=AXIS2_PLACEMENT_3D('',#5642,#4498,#4499);
#3957=AXIS2_PLACEMENT_3D('',#5644,#4500,#4501);
#3958=AXIS2_PLACEMENT_3D('',#5646,#4502,#4503);
#3959=AXIS2_PLACEMENT_3D('',#5648,#4505,#4506);
#3960=AXIS2_PLACEMENT_3D('',#5650,#4507,#4508);
#3961=AXIS2_PLACEMENT_3D('',#5652,#4510,#4511);
#3962=AXIS2_PLACEMENT_3D('',#5656,#4514,#4515);
#3963=AXIS2_PLACEMENT_3D('',#5657,#4516,#4517);
#3964=AXIS2_PLACEMENT_3D('',#5658,#4518,#4519);
#3965=AXIS2_PLACEMENT_3D('',#5667,#4524,#4525);
#3966=AXIS2_PLACEMENT_3D('',#5669,#4526,#4527);
#3967=AXIS2_PLACEMENT_3D('',#5671,#4528,#4529);
#3968=AXIS2_PLACEMENT_3D('',#5673,#4531,#4532);
#3969=AXIS2_PLACEMENT_3D('',#5675,#4533,#4534);
#3970=AXIS2_PLACEMENT_3D('',#5677,#4536,#4537);
#3971=AXIS2_PLACEMENT_3D('',#5681,#4540,#4541);
#3972=AXIS2_PLACEMENT_3D('',#5682,#4542,#4543);
#3973=AXIS2_PLACEMENT_3D('',#5683,#4544,#4545);
#3974=AXIS2_PLACEMENT_3D('',#5692,#4550,#4551);
#3975=AXIS2_PLACEMENT_3D('',#5694,#4552,#4553);
#3976=AXIS2_PLACEMENT_3D('',#5696,#4554,#4555);
#3977=AXIS2_PLACEMENT_3D('',#5698,#4557,#4558);
#3978=AXIS2_PLACEMENT_3D('',#5700,#4559,#4560);
#3979=AXIS2_PLACEMENT_3D('',#5702,#4562,#4563);
#3980=AXIS2_PLACEMENT_3D('',#5706,#4566,#4567);
#3981=AXIS2_PLACEMENT_3D('',#5707,#4568,#4569);
#3982=AXIS2_PLACEMENT_3D('',#5708,#4570,#4571);
#3983=AXIS2_PLACEMENT_3D('',#5710,#4572,#4573);
#3984=AXIS2_PLACEMENT_3D('',#5713,#4575,#4576);
#3985=AXIS2_PLACEMENT_3D('',#5714,#4577,#4578);
#3986=AXIS2_PLACEMENT_3D('',#5715,#4579,#4580);
#3987=AXIS2_PLACEMENT_3D('',#5718,#4581,#4582);
#3988=AXIS2_PLACEMENT_3D('',#5720,#4583,#4584);
#3989=AXIS2_PLACEMENT_3D('',#5722,#4585,#4586);
#3990=AXIS2_PLACEMENT_3D('',#5723,#4587,#4588);
#3991=AXIS2_PLACEMENT_3D('',#5724,#4589,#4590);
#3992=AXIS2_PLACEMENT_3D('',#5725,#4591,#4592);
#3993=AXIS2_PLACEMENT_3D('',#5728,#4594,#4595);
#3994=AXIS2_PLACEMENT_3D('',#5729,#4596,#4597);
#3995=AXIS2_PLACEMENT_3D('',#5730,#4598,#4599);
#3996=AXIS2_PLACEMENT_3D('',#5733,#4600,#4601);
#3997=AXIS2_PLACEMENT_3D('',#5737,#4603,#4604);
#3998=AXIS2_PLACEMENT_3D('',#5739,#4606,#4607);
#3999=AXIS2_PLACEMENT_3D('',#5745,#4611,#4612);
#4000=AXIS2_PLACEMENT_3D('',#5747,#4613,#4614);
#4001=AXIS2_PLACEMENT_3D('',#5750,#4616,#4617);
#4002=AXIS2_PLACEMENT_3D('',#5751,#4618,#4619);
#4003=AXIS2_PLACEMENT_3D('',#5754,#4622,#4623);
#4004=AXIS2_PLACEMENT_3D('',#5755,#4624,#4625);
#4005=AXIS2_PLACEMENT_3D('',#5757,#4626,#4627);
#4006=AXIS2_PLACEMENT_3D('',#5760,#4629,#4630);
#4007=AXIS2_PLACEMENT_3D('',#5761,#4631,#4632);
#4008=AXIS2_PLACEMENT_3D('',#5763,#4633,#4634);
#4009=AXIS2_PLACEMENT_3D('',#5766,#4636,#4637);
#4010=AXIS2_PLACEMENT_3D('',#5767,#4638,#4639);
#4011=AXIS2_PLACEMENT_3D('',#5768,#4640,#4641);
#4012=AXIS2_PLACEMENT_3D('',#5771,#4642,#4643);
#4013=AXIS2_PLACEMENT_3D('',#5775,#4645,#4646);
#4014=AXIS2_PLACEMENT_3D('',#5778,#4648,#4649);
#4015=AXIS2_PLACEMENT_3D('',#5779,#4650,#4651);
#4016=AXIS2_PLACEMENT_3D('',#5781,#4652,#4653);
#4017=AXIS2_PLACEMENT_3D('',#5784,#4655,#4656);
#4018=AXIS2_PLACEMENT_3D('',#5785,#4657,#4658);
#4019=AXIS2_PLACEMENT_3D('',#5788,#4660,#4661);
#4020=AXIS2_PLACEMENT_3D('',#5789,#4662,#4663);
#4021=AXIS2_PLACEMENT_3D('',#5790,#4664,#4665);
#4022=AXIS2_PLACEMENT_3D('',#5820,#4666,#4667);
#4023=AXIS2_PLACEMENT_3D('',#5822,#4668,#4669);
#4024=AXIS2_PLACEMENT_3D('',#5824,#4670,#4671);
#4025=AXIS2_PLACEMENT_3D('',#5825,#4672,#4673);
#4026=AXIS2_PLACEMENT_3D('',#5826,#4674,#4675);
#4027=AXIS2_PLACEMENT_3D('',#5827,#4676,#4677);
#4028=AXIS2_PLACEMENT_3D('',#5830,#4679,#4680);
#4029=AXIS2_PLACEMENT_3D('',#5831,#4681,#4682);
#4030=AXIS2_PLACEMENT_3D('',#5861,#4683,#4684);
#4031=AXIS2_PLACEMENT_3D('',#5863,#4685,#4686);
#4032=AXIS2_PLACEMENT_3D('',#5865,#4687,#4688);
#4033=AXIS2_PLACEMENT_3D('',#5866,#4689,#4690);
#4034=AXIS2_PLACEMENT_3D('',#5867,#4691,#4692);
#4035=AXIS2_PLACEMENT_3D('',#5868,#4693,#4694);
#4036=AXIS2_PLACEMENT_3D('',#5871,#4696,#4697);
#4037=AXIS2_PLACEMENT_3D('',#5872,#4698,#4699);
#4038=AXIS2_PLACEMENT_3D('',#5873,#4700,#4701);
#4039=AXIS2_PLACEMENT_3D('',#5875,#4702,#4703);
#4040=AXIS2_PLACEMENT_3D('',#5878,#4705,#4706);
#4041=AXIS2_PLACEMENT_3D('',#5879,#4707,#4708);
#4042=AXIS2_PLACEMENT_3D('',#5882,#4709,#4710);
#4043=AXIS2_PLACEMENT_3D('',#5886,#4712,#4713);
#4044=AXIS2_PLACEMENT_3D('',#5889,#4715,#4716);
#4045=AXIS2_PLACEMENT_3D('',#5891,#4717,#4718);
#4046=AXIS2_PLACEMENT_3D('',#5894,#4719,#4720);
#4047=AXIS2_PLACEMENT_3D('',#5896,#4721,#4722);
#4048=AXIS2_PLACEMENT_3D('',#5898,#4723,#4724);
#4049=AXIS2_PLACEMENT_3D('',#5899,#4725,#4726);
#4050=AXIS2_PLACEMENT_3D('',#5902,#4727,#4728);
#4051=AXIS2_PLACEMENT_3D('',#5904,#4729,#4730);
#4052=AXIS2_PLACEMENT_3D('',#5906,#4731,#4732);
#4053=AXIS2_PLACEMENT_3D('',#5907,#4733,#4734);
#4054=AXIS2_PLACEMENT_3D('',#5909,#4735,#4736);
#4055=AXIS2_PLACEMENT_3D('',#5911,#4737,#4738);
#4056=AXIS2_PLACEMENT_3D('',#5912,#4739,#4740);
#4057=AXIS2_PLACEMENT_3D('',#5915,#4742,#4743);
#4058=AXIS2_PLACEMENT_3D('',#5916,#4744,#4745);
#4059=AXIS2_PLACEMENT_3D('',#5919,#4747,#4748);
#4060=AXIS2_PLACEMENT_3D('',#5920,#4749,#4750);
#4061=AXIS2_PLACEMENT_3D('',#5923,#4752,#4753);
#4062=AXIS2_PLACEMENT_3D('',#5924,#4754,#4755);
#4063=AXIS2_PLACEMENT_3D('',#5925,#4756,#4757);
#4064=AXIS2_PLACEMENT_3D('',#5926,#4758,#4759);
#4065=AXIS2_PLACEMENT_3D('',#5928,#4760,#4761);
#4066=AXIS2_PLACEMENT_3D('',#5931,#4763,#4764);
#4067=AXIS2_PLACEMENT_3D('',#5932,#4765,#4766);
#4068=AXIS2_PLACEMENT_3D('',#5933,#4767,#4768);
#4069=AXIS2_PLACEMENT_3D('',#5942,#4773,#4774);
#4070=AXIS2_PLACEMENT_3D('',#5951,#4779,#4780);
#4071=AXIS2_PLACEMENT_3D('',#5952,#4781,#4782);
#4072=AXIS2_PLACEMENT_3D('',#5953,#4783,#4784);
#4073=AXIS2_PLACEMENT_3D('',#5954,#4785,#4786);
#4074=AXIS2_PLACEMENT_3D('',#5955,#4787,#4788);
#4075=AXIS2_PLACEMENT_3D('',#5956,#4789,#4790);
#4076=AXIS2_PLACEMENT_3D('',#5957,#4791,#4792);
#4077=AXIS2_PLACEMENT_3D('',#5958,#4793,#4794);
#4078=AXIS2_PLACEMENT_3D('',#5960,#4795,#4796);
#4079=AXIS2_PLACEMENT_3D('',#5963,#4798,#4799);
#4080=AXIS2_PLACEMENT_3D('',#5964,#4800,#4801);
#4081=AXIS2_PLACEMENT_3D('',#5965,#4802,#4803);
#4082=AXIS2_PLACEMENT_3D('',#5967,#4804,#4805);
#4083=AXIS2_PLACEMENT_3D('',#5970,#4807,#4808);
#4084=AXIS2_PLACEMENT_3D('',#5971,#4809,#4810);
#4085=AXIS2_PLACEMENT_3D('',#5972,#4811,#4812);
#4086=AXIS2_PLACEMENT_3D('',#5974,#4813,#4814);
#4087=AXIS2_PLACEMENT_3D('',#5977,#4816,#4817);
#4088=AXIS2_PLACEMENT_3D('',#5978,#4818,#4819);
#4089=AXIS2_PLACEMENT_3D('',#5979,#4820,#4821);
#4090=AXIS2_PLACEMENT_3D('',#5981,#4822,#4823);
#4091=AXIS2_PLACEMENT_3D('',#5984,#4825,#4826);
#4092=AXIS2_PLACEMENT_3D('',#5985,#4827,#4828);
#4093=AXIS2_PLACEMENT_3D('',#5986,#4829,#4830);
#4094=AXIS2_PLACEMENT_3D('',#5988,#4831,#4832);
#4095=AXIS2_PLACEMENT_3D('',#5991,#4834,#4835);
#4096=AXIS2_PLACEMENT_3D('',#5992,#4836,#4837);
#4097=AXIS2_PLACEMENT_3D('',#5993,#4838,#4839);
#4098=AXIS2_PLACEMENT_3D('',#5995,#4840,#4841);
#4099=AXIS2_PLACEMENT_3D('',#5998,#4843,#4844);
#4100=AXIS2_PLACEMENT_3D('',#5999,#4845,#4846);
#4101=AXIS2_PLACEMENT_3D('',#6000,#4847,#4848);
#4102=AXIS2_PLACEMENT_3D('',#6002,#4849,#4850);
#4103=AXIS2_PLACEMENT_3D('',#6005,#4852,#4853);
#4104=AXIS2_PLACEMENT_3D('',#6006,#4854,#4855);
#4105=AXIS2_PLACEMENT_3D('',#6007,#4856,#4857);
#4106=AXIS2_PLACEMENT_3D('',#6009,#4858,#4859);
#4107=AXIS2_PLACEMENT_3D('',#6012,#4861,#4862);
#4108=AXIS2_PLACEMENT_3D('',#6013,#4863,#4864);
#4109=AXIS2_PLACEMENT_3D('',#6014,#4865,#4866);
#4110=AXIS2_PLACEMENT_3D('',#6016,#4867,#4868);
#4111=AXIS2_PLACEMENT_3D('',#6019,#4870,#4871);
#4112=AXIS2_PLACEMENT_3D('',#6020,#4872,#4873);
#4113=AXIS2_PLACEMENT_3D('',#6021,#4874,#4875);
#4114=AXIS2_PLACEMENT_3D('',#6023,#4876,#4877);
#4115=AXIS2_PLACEMENT_3D('',#6026,#4879,#4880);
#4116=AXIS2_PLACEMENT_3D('',#6027,#4881,#4882);
#4117=AXIS2_PLACEMENT_3D('',#6028,#4883,#4884);
#4118=AXIS2_PLACEMENT_3D('',#6031,#4886,#4887);
#4119=AXIS2_PLACEMENT_3D('',#6032,#4888,#4889);
#4120=AXIS2_PLACEMENT_3D('',#6035,#4891,#4892);
#4121=AXIS2_PLACEMENT_3D('',#6036,#4893,#4894);
#4122=AXIS2_PLACEMENT_3D('',#6039,#4896,#4897);
#4123=AXIS2_PLACEMENT_3D('',#6040,#4898,#4899);
#4124=AXIS2_PLACEMENT_3D('',#6041,#4900,#4901);
#4125=AXIS2_PLACEMENT_3D('',#6042,#4902,#4903);
#4126=AXIS2_PLACEMENT_3D('',#6043,#4904,#4905);
#4127=AXIS2_PLACEMENT_3D('',#6047,#4907,#4908);
#4128=AXIS2_PLACEMENT_3D('',#6049,#4910,#4911);
#4129=AXIS2_PLACEMENT_3D('',#6051,#4912,#4913);
#4130=AXIS2_PLACEMENT_3D('',#6053,#4915,#4916);
#4131=AXIS2_PLACEMENT_3D('',#6055,#4917,#4918);
#4132=AXIS2_PLACEMENT_3D('',#6057,#4920,#4921);
#4133=AXIS2_PLACEMENT_3D('',#6058,#4922,#4923);
#4134=AXIS2_PLACEMENT_3D('',#6059,#4924,#4925);
#4135=AXIS2_PLACEMENT_3D('',#6060,#4926,#4927);
#4136=AXIS2_PLACEMENT_3D('',#6064,#4929,#4930);
#4137=AXIS2_PLACEMENT_3D('',#6066,#4932,#4933);
#4138=AXIS2_PLACEMENT_3D('',#6069,#4935,#4936);
#4139=AXIS2_PLACEMENT_3D('',#6070,#4937,#4938);
#4140=AXIS2_PLACEMENT_3D('',#6073,#4940,#4941);
#4141=AXIS2_PLACEMENT_3D('',#6074,#4942,#4943);
#4142=AXIS2_PLACEMENT_3D('',#6075,#4944,#4945);
#4143=AXIS2_PLACEMENT_3D('',#6076,#4946,#4947);
#4144=AXIS2_PLACEMENT_3D('',#6077,#4948,#4949);
#4145=AXIS2_PLACEMENT_3D('',#6080,#4950,#4951);
#4146=AXIS2_PLACEMENT_3D('',#6084,#4953,#4954);
#4147=AXIS2_PLACEMENT_3D('',#6086,#4956,#4957);
#4148=AXIS2_PLACEMENT_3D('',#6092,#4961,#4962);
#4149=AXIS2_PLACEMENT_3D('',#6094,#4963,#4964);
#4150=AXIS2_PLACEMENT_3D('',#6096,#4965,#4966);
#4151=AXIS2_PLACEMENT_3D('',#6098,#4968,#4969);
#4152=AXIS2_PLACEMENT_3D('',#6101,#4972,#4973);
#4153=AXIS2_PLACEMENT_3D('',#6105,#4975,#4976);
#4154=AXIS2_PLACEMENT_3D('',#6107,#4978,#4979);
#4155=AXIS2_PLACEMENT_3D('',#6111,#4982,#4983);
#4156=AXIS2_PLACEMENT_3D('',#6114,#4985,#4986);
#4157=AXIS2_PLACEMENT_3D('',#6115,#4987,#4988);
#4158=AXIS2_PLACEMENT_3D('',#6117,#4990,#4991);
#4159=AXIS2_PLACEMENT_3D('',#6118,#4992,#4993);
#4160=AXIS2_PLACEMENT_3D('',#6121,#4994,#4995);
#4161=AXIS2_PLACEMENT_3D('',#6123,#4996,#4997);
#4162=AXIS2_PLACEMENT_3D('',#6125,#4998,#4999);
#4163=AXIS2_PLACEMENT_3D('',#6126,#5000,#5001);
#4164=AXIS2_PLACEMENT_3D('',#6127,#5002,#5003);
#4165=AXIS2_PLACEMENT_3D('',#6130,#5004,#5005);
#4166=AXIS2_PLACEMENT_3D('',#6133,#5008,#5009);
#4167=AXIS2_PLACEMENT_3D('',#6136,#5010,#5011);
#4168=AXIS2_PLACEMENT_3D('',#6137,#5012,#5013);
#4169=AXIS2_PLACEMENT_3D('',#6138,#5014,#5015);
#4170=AXIS2_PLACEMENT_3D('',#6139,#5016,#5017);
#4171=AXIS2_PLACEMENT_3D('',#6142,#5020,#5021);
#4172=AXIS2_PLACEMENT_3D('',#6143,#5022,#5023);
#4173=AXIS2_PLACEMENT_3D('',#6144,#5024,#5025);
#4174=AXIS2_PLACEMENT_3D('',#6145,#5026,#5027);
#4175=AXIS2_PLACEMENT_3D('',#6146,#5028,#5029);
#4176=AXIS2_PLACEMENT_3D('',#6147,#5030,#5031);
#4177=AXIS2_PLACEMENT_3D('',#6148,#5032,#5033);
#4178=AXIS2_PLACEMENT_3D('',#6149,#5034,#5035);
#4179=AXIS2_PLACEMENT_3D('',#6150,#5036,#5037);
#4180=AXIS2_PLACEMENT_3D('',#6151,#5038,#5039);
#4181=AXIS2_PLACEMENT_3D('',#6152,#5040,#5041);
#4182=AXIS2_PLACEMENT_3D('',#6161,#5046,#5047);
#4183=AXIS2_PLACEMENT_3D('',#6163,#5048,#5049);
#4184=AXIS2_PLACEMENT_3D('',#6165,#5050,#5051);
#4185=AXIS2_PLACEMENT_3D('',#6167,#5053,#5054);
#4186=AXIS2_PLACEMENT_3D('',#6173,#5058,#5059);
#4187=AXIS2_PLACEMENT_3D('',#6174,#5060,#5061);
#4188=AXIS2_PLACEMENT_3D('',#6175,#5062,#5063);
#4189=AXIS2_PLACEMENT_3D('',#6176,#5064,#5065);
#4190=AXIS2_PLACEMENT_3D('',#6180,#5067,#5068);
#4191=AXIS2_PLACEMENT_3D('',#6182,#5070,#5071);
#4192=AXIS2_PLACEMENT_3D('',#6186,#5074,#5075);
#4193=AXIS2_PLACEMENT_3D('',#6189,#5077,#5078);
#4194=AXIS2_PLACEMENT_3D('',#6190,#5079,#5080);
#4195=AXIS2_PLACEMENT_3D('',#6192,#5082,#5083);
#4196=AXIS2_PLACEMENT_3D('',#6193,#5084,#5085);
#4197=AXIS2_PLACEMENT_3D('',#6195,#5086,#5087);
#4198=AXIS2_PLACEMENT_3D('',#6197,#5088,#5089);
#4199=AXIS2_PLACEMENT_3D('',#6198,#5090,#5091);
#4200=AXIS2_PLACEMENT_3D('',#6199,#5092,#5093);
#4201=AXIS2_PLACEMENT_3D('',#6201,#5094,#5095);
#4202=AXIS2_PLACEMENT_3D('',#6203,#5097,#5098);
#4203=AXIS2_PLACEMENT_3D('',#6205,#5099,#5100);
#4204=AXIS2_PLACEMENT_3D('',#6206,#5101,#5102);
#4205=AXIS2_PLACEMENT_3D('',#6207,#5103,#5104);
#4206=AXIS2_PLACEMENT_3D('',#6209,#5106,#5107);
#4207=AXIS2_PLACEMENT_3D('',#6210,#5108,#5109);
#4208=AXIS2_PLACEMENT_3D('',#6211,#5110,#5111);
#4209=AXIS2_PLACEMENT_3D('',#6212,#5112,#5113);
#4210=AXIS2_PLACEMENT_3D('',#6213,#5114,#5115);
#4211=AXIS2_PLACEMENT_3D('',#6214,#5116,#5117);
#4212=AXIS2_PLACEMENT_3D('',#6215,#5118,#5119);
#4213=AXIS2_PLACEMENT_3D('',#6216,#5120,#5121);
#4214=AXIS2_PLACEMENT_3D('',#6217,#5122,#5123);
#4215=AXIS2_PLACEMENT_3D('',#6218,#5124,#5125);
#4216=AXIS2_PLACEMENT_3D('placement',#6219,#5126,#5127);
#4217=AXIS2_PLACEMENT_3D('',#6220,#5128,#5129);
#4218=AXIS2_PLACEMENT_3D('',#6222,#5130,#5131);
#4219=AXIS2_PLACEMENT_3D('',#6225,#5133,#5134);
#4220=AXIS2_PLACEMENT_3D('',#6226,#5135,#5136);
#4221=AXIS2_PLACEMENT_3D('',#6227,#5137,#5138);
#4222=AXIS2_PLACEMENT_3D('',#6229,#5139,#5140);
#4223=AXIS2_PLACEMENT_3D('',#6232,#5142,#5143);
#4224=AXIS2_PLACEMENT_3D('',#6233,#5144,#5145);
#4225=AXIS2_PLACEMENT_3D('',#6234,#5146,#5147);
#4226=AXIS2_PLACEMENT_3D('',#6237,#5148,#5149);
#4227=AXIS2_PLACEMENT_3D('',#6243,#5153,#5154);
#4228=AXIS2_PLACEMENT_3D('',#6247,#5156,#5157);
#4229=AXIS2_PLACEMENT_3D('',#6249,#5159,#5160);
#4230=AXIS2_PLACEMENT_3D('',#6252,#5161,#5162);
#4231=AXIS2_PLACEMENT_3D('',#6258,#5166,#5167);
#4232=AXIS2_PLACEMENT_3D('',#6262,#5169,#5170);
#4233=AXIS2_PLACEMENT_3D('',#6264,#5172,#5173);
#4234=AXIS2_PLACEMENT_3D('',#6268,#5176,#5177);
#4235=AXIS2_PLACEMENT_3D('',#6272,#5180,#5181);
#4236=AXIS2_PLACEMENT_3D('',#6274,#5183,#5184);
#4237=AXIS2_PLACEMENT_3D('',#6280,#5188,#5189);
#4238=AXIS2_PLACEMENT_3D('',#6282,#5191,#5192);
#4239=AXIS2_PLACEMENT_3D('',#6284,#5194,#5195);
#4240=AXIS2_PLACEMENT_3D('',#6286,#5196,#5197);
#4241=AXIS2_PLACEMENT_3D('',#6289,#5199,#5200);
#4242=AXIS2_PLACEMENT_3D('',#6290,#5201,#5202);
#4243=AXIS2_PLACEMENT_3D('',#6291,#5203,#5204);
#4244=AXIS2_PLACEMENT_3D('',#6293,#5205,#5206);
#4245=AXIS2_PLACEMENT_3D('',#6296,#5208,#5209);
#4246=AXIS2_PLACEMENT_3D('',#6297,#5210,#5211);
#4247=AXIS2_PLACEMENT_3D('',#6298,#5212,#5213);
#4248=AXIS2_PLACEMENT_3D('',#6307,#5218,#5219);
#4249=AXIS2_PLACEMENT_3D('',#6313,#5223,#5224);
#4250=AXIS2_PLACEMENT_3D('',#6319,#5228,#5229);
#4251=AXIS2_PLACEMENT_3D('',#6322,#5232,#5233);
#4252=AXIS2_PLACEMENT_3D('',#6323,#5234,#5235);
#4253=AXIS2_PLACEMENT_3D('',#6332,#5240,#5241);
#4254=AXIS2_PLACEMENT_3D('',#6341,#5246,#5247);
#4255=AXIS2_PLACEMENT_3D('',#6348,#5252,#5253);
#4256=AXIS2_PLACEMENT_3D('',#6354,#5257,#5258);
#4257=AXIS2_PLACEMENT_3D('',#6409,#5264,#5265);
#4258=AXIS2_PLACEMENT_3D('',#6410,#5266,#5267);
#4259=AXIS2_PLACEMENT_3D('',#6414,#5270,#5271);
#4260=AXIS2_PLACEMENT_3D('',#6461,#5272,#5273);
#4261=AXIS2_PLACEMENT_3D('',#6468,#5278,#5279);
#4262=AXIS2_PLACEMENT_3D('',#6516,#5281,#5282);
#4263=AXIS2_PLACEMENT_3D('',#6518,#5283,#5284);
#4264=AXIS2_PLACEMENT_3D('',#6519,#5285,#5286);
#4265=AXIS2_PLACEMENT_3D('',#6520,#5287,#5288);
#4266=AXIS2_PLACEMENT_3D('',#6524,#5290,#5291);
#4267=AXIS2_PLACEMENT_3D('',#6528,#5293,#5294);
#4268=AXIS2_PLACEMENT_3D('',#6532,#5296,#5297);
#4269=AXIS2_PLACEMENT_3D('',#6534,#5299,#5300);
#4270=AXIS2_PLACEMENT_3D('',#6537,#5302,#5303);
#4271=AXIS2_PLACEMENT_3D('',#6538,#5304,#5305);
#4272=AXIS2_PLACEMENT_3D('',#6540,#5307,#5308);
#4273=AXIS2_PLACEMENT_3D('',#6542,#5310,#5311);
#4274=AXIS2_PLACEMENT_3D('',#6545,#5314,#5315);
#4275=AXIS2_PLACEMENT_3D('',#6546,#5316,#5317);
#4276=AXIS2_PLACEMENT_3D('',#6548,#5318,#5319);
#4277=AXIS2_PLACEMENT_3D('',#6550,#5321,#5322);
#4278=AXIS2_PLACEMENT_3D('',#6552,#5323,#5324);
#4279=AXIS2_PLACEMENT_3D('',#6556,#5326,#5327);
#4280=AXIS2_PLACEMENT_3D('',#6558,#5329,#5330);
#4281=AXIS2_PLACEMENT_3D('',#6560,#5331,#5332);
#4282=AXIS2_PLACEMENT_3D('',#6613,#5335,#5336);
#4283=AXIS2_PLACEMENT_3D('',#6614,#5337,#5338);
#4284=AXIS2_PLACEMENT_3D('',#6616,#5340,#5341);
#4285=AXIS2_PLACEMENT_3D('',#6875,#5342,#5343);
#4286=AXIS2_PLACEMENT_3D('',#6942,#5344,#5345);
#4287=AXIS2_PLACEMENT_3D('',#7007,#5346,#5347);
#4288=AXIS2_PLACEMENT_3D('',#7010,#5348,#5349);
#4289=AXIS2_PLACEMENT_3D('',#7271,#5352,#5353);
#4290=AXIS2_PLACEMENT_3D('',#7400,#5354,#5355);
#4291=AXIS2_PLACEMENT_3D('',#7403,#5358,#5359);
#4292=AXIS2_PLACEMENT_3D('',#7405,#5360,#5361);
#4293=AXIS2_PLACEMENT_3D('',#7408,#5363,#5364);
#4294=AXIS2_PLACEMENT_3D('',#7666,#5365,#5366);
#4295=AXIS2_PLACEMENT_3D('',#7731,#5367,#5368);
#4296=AXIS2_PLACEMENT_3D('',#7732,#5369,#5370);
#4297=AXIS2_PLACEMENT_3D('',#7734,#5371,#5372);
#4298=AXIS2_PLACEMENT_3D('',#8056,#5374,#5375);
#4299=AXIS2_PLACEMENT_3D('',#8058,#5377,#5378);
#4300=AXIS2_PLACEMENT_3D('placement',#8059,#5379,#5380);
#4301=AXIS2_PLACEMENT_3D('',#8060,#5381,#5382);
#4302=AXIS2_PLACEMENT_3D('',#8062,#5383,#5384);
#4303=AXIS2_PLACEMENT_3D('',#8065,#5386,#5387);
#4304=AXIS2_PLACEMENT_3D('',#8066,#5388,#5389);
#4305=AXIS2_PLACEMENT_3D('',#8067,#5390,#5391);
#4306=AXIS2_PLACEMENT_3D('',#8072,#5393,#5394);
#4307=AXIS2_PLACEMENT_3D('',#8076,#5396,#5397);
#4308=AXIS2_PLACEMENT_3D('',#8080,#5400,#5401);
#4309=AXIS2_PLACEMENT_3D('',#8084,#5403,#5404);
#4310=AXIS2_PLACEMENT_3D('',#8101,#5405,#5406);
#4311=AXIS2_PLACEMENT_3D('',#8102,#5407,#5408);
#4312=AXIS2_PLACEMENT_3D('',#8103,#5409,#5410);
#4313=AXIS2_PLACEMENT_3D('',#8107,#5413,#5414);
#4314=AXIS2_PLACEMENT_3D('',#8109,#5415,#5416);
#4315=AXIS2_PLACEMENT_3D('',#8111,#5417,#5418);
#4316=AXIS2_PLACEMENT_3D('',#8126,#5419,#5420);
#4317=AXIS2_PLACEMENT_3D('',#8127,#5421,#5422);
#4318=AXIS2_PLACEMENT_3D('',#8129,#5423,#5424);
#4319=AXIS2_PLACEMENT_3D('',#8132,#5426,#5427);
#4320=AXIS2_PLACEMENT_3D('',#8133,#5428,#5429);
#4321=AXIS2_PLACEMENT_3D('',#8137,#5432,#5433);
#4322=AXIS2_PLACEMENT_3D('',#8189,#5435,#5436);
#4323=AXIS2_PLACEMENT_3D('',#8193,#5439,#5440);
#4324=AXIS2_PLACEMENT_3D('',#8242,#5442,#5443);
#4325=AXIS2_PLACEMENT_3D('',#8278,#5445,#5446);
#4326=AXIS2_PLACEMENT_3D('',#8336,#5447,#5448);
#4327=AXIS2_PLACEMENT_3D('',#8358,#5449,#5450);
#4328=AXIS2_PLACEMENT_3D('',#8359,#5451,#5452);
#4329=AXIS2_PLACEMENT_3D('',#8360,#5453,#5454);
#4330=AXIS2_PLACEMENT_3D('',#8362,#5455,#5456);
#4331=AXIS2_PLACEMENT_3D('',#8385,#5458,#5459);
#4332=AXIS2_PLACEMENT_3D('',#8386,#5460,#5461);
#4333=AXIS2_PLACEMENT_3D('',#8450,#5462,#5463);
#4334=AXIS2_PLACEMENT_3D('',#8475,#5464,#5465);
#4335=AXIS2_PLACEMENT_3D('',#8477,#5467,#5468);
#4336=AXIS2_PLACEMENT_3D('',#8478,#5469,#5470);
#4337=AXIS2_PLACEMENT_3D('',#8479,#5471,#5472);
#4338=AXIS2_PLACEMENT_3D('',#8480,#5473,#5474);
#4339=DIRECTION('axis',(0.,0.,1.));
#4340=DIRECTION('refdir',(1.,0.,0.));
#4341=DIRECTION('axis',(0.,0.,1.));
#4342=DIRECTION('refdir',(1.,0.,0.));
#4343=DIRECTION('center_axis',(1.,0.,0.));
#4344=DIRECTION('ref_axis',(0.,-1.,0.));
#4345=DIRECTION('center_axis',(1.,0.,-3.70074341541719E-16));
#4346=DIRECTION('ref_axis',(0.,-1.,0.));
#4347=DIRECTION('',(1.,0.,0.));
#4348=DIRECTION('center_axis',(-1.,0.,3.70074341541719E-16));
#4349=DIRECTION('ref_axis',(0.,-1.,0.));
#4350=DIRECTION('center_axis',(0.,0.,1.));
#4351=DIRECTION('ref_axis',(-1.,0.,0.));
#4352=DIRECTION('',(-1.,0.,0.));
#4353=DIRECTION('',(0.,-1.,0.));
#4354=DIRECTION('',(1.,0.,0.));
#4355=DIRECTION('',(0.,-1.,0.));
#4356=DIRECTION('center_axis',(0.,0.,-1.));
#4357=DIRECTION('ref_axis',(1.,0.,0.));
#4358=DIRECTION('',(1.,0.,0.));
#4359=DIRECTION('',(0.,-1.,0.));
#4360=DIRECTION('',(-1.,0.,0.));
#4361=DIRECTION('',(0.,1.,0.));
#4362=DIRECTION('center_axis',(1.,0.,0.));
#4363=DIRECTION('ref_axis',(0.,0.,1.));
#4364=DIRECTION('',(0.,0.,1.));
#4365=DIRECTION('',(0.,0.,-1.));
#4366=DIRECTION('center_axis',(0.,1.,0.));
#4367=DIRECTION('ref_axis',(0.,0.,1.));
#4368=DIRECTION('center_axis',(0.,1.,0.));
#4369=DIRECTION('ref_axis',(0.,0.,1.));
#4370=DIRECTION('',(0.,1.,0.));
#4371=DIRECTION('center_axis',(0.,1.,0.));
#4372=DIRECTION('ref_axis',(0.,0.,1.));
#4373=DIRECTION('center_axis',(0.,1.,0.));
#4374=DIRECTION('ref_axis',(0.,0.,1.));
#4375=DIRECTION('center_axis',(0.,1.,0.));
#4376=DIRECTION('ref_axis',(0.,0.,1.));
#4377=DIRECTION('',(0.,1.,0.));
#4378=DIRECTION('center_axis',(0.,1.,0.));
#4379=DIRECTION('ref_axis',(0.,0.,1.));
#4380=DIRECTION('center_axis',(0.,1.,0.));
#4381=DIRECTION('ref_axis',(0.,0.,1.));
#4382=DIRECTION('',(1.,0.,-1.97372982155583E-16));
#4383=DIRECTION('center_axis',(0.,1.,0.));
#4384=DIRECTION('ref_axis',(0.,0.,-1.));
#4385=DIRECTION('',(1.,0.,0.));
#4386=DIRECTION('',(0.,0.,-1.));
#4387=DIRECTION('',(-1.,0.,0.));
#4388=DIRECTION('center_axis',(0.,1.,0.));
#4389=DIRECTION('ref_axis',(0.,0.,-1.));
#4390=DIRECTION('',(-1.,0.,6.57909940518611E-17));
#4391=DIRECTION('center_axis',(0.,1.,0.));
#4392=DIRECTION('ref_axis',(1.30614473485312E-15,0.,-1.));
#4393=DIRECTION('',(1.,0.,-1.97372982155583E-16));
#4394=DIRECTION('center_axis',(0.,1.,0.));
#4395=DIRECTION('ref_axis',(0.,0.,1.));
#4396=DIRECTION('',(-1.,0.,6.57909940518611E-17));
#4397=DIRECTION('center_axis',(0.,0.,-1.));
#4398=DIRECTION('ref_axis',(1.,0.,0.));
#4399=DIRECTION('',(0.,-1.,0.));
#4400=DIRECTION('',(1.,0.,0.));
#4401=DIRECTION('',(0.,1.,0.));
#4402=DIRECTION('center_axis',(0.,0.,1.));
#4403=DIRECTION('ref_axis',(-1.,0.,0.));
#4404=DIRECTION('',(0.,-1.,0.));
#4405=DIRECTION('',(-1.,0.,0.));
#4406=DIRECTION('',(0.,-1.,0.));
#4407=DIRECTION('center_axis',(1.,0.,0.));
#4408=DIRECTION('ref_axis',(0.,0.,1.));
#4409=DIRECTION('',(0.,0.,1.));
#4410=DIRECTION('center_axis',(0.,1.,0.));
#4411=DIRECTION('ref_axis',(0.,0.,-1.));
#4412=DIRECTION('',(0.,1.,0.));
#4413=DIRECTION('center_axis',(0.,1.,0.));
#4414=DIRECTION('ref_axis',(0.,0.,-1.));
#4415=DIRECTION('center_axis',(0.,1.,0.));
#4416=DIRECTION('ref_axis',(0.,0.,-1.));
#4417=DIRECTION('center_axis',(0.,1.,0.));
#4418=DIRECTION('ref_axis',(0.,0.,-1.));
#4419=DIRECTION('',(0.,1.,0.));
#4420=DIRECTION('center_axis',(0.,1.,0.));
#4421=DIRECTION('ref_axis',(0.,0.,1.));
#4422=DIRECTION('',(-1.,0.,6.57909940518611E-17));
#4423=DIRECTION('',(1.,0.,-1.97372982155583E-16));
#4424=DIRECTION('center_axis',(0.,-1.,0.));
#4425=DIRECTION('ref_axis',(0.,0.,-1.));
#4426=DIRECTION('',(-1.,0.,1.97372982155583E-16));
#4427=DIRECTION('center_axis',(0.,-1.,0.));
#4428=DIRECTION('ref_axis',(1.31581988103722E-15,0.,1.));
#4429=DIRECTION('',(1.,0.,-6.57909940518611E-17));
#4430=DIRECTION('center_axis',(1.,1.77635683940025E-16,-3.70074341541719E-16));
#4431=DIRECTION('ref_axis',(5.23364152894592E-16,-0.707106781186547,0.707106781186548));
#4432=DIRECTION('center_axis',(-1.,0.,3.70074341541719E-16));
#4433=DIRECTION('ref_axis',(5.23364152894592E-16,-0.707106781186547,0.707106781186548));
#4434=DIRECTION('',(-1.,-1.77635683940025E-16,3.70074341541719E-16));
#4435=DIRECTION('center_axis',(1.,0.,-3.70074341541719E-16));
#4436=DIRECTION('ref_axis',(5.23364152894592E-16,-0.707106781186547,0.707106781186548));
#4437=DIRECTION('',(1.,1.77635683940025E-16,-3.70074341541719E-16));
#4438=DIRECTION('center_axis',(-1.,0.,3.70074341541719E-16));
#4439=DIRECTION('ref_axis',(0.,-1.,0.));
#4440=DIRECTION('',(0.,-1.,0.));
#4441=DIRECTION('center_axis',(1.,0.,-3.70074341541719E-16));
#4442=DIRECTION('ref_axis',(0.,0.707106781186547,0.707106781186547));
#4443=DIRECTION('',(3.70074341541719E-16,0.,1.));
#4444=DIRECTION('',(0.,1.,0.));
#4445=DIRECTION('',(3.70074341541719E-16,0.,1.));
#4446=DIRECTION('center_axis',(3.70074341541719E-16,0.,1.));
#4447=DIRECTION('ref_axis',(1.,0.,-3.70074341541719E-16));
#4448=DIRECTION('',(0.,1.,0.));
#4449=DIRECTION('',(1.,0.,-3.70074341541719E-16));
#4450=DIRECTION('center_axis',(-1.,0.,3.70074341541719E-16));
#4451=DIRECTION('ref_axis',(0.,0.707106781186547,0.707106781186547));
#4452=DIRECTION('center_axis',(-1.,0.,3.70074341541719E-16));
#4453=DIRECTION('ref_axis',(0.,0.707106781186547,0.707106781186547));
#4454=DIRECTION('',(-1.,0.,3.70074341541719E-16));
#4455=DIRECTION('center_axis',(1.,0.,-3.70074341541719E-16));
#4456=DIRECTION('ref_axis',(0.,1.,0.));
#4457=DIRECTION('',(3.70074341541719E-16,0.,1.));
#4458=DIRECTION('',(0.,-1.,0.));
#4459=DIRECTION('',(3.70074341541719E-16,0.,1.));
#4460=DIRECTION('center_axis',(1.77635683940025E-16,-1.,-6.57384087684176E-32));
#4461=DIRECTION('ref_axis',(1.,1.77635683940025E-16,-1.97372982155583E-16));
#4462=DIRECTION('',(-1.,-1.77635683940025E-16,1.97372982155583E-16));
#4463=DIRECTION('center_axis',(0.,1.,0.));
#4464=DIRECTION('ref_axis',(-1.,0.,1.97372982155583E-16));
#4465=DIRECTION('',(1.,0.,-1.97372982155583E-16));
#4466=DIRECTION('center_axis',(0.965925826289068,0.,-0.258819045102521));
#4467=DIRECTION('ref_axis',(-0.258819045102521,0.,-0.965925826289068));
#4468=DIRECTION('',(0.,1.,0.));
#4469=DIRECTION('',(0.258819045102521,0.,0.965925826289068));
#4470=DIRECTION('',(0.,1.,0.));
#4471=DIRECTION('',(-0.258819045102521,0.,-0.965925826289068));
#4472=DIRECTION('center_axis',(0.,-1.,0.));
#4473=DIRECTION('ref_axis',(-1.,0.,1.83697019872103E-16));
#4474=DIRECTION('center_axis',(0.,1.,0.));
#4475=DIRECTION('ref_axis',(-1.,0.,0.));
#4476=DIRECTION('center_axis',(0.,-1.,0.));
#4477=DIRECTION('ref_axis',(1.83697019872103E-16,0.,1.));
#4478=DIRECTION('',(0.965925826289068,0.,0.258819045102521));
#4479=DIRECTION('center_axis',(0.,1.,0.));
#4480=DIRECTION('ref_axis',(1.83697019872103E-16,0.,1.));
#4481=DIRECTION('center_axis',(0.,1.,0.));
#4482=DIRECTION('ref_axis',(1.83697019872103E-16,0.,1.));
#4483=DIRECTION('',(0.,1.,0.));
#4484=DIRECTION('center_axis',(-0.258819045102521,0.,0.965925826289068));
#4485=DIRECTION('ref_axis',(0.965925826289068,0.,0.258819045102521));
#4486=DIRECTION('',(0.,-1.,0.));
#4487=DIRECTION('',(-0.965925826289068,0.,-0.258819045102521));
#4488=DIRECTION('center_axis',(0.,-1.,0.));
#4489=DIRECTION('ref_axis',(-1.,0.,1.83697019872103E-16));
#4490=DIRECTION('center_axis',(0.,-1.,0.));
#4491=DIRECTION('ref_axis',(-1.,0.,0.));
#4492=DIRECTION('center_axis',(-0.258819045102521,0.,-0.965925826289068));
#4493=DIRECTION('ref_axis',(-0.965925826289068,0.,0.258819045102521));
#4494=DIRECTION('',(0.,1.,0.));
#4495=DIRECTION('',(0.965925826289068,0.,-0.258819045102521));
#4496=DIRECTION('',(0.,1.,0.));
#4497=DIRECTION('',(-0.965925826289068,0.,0.258819045102521));
#4498=DIRECTION('center_axis',(0.,-1.,0.));
#4499=DIRECTION('ref_axis',(1.22464679914735E-16,0.,1.));
#4500=DIRECTION('center_axis',(0.,1.,0.));
#4501=DIRECTION('ref_axis',(-1.,0.,0.));
#4502=DIRECTION('center_axis',(0.,-1.,0.));
#4503=DIRECTION('ref_axis',(1.,0.,-1.22464679914735E-16));
#4504=DIRECTION('',(0.258819045102521,0.,-0.965925826289068));
#4505=DIRECTION('center_axis',(0.,1.,0.));
#4506=DIRECTION('ref_axis',(1.,0.,-1.22464679914735E-16));
#4507=DIRECTION('center_axis',(0.,1.,0.));
#4508=DIRECTION('ref_axis',(1.,0.,-1.22464679914735E-16));
#4509=DIRECTION('',(0.,1.,0.));
#4510=DIRECTION('center_axis',(0.965925826289068,0.,0.258819045102521));
#4511=DIRECTION('ref_axis',(0.258819045102521,0.,-0.965925826289068));
#4512=DIRECTION('',(0.,-1.,0.));
#4513=DIRECTION('',(-0.258819045102521,0.,0.965925826289068));
#4514=DIRECTION('center_axis',(0.,-1.,0.));
#4515=DIRECTION('ref_axis',(1.22464679914735E-16,0.,1.));
#4516=DIRECTION('center_axis',(0.,-1.,0.));
#4517=DIRECTION('ref_axis',(-1.,0.,0.));
#4518=DIRECTION('center_axis',(-0.965925826289068,0.,0.258819045102521));
#4519=DIRECTION('ref_axis',(0.258819045102521,0.,0.965925826289068));
#4520=DIRECTION('',(0.,1.,0.));
#4521=DIRECTION('',(-0.258819045102521,0.,-0.965925826289068));
#4522=DIRECTION('',(0.,1.,0.));
#4523=DIRECTION('',(0.258819045102521,0.,0.965925826289068));
#4524=DIRECTION('center_axis',(0.,-1.,0.));
#4525=DIRECTION('ref_axis',(1.,0.,-6.12323399573677E-17));
#4526=DIRECTION('center_axis',(0.,1.,0.));
#4527=DIRECTION('ref_axis',(-1.,0.,0.));
#4528=DIRECTION('center_axis',(0.,-1.,0.));
#4529=DIRECTION('ref_axis',(-6.12323399573677E-17,0.,-1.));
#4530=DIRECTION('',(-0.965925826289068,0.,-0.258819045102521));
#4531=DIRECTION('center_axis',(0.,1.,0.));
#4532=DIRECTION('ref_axis',(-6.12323399573677E-17,0.,-1.));
#4533=DIRECTION('center_axis',(0.,1.,0.));
#4534=DIRECTION('ref_axis',(-6.12323399573677E-17,0.,-1.));
#4535=DIRECTION('',(0.,1.,0.));
#4536=DIRECTION('center_axis',(0.258819045102521,0.,-0.965925826289068));
#4537=DIRECTION('ref_axis',(-0.965925826289068,0.,-0.258819045102521));
#4538=DIRECTION('',(0.,-1.,0.));
#4539=DIRECTION('',(0.965925826289068,0.,0.258819045102521));
#4540=DIRECTION('center_axis',(0.,-1.,0.));
#4541=DIRECTION('ref_axis',(1.,0.,-6.12323399573677E-17));
#4542=DIRECTION('center_axis',(0.,-1.,0.));
#4543=DIRECTION('ref_axis',(-1.,0.,0.));
#4544=DIRECTION('center_axis',(0.258819045102521,0.,0.965925826289068));
#4545=DIRECTION('ref_axis',(0.965925826289068,0.,-0.258819045102521));
#4546=DIRECTION('',(0.,1.,0.));
#4547=DIRECTION('',(-0.965925826289068,0.,0.258819045102521));
#4548=DIRECTION('',(0.,1.,0.));
#4549=DIRECTION('',(0.965925826289068,0.,-0.258819045102521));
#4550=DIRECTION('center_axis',(0.,-1.,0.));
#4551=DIRECTION('ref_axis',(0.,0.,-1.));
#4552=DIRECTION('center_axis',(0.,1.,0.));
#4553=DIRECTION('ref_axis',(-1.,0.,0.));
#4554=DIRECTION('center_axis',(0.,-1.,0.));
#4555=DIRECTION('ref_axis',(-1.,0.,0.));
#4556=DIRECTION('',(-0.258819045102521,0.,0.965925826289068));
#4557=DIRECTION('center_axis',(0.,1.,0.));
#4558=DIRECTION('ref_axis',(-1.,0.,0.));
#4559=DIRECTION('center_axis',(0.,1.,0.));
#4560=DIRECTION('ref_axis',(-1.,0.,0.));
#4561=DIRECTION('',(0.,1.,0.));
#4562=DIRECTION('center_axis',(-0.965925826289068,0.,-0.258819045102521));
#4563=DIRECTION('ref_axis',(-0.258819045102521,0.,0.965925826289068));
#4564=DIRECTION('',(0.,-1.,0.));
#4565=DIRECTION('',(0.258819045102521,0.,-0.965925826289068));
#4566=DIRECTION('center_axis',(0.,-1.,0.));
#4567=DIRECTION('ref_axis',(0.,0.,-1.));
#4568=DIRECTION('center_axis',(0.,-1.,0.));
#4569=DIRECTION('ref_axis',(-1.,0.,0.));
#4570=DIRECTION('center_axis',(0.,-1.,0.));
#4571=DIRECTION('ref_axis',(-1.,0.,0.));
#4572=DIRECTION('center_axis',(0.,-1.,0.));
#4573=DIRECTION('ref_axis',(-1.,0.,0.));
#4574=DIRECTION('',(0.,1.,0.));
#4575=DIRECTION('center_axis',(0.,1.,0.));
#4576=DIRECTION('ref_axis',(-1.,0.,0.));
#4577=DIRECTION('center_axis',(0.,1.,0.));
#4578=DIRECTION('ref_axis',(0.,0.,1.));
#4579=DIRECTION('center_axis',(0.,-1.,0.));
#4580=DIRECTION('ref_axis',(0.,0.,-1.));
#4581=DIRECTION('center_axis',(0.,1.,0.));
#4582=DIRECTION('ref_axis',(-1.,0.,0.));
#4583=DIRECTION('center_axis',(-1.,0.,-1.22464679914735E-16));
#4584=DIRECTION('ref_axis',(-1.22464679914735E-16,0.,1.));
#4585=DIRECTION('center_axis',(0.,-1.,0.));
#4586=DIRECTION('ref_axis',(-1.,0.,0.));
#4587=DIRECTION('center_axis',(0.,-1.,0.));
#4588=DIRECTION('ref_axis',(-1.,0.,0.));
#4589=DIRECTION('center_axis',(0.,1.,0.));
#4590=DIRECTION('ref_axis',(-1.,0.,0.));
#4591=DIRECTION('center_axis',(0.,-1.,0.));
#4592=DIRECTION('ref_axis',(-1.,0.,0.));
#4593=DIRECTION('',(0.,1.,0.));
#4594=DIRECTION('center_axis',(0.,1.,0.));
#4595=DIRECTION('ref_axis',(-1.,0.,0.));
#4596=DIRECTION('center_axis',(0.,1.,0.));
#4597=DIRECTION('ref_axis',(0.,0.,1.));
#4598=DIRECTION('center_axis',(0.,1.,0.));
#4599=DIRECTION('ref_axis',(3.94162020576979E-16,0.,-1.));
#4600=DIRECTION('center_axis',(0.,1.,0.));
#4601=DIRECTION('ref_axis',(3.94162020576979E-16,0.,-1.));
#4602=DIRECTION('',(0.,1.,0.));
#4603=DIRECTION('center_axis',(0.,1.,0.));
#4604=DIRECTION('ref_axis',(3.94162020576979E-16,0.,-1.));
#4605=DIRECTION('',(0.,1.,0.));
#4606=DIRECTION('center_axis',(-1.71330713676722E-16,0.,1.));
#4607=DIRECTION('ref_axis',(1.,0.,1.71330713676722E-16));
#4608=DIRECTION('',(1.,0.,1.71330713676722E-16));
#4609=DIRECTION('',(0.,1.,0.));
#4610=DIRECTION('',(1.,0.,1.71330713676722E-16));
#4611=DIRECTION('center_axis',(0.,1.,0.));
#4612=DIRECTION('ref_axis',(-1.97081010288489E-16,0.,1.));
#4613=DIRECTION('center_axis',(0.,1.,0.));
#4614=DIRECTION('ref_axis',(-1.97081010288489E-16,0.,1.));
#4615=DIRECTION('',(0.,1.,0.));
#4616=DIRECTION('center_axis',(0.,1.,0.));
#4617=DIRECTION('ref_axis',(-1.97081010288489E-16,0.,1.));
#4618=DIRECTION('center_axis',(2.74129141882755E-16,0.,-1.));
#4619=DIRECTION('ref_axis',(-1.,0.,-2.74129141882755E-16));
#4620=DIRECTION('',(-1.,0.,-2.74129141882755E-16));
#4621=DIRECTION('',(-1.,0.,-2.74129141882755E-16));
#4622=DIRECTION('center_axis',(0.,-1.,0.));
#4623=DIRECTION('ref_axis',(0.,0.,-1.));
#4624=DIRECTION('center_axis',(0.,-1.,0.));
#4625=DIRECTION('ref_axis',(1.,0.,0.));
#4626=DIRECTION('center_axis',(0.,1.,0.));
#4627=DIRECTION('ref_axis',(1.,0.,0.));
#4628=DIRECTION('',(0.,-1.,0.));
#4629=DIRECTION('center_axis',(0.,-1.,0.));
#4630=DIRECTION('ref_axis',(1.,0.,0.));
#4631=DIRECTION('center_axis',(0.,-1.,0.));
#4632=DIRECTION('ref_axis',(1.,0.,0.));
#4633=DIRECTION('center_axis',(0.,1.,0.));
#4634=DIRECTION('ref_axis',(1.,0.,0.));
#4635=DIRECTION('',(0.,1.,0.));
#4636=DIRECTION('center_axis',(0.,-1.,0.));
#4637=DIRECTION('ref_axis',(1.,0.,0.));
#4638=DIRECTION('center_axis',(0.,-1.,0.));
#4639=DIRECTION('ref_axis',(0.,0.,1.));
#4640=DIRECTION('center_axis',(0.,1.,0.));
#4641=DIRECTION('ref_axis',(0.,0.,1.));
#4642=DIRECTION('center_axis',(0.,1.,0.));
#4643=DIRECTION('ref_axis',(1.,0.,6.12323399573676E-17));
#4644=DIRECTION('',(1.,0.,-1.97372982155583E-16));
#4645=DIRECTION('center_axis',(0.,1.,0.));
#4646=DIRECTION('ref_axis',(-1.,0.,1.27825283509773E-17));
#4647=DIRECTION('',(-1.,0.,6.57909940518611E-17));
#4648=DIRECTION('center_axis',(0.,1.,0.));
#4649=DIRECTION('ref_axis',(-1.,0.,0.));
#4650=DIRECTION('center_axis',(0.,1.,0.));
#4651=DIRECTION('ref_axis',(-1.,0.,0.));
#4652=DIRECTION('center_axis',(0.,-1.,0.));
#4653=DIRECTION('ref_axis',(-1.,0.,0.));
#4654=DIRECTION('',(0.,-1.,0.));
#4655=DIRECTION('center_axis',(0.,-1.,0.));
#4656=DIRECTION('ref_axis',(-1.,0.,0.));
#4657=DIRECTION('center_axis',(0.,1.,0.));
#4658=DIRECTION('ref_axis',(-1.,0.,0.));
#4659=DIRECTION('',(0.,1.,0.));
#4660=DIRECTION('center_axis',(0.,1.,0.));
#4661=DIRECTION('ref_axis',(-1.,0.,0.));
#4662=DIRECTION('center_axis',(0.,1.,0.));
#4663=DIRECTION('ref_axis',(0.,0.,1.));
#4664=DIRECTION('center_axis',(0.,1.,0.));
#4665=DIRECTION('ref_axis',(0.,0.,1.));
#4666=DIRECTION('center_axis',(0.,-1.,0.));
#4667=DIRECTION('ref_axis',(-1.,0.,0.));
#4668=DIRECTION('center_axis',(-1.,0.,0.));
#4669=DIRECTION('ref_axis',(0.,0.,-1.));
#4670=DIRECTION('center_axis',(0.,1.,0.));
#4671=DIRECTION('ref_axis',(-1.,0.,0.));
#4672=DIRECTION('center_axis',(0.,1.,0.));
#4673=DIRECTION('ref_axis',(-1.,0.,0.));
#4674=DIRECTION('center_axis',(0.,-1.,0.));
#4675=DIRECTION('ref_axis',(-1.,0.,0.));
#4676=DIRECTION('center_axis',(0.,1.,0.));
#4677=DIRECTION('ref_axis',(-1.,0.,0.));
#4678=DIRECTION('',(0.,-1.,0.));
#4679=DIRECTION('center_axis',(0.,-1.,0.));
#4680=DIRECTION('ref_axis',(-1.,0.,0.));
#4681=DIRECTION('center_axis',(0.,1.,0.));
#4682=DIRECTION('ref_axis',(0.,0.,1.));
#4683=DIRECTION('center_axis',(0.,-1.,0.));
#4684=DIRECTION('ref_axis',(-1.,0.,0.));
#4685=DIRECTION('center_axis',(-1.,0.,0.));
#4686=DIRECTION('ref_axis',(0.,0.,-1.));
#4687=DIRECTION('center_axis',(0.,1.,0.));
#4688=DIRECTION('ref_axis',(-1.,0.,0.));
#4689=DIRECTION('center_axis',(0.,1.,0.));
#4690=DIRECTION('ref_axis',(-1.,0.,0.));
#4691=DIRECTION('center_axis',(0.,-1.,0.));
#4692=DIRECTION('ref_axis',(-1.,0.,0.));
#4693=DIRECTION('center_axis',(0.,1.,0.));
#4694=DIRECTION('ref_axis',(-1.,0.,0.));
#4695=DIRECTION('',(0.,-1.,0.));
#4696=DIRECTION('center_axis',(0.,-1.,0.));
#4697=DIRECTION('ref_axis',(-1.,0.,0.));
#4698=DIRECTION('center_axis',(0.,1.,0.));
#4699=DIRECTION('ref_axis',(0.,0.,1.));
#4700=DIRECTION('center_axis',(0.,1.,0.));
#4701=DIRECTION('ref_axis',(-1.,0.,0.));
#4702=DIRECTION('center_axis',(0.,1.,0.));
#4703=DIRECTION('ref_axis',(-1.,0.,0.));
#4704=DIRECTION('',(-0.707106781186548,-0.707106781186548,8.65956056235493E-17));
#4705=DIRECTION('center_axis',(0.,-1.,0.));
#4706=DIRECTION('ref_axis',(-1.,0.,0.));
#4707=DIRECTION('center_axis',(0.,1.,0.));
#4708=DIRECTION('ref_axis',(0.,0.,1.));
#4709=DIRECTION('center_axis',(0.,-1.,0.));
#4710=DIRECTION('ref_axis',(-1.,0.,8.67973966593194E-17));
#4711=DIRECTION('',(-1.,0.,1.97372982155583E-16));
#4712=DIRECTION('center_axis',(0.,-1.,0.));
#4713=DIRECTION('ref_axis',(1.,0.,6.12323399573676E-17));
#4714=DIRECTION('',(1.,0.,-6.57909940518611E-17));
#4715=DIRECTION('center_axis',(0.,1.,0.));
#4716=DIRECTION('ref_axis',(-1.,0.,0.));
#4717=DIRECTION('center_axis',(0.,1.,0.));
#4718=DIRECTION('ref_axis',(-1.,0.,0.));
#4719=DIRECTION('center_axis',(0.,-1.,0.));
#4720=DIRECTION('ref_axis',(-0.48123584468115,0.,0.87659116000221));
#4721=DIRECTION('center_axis',(0.,-1.,0.));
#4722=DIRECTION('ref_axis',(-0.481235844681157,0.,-0.876591160002206));
#4723=DIRECTION('center_axis',(0.,-1.,0.));
#4724=DIRECTION('ref_axis',(0.481235844681164,0.,0.876591160002202));
#4725=DIRECTION('center_axis',(0.,1.,0.));
#4726=DIRECTION('ref_axis',(0.481235844681149,0.,0.876591160002211));
#4727=DIRECTION('center_axis',(0.,-1.,0.));
#4728=DIRECTION('ref_axis',(0.48123584468115,0.,0.87659116000221));
#4729=DIRECTION('center_axis',(0.,1.,0.));
#4730=DIRECTION('ref_axis',(-0.481235844681149,0.,0.876591160002211));
#4731=DIRECTION('center_axis',(0.,-1.,0.));
#4732=DIRECTION('ref_axis',(-0.481235844681164,0.,0.876591160002202));
#4733=DIRECTION('center_axis',(0.,-1.,0.));
#4734=DIRECTION('ref_axis',(0.481235844681157,0.,-0.876591160002206));
#4735=DIRECTION('center_axis',(0.,1.,0.));
#4736=DIRECTION('ref_axis',(-1.,0.,0.));
#4737=DIRECTION('center_axis',(0.,1.,0.));
#4738=DIRECTION('ref_axis',(-1.,0.,0.));
#4739=DIRECTION('center_axis',(0.,-1.,0.));
#4740=DIRECTION('ref_axis',(-1.,0.,0.));
#4741=DIRECTION('',(0.,-1.,0.));
#4742=DIRECTION('center_axis',(0.,-1.,0.));
#4743=DIRECTION('ref_axis',(-1.,0.,0.));
#4744=DIRECTION('center_axis',(0.,1.,0.));
#4745=DIRECTION('ref_axis',(-1.,0.,0.));
#4746=DIRECTION('',(-0.707106781186548,-0.707106781186548,8.65956056235493E-17));
#4747=DIRECTION('center_axis',(0.,-1.,0.));
#4748=DIRECTION('ref_axis',(-1.,0.,0.));
#4749=DIRECTION('center_axis',(0.,-1.,0.));
#4750=DIRECTION('ref_axis',(-1.,0.,0.));
#4751=DIRECTION('',(0.,-1.,0.));
#4752=DIRECTION('center_axis',(0.,-1.,0.));
#4753=DIRECTION('ref_axis',(-1.,0.,0.));
#4754=DIRECTION('center_axis',(0.,1.,0.));
#4755=DIRECTION('ref_axis',(0.,0.,1.));
#4756=DIRECTION('center_axis',(0.,1.,0.));
#4757=DIRECTION('ref_axis',(0.,0.,1.));
#4758=DIRECTION('center_axis',(0.,-1.,0.));
#4759=DIRECTION('ref_axis',(-1.,0.,0.));
#4760=DIRECTION('center_axis',(0.,-1.,0.));
#4761=DIRECTION('ref_axis',(-1.,0.,0.));
#4762=DIRECTION('',(0.,-1.,0.));
#4763=DIRECTION('center_axis',(0.,-1.,0.));
#4764=DIRECTION('ref_axis',(-1.,0.,0.));
#4765=DIRECTION('center_axis',(0.,1.,0.));
#4766=DIRECTION('ref_axis',(0.,0.,1.));
#4767=DIRECTION('center_axis',(1.,0.,0.));
#4768=DIRECTION('ref_axis',(0.,0.,1.));
#4769=DIRECTION('',(0.,0.,1.));
#4770=DIRECTION('',(0.,-1.,0.));
#4771=DIRECTION('',(0.,0.,1.));
#4772=DIRECTION('',(0.,-1.,0.));
#4773=DIRECTION('center_axis',(-1.,0.,0.));
#4774=DIRECTION('ref_axis',(0.,0.,-1.));
#4775=DIRECTION('',(0.,0.,-1.));
#4776=DIRECTION('',(0.,-1.,0.));
#4777=DIRECTION('',(0.,0.,-1.));
#4778=DIRECTION('',(0.,-1.,0.));
#4779=DIRECTION('center_axis',(0.,-1.,0.));
#4780=DIRECTION('ref_axis',(-0.707106781186546,0.,0.707106781186549));
#4781=DIRECTION('center_axis',(0.,-1.,0.));
#4782=DIRECTION('ref_axis',(-0.707106781186546,0.,0.707106781186549));
#4783=DIRECTION('center_axis',(0.,-1.,0.));
#4784=DIRECTION('ref_axis',(-0.707106781186546,0.,0.707106781186549));
#4785=DIRECTION('center_axis',(0.,-1.,0.));
#4786=DIRECTION('ref_axis',(0.707106781186548,0.,-0.707106781186547));
#4787=DIRECTION('center_axis',(0.,-1.,0.));
#4788=DIRECTION('ref_axis',(0.707106781186548,0.,-0.707106781186547));
#4789=DIRECTION('center_axis',(0.,-1.,0.));
#4790=DIRECTION('ref_axis',(0.707106781186548,0.,-0.707106781186547));
#4791=DIRECTION('center_axis',(0.,-1.,0.));
#4792=DIRECTION('ref_axis',(0.,0.,-1.));
#4793=DIRECTION('center_axis',(0.,-1.,0.));
#4794=DIRECTION('ref_axis',(-1.,0.,0.));
#4795=DIRECTION('center_axis',(0.,-1.,0.));
#4796=DIRECTION('ref_axis',(-1.,0.,0.));
#4797=DIRECTION('',(0.,-1.,0.));
#4798=DIRECTION('center_axis',(0.,-1.,0.));
#4799=DIRECTION('ref_axis',(-1.,0.,0.));
#4800=DIRECTION('center_axis',(0.,1.,0.));
#4801=DIRECTION('ref_axis',(0.,0.,1.));
#4802=DIRECTION('center_axis',(0.,-1.,0.));
#4803=DIRECTION('ref_axis',(-1.,0.,0.));
#4804=DIRECTION('center_axis',(0.,-1.,0.));
#4805=DIRECTION('ref_axis',(-1.,0.,0.));
#4806=DIRECTION('',(0.,-1.,0.));
#4807=DIRECTION('center_axis',(0.,-1.,0.));
#4808=DIRECTION('ref_axis',(-1.,0.,0.));
#4809=DIRECTION('center_axis',(0.,1.,0.));
#4810=DIRECTION('ref_axis',(0.,0.,1.));
#4811=DIRECTION('center_axis',(0.,-1.,0.));
#4812=DIRECTION('ref_axis',(-1.,0.,0.));
#4813=DIRECTION('center_axis',(0.,-1.,0.));
#4814=DIRECTION('ref_axis',(-1.,0.,0.));
#4815=DIRECTION('',(0.,-1.,0.));
#4816=DIRECTION('center_axis',(0.,-1.,0.));
#4817=DIRECTION('ref_axis',(-1.,0.,0.));
#4818=DIRECTION('center_axis',(0.,1.,0.));
#4819=DIRECTION('ref_axis',(0.,0.,1.));
#4820=DIRECTION('center_axis',(0.,-1.,0.));
#4821=DIRECTION('ref_axis',(-1.,0.,0.));
#4822=DIRECTION('center_axis',(0.,-1.,0.));
#4823=DIRECTION('ref_axis',(-1.,0.,0.));
#4824=DIRECTION('',(0.,-1.,0.));
#4825=DIRECTION('center_axis',(0.,-1.,0.));
#4826=DIRECTION('ref_axis',(-1.,0.,0.));
#4827=DIRECTION('center_axis',(0.,1.,0.));
#4828=DIRECTION('ref_axis',(0.,0.,1.));
#4829=DIRECTION('center_axis',(0.,-1.,0.));
#4830=DIRECTION('ref_axis',(-1.,0.,0.));
#4831=DIRECTION('center_axis',(0.,-1.,0.));
#4832=DIRECTION('ref_axis',(-1.,0.,0.));
#4833=DIRECTION('',(0.,-1.,0.));
#4834=DIRECTION('center_axis',(0.,-1.,0.));
#4835=DIRECTION('ref_axis',(-1.,0.,0.));
#4836=DIRECTION('center_axis',(0.,1.,0.));
#4837=DIRECTION('ref_axis',(0.,0.,1.));
#4838=DIRECTION('center_axis',(0.,-1.,0.));
#4839=DIRECTION('ref_axis',(-1.,0.,0.));
#4840=DIRECTION('center_axis',(0.,-1.,0.));
#4841=DIRECTION('ref_axis',(-1.,0.,0.));
#4842=DIRECTION('',(0.,-1.,0.));
#4843=DIRECTION('center_axis',(0.,-1.,0.));
#4844=DIRECTION('ref_axis',(-1.,0.,0.));
#4845=DIRECTION('center_axis',(0.,1.,0.));
#4846=DIRECTION('ref_axis',(0.,0.,1.));
#4847=DIRECTION('center_axis',(0.,-1.,0.));
#4848=DIRECTION('ref_axis',(-1.,0.,0.));
#4849=DIRECTION('center_axis',(0.,-1.,0.));
#4850=DIRECTION('ref_axis',(-1.,0.,0.));
#4851=DIRECTION('',(0.,-1.,0.));
#4852=DIRECTION('center_axis',(0.,-1.,0.));
#4853=DIRECTION('ref_axis',(-1.,0.,0.));
#4854=DIRECTION('center_axis',(0.,1.,0.));
#4855=DIRECTION('ref_axis',(0.,0.,1.));
#4856=DIRECTION('center_axis',(0.,-1.,0.));
#4857=DIRECTION('ref_axis',(-1.,0.,0.));
#4858=DIRECTION('center_axis',(0.,-1.,0.));
#4859=DIRECTION('ref_axis',(-1.,0.,0.));
#4860=DIRECTION('',(0.,-1.,0.));
#4861=DIRECTION('center_axis',(0.,-1.,0.));
#4862=DIRECTION('ref_axis',(-1.,0.,0.));
#4863=DIRECTION('center_axis',(0.,1.,0.));
#4864=DIRECTION('ref_axis',(0.,0.,1.));
#4865=DIRECTION('center_axis',(0.,-1.,0.));
#4866=DIRECTION('ref_axis',(-1.,0.,0.));
#4867=DIRECTION('center_axis',(0.,-1.,0.));
#4868=DIRECTION('ref_axis',(-1.,0.,0.));
#4869=DIRECTION('',(0.,-1.,0.));
#4870=DIRECTION('center_axis',(0.,-1.,0.));
#4871=DIRECTION('ref_axis',(-1.,0.,0.));
#4872=DIRECTION('center_axis',(0.,1.,0.));
#4873=DIRECTION('ref_axis',(0.,0.,1.));
#4874=DIRECTION('center_axis',(0.,-1.,0.));
#4875=DIRECTION('ref_axis',(-1.,0.,0.));
#4876=DIRECTION('center_axis',(0.,-1.,0.));
#4877=DIRECTION('ref_axis',(-1.,0.,0.));
#4878=DIRECTION('',(0.,-1.,0.));
#4879=DIRECTION('center_axis',(0.,-1.,0.));
#4880=DIRECTION('ref_axis',(-1.,0.,0.));
#4881=DIRECTION('center_axis',(0.,1.,0.));
#4882=DIRECTION('ref_axis',(0.,0.,1.));
#4883=DIRECTION('center_axis',(0.,1.,0.));
#4884=DIRECTION('ref_axis',(-1.,0.,0.));
#4885=DIRECTION('',(-0.707106781186546,-0.707106781186549,8.65956056235491E-17));
#4886=DIRECTION('center_axis',(0.,-1.,0.));
#4887=DIRECTION('ref_axis',(-1.,0.,0.));
#4888=DIRECTION('center_axis',(0.,1.,0.));
#4889=DIRECTION('ref_axis',(-1.,0.,0.));
#4890=DIRECTION('',(-0.707106781186547,-0.707106781186548,8.65956056235493E-17));
#4891=DIRECTION('center_axis',(0.,-1.,0.));
#4892=DIRECTION('ref_axis',(-1.,0.,0.));
#4893=DIRECTION('center_axis',(0.,1.,0.));
#4894=DIRECTION('ref_axis',(-1.,0.,0.));
#4895=DIRECTION('',(-0.707106781186548,-0.707106781186548,8.65956056235493E-17));
#4896=DIRECTION('center_axis',(0.,-1.,0.));
#4897=DIRECTION('ref_axis',(-1.,0.,0.));
#4898=DIRECTION('center_axis',(0.,1.,0.));
#4899=DIRECTION('ref_axis',(0.,0.,1.));
#4900=DIRECTION('center_axis',(0.,1.,0.));
#4901=DIRECTION('ref_axis',(0.,0.,1.));
#4902=DIRECTION('center_axis',(0.,1.,0.));
#4903=DIRECTION('ref_axis',(0.,0.,1.));
#4904=DIRECTION('center_axis',(0.,1.,0.));
#4905=DIRECTION('ref_axis',(0.48123584468115,0.,0.87659116000221));
#4906=DIRECTION('',(0.,-1.,0.));
#4907=DIRECTION('center_axis',(0.,1.,0.));
#4908=DIRECTION('ref_axis',(0.48123584468115,0.,0.87659116000221));
#4909=DIRECTION('',(0.,-1.,0.));
#4910=DIRECTION('center_axis',(0.,1.,0.));
#4911=DIRECTION('ref_axis',(-0.481235844681149,0.,0.876591160002211));
#4912=DIRECTION('center_axis',(0.,-1.,0.));
#4913=DIRECTION('ref_axis',(-0.481235844681149,0.,0.876591160002211));
#4914=DIRECTION('',(0.,-1.,0.));
#4915=DIRECTION('center_axis',(0.,1.,0.));
#4916=DIRECTION('ref_axis',(-0.481235844681164,0.,0.876591160002202));
#4917=DIRECTION('center_axis',(0.,1.,0.));
#4918=DIRECTION('ref_axis',(-0.481235844681164,0.,0.876591160002202));
#4919=DIRECTION('',(0.,-1.,0.));
#4920=DIRECTION('center_axis',(0.,1.,0.));
#4921=DIRECTION('ref_axis',(0.481235844681157,0.,-0.876591160002206));
#4922=DIRECTION('center_axis',(0.,1.,0.));
#4923=DIRECTION('ref_axis',(0.481235844681157,0.,-0.876591160002206));
#4924=DIRECTION('center_axis',(0.,-1.,0.));
#4925=DIRECTION('ref_axis',(0.,0.,1.));
#4926=DIRECTION('center_axis',(0.,-1.,0.));
#4927=DIRECTION('ref_axis',(-0.48123584468115,0.,0.87659116000221));
#4928=DIRECTION('',(0.,-1.,0.));
#4929=DIRECTION('center_axis',(0.,-1.,0.));
#4930=DIRECTION('ref_axis',(-0.48123584468115,0.,0.87659116000221));
#4931=DIRECTION('',(0.,-1.,0.));
#4932=DIRECTION('center_axis',(0.,-1.,0.));
#4933=DIRECTION('ref_axis',(0.481235844681149,0.,0.876591160002211));
#4934=DIRECTION('',(0.,-1.,0.));
#4935=DIRECTION('center_axis',(0.,1.,0.));
#4936=DIRECTION('ref_axis',(0.481235844681149,0.,0.876591160002211));
#4937=DIRECTION('center_axis',(0.,-1.,0.));
#4938=DIRECTION('ref_axis',(0.481235844681164,0.,0.876591160002202));
#4939=DIRECTION('',(0.,-1.,0.));
#4940=DIRECTION('center_axis',(0.,-1.,0.));
#4941=DIRECTION('ref_axis',(0.481235844681164,0.,0.876591160002202));
#4942=DIRECTION('center_axis',(0.,-1.,0.));
#4943=DIRECTION('ref_axis',(-0.481235844681157,0.,-0.876591160002206));
#4944=DIRECTION('center_axis',(0.,-1.,0.));
#4945=DIRECTION('ref_axis',(-0.481235844681157,0.,-0.876591160002206));
#4946=DIRECTION('center_axis',(0.,1.,0.));
#4947=DIRECTION('ref_axis',(0.,0.,1.));
#4948=DIRECTION('center_axis',(0.,1.,0.));
#4949=DIRECTION('ref_axis',(-1.31581988103722E-15,0.,1.));
#4950=DIRECTION('center_axis',(0.,-1.,0.));
#4951=DIRECTION('ref_axis',(-1.31581988103722E-15,0.,1.));
#4952=DIRECTION('',(0.,1.,0.));
#4953=DIRECTION('center_axis',(0.,-1.,0.));
#4954=DIRECTION('ref_axis',(-1.31581988103722E-15,0.,1.));
#4955=DIRECTION('',(0.,1.,0.));
#4956=DIRECTION('center_axis',(-6.57909940518611E-17,0.,-1.));
#4957=DIRECTION('ref_axis',(-1.,0.,6.57909940518611E-17));
#4958=DIRECTION('',(1.,0.,-6.57909940518611E-17));
#4959=DIRECTION('',(1.,0.,-6.57909940518611E-17));
#4960=DIRECTION('',(0.,1.,0.));
#4961=DIRECTION('center_axis',(0.,1.,0.));
#4962=DIRECTION('ref_axis',(0.,0.,-1.));
#4963=DIRECTION('center_axis',(0.,-1.,0.));
#4964=DIRECTION('ref_axis',(0.,0.,-1.));
#4965=DIRECTION('center_axis',(0.,-1.,0.));
#4966=DIRECTION('ref_axis',(0.,0.,-1.));
#4967=DIRECTION('',(0.,1.,0.));
#4968=DIRECTION('center_axis',(1.97372982155583E-16,0.,1.));
#4969=DIRECTION('ref_axis',(1.,0.,-1.97372982155583E-16));
#4970=DIRECTION('',(-1.,0.,1.97372982155583E-16));
#4971=DIRECTION('',(-1.,0.,1.97372982155583E-16));
#4972=DIRECTION('center_axis',(0.,1.,0.));
#4973=DIRECTION('ref_axis',(1.30614473485312E-15,0.,-1.));
#4974=DIRECTION('',(0.,1.,0.));
#4975=DIRECTION('center_axis',(0.,1.,0.));
#4976=DIRECTION('ref_axis',(1.30614473485312E-15,0.,-1.));
#4977=DIRECTION('',(0.,1.,0.));
#4978=DIRECTION('center_axis',(-6.57909940518611E-17,0.,-1.));
#4979=DIRECTION('ref_axis',(-1.,0.,6.57909940518611E-17));
#4980=DIRECTION('',(0.,1.,0.));
#4981=DIRECTION('',(-1.,0.,6.57909940518611E-17));
#4982=DIRECTION('center_axis',(0.,1.,0.));
#4983=DIRECTION('ref_axis',(0.,0.,1.));
#4984=DIRECTION('',(0.,1.,0.));
#4985=DIRECTION('center_axis',(0.,1.,0.));
#4986=DIRECTION('ref_axis',(0.,0.,1.));
#4987=DIRECTION('center_axis',(1.97372982155583E-16,0.,1.));
#4988=DIRECTION('ref_axis',(1.,0.,-1.97372982155583E-16));
#4989=DIRECTION('',(1.,0.,-1.97372982155583E-16));
#4990=DIRECTION('center_axis',(0.,1.,0.));
#4991=DIRECTION('ref_axis',(0.,0.,1.));
#4992=DIRECTION('center_axis',(0.,1.,0.));
#4993=DIRECTION('ref_axis',(0.,0.,1.));
#4994=DIRECTION('center_axis',(1.,0.,0.));
#4995=DIRECTION('ref_axis',(0.,-1.,0.));
#4996=DIRECTION('center_axis',(0.,1.,0.));
#4997=DIRECTION('ref_axis',(1.,0.,6.12323399573676E-17));
#4998=DIRECTION('center_axis',(1.,0.,0.));
#4999=DIRECTION('ref_axis',(0.,-0.500000000000002,0.866025403784437));
#5000=DIRECTION('center_axis',(0.,-1.,0.));
#5001=DIRECTION('ref_axis',(1.,0.,6.12323399573676E-17));
#5002=DIRECTION('center_axis',(-1.,0.,6.57909940518611E-17));
#5003=DIRECTION('ref_axis',(0.,-0.866025403784439,0.5));
#5004=DIRECTION('center_axis',(1.,0.,0.));
#5005=DIRECTION('ref_axis',(0.,-0.5,0.866025403784439));
#5006=DIRECTION('',(1.,0.,-6.57909940518611E-17));
#5007=DIRECTION('',(-1.,0.,6.57909940518611E-17));
#5008=DIRECTION('center_axis',(0.,1.,0.));
#5009=DIRECTION('ref_axis',(0.,0.,1.));
#5010=DIRECTION('center_axis',(-1.,0.,0.));
#5011=DIRECTION('ref_axis',(0.,-0.500000000000002,-0.866025403784437));
#5012=DIRECTION('center_axis',(0.,-1.,0.));
#5013=DIRECTION('ref_axis',(-1.,0.,1.27825283509773E-17));
#5014=DIRECTION('center_axis',(0.,1.,0.));
#5015=DIRECTION('ref_axis',(-1.,0.,1.27825283509773E-17));
#5016=DIRECTION('center_axis',(1.,0.,-1.97372982155583E-16));
#5017=DIRECTION('ref_axis',(0.,-0.866025403784439,-0.5));
#5018=DIRECTION('',(-1.,0.,1.97372982155583E-16));
#5019=DIRECTION('',(1.,0.,-1.97372982155583E-16));
#5020=DIRECTION('center_axis',(-1.,0.,6.57909940518611E-17));
#5021=DIRECTION('ref_axis',(0.,0.707106781186547,-0.707106781186548));
#5022=DIRECTION('center_axis',(-1.,0.,0.));
#5023=DIRECTION('ref_axis',(0.,1.,0.));
#5024=DIRECTION('center_axis',(-1.,0.,0.));
#5025=DIRECTION('ref_axis',(0.,1.,0.));
#5026=DIRECTION('center_axis',(0.,1.,0.));
#5027=DIRECTION('ref_axis',(0.,0.,1.));
#5028=DIRECTION('center_axis',(-1.,0.,0.));
#5029=DIRECTION('ref_axis',(0.,0.,1.));
#5030=DIRECTION('center_axis',(0.,1.,0.));
#5031=DIRECTION('ref_axis',(0.,0.,1.));
#5032=DIRECTION('center_axis',(0.,1.,0.));
#5033=DIRECTION('ref_axis',(0.,0.,1.));
#5034=DIRECTION('center_axis',(1.,0.,0.));
#5035=DIRECTION('ref_axis',(0.,1.,0.));
#5036=DIRECTION('center_axis',(1.,0.,-1.97372982155583E-16));
#5037=DIRECTION('ref_axis',(0.,0.707106781186547,0.707106781186548));
#5038=DIRECTION('center_axis',(0.,1.,0.));
#5039=DIRECTION('ref_axis',(0.,0.,1.));
#5040=DIRECTION('center_axis',(1.31581988103722E-16,0.,1.));
#5041=DIRECTION('ref_axis',(-1.,0.,1.31581988103722E-16));
#5042=DIRECTION('',(1.,0.,-1.97372982155583E-16));
#5043=DIRECTION('',(0.,-1.,0.));
#5044=DIRECTION('',(1.,0.,-1.31581988103722E-16));
#5045=DIRECTION('',(0.,-1.,0.));
#5046=DIRECTION('center_axis',(0.,-1.,0.));
#5047=DIRECTION('ref_axis',(0.,0.,-1.));
#5048=DIRECTION('center_axis',(0.,1.,0.));
#5049=DIRECTION('ref_axis',(1.,0.,6.12323399573676E-17));
#5050=DIRECTION('center_axis',(0.,1.,0.));
#5051=DIRECTION('ref_axis',(0.,0.,-1.));
#5052=DIRECTION('',(0.,-1.,0.));
#5053=DIRECTION('center_axis',(-1.31581988103722E-16,0.,-1.));
#5054=DIRECTION('ref_axis',(1.,0.,-1.31581988103722E-16));
#5055=DIRECTION('',(-1.,0.,6.57909940518611E-17));
#5056=DIRECTION('',(-1.,0.,1.31581988103722E-16));
#5057=DIRECTION('',(0.,-1.,0.));
#5058=DIRECTION('center_axis',(0.,-1.,0.));
#5059=DIRECTION('ref_axis',(1.39518516399907E-15,0.,1.));
#5060=DIRECTION('center_axis',(0.,1.,0.));
#5061=DIRECTION('ref_axis',(-1.,0.,8.67973966593194E-17));
#5062=DIRECTION('center_axis',(0.,1.,0.));
#5063=DIRECTION('ref_axis',(1.39518516399907E-15,0.,1.));
#5064=DIRECTION('center_axis',(0.,-1.,0.));
#5065=DIRECTION('ref_axis',(0.,0.,-1.));
#5066=DIRECTION('',(0.,-1.,0.));
#5067=DIRECTION('center_axis',(0.,-1.,0.));
#5068=DIRECTION('ref_axis',(0.,0.,-1.));
#5069=DIRECTION('',(0.,-1.,0.));
#5070=DIRECTION('center_axis',(-6.57909940518611E-17,0.,-1.));
#5071=DIRECTION('ref_axis',(1.,0.,-6.57909940518611E-17));
#5072=DIRECTION('',(0.,-1.,0.));
#5073=DIRECTION('',(1.,0.,-6.57909940518611E-17));
#5074=DIRECTION('center_axis',(0.,-1.,0.));
#5075=DIRECTION('ref_axis',(1.31581988103722E-15,0.,1.));
#5076=DIRECTION('',(0.,-1.,0.));
#5077=DIRECTION('center_axis',(0.,-1.,0.));
#5078=DIRECTION('ref_axis',(1.31581988103722E-15,0.,1.));
#5079=DIRECTION('center_axis',(1.97372982155583E-16,0.,1.));
#5080=DIRECTION('ref_axis',(-1.,0.,1.97372982155583E-16));
#5081=DIRECTION('',(-1.,0.,1.97372982155583E-16));
#5082=DIRECTION('center_axis',(0.,1.,0.));
#5083=DIRECTION('ref_axis',(0.,0.,1.));
#5084=DIRECTION('center_axis',(0.,-1.,0.));
#5085=DIRECTION('ref_axis',(0.,0.,-1.));
#5086=DIRECTION('center_axis',(-1.,0.,0.));
#5087=DIRECTION('ref_axis',(0.,1.,0.));
#5088=DIRECTION('center_axis',(0.,-1.,0.));
#5089=DIRECTION('ref_axis',(-1.,0.,8.67973966593195E-17));
#5090=DIRECTION('center_axis',(-1.,0.,0.));
#5091=DIRECTION('ref_axis',(0.,0.499999999999999,0.866025403784439));
#5092=DIRECTION('center_axis',(1.,0.,-6.57909940518611E-17));
#5093=DIRECTION('ref_axis',(0.,0.866025403784439,0.499999999999999));
#5094=DIRECTION('center_axis',(-1.,0.,0.));
#5095=DIRECTION('ref_axis',(0.,0.500000000000003,0.866025403784437));
#5096=DIRECTION('',(1.,0.,-6.57909940518611E-17));
#5097=DIRECTION('center_axis',(0.,-1.,0.));
#5098=DIRECTION('ref_axis',(0.,0.,-1.));
#5099=DIRECTION('center_axis',(1.,0.,0.));
#5100=DIRECTION('ref_axis',(0.,0.500000000000003,-0.866025403784437));
#5101=DIRECTION('center_axis',(0.,-1.,0.));
#5102=DIRECTION('ref_axis',(1.,0.,6.12323399573676E-17));
#5103=DIRECTION('center_axis',(-1.,0.,1.97372982155583E-16));
#5104=DIRECTION('ref_axis',(0.,0.866025403784439,-0.499999999999999));
#5105=DIRECTION('',(-1.,0.,1.97372982155583E-16));
#5106=DIRECTION('center_axis',(1.,0.,-6.57909940518611E-17));
#5107=DIRECTION('ref_axis',(0.,-0.707106781186546,-0.707106781186549));
#5108=DIRECTION('center_axis',(1.,0.,0.));
#5109=DIRECTION('ref_axis',(0.,-1.,0.));
#5110=DIRECTION('center_axis',(1.,0.,0.));
#5111=DIRECTION('ref_axis',(0.,-1.,0.));
#5112=DIRECTION('center_axis',(0.,-1.,0.));
#5113=DIRECTION('ref_axis',(0.,0.,-1.));
#5114=DIRECTION('center_axis',(1.,0.,0.));
#5115=DIRECTION('ref_axis',(0.,0.,1.));
#5116=DIRECTION('center_axis',(0.,-1.,0.));
#5117=DIRECTION('ref_axis',(0.,0.,-1.));
#5118=DIRECTION('center_axis',(-1.,0.,0.));
#5119=DIRECTION('ref_axis',(0.,-1.,0.));
#5120=DIRECTION('center_axis',(-1.,0.,1.97372982155583E-16));
#5121=DIRECTION('ref_axis',(0.,-0.707106781186546,0.707106781186549));
#5122=DIRECTION('center_axis',(-6.57909940518611E-17,0.,-1.));
#5123=DIRECTION('ref_axis',(-1.,0.,6.57909940518611E-17));
#5124=DIRECTION('center_axis',(1.97372982155583E-16,0.,1.));
#5125=DIRECTION('ref_axis',(1.,0.,-1.97372982155583E-16));
#5126=DIRECTION('axis',(0.,0.,1.));
#5127=DIRECTION('refdir',(1.,0.,0.));
#5128=DIRECTION('center_axis',(-1.,0.,0.));
#5129=DIRECTION('ref_axis',(0.,0.,-1.));
#5130=DIRECTION('center_axis',(-1.,0.,0.));
#5131=DIRECTION('ref_axis',(0.,0.,-1.));
#5132=DIRECTION('',(-1.,0.,0.));
#5133=DIRECTION('center_axis',(-1.,0.,0.));
#5134=DIRECTION('ref_axis',(0.,0.,-1.));
#5135=DIRECTION('center_axis',(1.,0.,0.));
#5136=DIRECTION('ref_axis',(0.,0.,-1.));
#5137=DIRECTION('center_axis',(-1.,0.,0.));
#5138=DIRECTION('ref_axis',(0.,0.,-1.));
#5139=DIRECTION('center_axis',(-1.,0.,0.));
#5140=DIRECTION('ref_axis',(0.,0.,-1.));
#5141=DIRECTION('',(1.,0.,0.));
#5142=DIRECTION('center_axis',(1.,0.,0.));
#5143=DIRECTION('ref_axis',(0.,0.,-1.));
#5144=DIRECTION('center_axis',(1.,0.,0.));
#5145=DIRECTION('ref_axis',(0.,0.,-1.));
#5146=DIRECTION('center_axis',(1.,0.,0.));
#5147=DIRECTION('ref_axis',(0.,0.,-1.));
#5148=DIRECTION('center_axis',(-1.,0.,0.));
#5149=DIRECTION('ref_axis',(0.,0.707106781186546,-0.707106781186549));
#5150=DIRECTION('',(0.,1.,0.));
#5151=DIRECTION('',(0.,0.,1.));
#5152=DIRECTION('',(0.,1.,0.));
#5153=DIRECTION('center_axis',(1.,0.,0.));
#5154=DIRECTION('ref_axis',(0.,0.707106781186547,0.707106781186547));
#5155=DIRECTION('',(-1.,0.,0.));
#5156=DIRECTION('center_axis',(1.,0.,0.));
#5157=DIRECTION('ref_axis',(0.,0.707106781186547,0.707106781186547));
#5158=DIRECTION('',(1.,0.,0.));
#5159=DIRECTION('center_axis',(-1.,0.,0.));
#5160=DIRECTION('ref_axis',(0.,0.,1.));
#5161=DIRECTION('center_axis',(1.,0.,0.));
#5162=DIRECTION('ref_axis',(0.,0.707106781186547,0.707106781186547));
#5163=DIRECTION('',(0.,1.,0.));
#5164=DIRECTION('',(0.,0.,-1.));
#5165=DIRECTION('',(0.,1.,0.));
#5166=DIRECTION('center_axis',(-1.,0.,0.));
#5167=DIRECTION('ref_axis',(0.,0.707106781186546,-0.707106781186549));
#5168=DIRECTION('',(1.,0.,0.));
#5169=DIRECTION('center_axis',(-1.,0.,0.));
#5170=DIRECTION('ref_axis',(0.,0.707106781186546,-0.707106781186549));
#5171=DIRECTION('',(-1.,0.,0.));
#5172=DIRECTION('center_axis',(0.,0.,-1.));
#5173=DIRECTION('ref_axis',(-1.,0.,0.));
#5174=DIRECTION('',(0.,1.,0.));
#5175=DIRECTION('',(1.,0.,0.));
#5176=DIRECTION('center_axis',(1.,0.,0.));
#5177=DIRECTION('ref_axis',(0.,0.,-1.));
#5178=DIRECTION('',(0.,1.,0.));
#5179=DIRECTION('',(0.,0.,1.));
#5180=DIRECTION('center_axis',(0.,0.,1.));
#5181=DIRECTION('ref_axis',(1.,0.,0.));
#5182=DIRECTION('',(-1.,0.,0.));
#5183=DIRECTION('center_axis',(-1.,0.,0.));
#5184=DIRECTION('ref_axis',(0.,0.,1.));
#5185=DIRECTION('',(0.,1.,0.));
#5186=DIRECTION('',(0.,0.,-1.));
#5187=DIRECTION('',(0.,1.,0.));
#5188=DIRECTION('center_axis',(0.,0.,-1.));
#5189=DIRECTION('ref_axis',(-1.,0.,0.));
#5190=DIRECTION('',(1.,0.,0.));
#5191=DIRECTION('center_axis',(0.,0.,1.));
#5192=DIRECTION('ref_axis',(1.,0.,0.));
#5193=DIRECTION('',(-1.,0.,0.));
#5194=DIRECTION('center_axis',(-1.,0.,0.));
#5195=DIRECTION('ref_axis',(0.,-5.9875154646944E-16,1.));
#5196=DIRECTION('center_axis',(1.,0.,0.));
#5197=DIRECTION('ref_axis',(0.,-5.9875154646944E-16,1.));
#5198=DIRECTION('',(1.,0.,0.));
#5199=DIRECTION('center_axis',(-1.,0.,0.));
#5200=DIRECTION('ref_axis',(0.,-5.9875154646944E-16,1.));
#5201=DIRECTION('center_axis',(1.,0.,0.));
#5202=DIRECTION('ref_axis',(0.,0.,-1.));
#5203=DIRECTION('center_axis',(-1.,0.,0.));
#5204=DIRECTION('ref_axis',(0.,-5.9875154646944E-16,1.));
#5205=DIRECTION('center_axis',(-1.,0.,0.));
#5206=DIRECTION('ref_axis',(0.,-5.9875154646944E-16,1.));
#5207=DIRECTION('',(-1.,0.,0.));
#5208=DIRECTION('center_axis',(-1.,0.,0.));
#5209=DIRECTION('ref_axis',(0.,-5.9875154646944E-16,1.));
#5210=DIRECTION('center_axis',(1.,0.,0.));
#5211=DIRECTION('ref_axis',(0.,0.,-1.));
#5212=DIRECTION('center_axis',(-1.,0.,-4.44295379399668E-16));
#5213=DIRECTION('ref_axis',(4.44295379399668E-16,0.,-1.));
#5214=DIRECTION('',(-4.44295379399668E-16,0.,1.));
#5215=DIRECTION('',(0.,-1.,0.));
#5216=DIRECTION('',(4.44295379399668E-16,0.,-1.));
#5217=DIRECTION('',(0.,-1.,0.));
#5218=DIRECTION('center_axis',(-2.49519410167184E-16,0.,1.));
#5219=DIRECTION('ref_axis',(-1.,0.,-2.49519410167184E-16));
#5220=DIRECTION('',(1.,0.,2.49519410167184E-16));
#5221=DIRECTION('',(-1.,0.,-2.49519410167184E-16));
#5222=DIRECTION('',(0.,-1.,0.));
#5223=DIRECTION('center_axis',(1.,0.,7.42210378579492E-17));
#5224=DIRECTION('ref_axis',(-7.42210378579492E-17,0.,1.));
#5225=DIRECTION('',(7.42210378579492E-17,0.,-1.));
#5226=DIRECTION('',(-7.42210378579492E-17,0.,1.));
#5227=DIRECTION('',(0.,-1.,0.));
#5228=DIRECTION('center_axis',(1.91086619397439E-16,0.,-1.));
#5229=DIRECTION('ref_axis',(1.,0.,1.91086619397439E-16));
#5230=DIRECTION('',(-1.,0.,-1.91086619397439E-16));
#5231=DIRECTION('',(1.,0.,1.91086619397439E-16));
#5232=DIRECTION('center_axis',(0.,-1.,0.));
#5233=DIRECTION('ref_axis',(0.,0.,-1.));
#5234=DIRECTION('center_axis',(-0.999133073092352,0.,0.0416305447121821));
#5235=DIRECTION('ref_axis',(0.0416305447121821,-1.99666897634091E-16,0.999133073092352));
#5236=DIRECTION('',(0.0416305447121821,-1.99666897634091E-16,0.999133073092352));
#5237=DIRECTION('',(0.,1.,0.));
#5238=DIRECTION('',(0.0416305447121821,-1.99666897634091E-16,0.999133073092352));
#5239=DIRECTION('',(0.,1.,0.));
#5240=DIRECTION('center_axis',(0.999133073092352,0.,0.0416305447121815));
#5241=DIRECTION('ref_axis',(0.0416305447121815,1.99666897634091E-16,-0.999133073092352));
#5242=DIRECTION('',(0.0416305447121815,1.99666897634091E-16,-0.999133073092352));
#5243=DIRECTION('',(0.,1.,0.));
#5244=DIRECTION('',(0.0416305447121815,1.99666897634091E-16,-0.999133073092352));
#5245=DIRECTION('',(0.,1.,0.));
#5246=DIRECTION('center_axis',(0.,1.,0.));
#5247=DIRECTION('ref_axis',(0.,0.,1.));
#5248=DIRECTION('',(1.,6.46594357403889E-32,-3.2355578967378E-16));
#5249=DIRECTION('',(1.,0.,0.));
#5250=DIRECTION('',(1.,6.46594357403889E-32,-3.2355578967378E-16));
#5251=DIRECTION('',(-1.,-6.07549642523526E-32,3.04017815964226E-16));
#5252=DIRECTION('center_axis',(0.,1.,1.99840144432528E-16));
#5253=DIRECTION('ref_axis',(0.,-1.99840144432528E-16,1.));
#5254=DIRECTION('',(1.,0.,0.));
#5255=DIRECTION('',(0.0416305447121815,0.,0.999133073092352));
#5256=DIRECTION('',(1.,0.,0.));
#5257=DIRECTION('center_axis',(1.,0.,0.));
#5258=DIRECTION('ref_axis',(0.,0.,-1.));
#5259=DIRECTION('',(0.,-1.,0.));
#5260=DIRECTION('',(0.,0.,-1.));
#5261=DIRECTION('',(0.,1.,0.));
#5262=DIRECTION('',(0.,1.,0.));
#5263=DIRECTION('',(0.,0.,-1.));
#5264=DIRECTION('center_axis',(1.,0.,0.));
#5265=DIRECTION('ref_axis',(2.33442158226763E-18,-6.60274132387868E-18,
1.));
#5266=DIRECTION('center_axis',(0.,0.,-1.));
#5267=DIRECTION('ref_axis',(-1.,0.,0.));
#5268=DIRECTION('',(-1.,0.,0.));
#5269=DIRECTION('',(0.,1.,0.));
#5270=DIRECTION('center_axis',(-1.,0.,0.));
#5271=DIRECTION('ref_axis',(0.,0.,1.));
#5272=DIRECTION('center_axis',(-1.,0.,0.));
#5273=DIRECTION('ref_axis',(0.,-6.60274132387871E-18,1.));
#5274=DIRECTION('',(0.,0.,1.));
#5275=DIRECTION('',(0.,1.,0.));
#5276=DIRECTION('',(0.,0.,1.));
#5277=DIRECTION('',(0.,1.,0.));
#5278=DIRECTION('center_axis',(0.,1.,0.));
#5279=DIRECTION('ref_axis',(0.,0.,1.));
#5280=DIRECTION('',(1.,0.,0.));
#5281=DIRECTION('center_axis',(-0.00297138715489296,0.,0.999995585419444));
#5282=DIRECTION('ref_axis',(0.999995585419444,-3.16969423027684E-16,0.00297138715489296));
#5283=DIRECTION('center_axis',(-1.,0.,0.));
#5284=DIRECTION('ref_axis',(0.,0.,1.));
#5285=DIRECTION('center_axis',(0.,0.,-1.));
#5286=DIRECTION('ref_axis',(1.,-3.41310936126652E-16,0.));
#5287=DIRECTION('center_axis',(0.0416305447121813,0.,-0.999133073092352));
#5288=DIRECTION('ref_axis',(0.706493771291357,0.707106781186547,0.0294372404704733));
#5289=DIRECTION('',(0.0416305447121813,0.,-0.999133073092352));
#5290=DIRECTION('center_axis',(0.,0.,1.));
#5291=DIRECTION('ref_axis',(1.,-6.56048377940586E-14,0.));
#5292=DIRECTION('',(0.0416305447121813,0.,-0.999133073092352));
#5293=DIRECTION('center_axis',(0.,0.,-1.));
#5294=DIRECTION('ref_axis',(1.,-6.56048377940586E-14,0.));
#5295=DIRECTION('',(0.0416305447121813,0.,-0.999133073092352));
#5296=DIRECTION('center_axis',(0.,0.,1.));
#5297=DIRECTION('ref_axis',(1.,-6.56048377940586E-14,0.));
#5298=DIRECTION('',(-0.0416305447121813,0.,0.999133073092352));
#5299=DIRECTION('center_axis',(0.,0.,1.));
#5300=DIRECTION('ref_axis',(0.,-1.,0.));
#5301=DIRECTION('',(1.,0.,0.));
#5302=DIRECTION('center_axis',(0.,0.,1.));
#5303=DIRECTION('ref_axis',(-1.,-6.56048377940586E-14,0.));
#5304=DIRECTION('center_axis',(0.,-1.,0.));
#5305=DIRECTION('ref_axis',(0.,0.,-1.));
#5306=DIRECTION('',(0.0416305447121815,0.,0.999133073092352));
#5307=DIRECTION('center_axis',(0.,-1.,0.));
#5308=DIRECTION('ref_axis',(0.,0.,-1.));
#5309=DIRECTION('',(1.,0.,0.));
#5310=DIRECTION('center_axis',(0.,1.,1.99840144432528E-16));
#5311=DIRECTION('ref_axis',(0.,-1.99840144432528E-16,1.));
#5312=DIRECTION('',(1.,0.,0.));
#5313=DIRECTION('',(1.,0.,0.));
#5314=DIRECTION('center_axis',(0.,0.,1.));
#5315=DIRECTION('ref_axis',(0.,-1.,0.));
#5316=DIRECTION('center_axis',(0.,0.,-1.));
#5317=DIRECTION('ref_axis',(0.,1.,0.));
#5318=DIRECTION('center_axis',(0.,0.,-1.));
#5319=DIRECTION('ref_axis',(-1.,-6.56048377940586E-14,0.));
#5320=DIRECTION('',(-1.,0.,0.));
#5321=DIRECTION('center_axis',(0.0416305447121815,0.,0.999133073092352));
#5322=DIRECTION('ref_axis',(-0.706493771291357,0.707106781186547,0.0294372404704733));
#5323=DIRECTION('center_axis',(0.00297138715489296,0.,0.999995585419444));
#5324=DIRECTION('ref_axis',(-0.999995585419444,-3.16969423027684E-16,0.00297138715489296));
#5325=DIRECTION('',(-0.0416305447121815,0.,-0.999133073092352));
#5326=DIRECTION('center_axis',(0.,0.,1.));
#5327=DIRECTION('ref_axis',(-1.,6.47332759393066E-14,0.));
#5328=DIRECTION('',(0.0416305447121815,0.,0.999133073092352));
#5329=DIRECTION('center_axis',(1.,0.,0.));
#5330=DIRECTION('ref_axis',(0.,0.707106781186548,0.707106781186548));
#5331=DIRECTION('center_axis',(1.,0.,0.));
#5332=DIRECTION('ref_axis',(0.,1.,0.));
#5333=DIRECTION('',(1.,0.,0.));
#5334=DIRECTION('',(-1.,0.,0.));
#5335=DIRECTION('center_axis',(0.,0.,-1.));
#5336=DIRECTION('ref_axis',(-1.,-3.41310936126652E-16,0.));
#5337=DIRECTION('center_axis',(0.,1.,0.));
#5338=DIRECTION('ref_axis',(0.,0.,1.));
#5339=DIRECTION('',(-1.,0.,0.));
#5340=DIRECTION('center_axis',(0.,0.,1.));
#5341=DIRECTION('ref_axis',(1.,0.,0.));
#5342=DIRECTION('center_axis',(1.,1.02558009940456E-14,0.));
#5343=DIRECTION('ref_axis',(0.,0.,1.));
#5344=DIRECTION('center_axis',(1.,-1.02558009940457E-14,0.));
#5345=DIRECTION('ref_axis',(8.88178419700126E-15,0.866025403784439,0.499999999999999));
#5346=DIRECTION('center_axis',(1.,-1.20708291913795E-17,0.));
#5347=DIRECTION('ref_axis',(0.,-0.500000000000007,0.866025403784435));
#5348=DIRECTION('center_axis',(1.,0.,0.));
#5349=DIRECTION('ref_axis',(0.,5.5511151231258E-16,1.));
#5350=DIRECTION('',(-1.,1.20708291913795E-17,0.));
#5351=DIRECTION('',(1.,-1.20708291913795E-17,8.79542747796604E-17));
#5352=DIRECTION('center_axis',(-1.,1.02558009940456E-14,0.));
#5353=DIRECTION('ref_axis',(0.,0.,1.));
#5354=DIRECTION('center_axis',(-1.,4.82833167655181E-17,0.));
#5355=DIRECTION('ref_axis',(0.,0.500000000000001,0.866025403784438));
#5356=DIRECTION('',(1.,-4.82833167655181E-17,0.));
#5357=DIRECTION('',(-1.,4.82833167655181E-17,-8.79542747796604E-17));
#5358=DIRECTION('center_axis',(-1.,4.82833167655181E-17,0.));
#5359=DIRECTION('ref_axis',(0.,-0.707106781186548,-0.707106781186548));
#5360=DIRECTION('center_axis',(-1.,0.,0.));
#5361=DIRECTION('ref_axis',(0.,0.,-1.));
#5362=DIRECTION('',(1.,-4.82833167655181E-17,0.));
#5363=DIRECTION('center_axis',(1.,-5.32907051820075E-14,0.));
#5364=DIRECTION('ref_axis',(-5.32907051820075E-14,-1.,0.));
#5365=DIRECTION('center_axis',(-1.,4.44089209850063E-14,0.));
#5366=DIRECTION('ref_axis',(4.44089209850063E-14,1.,0.));
#5367=DIRECTION('center_axis',(-8.79542747796604E-17,3.4272912170194E-16,
1.));
#5368=DIRECTION('ref_axis',(1.,0.,8.79542747796604E-17));
#5369=DIRECTION('center_axis',(1.,-1.20708291913795E-17,0.));
#5370=DIRECTION('ref_axis',(0.,0.707106781186549,-0.707106781186546));
#5371=DIRECTION('center_axis',(-1.,0.,0.));
#5372=DIRECTION('ref_axis',(0.,1.,0.));
#5373=DIRECTION('',(-1.,1.20708291913795E-17,0.));
#5374=DIRECTION('center_axis',(0.,0.,-1.));
#5375=DIRECTION('ref_axis',(-1.,0.,0.));
#5376=DIRECTION('',(-1.,0.,0.));
#5377=DIRECTION('center_axis',(0.,-1.,0.));
#5378=DIRECTION('ref_axis',(0.,0.,-1.));
#5379=DIRECTION('axis',(0.,0.,1.));
#5380=DIRECTION('refdir',(1.,0.,0.));
#5381=DIRECTION('center_axis',(0.,-1.,0.));
#5382=DIRECTION('ref_axis',(-1.,0.,0.));
#5383=DIRECTION('center_axis',(0.,-1.,0.));
#5384=DIRECTION('ref_axis',(-1.,0.,0.));
#5385=DIRECTION('',(0.,-1.,0.));
#5386=DIRECTION('center_axis',(0.,-1.,0.));
#5387=DIRECTION('ref_axis',(-1.,0.,0.));
#5388=DIRECTION('center_axis',(0.,1.,0.));
#5389=DIRECTION('ref_axis',(0.,0.,1.));
#5390=DIRECTION('center_axis',(0.,0.,-1.));
#5391=DIRECTION('ref_axis',(-1.,0.,0.));
#5392=DIRECTION('',(0.,-1.,0.));
#5393=DIRECTION('center_axis',(0.,0.,-1.));
#5394=DIRECTION('ref_axis',(1.,-9.1587659968648E-14,0.));
#5395=DIRECTION('',(1.,0.,0.));
#5396=DIRECTION('center_axis',(0.,0.,-1.));
#5397=DIRECTION('ref_axis',(-1.,-9.1587659968648E-14,0.));
#5398=DIRECTION('',(0.,1.,0.));
#5399=DIRECTION('',(-0.999998388853141,0.00179507412749541,0.));
#5400=DIRECTION('center_axis',(0.0430634628795159,0.,0.999072338804766));
#5401=DIRECTION('ref_axis',(-0.706450825664754,0.707106781186547,0.0304504666234809));
#5402=DIRECTION('',(-0.0430634628795159,0.,-0.999072338804766));
#5403=DIRECTION('center_axis',(-0.00614772889562379,1.19574755375886E-16,
-0.999981102536156));
#5404=DIRECTION('ref_axis',(-0.999981102536156,-8.32099557063028E-14,0.00614772889562379));
#5405=DIRECTION('center_axis',(0.,0.,-1.));
#5406=DIRECTION('ref_axis',(-1.,-9.1587659968648E-14,0.));
#5407=DIRECTION('center_axis',(1.,0.,0.));
#5408=DIRECTION('ref_axis',(2.41477208256916E-18,-6.83000685841847E-18,
1.));
#5409=DIRECTION('center_axis',(0.,1.,0.));
#5410=DIRECTION('ref_axis',(0.,0.,1.));
#5411=DIRECTION('',(-0.0430634628795158,0.,0.999072338804766));
#5412=DIRECTION('',(1.,0.,-7.40148683083438E-17));
#5413=DIRECTION('center_axis',(0.0430634628795158,0.,-0.999072338804766));
#5414=DIRECTION('ref_axis',(0.706450825664754,0.707106781186547,0.0304504666234809));
#5415=DIRECTION('center_axis',(-1.,0.,0.));
#5416=DIRECTION('ref_axis',(2.41477208256916E-18,-3.41500342920922E-18,
1.));
#5417=DIRECTION('center_axis',(-2.22044604925031E-16,0.,-1.));
#5418=DIRECTION('ref_axis',(1.,-9.1587659968648E-14,-2.24090849262418E-16));
#5419=DIRECTION('center_axis',(0.00614772889562379,-5.10926212656465E-16,
-0.999981102536156));
#5420=DIRECTION('ref_axis',(0.999981102536156,-8.32099557063028E-14,0.00614772889562379));
#5421=DIRECTION('center_axis',(1.,0.,0.));
#5422=DIRECTION('ref_axis',(0.,6.30804798219493E-16,-1.));
#5423=DIRECTION('center_axis',(1.,0.,0.));
#5424=DIRECTION('ref_axis',(0.,6.30804798219493E-16,-1.));
#5425=DIRECTION('',(1.,0.,0.));
#5426=DIRECTION('center_axis',(-1.,0.,0.));
#5427=DIRECTION('ref_axis',(0.,6.30804798219493E-16,-1.));
#5428=DIRECTION('center_axis',(1.,0.,0.));
#5429=DIRECTION('ref_axis',(0.,0.,1.));
#5430=DIRECTION('',(0.,-1.,0.));
#5431=DIRECTION('',(0.,-9.16292339386957E-20,-1.));
#5432=DIRECTION('center_axis',(0.,0.,-1.));
#5433=DIRECTION('ref_axis',(1.,0.,0.));
#5434=DIRECTION('',(-0.999998388853141,0.00179507412749541,0.));
#5435=DIRECTION('center_axis',(-1.,0.,0.));
#5436=DIRECTION('ref_axis',(0.,0.,-1.));
#5437=DIRECTION('',(0.,9.16292339386957E-20,1.));
#5438=DIRECTION('',(0.,-1.,0.));
#5439=DIRECTION('center_axis',(-2.22044604925031E-16,0.,-1.));
#5440=DIRECTION('ref_axis',(1.,0.,-2.22044604925031E-16));
#5441=DIRECTION('',(-0.999998388853141,0.00179507412749541,2.22044247178563E-16));
#5442=DIRECTION('center_axis',(0.00179507412749541,0.999998388853141,-9.16290863105432E-20));
#5443=DIRECTION('ref_axis',(-0.999998388853141,0.00179507412749541,7.40147490595211E-17));
#5444=DIRECTION('',(-0.999998388853141,0.00179507412749541,7.40147490595211E-17));
#5445=DIRECTION('center_axis',(-0.0430747877849528,7.7322561678215E-5,0.999071847605818));
#5446=DIRECTION('ref_axis',(-0.00179507412749746,-0.999998388853141,0.));
#5447=DIRECTION('center_axis',(0.812652878047219,-0.582748058599573,-2.9488116233458E-14));
#5448=DIRECTION('ref_axis',(-4.44089209850064E-15,4.44089209850064E-14,
-1.));
#5449=DIRECTION('center_axis',(1.,-7.88860905221012E-29,-4.44089209850062E-15));
#5450=DIRECTION('ref_axis',(-4.44089209850062E-15,0.,-1.));
#5451=DIRECTION('center_axis',(7.40148683083438E-17,0.,1.));
#5452=DIRECTION('ref_axis',(1.,-8.31894835355367E-14,-7.40148683083438E-17));
#5453=DIRECTION('center_axis',(-1.,0.,7.40148683083438E-17));
#5454=DIRECTION('ref_axis',(0.,0.707106781186549,-0.707106781186546));
#5455=DIRECTION('center_axis',(1.,0.,0.));
#5456=DIRECTION('ref_axis',(0.,0.,-1.));
#5457=DIRECTION('',(-1.,0.,7.40148683083438E-17));
#5458=DIRECTION('center_axis',(0.828425214285543,0.560099691426403,-1.1916046942912E-15));
#5459=DIRECTION('ref_axis',(-4.44089209850062E-15,4.44089209850062E-15,
-1.));
#5460=DIRECTION('center_axis',(7.40148683083438E-17,0.,1.));
#5461=DIRECTION('ref_axis',(-1.,-8.31894835355367E-14,7.40148683083438E-17));
#5462=DIRECTION('center_axis',(-0.0430507691392331,7.72794463638692E-5,
-0.999072882879126));
#5463=DIRECTION('ref_axis',(-0.00179507412750191,-0.999998388853141,-4.44089209850064E-15));
#5464=DIRECTION('center_axis',(-7.40148683083438E-17,0.,-1.));
#5465=DIRECTION('ref_axis',(-1.,0.,7.40148683083438E-17));
#5466=DIRECTION('',(0.999998388853141,-0.00179507412749541,-7.40147490595211E-17));
#5467=DIRECTION('center_axis',(-0.999998388853141,0.00179507412749541,7.40147490595211E-17));
#5468=DIRECTION('ref_axis',(-0.00126930908828535,-0.707105641933678,-0.707106781186547));
#5469=DIRECTION('',(-1.112409425354E-15,-0.9999996908435,0.0007863286988479));
#5470=DIRECTION('',(1.00000000000003,-1.11368384479503E-15,-1.62028314678704E-15));
#5471=DIRECTION('',(-1.526135713679E-15,0.02160765758449,-0.9997665273121));
#5472=DIRECTION('',(-1.00000000000001,1.08085024996701E-15,1.54985220394101E-15));
#5473=DIRECTION('',(-1.624454933934E-15,0.0216199579263,-0.9997662613928));
#5474=DIRECTION('',(0.999999999999976,-5.83015142376886E-16,-1.63744243029596E-15));
#5475=CARTESIAN_POINT('',(0.,0.,0.));
#5476=CARTESIAN_POINT('',(0.,0.,0.));
#5477=CARTESIAN_POINT('Origin',(0.,28.5,18.261467228243));
#5478=CARTESIAN_POINT('',(-12.5,29.5,18.261467228243));
#5479=CARTESIAN_POINT('Origin',(-12.5,28.5,18.261467228243));
#5480=CARTESIAN_POINT('',(12.5,29.5,18.261467228243));
#5481=CARTESIAN_POINT('',(0.,29.5,18.261467228243));
#5482=CARTESIAN_POINT('Origin',(12.5,28.5,18.261467228243));
#5483=CARTESIAN_POINT('Origin',(83.,40.,-1.5));
#5484=CARTESIAN_POINT('',(82.4248115565993,0.,-1.5));
#5485=CARTESIAN_POINT('',(82.,0.,-1.5));
#5486=CARTESIAN_POINT('',(41.5,0.,-1.5));
#5487=CARTESIAN_POINT('',(82.4248115565993,40.,-1.5));
#5488=CARTESIAN_POINT('',(82.4248115565993,0.,-1.5));
#5489=CARTESIAN_POINT('',(82.,40.,-1.5));
#5490=CARTESIAN_POINT('',(41.5,40.,-1.5));
#5491=CARTESIAN_POINT('',(82.,40.,-1.5));
#5492=CARTESIAN_POINT('Origin',(82.,40.,1.5));
#5493=CARTESIAN_POINT('',(82.,0.,1.5));
#5494=CARTESIAN_POINT('',(82.4248115565993,0.,1.5));
#5495=CARTESIAN_POINT('',(41.,0.,1.5));
#5496=CARTESIAN_POINT('',(82.,40.,1.5));
#5497=CARTESIAN_POINT('',(82.,40.,1.5));
#5498=CARTESIAN_POINT('',(82.4248115565993,40.,1.5));
#5499=CARTESIAN_POINT('',(41.,40.,1.5));
#5500=CARTESIAN_POINT('',(82.4248115565993,0.,1.5));
#5501=CARTESIAN_POINT('Origin',(82.,40.,-1.5));
#5502=CARTESIAN_POINT('',(82.,0.,-0.750000000000002));
#5503=CARTESIAN_POINT('',(82.,40.,-0.750000000000002));
#5504=CARTESIAN_POINT('Origin',(67.5,0.,-1.24694223745825E-14));
#5505=CARTESIAN_POINT('',(67.5,40.,15.));
#5506=CARTESIAN_POINT('Origin',(67.5,40.,-1.24694223745825E-14));
#5507=CARTESIAN_POINT('',(67.5,0.,15.));
#5508=CARTESIAN_POINT('',(67.5,0.,15.));
#5509=CARTESIAN_POINT('Origin',(67.5,0.,-1.24694223745825E-14));
#5510=CARTESIAN_POINT('Origin',(67.5,0.,-1.24694223745825E-14));
#5511=CARTESIAN_POINT('',(67.5,0.,-15.));
#5512=CARTESIAN_POINT('Origin',(67.5,0.,-1.24694223745825E-14));
#5513=CARTESIAN_POINT('',(67.5,40.,-15.));
#5514=CARTESIAN_POINT('',(67.5,0.,-15.));
#5515=CARTESIAN_POINT('Origin',(67.5,40.,-1.24694223745825E-14));
#5516=CARTESIAN_POINT('Origin',(6.25687360650395E-15,0.,-5.1028483452057E-15));
#5517=CARTESIAN_POINT('',(-67.5,0.,15.));
#5518=CARTESIAN_POINT('',(-67.5,0.,15.));
#5519=CARTESIAN_POINT('',(-82.4248115565993,0.,1.5));
#5520=CARTESIAN_POINT('Origin',(-67.5,0.,4.0633094139068E-15));
#5521=CARTESIAN_POINT('',(-82.,0.,1.5));
#5522=CARTESIAN_POINT('',(-41.,0.,1.5));
#5523=CARTESIAN_POINT('',(-82.,0.,-1.5));
#5524=CARTESIAN_POINT('',(-82.,0.,-0.750000000000002));
#5525=CARTESIAN_POINT('',(-82.4248115565993,0.,-1.5));
#5526=CARTESIAN_POINT('',(-41.5,0.,-1.5));
#5527=CARTESIAN_POINT('',(-67.5,0.,-15.));
#5528=CARTESIAN_POINT('Origin',(-67.5,0.,4.0633094139068E-15));
#5529=CARTESIAN_POINT('',(67.5,0.,-15.));
#5530=CARTESIAN_POINT('',(-67.5,0.,-13.6));
#5531=CARTESIAN_POINT('',(-67.5,0.,13.6));
#5532=CARTESIAN_POINT('Origin',(-67.5,0.,4.0633094139068E-15));
#5533=CARTESIAN_POINT('',(67.5,0.,13.6));
#5534=CARTESIAN_POINT('',(-33.75,0.,13.6));
#5535=CARTESIAN_POINT('',(67.5,0.,-13.6));
#5536=CARTESIAN_POINT('Origin',(67.5,0.,-1.24694223745825E-14));
#5537=CARTESIAN_POINT('',(33.75,0.,-13.6));
#5538=CARTESIAN_POINT('Origin',(-83.,40.,-1.5));
#5539=CARTESIAN_POINT('',(-82.,40.,-1.5));
#5540=CARTESIAN_POINT('',(-82.,40.,-1.5));
#5541=CARTESIAN_POINT('',(-82.4248115565993,40.,-1.5));
#5542=CARTESIAN_POINT('',(-41.5,40.,-1.5));
#5543=CARTESIAN_POINT('',(-82.4248115565993,0.,-1.5));
#5544=CARTESIAN_POINT('Origin',(-82.,40.,1.5));
#5545=CARTESIAN_POINT('',(-82.4248115565993,40.,1.5));
#5546=CARTESIAN_POINT('',(-82.4248115565993,0.,1.5));
#5547=CARTESIAN_POINT('',(-82.,40.,1.5));
#5548=CARTESIAN_POINT('',(-41.,40.,1.5));
#5549=CARTESIAN_POINT('',(-82.,40.,1.5));
#5550=CARTESIAN_POINT('Origin',(-82.,40.,-1.5));
#5551=CARTESIAN_POINT('',(-82.,40.,-0.750000000000002));
#5552=CARTESIAN_POINT('Origin',(-67.5,0.,4.0633094139068E-15));
#5553=CARTESIAN_POINT('',(-67.5,40.,15.));
#5554=CARTESIAN_POINT('',(-67.5,0.,15.));
#5555=CARTESIAN_POINT('Origin',(-67.5,40.,4.0633094139068E-15));
#5556=CARTESIAN_POINT('Origin',(-67.5,0.,4.0633094139068E-15));
#5557=CARTESIAN_POINT('',(-67.5,40.,-15.));
#5558=CARTESIAN_POINT('Origin',(-67.5,40.,4.0633094139068E-15));
#5559=CARTESIAN_POINT('',(-67.5,0.,-15.));
#5560=CARTESIAN_POINT('Origin',(6.25687360650395E-15,40.,-5.1028483452057E-15));
#5561=CARTESIAN_POINT('',(67.5,40.,-15.));
#5562=CARTESIAN_POINT('',(-67.5,40.,15.));
#5563=CARTESIAN_POINT('',(67.5,40.,-13.5));
#5564=CARTESIAN_POINT('',(67.5,40.,13.5));
#5565=CARTESIAN_POINT('Origin',(67.5,40.,-1.24694223745825E-14));
#5566=CARTESIAN_POINT('',(-67.5,40.,13.5));
#5567=CARTESIAN_POINT('',(33.75,40.,13.5));
#5568=CARTESIAN_POINT('',(-67.5,40.,-13.5));
#5569=CARTESIAN_POINT('Origin',(-67.5,40.,4.0633094139068E-15));
#5570=CARTESIAN_POINT('',(-33.75,40.,-13.5));
#5571=CARTESIAN_POINT('Origin',(-6.24999999999998,28.,18.));
#5572=CARTESIAN_POINT('',(12.5,25.,18.));
#5573=CARTESIAN_POINT('',(12.5,28.,21.));
#5574=CARTESIAN_POINT('Origin',(12.5,28.,18.));
#5575=CARTESIAN_POINT('',(-12.5,28.,21.));
#5576=CARTESIAN_POINT('',(-6.24999999999998,28.,21.));
#5577=CARTESIAN_POINT('',(-12.5,25.,18.));
#5578=CARTESIAN_POINT('Origin',(-12.5,28.,18.));
#5579=CARTESIAN_POINT('',(-6.24999999999998,25.,18.));
#5580=CARTESIAN_POINT('Origin',(-12.5,32.,15.));
#5581=CARTESIAN_POINT('',(-12.5,29.,21.));
#5582=CARTESIAN_POINT('',(-12.5,25.,21.));
#5583=CARTESIAN_POINT('',(-12.5,32.,18.));
#5584=CARTESIAN_POINT('Origin',(-12.5,29.,18.));
#5585=CARTESIAN_POINT('',(-12.5,32.,15.));
#5586=CARTESIAN_POINT('',(-12.5,32.,15.));
#5587=CARTESIAN_POINT('',(-12.5,25.,15.));
#5588=CARTESIAN_POINT('',(-12.5,16.,15.));
#5589=CARTESIAN_POINT('',(-12.5,25.,15.));
#5590=CARTESIAN_POINT('Origin',(1.99840144432528E-14,28.5,21.));
#5591=CARTESIAN_POINT('',(12.5,29.,21.));
#5592=CARTESIAN_POINT('',(12.5,32.,21.));
#5593=CARTESIAN_POINT('',(6.25000000000002,29.,21.));
#5594=CARTESIAN_POINT('Origin',(6.25000000000002,29.,18.));
#5595=CARTESIAN_POINT('',(12.5,32.,18.));
#5596=CARTESIAN_POINT('Origin',(12.5,29.,18.));
#5597=CARTESIAN_POINT('',(6.25000000000002,32.,18.));
#5598=CARTESIAN_POINT('Origin',(12.5,25.,15.));
#5599=CARTESIAN_POINT('',(12.5,25.,15.));
#5600=CARTESIAN_POINT('',(12.5,25.,15.));
#5601=CARTESIAN_POINT('',(12.5,32.,15.));
#5602=CARTESIAN_POINT('',(12.5,12.5,15.));
#5603=CARTESIAN_POINT('',(12.5,32.,15.));
#5604=CARTESIAN_POINT('Origin',(-12.5,25.,15.));
#5605=CARTESIAN_POINT('',(-40.,25.,15.));
#5606=CARTESIAN_POINT('Origin',(12.5,32.,15.));
#5607=CARTESIAN_POINT('',(-27.5,32.,15.));
#5608=CARTESIAN_POINT('Origin',(-0.582342851480673,-7.,-6.44833310915041));
#5609=CARTESIAN_POINT('',(-1.03527618041009,-7.,-8.13870330515628));
#5610=CARTESIAN_POINT('',(-1.03527618041009,-6.,-8.13870330515628));
#5611=CARTESIAN_POINT('',(-1.03527618041009,1.1,-8.13870330515628));
#5612=CARTESIAN_POINT('',(-0.582342851480673,-7.,-6.44833310915041));
#5613=CARTESIAN_POINT('',(-1.04821713266521,-7.,-8.18699959647074));
#5614=CARTESIAN_POINT('',(-0.582342851480673,-6.,-6.44833310915041));
#5615=CARTESIAN_POINT('',(-0.582342851480673,-7.,-6.44833310915041));
#5616=CARTESIAN_POINT('',(-1.04821713266521,-6.,-8.18699959647074));
#5617=CARTESIAN_POINT('Origin',(-2.14410643448225,-6.,-6.41910643448225));
#5618=CARTESIAN_POINT('',(-3.86370330515627,-6.,-5.31027618041009));
#5619=CARTESIAN_POINT('Origin',(-8.32667268468867E-16,-6.,-4.27500000000001));
#5620=CARTESIAN_POINT('',(-2.1733331091504,-6.,-4.85734285148068));
#5621=CARTESIAN_POINT('Origin',(-1.11022302462516E-15,-6.,-4.27500000000001));
#5622=CARTESIAN_POINT('',(-2.1733331091504,-6.,-4.85734285148068));
#5623=CARTESIAN_POINT('Origin',(-1.11022302462516E-15,-7.,-4.27500000000001));
#5624=CARTESIAN_POINT('',(-2.1733331091504,-7.,-4.85734285148068));
#5625=CARTESIAN_POINT('Origin',(-1.11022302462516E-15,-7.,-4.27500000000001));
#5626=CARTESIAN_POINT('',(-2.1733331091504,-7.,-4.85734285148068));
#5627=CARTESIAN_POINT('Origin',(-3.91199959647073,-7.,-5.32321713266522));
#5628=CARTESIAN_POINT('',(-3.86370330515627,-7.,-5.31027618041009));
#5629=CARTESIAN_POINT('',(-3.86370330515627,1.1,-5.31027618041009));
#5630=CARTESIAN_POINT('',(-2.1733331091504,-7.,-4.85734285148068));
#5631=CARTESIAN_POINT('Origin',(-2.14410643448225,-7.,-6.41910643448225));
#5632=CARTESIAN_POINT('Origin',(-8.32667268468867E-16,-7.,-4.27500000000001));
#5633=CARTESIAN_POINT('Origin',(-2.1733331091504,-7.,-3.69265714851934));
#5634=CARTESIAN_POINT('',(-3.86370330515627,-7.,-3.23972381958993));
#5635=CARTESIAN_POINT('',(-3.86370330515627,-6.,-3.23972381958993));
#5636=CARTESIAN_POINT('',(-3.86370330515627,1.1,-3.23972381958993));
#5637=CARTESIAN_POINT('',(-2.1733331091504,-7.,-3.69265714851934));
#5638=CARTESIAN_POINT('',(-3.91199959647073,-7.,-3.2267828673348));
#5639=CARTESIAN_POINT('',(-2.1733331091504,-6.,-3.69265714851934));
#5640=CARTESIAN_POINT('',(-2.1733331091504,-7.,-3.69265714851934));
#5641=CARTESIAN_POINT('',(-3.91199959647073,-6.,-3.2267828673348));
#5642=CARTESIAN_POINT('Origin',(-2.14410643448224,-6.,-2.13089356551777));
#5643=CARTESIAN_POINT('',(-1.03527618041008,-6.,-0.411296694843736));
#5644=CARTESIAN_POINT('Origin',(-8.32667268468867E-16,-6.,-4.27500000000001));
#5645=CARTESIAN_POINT('',(-0.582342851480673,-6.,-2.10166689084961));
#5646=CARTESIAN_POINT('Origin',(-5.55111512312578E-16,-6.,-4.27500000000001));
#5647=CARTESIAN_POINT('',(-0.582342851480673,-6.,-2.10166689084961));
#5648=CARTESIAN_POINT('Origin',(-5.55111512312578E-16,-7.,-4.27500000000001));
#5649=CARTESIAN_POINT('',(-0.582342851480673,-7.,-2.10166689084961));
#5650=CARTESIAN_POINT('Origin',(-5.55111512312578E-16,-7.,-4.27500000000001));
#5651=CARTESIAN_POINT('',(-0.582342851480673,-7.,-2.10166689084961));
#5652=CARTESIAN_POINT('Origin',(-1.04821713266521,-7.,-0.363000403529282));
#5653=CARTESIAN_POINT('',(-1.03527618041008,-7.,-0.411296694843736));
#5654=CARTESIAN_POINT('',(-1.03527618041008,1.1,-0.411296694843736));
#5655=CARTESIAN_POINT('',(-0.582342851480673,-7.,-2.10166689084961));
#5656=CARTESIAN_POINT('Origin',(-2.14410643448224,-7.,-2.13089356551777));
#5657=CARTESIAN_POINT('Origin',(-8.32667268468867E-16,-7.,-4.27500000000001));
#5658=CARTESIAN_POINT('Origin',(0.582342851480671,-7.,-2.10166689084961));
#5659=CARTESIAN_POINT('',(1.03527618041008,-7.,-0.411296694843737));
#5660=CARTESIAN_POINT('',(1.03527618041008,-6.,-0.411296694843737));
#5661=CARTESIAN_POINT('',(1.03527618041008,1.1,-0.411296694843736));
#5662=CARTESIAN_POINT('',(0.582342851480671,-7.,-2.10166689084961));
#5663=CARTESIAN_POINT('',(1.04821713266521,-7.,-0.363000403529283));
#5664=CARTESIAN_POINT('',(0.582342851480671,-6.,-2.10166689084961));
#5665=CARTESIAN_POINT('',(0.582342851480671,-7.,-2.10166689084961));
#5666=CARTESIAN_POINT('',(1.04821713266521,-6.,-0.363000403529283));
#5667=CARTESIAN_POINT('Origin',(2.14410643448224,-6.,-2.13089356551777));
#5668=CARTESIAN_POINT('',(3.86370330515627,-6.,-3.23972381958993));
#5669=CARTESIAN_POINT('Origin',(-8.32667268468867E-16,-6.,-4.27500000000001));
#5670=CARTESIAN_POINT('',(2.1733331091504,-6.,-3.69265714851934));
#5671=CARTESIAN_POINT('Origin',(-1.11022302462516E-15,-6.,-4.27500000000001));
#5672=CARTESIAN_POINT('',(2.1733331091504,-6.,-3.69265714851934));
#5673=CARTESIAN_POINT('Origin',(-1.11022302462516E-15,-7.,-4.27500000000001));
#5674=CARTESIAN_POINT('',(2.1733331091504,-7.,-3.69265714851934));
#5675=CARTESIAN_POINT('Origin',(-1.11022302462516E-15,-7.,-4.27500000000001));
#5676=CARTESIAN_POINT('',(2.1733331091504,-7.,-3.69265714851934));
#5677=CARTESIAN_POINT('Origin',(3.91199959647073,-7.,-3.2267828673348));
#5678=CARTESIAN_POINT('',(3.86370330515627,-7.,-3.23972381958993));
#5679=CARTESIAN_POINT('',(3.86370330515627,1.1,-3.23972381958993));
#5680=CARTESIAN_POINT('',(2.1733331091504,-7.,-3.69265714851934));
#5681=CARTESIAN_POINT('Origin',(2.14410643448224,-7.,-2.13089356551777));
#5682=CARTESIAN_POINT('Origin',(-8.32667268468867E-16,-7.,-4.27500000000001));
#5683=CARTESIAN_POINT('Origin',(2.1733331091504,-7.,-4.85734285148068));
#5684=CARTESIAN_POINT('',(3.86370330515627,-7.,-5.31027618041009));
#5685=CARTESIAN_POINT('',(3.86370330515627,-6.,-5.31027618041009));
#5686=CARTESIAN_POINT('',(3.86370330515627,1.1,-5.31027618041009));
#5687=CARTESIAN_POINT('',(2.1733331091504,-7.,-4.85734285148068));
#5688=CARTESIAN_POINT('',(3.91199959647073,-7.,-5.32321713266522));
#5689=CARTESIAN_POINT('',(2.1733331091504,-6.,-4.85734285148068));
#5690=CARTESIAN_POINT('',(2.1733331091504,-7.,-4.85734285148068));
#5691=CARTESIAN_POINT('',(3.91199959647073,-6.,-5.32321713266522));
#5692=CARTESIAN_POINT('Origin',(2.14410643448224,-6.,-6.41910643448225));
#5693=CARTESIAN_POINT('',(1.03527618041008,-6.,-8.13870330515628));
#5694=CARTESIAN_POINT('Origin',(-8.32667268468867E-16,-6.,-4.27500000000001));
#5695=CARTESIAN_POINT('',(0.582342851480671,-6.,-6.44833310915041));
#5696=CARTESIAN_POINT('Origin',(-8.32667268468867E-16,-6.,-4.27500000000001));
#5697=CARTESIAN_POINT('',(0.582342851480671,-6.,-6.44833310915041));
#5698=CARTESIAN_POINT('Origin',(-8.32667268468867E-16,-7.,-4.27500000000001));
#5699=CARTESIAN_POINT('',(0.582342851480671,-7.,-6.44833310915041));
#5700=CARTESIAN_POINT('Origin',(-8.32667268468867E-16,-7.,-4.27500000000001));
#5701=CARTESIAN_POINT('',(0.582342851480671,-7.,-6.44833310915041));
#5702=CARTESIAN_POINT('Origin',(1.04821713266521,-7.,-8.18699959647074));
#5703=CARTESIAN_POINT('',(1.03527618041008,-7.,-8.13870330515628));
#5704=CARTESIAN_POINT('',(1.03527618041008,1.1,-8.13870330515628));
#5705=CARTESIAN_POINT('',(0.582342851480671,-7.,-6.44833310915041));
#5706=CARTESIAN_POINT('Origin',(2.14410643448224,-7.,-6.41910643448225));
#5707=CARTESIAN_POINT('Origin',(-8.32667268468867E-16,-7.,-4.27500000000001));
#5708=CARTESIAN_POINT('Origin',(-8.32667268468867E-16,-8.9,-4.27500000000001));
#5709=CARTESIAN_POINT('',(2.25,-38.9,-4.27500000000001));
#5710=CARTESIAN_POINT('Origin',(-8.32667268468867E-16,-38.9,-4.27500000000001));
#5711=CARTESIAN_POINT('',(2.25,-8.9,-4.27500000000001));
#5712=CARTESIAN_POINT('',(2.25,-8.9,-4.27500000000001));
#5713=CARTESIAN_POINT('Origin',(-8.32667268468867E-16,-8.9,-4.27500000000001));
#5714=CARTESIAN_POINT('Origin',(-9.4213935470903E-16,-38.9,-4.27500000000001));
#5715=CARTESIAN_POINT('Origin',(-8.32667268468867E-16,-8.4,-4.27500000000001));
#5716=CARTESIAN_POINT('',(3.5,-8.9,-4.27500000000001));
#5717=CARTESIAN_POINT('',(-1.26129364817044E-15,-8.9,-0.77500000000001));
#5718=CARTESIAN_POINT('Origin',(-8.32667268468867E-16,-8.9,-4.27500000000001));
#5719=CARTESIAN_POINT('',(-1.32252598812781E-15,-8.4,-0.27500000000001));
#5720=CARTESIAN_POINT('Origin',(-1.26129364817044E-15,-8.4,-0.77500000000001));
#5721=CARTESIAN_POINT('',(4.,-8.4,-4.27500000000001));
#5722=CARTESIAN_POINT('Origin',(-8.32667268468867E-16,-8.4,-4.27500000000001));
#5723=CARTESIAN_POINT('Origin',(-8.32667268468867E-16,-8.4,-4.27500000000001));
#5724=CARTESIAN_POINT('Origin',(-8.32667268468867E-16,-8.9,-4.27500000000001));
#5725=CARTESIAN_POINT('Origin',(-8.32667268468867E-16,1.1,-4.27500000000001));
#5726=CARTESIAN_POINT('',(4.,1.1,-4.27500000000001));
#5727=CARTESIAN_POINT('',(4.,1.1,-4.27500000000001));
#5728=CARTESIAN_POINT('Origin',(-8.32667268468867E-16,1.1,-4.27500000000001));
#5729=CARTESIAN_POINT('Origin',(-1.02073673036005E-15,-8.9,-4.27500000000001));
#5730=CARTESIAN_POINT('Origin',(2.025,1.,-4.27500000000001));
#5731=CARTESIAN_POINT('',(2.025,1.,-0.0500000000000095));
#5732=CARTESIAN_POINT('',(2.025,1.,-8.50000000000001));
#5733=CARTESIAN_POINT('Origin',(2.025,1.,-4.27500000000001));
#5734=CARTESIAN_POINT('',(2.025,1.1,-0.05000000000001));
#5735=CARTESIAN_POINT('',(2.025,1.,-0.0500000000000095));
#5736=CARTESIAN_POINT('',(2.025,1.1,-8.50000000000001));
#5737=CARTESIAN_POINT('Origin',(2.025,1.1,-4.27500000000001));
#5738=CARTESIAN_POINT('',(2.025,1.,-8.50000000000001));
#5739=CARTESIAN_POINT('Origin',(-2.025,1.,-0.0500000000000102));
#5740=CARTESIAN_POINT('',(-2.025,1.,-0.0500000000000102));
#5741=CARTESIAN_POINT('',(-1.0125,1.,-0.05000000000001));
#5742=CARTESIAN_POINT('',(-2.025,1.1,-0.05000000000001));
#5743=CARTESIAN_POINT('',(-2.025,1.,-0.0500000000000102));
#5744=CARTESIAN_POINT('',(2.025,1.1,-0.0500000000000095));
#5745=CARTESIAN_POINT('Origin',(-2.025,1.,-4.27500000000001));
#5746=CARTESIAN_POINT('',(-2.025,1.,-8.50000000000001));
#5747=CARTESIAN_POINT('Origin',(-2.025,1.,-4.27500000000001));
#5748=CARTESIAN_POINT('',(-2.025,1.1,-8.50000000000001));
#5749=CARTESIAN_POINT('',(-2.025,1.,-8.50000000000001));
#5750=CARTESIAN_POINT('Origin',(-2.025,1.1,-4.27500000000001));
#5751=CARTESIAN_POINT('Origin',(2.025,1.,-8.50000000000001));
#5752=CARTESIAN_POINT('',(1.01250000000001,1.,-8.50000000000001));
#5753=CARTESIAN_POINT('',(-2.025,1.1,-8.50000000000001));
#5754=CARTESIAN_POINT('Origin',(0.,1.1,-4.27500000000001));
#5755=CARTESIAN_POINT('Origin',(-72.5,1.,-1.25333644626521E-14));
#5756=CARTESIAN_POINT('',(-75.775,1.01,-1.21322926359314E-14));
#5757=CARTESIAN_POINT('Origin',(-72.5,1.01,-1.25333644626521E-14));
#5758=CARTESIAN_POINT('',(-75.775,1.,-1.21322926359314E-14));
#5759=CARTESIAN_POINT('',(-75.775,1.,-1.29344362893729E-14));
#5760=CARTESIAN_POINT('Origin',(-72.5,1.,-1.25333644626521E-14));
#5761=CARTESIAN_POINT('Origin',(-72.5,1.,-1.25333644626521E-14));
#5762=CARTESIAN_POINT('',(-75.875,1.,-1.21200461679399E-14));
#5763=CARTESIAN_POINT('Origin',(-72.5,1.,-1.25333644626521E-14));
#5764=CARTESIAN_POINT('',(-75.875,1.01,-1.21200461679399E-14));
#5765=CARTESIAN_POINT('',(-75.875,1.,-1.29466827573644E-14));
#5766=CARTESIAN_POINT('Origin',(-72.5,1.01,-1.25333644626521E-14));
#5767=CARTESIAN_POINT('Origin',(-72.5,1.01,-1.25058014686534E-14));
#5768=CARTESIAN_POINT('Origin',(8.15968804080693E-15,1.,-3.8639619215646E-15));
#5769=CARTESIAN_POINT('',(67.5,1.,11.));
#5770=CARTESIAN_POINT('',(67.5,1.,-11.));
#5771=CARTESIAN_POINT('Origin',(67.5,1.,-1.24694223745825E-14));
#5772=CARTESIAN_POINT('',(-67.5,1.,11.));
#5773=CARTESIAN_POINT('',(-33.75,1.,11.));
#5774=CARTESIAN_POINT('',(-67.5,1.,-11.));
#5775=CARTESIAN_POINT('Origin',(-67.5,1.,4.0633094139068E-15));
#5776=CARTESIAN_POINT('',(33.75,1.,-11.));
#5777=CARTESIAN_POINT('',(75.875,1.,-1.21200461679399E-14));
#5778=CARTESIAN_POINT('Origin',(72.5,1.,-1.25333644626521E-14));
#5779=CARTESIAN_POINT('Origin',(72.5,1.,-1.25333644626521E-14));
#5780=CARTESIAN_POINT('',(75.775,1.01,-1.21322926359314E-14));
#5781=CARTESIAN_POINT('Origin',(72.5,1.01,-1.25333644626521E-14));
#5782=CARTESIAN_POINT('',(75.775,1.,-1.21322926359314E-14));
#5783=CARTESIAN_POINT('',(75.775,1.,-1.29344362893729E-14));
#5784=CARTESIAN_POINT('Origin',(72.5,1.,-1.25333644626521E-14));
#5785=CARTESIAN_POINT('Origin',(72.5,1.,-1.25333644626521E-14));
#5786=CARTESIAN_POINT('',(75.875,1.01,-1.21200461679399E-14));
#5787=CARTESIAN_POINT('',(75.875,1.,-1.29466827573644E-14));
#5788=CARTESIAN_POINT('Origin',(72.5,1.01,-1.25333644626521E-14));
#5789=CARTESIAN_POINT('Origin',(72.5,1.01,-1.25058014686534E-14));
#5790=CARTESIAN_POINT('Origin',(8.15968804080693E-15,1.,-3.8639619215646E-15));
#5791=CARTESIAN_POINT('Ctrl Pts',(-22.,37.,3.45));
#5792=CARTESIAN_POINT('Ctrl Pts',(-23.55,37.,3.45));
#5793=CARTESIAN_POINT('Ctrl Pts',(-23.55,37.,5.));
#5794=CARTESIAN_POINT('Ctrl Pts',(-23.55,37.,6.55));
#5795=CARTESIAN_POINT('Ctrl Pts',(-22.,37.,6.55));
#5796=CARTESIAN_POINT('Ctrl Pts',(-20.45,37.,6.55));
#5797=CARTESIAN_POINT('Ctrl Pts',(-20.45,37.,5.));
#5798=CARTESIAN_POINT('Ctrl Pts',(-20.45,37.,3.45));
#5799=CARTESIAN_POINT('Ctrl Pts',(-22.,37.,3.45));
#5800=CARTESIAN_POINT('Ctrl Pts',(-22.,38.,3.45));
#5801=CARTESIAN_POINT('Ctrl Pts',(-23.55,38.,3.45));
#5802=CARTESIAN_POINT('Ctrl Pts',(-23.55,38.,5.));
#5803=CARTESIAN_POINT('Ctrl Pts',(-23.55,38.,6.55));
#5804=CARTESIAN_POINT('Ctrl Pts',(-22.,38.,6.55));
#5805=CARTESIAN_POINT('Ctrl Pts',(-20.45,38.,6.55));
#5806=CARTESIAN_POINT('Ctrl Pts',(-20.45,38.,5.));
#5807=CARTESIAN_POINT('Ctrl Pts',(-20.45,38.,3.45));
#5808=CARTESIAN_POINT('Ctrl Pts',(-22.,38.,3.45));
#5809=CARTESIAN_POINT('Ctrl Pts',(-22.,38.,4.45));
#5810=CARTESIAN_POINT('Ctrl Pts',(-22.55,38.,4.45));
#5811=CARTESIAN_POINT('Ctrl Pts',(-22.55,38.,5.));
#5812=CARTESIAN_POINT('Ctrl Pts',(-22.55,38.,5.55));
#5813=CARTESIAN_POINT('Ctrl Pts',(-22.,38.,5.55));
#5814=CARTESIAN_POINT('Ctrl Pts',(-21.45,38.,5.55));
#5815=CARTESIAN_POINT('Ctrl Pts',(-21.45,38.,5.));
#5816=CARTESIAN_POINT('Ctrl Pts',(-21.45,38.,4.45));
#5817=CARTESIAN_POINT('Ctrl Pts',(-22.,38.,4.45));
#5818=CARTESIAN_POINT('',(-21.45,38.,5.));
#5819=CARTESIAN_POINT('',(-22.,38.,4.45));
#5820=CARTESIAN_POINT('Origin',(-22.,38.,5.));
#5821=CARTESIAN_POINT('',(-22.,37.,3.45));
#5822=CARTESIAN_POINT('Origin',(-22.,37.,4.45));
#5823=CARTESIAN_POINT('',(-20.45,37.,5.));
#5824=CARTESIAN_POINT('Origin',(-22.,37.,5.));
#5825=CARTESIAN_POINT('Origin',(-22.,37.,5.));
#5826=CARTESIAN_POINT('Origin',(-22.,38.,5.));
#5827=CARTESIAN_POINT('Origin',(-22.,34.,5.));
#5828=CARTESIAN_POINT('',(-20.45,34.,5.));
#5829=CARTESIAN_POINT('',(-20.45,34.,5.));
#5830=CARTESIAN_POINT('Origin',(-22.,34.,5.));
#5831=CARTESIAN_POINT('Origin',(-22.,38.,5.));
#5832=CARTESIAN_POINT('Ctrl Pts',(-22.,37.,-6.55));
#5833=CARTESIAN_POINT('Ctrl Pts',(-23.55,37.,-6.55));
#5834=CARTESIAN_POINT('Ctrl Pts',(-23.55,37.,-5.));
#5835=CARTESIAN_POINT('Ctrl Pts',(-23.55,37.,-3.45));
#5836=CARTESIAN_POINT('Ctrl Pts',(-22.,37.,-3.45));
#5837=CARTESIAN_POINT('Ctrl Pts',(-20.45,37.,-3.45));
#5838=CARTESIAN_POINT('Ctrl Pts',(-20.45,37.,-5.));
#5839=CARTESIAN_POINT('Ctrl Pts',(-20.45,37.,-6.55));
#5840=CARTESIAN_POINT('Ctrl Pts',(-22.,37.,-6.55));
#5841=CARTESIAN_POINT('Ctrl Pts',(-22.,38.,-6.55));
#5842=CARTESIAN_POINT('Ctrl Pts',(-23.55,38.,-6.55));
#5843=CARTESIAN_POINT('Ctrl Pts',(-23.55,38.,-5.));
#5844=CARTESIAN_POINT('Ctrl Pts',(-23.55,38.,-3.45));
#5845=CARTESIAN_POINT('Ctrl Pts',(-22.,38.,-3.45));
#5846=CARTESIAN_POINT('Ctrl Pts',(-20.45,38.,-3.45));
#5847=CARTESIAN_POINT('Ctrl Pts',(-20.45,38.,-5.));
#5848=CARTESIAN_POINT('Ctrl Pts',(-20.45,38.,-6.55));
#5849=CARTESIAN_POINT('Ctrl Pts',(-22.,38.,-6.55));
#5850=CARTESIAN_POINT('Ctrl Pts',(-22.,38.,-5.55));
#5851=CARTESIAN_POINT('Ctrl Pts',(-22.55,38.,-5.55));
#5852=CARTESIAN_POINT('Ctrl Pts',(-22.55,38.,-5.));
#5853=CARTESIAN_POINT('Ctrl Pts',(-22.55,38.,-4.45));
#5854=CARTESIAN_POINT('Ctrl Pts',(-22.,38.,-4.45));
#5855=CARTESIAN_POINT('Ctrl Pts',(-21.45,38.,-4.45));
#5856=CARTESIAN_POINT('Ctrl Pts',(-21.45,38.,-5.));
#5857=CARTESIAN_POINT('Ctrl Pts',(-21.45,38.,-5.55));
#5858=CARTESIAN_POINT('Ctrl Pts',(-22.,38.,-5.55));
#5859=CARTESIAN_POINT('',(-21.45,38.,-5.));
#5860=CARTESIAN_POINT('',(-22.,38.,-5.55));
#5861=CARTESIAN_POINT('Origin',(-22.,38.,-5.));
#5862=CARTESIAN_POINT('',(-22.,37.,-6.55));
#5863=CARTESIAN_POINT('Origin',(-22.,37.,-5.55));
#5864=CARTESIAN_POINT('',(-20.45,37.,-5.));
#5865=CARTESIAN_POINT('Origin',(-22.,37.,-5.));
#5866=CARTESIAN_POINT('Origin',(-22.,37.,-5.));
#5867=CARTESIAN_POINT('Origin',(-22.,38.,-5.));
#5868=CARTESIAN_POINT('Origin',(-22.,34.,-5.));
#5869=CARTESIAN_POINT('',(-20.45,34.,-5.));
#5870=CARTESIAN_POINT('',(-20.45,34.,-5.));
#5871=CARTESIAN_POINT('Origin',(-22.,34.,-5.));
#5872=CARTESIAN_POINT('Origin',(-22.,38.,-5.));
#5873=CARTESIAN_POINT('Origin',(-22.,38.75,5.));
#5874=CARTESIAN_POINT('',(-19.75,39.,5.));
#5875=CARTESIAN_POINT('Origin',(-22.,39.,5.));
#5876=CARTESIAN_POINT('',(-20.25,38.5,5.));
#5877=CARTESIAN_POINT('',(-20.,38.75,5.));
#5878=CARTESIAN_POINT('Origin',(-22.,38.5,5.));
#5879=CARTESIAN_POINT('Origin',(6.52775043264555E-15,39.,-4.42679086760003E-15));
#5880=CARTESIAN_POINT('',(-67.5,39.,11.));
#5881=CARTESIAN_POINT('',(-67.5,39.,-11.));
#5882=CARTESIAN_POINT('Origin',(-67.5,39.,4.0633094139068E-15));
#5883=CARTESIAN_POINT('',(67.5,39.,11.));
#5884=CARTESIAN_POINT('',(33.75,39.,11.));
#5885=CARTESIAN_POINT('',(67.5,39.,-11.));
#5886=CARTESIAN_POINT('Origin',(67.5,39.,-1.24694223745825E-14));
#5887=CARTESIAN_POINT('',(-33.75,39.,-11.));
#5888=CARTESIAN_POINT('',(-19.75,39.,-5.));
#5889=CARTESIAN_POINT('Origin',(-22.,39.,-5.));
#5890=CARTESIAN_POINT('',(18.,39.,-2.77231548650465E-15));
#5891=CARTESIAN_POINT('Origin',(10.25,39.,-1.82321421716545E-15));
#5892=CARTESIAN_POINT('',(-60.7593820776594,39.,0.472475271433498));
#5893=CARTESIAN_POINT('',(-61.2406179223406,39.,1.34906643143571));
#5894=CARTESIAN_POINT('Origin',(-61.,39.,0.910770851434604));
#5895=CARTESIAN_POINT('',(-61.2406179223406,39.,-1.34906643143571));
#5896=CARTESIAN_POINT('Origin',(-60.5,39.,0.));
#5897=CARTESIAN_POINT('',(-60.7593820776594,39.,-0.472475271433487));
#5898=CARTESIAN_POINT('Origin',(-61.,39.,-0.910770851434592));
#5899=CARTESIAN_POINT('Origin',(-60.5,39.,0.));
#5900=CARTESIAN_POINT('',(61.2406179223406,39.,1.34906643143571));
#5901=CARTESIAN_POINT('',(60.7593820776594,39.,0.472475271433498));
#5902=CARTESIAN_POINT('Origin',(61.,39.,0.910770851434604));
#5903=CARTESIAN_POINT('',(60.7593820776594,39.,-0.472475271433487));
#5904=CARTESIAN_POINT('Origin',(60.5,39.,0.));
#5905=CARTESIAN_POINT('',(61.2406179223406,39.,-1.34906643143571));
#5906=CARTESIAN_POINT('Origin',(61.,39.,-0.910770851434592));
#5907=CARTESIAN_POINT('Origin',(60.5,39.,0.));
#5908=CARTESIAN_POINT('',(44.5,39.,-2.77231548650465E-15));
#5909=CARTESIAN_POINT('Origin',(36.75,39.,-1.82321421716545E-15));
#5910=CARTESIAN_POINT('',(-29.,39.,-1.34366535705216E-14));
#5911=CARTESIAN_POINT('Origin',(-36.75,39.,-1.24875523011824E-14));
#5912=CARTESIAN_POINT('Origin',(-22.,39.,5.));
#5913=CARTESIAN_POINT('',(-20.25,34.,5.));
#5914=CARTESIAN_POINT('',(-20.25,39.,5.));
#5915=CARTESIAN_POINT('Origin',(-22.,34.,5.));
#5916=CARTESIAN_POINT('Origin',(-22.,38.75,-5.));
#5917=CARTESIAN_POINT('',(-20.25,38.5,-5.));
#5918=CARTESIAN_POINT('',(-20.,38.75,-5.));
#5919=CARTESIAN_POINT('Origin',(-22.,38.5,-5.));
#5920=CARTESIAN_POINT('Origin',(-22.,39.,-5.));
#5921=CARTESIAN_POINT('',(-20.25,34.,-5.));
#5922=CARTESIAN_POINT('',(-20.25,39.,-5.));
#5923=CARTESIAN_POINT('Origin',(-22.,34.,-5.));
#5924=CARTESIAN_POINT('Origin',(-22.,34.,-5.));
#5925=CARTESIAN_POINT('Origin',(-22.,34.,5.));
#5926=CARTESIAN_POINT('Origin',(10.25,36.5,-1.82321421716545E-15));
#5927=CARTESIAN_POINT('',(12.25,36.5,-2.06814357699492E-15));
#5928=CARTESIAN_POINT('Origin',(10.25,36.5,-1.82321421716545E-15));
#5929=CARTESIAN_POINT('',(12.25,36.,-2.06814357699492E-15));
#5930=CARTESIAN_POINT('',(12.25,36.5,-1.57828485733598E-15));
#5931=CARTESIAN_POINT('Origin',(10.25,36.,-1.82321421716545E-15));
#5932=CARTESIAN_POINT('Origin',(10.25,36.,-1.92294428043926E-15));
#5933=CARTESIAN_POINT('Origin',(-34.75,36.5,-2.00000000000001));
#5934=CARTESIAN_POINT('',(-34.75,36.5,-2.00000000000001));
#5935=CARTESIAN_POINT('',(-34.75,36.5,1.99999999999999));
#5936=CARTESIAN_POINT('',(-34.75,36.5,-1.00000000000001));
#5937=CARTESIAN_POINT('',(-34.75,36.,-2.00000000000001));
#5938=CARTESIAN_POINT('',(-34.75,36.5,-2.00000000000001));
#5939=CARTESIAN_POINT('',(-34.75,36.,1.99999999999999));
#5940=CARTESIAN_POINT('',(-34.75,36.,1.99999999999999));
#5941=CARTESIAN_POINT('',(-34.75,36.5,1.99999999999999));
#5942=CARTESIAN_POINT('Origin',(-38.75,36.5,1.99999999999999));
#5943=CARTESIAN_POINT('',(-38.75,36.5,1.99999999999999));
#5944=CARTESIAN_POINT('',(-38.75,36.5,-2.00000000000001));
#5945=CARTESIAN_POINT('',(-38.75,36.5,0.999999999999988));
#5946=CARTESIAN_POINT('',(-38.75,36.,1.99999999999999));
#5947=CARTESIAN_POINT('',(-38.75,36.5,1.99999999999999));
#5948=CARTESIAN_POINT('',(-38.75,36.,-2.00000000000001));
#5949=CARTESIAN_POINT('',(-38.75,36.,-2.00000000000001));
#5950=CARTESIAN_POINT('',(-38.75,36.5,-2.00000000000001));
#5951=CARTESIAN_POINT('Origin',(-36.75,36.5,-2.05366692297147E-14));
#5952=CARTESIAN_POINT('Origin',(-36.75,36.5,-2.05366692297147E-14));
#5953=CARTESIAN_POINT('Origin',(-36.75,36.,-2.05366692297147E-14));
#5954=CARTESIAN_POINT('Origin',(-36.75,36.5,-1.38753310819638E-14));
#5955=CARTESIAN_POINT('Origin',(-36.75,36.5,-1.38753310819638E-14));
#5956=CARTESIAN_POINT('Origin',(-36.75,36.,-1.38753310819638E-14));
#5957=CARTESIAN_POINT('Origin',(-36.75,36.,-2.24835201270916));
#5958=CARTESIAN_POINT('Origin',(36.75,36.5,-1.82321421716545E-15));
#5959=CARTESIAN_POINT('',(38.75,36.5,-2.06814357699492E-15));
#5960=CARTESIAN_POINT('Origin',(36.75,36.5,-1.82321421716545E-15));
#5961=CARTESIAN_POINT('',(38.75,36.,-2.06814357699492E-15));
#5962=CARTESIAN_POINT('',(38.75,36.5,-1.57828485733598E-15));
#5963=CARTESIAN_POINT('Origin',(36.75,36.,-1.82321421716545E-15));
#5964=CARTESIAN_POINT('Origin',(36.75,36.,-1.95185633837221E-15));
#5965=CARTESIAN_POINT('Origin',(10.25,37.,-1.82321421716545E-15));
#5966=CARTESIAN_POINT('',(14.,37.,-2.2824567668457E-15));
#5967=CARTESIAN_POINT('Origin',(10.25,37.,-1.82321421716545E-15));
#5968=CARTESIAN_POINT('',(14.,36.5,-2.2824567668457E-15));
#5969=CARTESIAN_POINT('',(14.,37.,-1.36397166748519E-15));
#5970=CARTESIAN_POINT('Origin',(10.25,36.5,-1.82321421716545E-15));
#5971=CARTESIAN_POINT('Origin',(10.25,36.5,-1.66080828851388E-15));
#5972=CARTESIAN_POINT('Origin',(-36.75,37.,-1.24875523011824E-14));
#5973=CARTESIAN_POINT('',(-33.,37.,-1.29467948508626E-14));
#5974=CARTESIAN_POINT('Origin',(-36.75,37.,-1.24875523011824E-14));
#5975=CARTESIAN_POINT('',(-33.,36.5,-1.29467948508626E-14));
#5976=CARTESIAN_POINT('',(-33.,37.,-1.20283097515021E-14));
#5977=CARTESIAN_POINT('Origin',(-36.75,36.5,-1.24875523011824E-14));
#5978=CARTESIAN_POINT('Origin',(-36.75,36.5,-1.2258303109261E-14));
#5979=CARTESIAN_POINT('Origin',(36.75,37.,-1.82321421716545E-15));
#5980=CARTESIAN_POINT('',(40.5,37.,-2.2824567668457E-15));
#5981=CARTESIAN_POINT('Origin',(36.75,37.,-1.82321421716545E-15));
#5982=CARTESIAN_POINT('',(40.5,36.5,-2.2824567668457E-15));
#5983=CARTESIAN_POINT('',(40.5,37.,-1.36397166748519E-15));
#5984=CARTESIAN_POINT('Origin',(36.75,36.5,-1.82321421716545E-15));
#5985=CARTESIAN_POINT('Origin',(36.75,36.5,-1.7224873454375E-15));
#5986=CARTESIAN_POINT('Origin',(10.25,37.5,-1.82321421716545E-15));
#5987=CARTESIAN_POINT('',(15.,37.5,-2.40492144676044E-15));
#5988=CARTESIAN_POINT('Origin',(10.25,37.5,-1.82321421716545E-15));
#5989=CARTESIAN_POINT('',(15.,37.,-2.40492144676044E-15));
#5990=CARTESIAN_POINT('',(15.,37.5,-1.24150698757045E-15));
#5991=CARTESIAN_POINT('Origin',(10.25,37.,-1.82321421716545E-15));
#5992=CARTESIAN_POINT('Origin',(10.25,37.,-1.76468880543787E-15));
#5993=CARTESIAN_POINT('Origin',(-36.75,37.5,-1.24875523011824E-14));
#5994=CARTESIAN_POINT('',(-32.,37.5,-1.30692595307774E-14));
#5995=CARTESIAN_POINT('Origin',(-36.75,37.5,-1.24875523011824E-14));
#5996=CARTESIAN_POINT('',(-32.,37.,-1.30692595307774E-14));
#5997=CARTESIAN_POINT('',(-32.,37.5,-1.19058450715874E-14));
#5998=CARTESIAN_POINT('Origin',(-36.75,37.,-1.24875523011824E-14));
#5999=CARTESIAN_POINT('Origin',(-36.75,37.,-1.23069971015691E-14));
#6000=CARTESIAN_POINT('Origin',(36.75,37.5,-1.82321421716545E-15));
#6001=CARTESIAN_POINT('',(41.5,37.5,-2.40492144676044E-15));
#6002=CARTESIAN_POINT('Origin',(36.75,37.5,-1.82321421716545E-15));
#6003=CARTESIAN_POINT('',(41.5,37.,-2.40492144676044E-15));
#6004=CARTESIAN_POINT('',(41.5,37.5,-1.24150698757045E-15));
#6005=CARTESIAN_POINT('Origin',(36.75,37.,-1.82321421716545E-15));
#6006=CARTESIAN_POINT('Origin',(36.75,37.,-1.66730082082163E-15));
#6007=CARTESIAN_POINT('Origin',(36.75,38.,-1.82321421716545E-15));
#6008=CARTESIAN_POINT('',(42.5,38.,-2.52738612667518E-15));
#6009=CARTESIAN_POINT('Origin',(36.75,38.,-1.82321421716545E-15));
#6010=CARTESIAN_POINT('',(42.5,37.5,-2.52738612667518E-15));
#6011=CARTESIAN_POINT('',(42.5,38.,-1.11904230765572E-15));
#6012=CARTESIAN_POINT('Origin',(36.75,37.5,-1.82321421716545E-15));
#6013=CARTESIAN_POINT('Origin',(36.75,37.5,-1.75198602483575E-15));
#6014=CARTESIAN_POINT('Origin',(10.25,38.,-1.82321421716545E-15));
#6015=CARTESIAN_POINT('',(16.,38.,-2.52738612667517E-15));
#6016=CARTESIAN_POINT('Origin',(10.25,38.,-1.82321421716545E-15));
#6017=CARTESIAN_POINT('',(16.,37.5,-2.52738612667517E-15));
#6018=CARTESIAN_POINT('',(16.,38.,-1.11904230765572E-15));
#6019=CARTESIAN_POINT('Origin',(10.25,37.5,-1.82321421716545E-15));
#6020=CARTESIAN_POINT('Origin',(10.25,37.5,-1.75198602483575E-15));
#6021=CARTESIAN_POINT('Origin',(-36.75,38.,-1.24875523011824E-14));
#6022=CARTESIAN_POINT('',(-31.,38.,-1.31917242106921E-14));
#6023=CARTESIAN_POINT('Origin',(-36.75,38.,-1.24875523011824E-14));
#6024=CARTESIAN_POINT('',(-31.,37.5,-1.31917242106921E-14));
#6025=CARTESIAN_POINT('',(-31.,38.,-1.17833803916726E-14));
#6026=CARTESIAN_POINT('Origin',(-36.75,37.5,-1.24875523011824E-14));
#6027=CARTESIAN_POINT('Origin',(-36.75,37.5,-1.20571757497275E-14));
#6028=CARTESIAN_POINT('Origin',(-36.75,38.5,-1.24875523011824E-14));
#6029=CARTESIAN_POINT('',(-30.,38.,-1.33141888906068E-14));
#6030=CARTESIAN_POINT('',(-29.5,38.5,-1.33754212305642E-14));
#6031=CARTESIAN_POINT('Origin',(-36.75,38.,-1.24875523011824E-14));
#6032=CARTESIAN_POINT('Origin',(10.25,38.5,-1.82321421716545E-15));
#6033=CARTESIAN_POINT('',(17.,38.,-2.64985080658991E-15));
#6034=CARTESIAN_POINT('',(17.5,38.5,-2.71108314654728E-15));
#6035=CARTESIAN_POINT('Origin',(10.25,38.,-1.82321421716545E-15));
#6036=CARTESIAN_POINT('Origin',(36.75,38.5,-1.82321421716545E-15));
#6037=CARTESIAN_POINT('',(43.5,38.,-2.64985080658991E-15));
#6038=CARTESIAN_POINT('',(44.,38.5,-2.71108314654728E-15));
#6039=CARTESIAN_POINT('Origin',(36.75,38.,-1.82321421716545E-15));
#6040=CARTESIAN_POINT('Origin',(10.25,38.,-1.81157931654939E-15));
#6041=CARTESIAN_POINT('Origin',(-36.75,38.,-1.2361101537467E-14));
#6042=CARTESIAN_POINT('Origin',(36.75,38.,-1.81157931654939E-15));
#6043=CARTESIAN_POINT('Origin',(61.,39.,0.910770851434604));
#6044=CARTESIAN_POINT('',(61.2406179223406,37.,1.34906643143571));
#6045=CARTESIAN_POINT('',(61.2406179223406,39.,1.34906643143571));
#6046=CARTESIAN_POINT('',(60.7593820776594,37.,0.472475271433498));
#6047=CARTESIAN_POINT('Origin',(61.,37.,0.910770851434604));
#6048=CARTESIAN_POINT('',(60.7593820776594,39.,0.472475271433498));
#6049=CARTESIAN_POINT('Origin',(60.5,39.,0.));
#6050=CARTESIAN_POINT('',(60.7593820776594,37.,-0.472475271433487));
#6051=CARTESIAN_POINT('Origin',(60.5,37.,0.));
#6052=CARTESIAN_POINT('',(60.7593820776594,39.,-0.472475271433487));
#6053=CARTESIAN_POINT('Origin',(61.,39.,-0.910770851434592));
#6054=CARTESIAN_POINT('',(61.2406179223406,37.,-1.34906643143571));
#6055=CARTESIAN_POINT('Origin',(61.,37.,-0.910770851434592));
#6056=CARTESIAN_POINT('',(61.2406179223406,39.,-1.34906643143571));
#6057=CARTESIAN_POINT('Origin',(60.5,39.,0.));
#6058=CARTESIAN_POINT('Origin',(60.5,37.,0.));
#6059=CARTESIAN_POINT('Origin',(61.2062871561891,37.,1.55555790748656E-15));
#6060=CARTESIAN_POINT('Origin',(-61.,39.,0.910770851434604));
#6061=CARTESIAN_POINT('',(-60.7593820776594,37.,0.472475271433498));
#6062=CARTESIAN_POINT('',(-60.7593820776594,39.,0.472475271433498));
#6063=CARTESIAN_POINT('',(-61.2406179223406,37.,1.34906643143571));
#6064=CARTESIAN_POINT('Origin',(-61.,37.,0.910770851434604));
#6065=CARTESIAN_POINT('',(-61.2406179223406,39.,1.34906643143571));
#6066=CARTESIAN_POINT('Origin',(-60.5,39.,0.));
#6067=CARTESIAN_POINT('',(-60.7593820776594,37.,-0.472475271433487));
#6068=CARTESIAN_POINT('',(-60.7593820776594,39.,-0.472475271433487));
#6069=CARTESIAN_POINT('Origin',(-60.5,37.,0.));
#6070=CARTESIAN_POINT('Origin',(-61.,39.,-0.910770851434592));
#6071=CARTESIAN_POINT('',(-61.2406179223406,37.,-1.34906643143571));
#6072=CARTESIAN_POINT('',(-61.2406179223406,39.,-1.34906643143571));
#6073=CARTESIAN_POINT('Origin',(-61.,37.,-0.910770851434592));
#6074=CARTESIAN_POINT('Origin',(-60.5,39.,0.));
#6075=CARTESIAN_POINT('Origin',(-60.5,37.,0.));
#6076=CARTESIAN_POINT('Origin',(-61.2062871561891,37.,1.55555790748656E-15));
#6077=CARTESIAN_POINT('Origin',(-67.5,0.,4.0633094139068E-15));
#6078=CARTESIAN_POINT('',(-67.5,0.,13.5));
#6079=CARTESIAN_POINT('',(-67.5,0.,-13.5));
#6080=CARTESIAN_POINT('Origin',(-67.5,0.,4.0633094139068E-15));
#6081=CARTESIAN_POINT('',(-67.5,1.,13.5));
#6082=CARTESIAN_POINT('',(-67.5,0.,13.5));
#6083=CARTESIAN_POINT('',(-67.5,1.,-13.5));
#6084=CARTESIAN_POINT('Origin',(-67.5,1.,4.0633094139068E-15));
#6085=CARTESIAN_POINT('',(-67.5,0.,-13.5));
#6086=CARTESIAN_POINT('Origin',(67.5,0.,-13.5));
#6087=CARTESIAN_POINT('',(67.5,0.,-13.5));
#6088=CARTESIAN_POINT('',(33.75,0.,-13.5));
#6089=CARTESIAN_POINT('',(67.5,1.,-13.5));
#6090=CARTESIAN_POINT('',(33.75,1.,-13.5));
#6091=CARTESIAN_POINT('',(67.5,0.,-13.5));
#6092=CARTESIAN_POINT('Origin',(67.5,0.,-1.24694223745825E-14));
#6093=CARTESIAN_POINT('',(67.5,0.,13.5));
#6094=CARTESIAN_POINT('Origin',(67.5,0.,-1.24694223745825E-14));
#6095=CARTESIAN_POINT('',(67.5,1.,13.5));
#6096=CARTESIAN_POINT('Origin',(67.5,1.,-1.24694223745825E-14));
#6097=CARTESIAN_POINT('',(67.5,0.,13.5));
#6098=CARTESIAN_POINT('Origin',(-67.5,0.,13.5));
#6099=CARTESIAN_POINT('',(-33.75,0.,13.5));
#6100=CARTESIAN_POINT('',(-33.75,1.,13.5));
#6101=CARTESIAN_POINT('Origin',(-67.5,0.,4.0633094139068E-15));
#6102=CARTESIAN_POINT('',(-67.5,1.,-13.6));
#6103=CARTESIAN_POINT('',(-67.5,0.,-13.6));
#6104=CARTESIAN_POINT('',(-67.5,1.,13.6));
#6105=CARTESIAN_POINT('Origin',(-67.5,1.,4.0633094139068E-15));
#6106=CARTESIAN_POINT('',(-67.5,0.,13.6));
#6107=CARTESIAN_POINT('Origin',(67.5,0.,-13.6));
#6108=CARTESIAN_POINT('',(67.5,1.,-13.6));
#6109=CARTESIAN_POINT('',(67.5,0.,-13.6));
#6110=CARTESIAN_POINT('',(67.5,1.,-13.6));
#6111=CARTESIAN_POINT('Origin',(67.5,0.,-1.24694223745825E-14));
#6112=CARTESIAN_POINT('',(67.5,1.,13.6));
#6113=CARTESIAN_POINT('',(67.5,0.,13.6));
#6114=CARTESIAN_POINT('Origin',(67.5,1.,-1.24694223745825E-14));
#6115=CARTESIAN_POINT('Origin',(-67.5,0.,13.6));
#6116=CARTESIAN_POINT('',(-67.5,1.,13.6));
#6117=CARTESIAN_POINT('Origin',(3.19021497332971E-15,1.,-3.60803967358386E-15));
#6118=CARTESIAN_POINT('Origin',(67.5,1.,-1.24694223745825E-14));
#6119=CARTESIAN_POINT('',(67.5,0.,12.7320508075689));
#6120=CARTESIAN_POINT('',(67.5,0.499999999999998,11.8660254037844));
#6121=CARTESIAN_POINT('Origin',(67.5,1.,12.7320508075689));
#6122=CARTESIAN_POINT('',(67.5,0.499999999999998,-11.8660254037845));
#6123=CARTESIAN_POINT('Origin',(67.5,0.499999999999998,-1.24694223745825E-14));
#6124=CARTESIAN_POINT('',(67.5,0.,-12.7320508075689));
#6125=CARTESIAN_POINT('Origin',(67.5,1.,-12.7320508075689));
#6126=CARTESIAN_POINT('Origin',(67.5,0.,-1.24694223745825E-14));
#6127=CARTESIAN_POINT('Origin',(33.75,1.,-12.7320508075689));
#6128=CARTESIAN_POINT('',(-67.5,0.500000000000001,-11.8660254037844));
#6129=CARTESIAN_POINT('',(-67.5,0.,-12.7320508075689));
#6130=CARTESIAN_POINT('Origin',(-67.5,1.,-12.7320508075689));
#6131=CARTESIAN_POINT('',(33.75,0.,-12.7320508075689));
#6132=CARTESIAN_POINT('',(33.75,0.5,-11.8660254037844));
#6133=CARTESIAN_POINT('Origin',(-67.5,1.,4.0633094139068E-15));
#6134=CARTESIAN_POINT('',(-67.5,0.499999999999998,11.8660254037844));
#6135=CARTESIAN_POINT('',(-67.5,0.,12.7320508075689));
#6136=CARTESIAN_POINT('Origin',(-67.5,1.,12.7320508075689));
#6137=CARTESIAN_POINT('Origin',(-67.5,0.,4.0633094139068E-15));
#6138=CARTESIAN_POINT('Origin',(-67.5,0.499999999999998,4.0633094139068E-15));
#6139=CARTESIAN_POINT('Origin',(-33.75,1.,12.7320508075689));
#6140=CARTESIAN_POINT('',(-33.75,0.,12.7320508075689));
#6141=CARTESIAN_POINT('',(-33.75,0.5,11.8660254037844));
#6142=CARTESIAN_POINT('Origin',(33.75,0.,-11.));
#6143=CARTESIAN_POINT('Origin',(67.5,0.,-11.));
#6144=CARTESIAN_POINT('Origin',(-67.5,0.,-11.));
#6145=CARTESIAN_POINT('Origin',(67.5,0.,-1.24694223745825E-14));
#6146=CARTESIAN_POINT('Origin',(67.5,0.,11.));
#6147=CARTESIAN_POINT('Origin',(6.25687360650395E-15,0.,-5.1028483452057E-15));
#6148=CARTESIAN_POINT('Origin',(-67.5,0.,4.0633094139068E-15));
#6149=CARTESIAN_POINT('Origin',(-67.5,0.,11.));
#6150=CARTESIAN_POINT('Origin',(-33.75,0.,11.));
#6151=CARTESIAN_POINT('Origin',(8.15968804080693E-15,1.,-3.8639619215646E-15));
#6152=CARTESIAN_POINT('Origin',(67.5,40.,12.7320508075689));
#6153=CARTESIAN_POINT('',(-67.5,40.,12.7320508075689));
#6154=CARTESIAN_POINT('',(67.5,40.,12.7320508075689));
#6155=CARTESIAN_POINT('',(33.75,40.,12.7320508075689));
#6156=CARTESIAN_POINT('',(-67.5,39.,12.7320508075689));
#6157=CARTESIAN_POINT('',(-67.5,40.,12.7320508075689));
#6158=CARTESIAN_POINT('',(67.5,39.,12.7320508075689));
#6159=CARTESIAN_POINT('',(33.75,39.,12.7320508075689));
#6160=CARTESIAN_POINT('',(67.5,40.,12.7320508075689));
#6161=CARTESIAN_POINT('Origin',(67.5,40.,-1.24694223745825E-14));
#6162=CARTESIAN_POINT('',(67.5,40.,-12.7320508075689));
#6163=CARTESIAN_POINT('Origin',(67.5,40.,-1.24694223745825E-14));
#6164=CARTESIAN_POINT('',(67.5,39.,-12.7320508075689));
#6165=CARTESIAN_POINT('Origin',(67.5,39.,-1.24694223745825E-14));
#6166=CARTESIAN_POINT('',(67.5,40.,-12.7320508075689));
#6167=CARTESIAN_POINT('Origin',(-67.5,40.,-12.7320508075689));
#6168=CARTESIAN_POINT('',(-67.5,40.,-12.7320508075689));
#6169=CARTESIAN_POINT('',(-33.75,40.,-12.7320508075689));
#6170=CARTESIAN_POINT('',(-67.5,39.,-12.7320508075689));
#6171=CARTESIAN_POINT('',(-33.75,39.,-12.7320508075689));
#6172=CARTESIAN_POINT('',(-67.5,40.,-12.7320508075689));
#6173=CARTESIAN_POINT('Origin',(-67.5,40.,4.0633094139068E-15));
#6174=CARTESIAN_POINT('Origin',(-67.5,40.,4.0633094139068E-15));
#6175=CARTESIAN_POINT('Origin',(-67.5,39.,4.0633094139068E-15));
#6176=CARTESIAN_POINT('Origin',(67.5,40.,-1.24694223745825E-14));
#6177=CARTESIAN_POINT('',(67.5,39.,-13.5));
#6178=CARTESIAN_POINT('',(67.5,40.,-13.5));
#6179=CARTESIAN_POINT('',(67.5,39.,13.5));
#6180=CARTESIAN_POINT('Origin',(67.5,39.,-1.24694223745825E-14));
#6181=CARTESIAN_POINT('',(67.5,40.,13.5));
#6182=CARTESIAN_POINT('Origin',(-67.5,40.,-13.5));
#6183=CARTESIAN_POINT('',(-67.5,39.,-13.5));
#6184=CARTESIAN_POINT('',(-67.5,40.,-13.5));
#6185=CARTESIAN_POINT('',(-67.5,39.,-13.5));
#6186=CARTESIAN_POINT('Origin',(-67.5,40.,4.0633094139068E-15));
#6187=CARTESIAN_POINT('',(-67.5,39.,13.5));
#6188=CARTESIAN_POINT('',(-67.5,40.,13.5));
#6189=CARTESIAN_POINT('Origin',(-67.5,39.,4.0633094139068E-15));
#6190=CARTESIAN_POINT('Origin',(67.5,40.,13.5));
#6191=CARTESIAN_POINT('',(67.5,39.,13.5));
#6192=CARTESIAN_POINT('Origin',(6.38944239060811E-15,39.,-3.76223384697887E-15));
#6193=CARTESIAN_POINT('Origin',(-67.5,39.,4.0633094139068E-15));
#6194=CARTESIAN_POINT('',(-67.5,39.5,11.8660254037844));
#6195=CARTESIAN_POINT('Origin',(-67.5,39.,12.7320508075689));
#6196=CARTESIAN_POINT('',(-67.5,39.5,-11.8660254037844));
#6197=CARTESIAN_POINT('Origin',(-67.5,39.5,4.0633094139068E-15));
#6198=CARTESIAN_POINT('Origin',(-67.5,39.,-12.7320508075689));
#6199=CARTESIAN_POINT('Origin',(-33.75,39.,-12.7320508075689));
#6200=CARTESIAN_POINT('',(67.5,39.5,-11.8660254037844));
#6201=CARTESIAN_POINT('Origin',(67.5,39.,-12.7320508075689));
#6202=CARTESIAN_POINT('',(-33.75,39.5,-11.8660254037844));
#6203=CARTESIAN_POINT('Origin',(67.5,39.,-1.24694223745825E-14));
#6204=CARTESIAN_POINT('',(67.5,39.5,11.8660254037844));
#6205=CARTESIAN_POINT('Origin',(67.5,39.,12.7320508075689));
#6206=CARTESIAN_POINT('Origin',(67.5,39.5,-1.24694223745825E-14));
#6207=CARTESIAN_POINT('Origin',(33.75,39.,12.7320508075689));
#6208=CARTESIAN_POINT('',(33.75,39.5,11.8660254037844));
#6209=CARTESIAN_POINT('Origin',(-33.75,40.,-11.));
#6210=CARTESIAN_POINT('Origin',(-67.5,40.,-11.));
#6211=CARTESIAN_POINT('Origin',(67.5,40.,-11.));
#6212=CARTESIAN_POINT('Origin',(-67.5,40.,4.0633094139068E-15));
#6213=CARTESIAN_POINT('Origin',(-67.5,40.,11.));
#6214=CARTESIAN_POINT('Origin',(67.5,40.,-1.24694223745825E-14));
#6215=CARTESIAN_POINT('Origin',(67.5,40.,11.));
#6216=CARTESIAN_POINT('Origin',(33.75,40.,11.));
#6217=CARTESIAN_POINT('Origin',(67.5,0.,-15.));
#6218=CARTESIAN_POINT('Origin',(-67.5,0.,15.));
#6219=CARTESIAN_POINT('',(0.,0.,0.));
#6220=CARTESIAN_POINT('Origin',(-12.5,16.,-23.2685786509845));
#6221=CARTESIAN_POINT('',(-11.5,16.,-21.7685786509845));
#6222=CARTESIAN_POINT('Origin',(-11.5,16.,-23.2685786509845));
#6223=CARTESIAN_POINT('',(-12.5,16.,-21.7685786509845));
#6224=CARTESIAN_POINT('',(-12.5,16.,-21.7685786509845));
#6225=CARTESIAN_POINT('Origin',(-12.5,16.,-23.2685786509845));
#6226=CARTESIAN_POINT('Origin',(-11.5,16.,-23.2685786509845));
#6227=CARTESIAN_POINT('Origin',(12.5,16.,-23.2685786509845));
#6228=CARTESIAN_POINT('',(11.5,16.,-21.7685786509845));
#6229=CARTESIAN_POINT('Origin',(11.5,16.,-23.2685786509845));
#6230=CARTESIAN_POINT('',(12.5,16.,-21.7685786509845));
#6231=CARTESIAN_POINT('',(12.5,16.,-21.7685786509845));
#6232=CARTESIAN_POINT('Origin',(12.5,16.,-23.2685786509845));
#6233=CARTESIAN_POINT('Origin',(11.5,16.,-23.2685786509845));
#6234=CARTESIAN_POINT('Origin',(-12.5,14.,-20.2685786509845));
#6235=CARTESIAN_POINT('',(-12.5,16.,-20.2685786509845));
#6236=CARTESIAN_POINT('',(-12.5,16.,-26.2685786509845));
#6237=CARTESIAN_POINT('Origin',(-12.5,16.,-23.2685786509845));
#6238=CARTESIAN_POINT('',(-12.5,14.,-20.2685786509845));
#6239=CARTESIAN_POINT('',(-12.5,14.,-20.2685786509845));
#6240=CARTESIAN_POINT('',(-12.5,14.,-26.2685786509845));
#6241=CARTESIAN_POINT('',(-12.5,14.,-10.4532969189075));
#6242=CARTESIAN_POINT('',(-12.5,14.,-26.2685786509845));
#6243=CARTESIAN_POINT('Origin',(-17.,16.,-23.2685786509845));
#6244=CARTESIAN_POINT('',(-18.5,16.,-26.2685786509845));
#6245=CARTESIAN_POINT('',(-14.,16.,-26.2685786509845));
#6246=CARTESIAN_POINT('',(-18.5,16.,-20.2685786509845));
#6247=CARTESIAN_POINT('Origin',(-18.5,16.,-23.2685786509845));
#6248=CARTESIAN_POINT('',(-17.,16.,-20.2685786509845));
#6249=CARTESIAN_POINT('Origin',(12.5,14.,-26.2685786509845));
#6250=CARTESIAN_POINT('',(12.5,16.,-26.2685786509845));
#6251=CARTESIAN_POINT('',(12.5,16.,-20.2685786509845));
#6252=CARTESIAN_POINT('Origin',(12.5,16.,-23.2685786509845));
#6253=CARTESIAN_POINT('',(12.5,14.,-26.2685786509845));
#6254=CARTESIAN_POINT('',(12.5,14.,-26.2685786509845));
#6255=CARTESIAN_POINT('',(12.5,14.,-20.2685786509845));
#6256=CARTESIAN_POINT('',(12.5,14.,-13.4532969189075));
#6257=CARTESIAN_POINT('',(12.5,14.,-20.2685786509845));
#6258=CARTESIAN_POINT('Origin',(17.,16.,-23.2685786509845));
#6259=CARTESIAN_POINT('',(18.5,16.,-20.2685786509845));
#6260=CARTESIAN_POINT('',(14.,16.,-20.2685786509845));
#6261=CARTESIAN_POINT('',(18.5,16.,-26.2685786509845));
#6262=CARTESIAN_POINT('Origin',(18.5,16.,-23.2685786509845));
#6263=CARTESIAN_POINT('',(17.,16.,-26.2685786509845));
#6264=CARTESIAN_POINT('Origin',(18.5,14.,-26.2685786509845));
#6265=CARTESIAN_POINT('',(18.5,14.,-26.2685786509845));
#6266=CARTESIAN_POINT('',(18.5,14.,-26.2685786509845));
#6267=CARTESIAN_POINT('',(9.25,14.,-26.2685786509845));
#6268=CARTESIAN_POINT('Origin',(18.5,14.,-20.2685786509845));
#6269=CARTESIAN_POINT('',(18.5,14.,-20.2685786509845));
#6270=CARTESIAN_POINT('',(18.5,14.,-20.2685786509845));
#6271=CARTESIAN_POINT('',(18.5,14.,-10.4532969189075));
#6272=CARTESIAN_POINT('Origin',(12.5,14.,-20.2685786509845));
#6273=CARTESIAN_POINT('',(6.25,14.,-20.2685786509845));
#6274=CARTESIAN_POINT('Origin',(-18.5,14.,-26.2685786509845));
#6275=CARTESIAN_POINT('',(-18.5,14.,-26.2685786509845));
#6276=CARTESIAN_POINT('',(-18.5,14.,-26.2685786509845));
#6277=CARTESIAN_POINT('',(-18.5,14.,-20.2685786509845));
#6278=CARTESIAN_POINT('',(-18.5,14.,-13.4532969189075));
#6279=CARTESIAN_POINT('',(-18.5,14.,-20.2685786509845));
#6280=CARTESIAN_POINT('Origin',(-12.5,14.,-26.2685786509845));
#6281=CARTESIAN_POINT('',(-6.25,14.,-26.2685786509845));
#6282=CARTESIAN_POINT('Origin',(-18.5,14.,-20.2685786509845));
#6283=CARTESIAN_POINT('',(-9.25,14.,-20.2685786509845));
#6284=CARTESIAN_POINT('Origin',(20.75,2.87717419348834,26.));
#6285=CARTESIAN_POINT('',(20.75,2.87717419348834,24.5));
#6286=CARTESIAN_POINT('Origin',(20.75,2.87717419348834,26.));
#6287=CARTESIAN_POINT('',(21.75,2.87717419348834,24.5));
#6288=CARTESIAN_POINT('',(20.75,2.87717419348834,24.5));
#6289=CARTESIAN_POINT('Origin',(21.75,2.87717419348834,26.));
#6290=CARTESIAN_POINT('Origin',(21.75,2.87717419348834,26.));
#6291=CARTESIAN_POINT('Origin',(-20.75,2.87717419348834,26.));
#6292=CARTESIAN_POINT('',(-20.75,2.87717419348834,24.5));
#6293=CARTESIAN_POINT('Origin',(-20.75,2.87717419348834,26.));
#6294=CARTESIAN_POINT('',(-21.75,2.87717419348834,24.5));
#6295=CARTESIAN_POINT('',(-20.75,2.87717419348834,24.5));
#6296=CARTESIAN_POINT('Origin',(-21.75,2.87717419348834,26.));
#6297=CARTESIAN_POINT('Origin',(-21.75,2.87717419348834,26.));
#6298=CARTESIAN_POINT('Origin',(-19.,8.,-13.));
#6299=CARTESIAN_POINT('',(-19.,8.,-25.));
#6300=CARTESIAN_POINT('',(-19.,8.,-13.));
#6301=CARTESIAN_POINT('',(-19.,8.,-8.2690704027139));
#6302=CARTESIAN_POINT('',(-19.,7.,-25.));
#6303=CARTESIAN_POINT('',(-19.,8.,-25.));
#6304=CARTESIAN_POINT('',(-19.,7.,-13.));
#6305=CARTESIAN_POINT('',(-19.,7.,-25.));
#6306=CARTESIAN_POINT('',(-19.,8.,-13.));
#6307=CARTESIAN_POINT('Origin',(19.,8.,-13.));
#6308=CARTESIAN_POINT('',(19.,8.,-13.));
#6309=CARTESIAN_POINT('',(9.49999999999999,8.,-13.));
#6310=CARTESIAN_POINT('',(19.,7.,-13.));
#6311=CARTESIAN_POINT('',(-19.,7.,-13.));
#6312=CARTESIAN_POINT('',(19.,8.,-13.));
#6313=CARTESIAN_POINT('Origin',(19.,8.,-25.));
#6314=CARTESIAN_POINT('',(19.,8.,-25.));
#6315=CARTESIAN_POINT('',(19.,8.,-14.2690704027139));
#6316=CARTESIAN_POINT('',(19.,7.,-25.));
#6317=CARTESIAN_POINT('',(19.,7.,-13.));
#6318=CARTESIAN_POINT('',(19.,8.,-25.));
#6319=CARTESIAN_POINT('Origin',(-19.,8.,-25.));
#6320=CARTESIAN_POINT('',(-9.5,8.,-25.));
#6321=CARTESIAN_POINT('',(19.,7.,-25.));
#6322=CARTESIAN_POINT('Origin',(-1.99840144432528E-14,7.,-19.));
#6323=CARTESIAN_POINT('Origin',(-24.4118944315607,7.,-28.));
#6324=CARTESIAN_POINT('',(-24.4118944315607,7.,-28.));
#6325=CARTESIAN_POINT('',(-22.3285610982273,6.99999999999999,22.));
#6326=CARTESIAN_POINT('',(-24.3907402769406,7.,-27.4923002891183));
#6327=CARTESIAN_POINT('',(-24.4118944315607,8.,-28.));
#6328=CARTESIAN_POINT('',(-24.4118944315607,7.,-28.));
#6329=CARTESIAN_POINT('',(-22.3285610982273,7.99999999999999,22.));
#6330=CARTESIAN_POINT('',(-22.3285610982273,7.99999999999999,22.));
#6331=CARTESIAN_POINT('',(-22.3285610982273,6.99999999999999,22.));
#6332=CARTESIAN_POINT('Origin',(22.3285610982274,6.99999999999999,22.));
#6333=CARTESIAN_POINT('',(22.3285610982274,6.99999999999999,22.));
#6334=CARTESIAN_POINT('',(24.4118944315607,7.,-28.));
#6335=CARTESIAN_POINT('',(23.349073610274,7.,-2.49230028911831));
#6336=CARTESIAN_POINT('',(22.3285610982274,7.99999999999999,22.));
#6337=CARTESIAN_POINT('',(22.3285610982274,6.99999999999999,22.));
#6338=CARTESIAN_POINT('',(24.4118944315607,8.,-28.));
#6339=CARTESIAN_POINT('',(24.4118944315607,8.,-28.));
#6340=CARTESIAN_POINT('',(24.4118944315607,7.,-28.));
#6341=CARTESIAN_POINT('Origin',(0.,8.,-3.53814080542781));
#6342=CARTESIAN_POINT('',(20.75,7.99999999999999,22.));
#6343=CARTESIAN_POINT('',(22.3285610982274,7.99999999999999,22.));
#6344=CARTESIAN_POINT('',(-20.75,7.99999999999999,22.));
#6345=CARTESIAN_POINT('',(10.375,8.,22.));
#6346=CARTESIAN_POINT('',(22.3285610982274,7.99999999999999,22.));
#6347=CARTESIAN_POINT('',(-24.4118944315607,8.,-28.));
#6348=CARTESIAN_POINT('Origin',(0.,7.,-28.));
#6349=CARTESIAN_POINT('',(-27.8333333333333,6.99999999999999,22.));
#6350=CARTESIAN_POINT('',(0.,6.99999999999999,22.));
#6351=CARTESIAN_POINT('',(-29.9166666666667,7.,-28.));
#6352=CARTESIAN_POINT('',(-29.3633556018058,7.,-14.72053444334));
#6353=CARTESIAN_POINT('',(0.,7.,-28.));
#6354=CARTESIAN_POINT('Origin',(20.75,0.,30.));
#6355=CARTESIAN_POINT('',(20.75,0.504250786009279,30.));
#6356=CARTESIAN_POINT('',(20.75,0.00394795821693883,29.5006989934496));
#6357=CARTESIAN_POINT('Ctrl Pts',(20.7500006915932,0.50425056847251,30.));
#6358=CARTESIAN_POINT('Ctrl Pts',(20.7500007387248,0.477976173036866,29.99999994196));
#6359=CARTESIAN_POINT('Ctrl Pts',(20.7499999394994,0.451776150432422,29.9978229111991));
#6360=CARTESIAN_POINT('Ctrl Pts',(20.7499990425228,0.425871305560186,29.99359754243));
#6361=CARTESIAN_POINT('Ctrl Pts',(20.7499987954991,0.418737218072174,29.9924338932896));
#6362=CARTESIAN_POINT('Ctrl Pts',(20.7499985444045,0.411625540597933,29.991114585842));
#6363=CARTESIAN_POINT('Ctrl Pts',(20.749998310382,0.404540993108774,29.9896416318597));
#6364=CARTESIAN_POINT('Ctrl Pts',(20.7499974518427,0.378550499653337,29.9842379274036));
#6365=CARTESIAN_POINT('Ctrl Pts',(20.7499968012929,0.353027468034967,29.9767917789108));
#6366=CARTESIAN_POINT('Ctrl Pts',(20.7499966729658,0.328201741476275,29.9674184774105));
#6367=CARTESIAN_POINT('Ctrl Pts',(20.7499966393033,0.321689510841839,29.9649596933329));
#6368=CARTESIAN_POINT('Ctrl Pts',(20.7499966418595,0.315225338410473,29.9623680320782));
#6369=CARTESIAN_POINT('Ctrl Pts',(20.7499966850327,0.308813583971451,29.9596450223445));
#6370=CARTESIAN_POINT('Ctrl Pts',(20.7499968501512,0.284291447393135,29.9492307095026));
#6371=CARTESIAN_POINT('Ctrl Pts',(20.7499976991758,0.260678233986533,29.9369599155426));
#6372=CARTESIAN_POINT('Ctrl Pts',(20.7499985397888,0.238199474988487,29.9229532491275));
#6373=CARTESIAN_POINT('Ctrl Pts',(20.7499993651427,0.216128756437881,29.9092008354687));
#6374=CARTESIAN_POINT('Ctrl Pts',(20.7500002291121,0.19515052758171,29.8937743249534));
#6375=CARTESIAN_POINT('Ctrl Pts',(20.7499998396698,0.175502465464008,29.8767452543174));
#6376=CARTESIAN_POINT('Ctrl Pts',(20.7499996712547,0.167005626704789,29.8693810029959));
#6377=CARTESIAN_POINT('Ctrl Pts',(20.7499992561898,0.158757959609321,29.8617165616854));
#6378=CARTESIAN_POINT('Ctrl Pts',(20.7499984187569,0.150780950489685,29.8537556406309));
#6379=CARTESIAN_POINT('Ctrl Pts',(20.7499983415433,0.150045447747045,29.8530216212533));
#6380=CARTESIAN_POINT('Ctrl Pts',(20.7499982607009,0.149312247121904,29.8522850805903));
#6381=CARTESIAN_POINT('Ctrl Pts',(20.7499981764351,0.148581355439543,29.8515460318255));
#6382=CARTESIAN_POINT('Ctrl Pts',(20.7499960702846,0.130313355279944,29.8330741525054));
#6383=CARTESIAN_POINT('Ctrl Pts',(20.749991806437,0.11362271357778,29.8131782653263));
#6384=CARTESIAN_POINT('Ctrl Pts',(20.7499882217122,0.0985649767871074,29.7921094194523));
#6385=CARTESIAN_POINT('Ctrl Pts',(20.7499845573566,0.0831727489332028,29.7705725523374));
#6386=CARTESIAN_POINT('Ctrl Pts',(20.7499816303539,0.0694860862999973,29.7478088758976));
#6387=CARTESIAN_POINT('Ctrl Pts',(20.7499806660246,0.0576057431547028,29.7240527363589));
#6388=CARTESIAN_POINT('Ctrl Pts',(20.7499802173004,0.052077551100444,29.7129984679568));
#6389=CARTESIAN_POINT('Ctrl Pts',(20.7499801657669,0.046941115553658,29.7017289440358));
#6390=CARTESIAN_POINT('Ctrl Pts',(20.749980478758,0.0422102124193163,29.6902664651262));
#6391=CARTESIAN_POINT('Ctrl Pts',(20.7499811511362,0.0320471251025018,29.6656423773533));
#6392=CARTESIAN_POINT('Ctrl Pts',(20.7499835377535,0.0238312009806782,29.6403200450031));
#6393=CARTESIAN_POINT('Ctrl Pts',(20.749987035069,0.0176451795709753,29.6145411818261));
#6394=CARTESIAN_POINT('Ctrl Pts',(20.7499904617159,0.0115841561289642,29.5892832197732));
#6395=CARTESIAN_POINT('Ctrl Pts',(20.7499949685682,0.00747147178857895,
29.5635857154103));
#6396=CARTESIAN_POINT('Ctrl Pts',(20.7499977666613,0.00543169857470469,
29.537662283391));
#6397=CARTESIAN_POINT('Ctrl Pts',(20.7499990919028,0.00446561484404387,
29.525384346929));
#6398=CARTESIAN_POINT('Ctrl Pts',(20.75,0.00396524240329109,29.5130556458477));
#6399=CARTESIAN_POINT('Ctrl Pts',(20.75,0.00394795821694247,29.5006989934496));
#6400=CARTESIAN_POINT('',(20.75,9.,30.));
#6401=CARTESIAN_POINT('',(20.75,0.,30.));
#6402=CARTESIAN_POINT('',(20.75,9.,22.));
#6403=CARTESIAN_POINT('',(20.75,9.,22.));
#6404=CARTESIAN_POINT('',(20.75,0.,22.));
#6405=CARTESIAN_POINT('',(20.75,0.,22.));
#6406=CARTESIAN_POINT('',(20.75,0.,22.));
#6407=CARTESIAN_POINT('',(20.75,0.,23.8542299074995));
#6408=CARTESIAN_POINT('',(20.75,0.,14.6809924065848));
#6409=CARTESIAN_POINT('Origin',(20.75,7.,23.8542299074995));
#6410=CARTESIAN_POINT('Origin',(20.75,0.,22.));
#6411=CARTESIAN_POINT('',(-20.75,9.,22.));
#6412=CARTESIAN_POINT('',(-20.75,9.,22.));
#6413=CARTESIAN_POINT('',(-20.75,0.,22.));
#6414=CARTESIAN_POINT('Origin',(-20.75,0.,22.));
#6415=CARTESIAN_POINT('',(-20.75,0.00394795821693994,29.5006989934496));
#6416=CARTESIAN_POINT('',(-20.75,0.504250786009286,30.));
#6417=CARTESIAN_POINT('Ctrl Pts',(-20.75,0.00394795821694235,29.5006989934496));
#6418=CARTESIAN_POINT('Ctrl Pts',(-20.75,0.00398467871174345,29.5269508736932));
#6419=CARTESIAN_POINT('Ctrl Pts',(-20.7499963218424,0.00619851846979445,
29.5531250068608));
#6420=CARTESIAN_POINT('Ctrl Pts',(-20.7499925622008,0.0104603612575773,
29.5790010817051));
#6421=CARTESIAN_POINT('Ctrl Pts',(-20.7499915354475,0.0116242651467564,
29.5860678051034));
#6422=CARTESIAN_POINT('Ctrl Pts',(-20.7499904881971,0.0129412164561257,
29.5931122759548));
#6423=CARTESIAN_POINT('Ctrl Pts',(-20.7499894621933,0.0144092415945088,
29.6001299022119));
#6424=CARTESIAN_POINT('Ctrl Pts',(-20.7499856659103,0.0198410331252862,
29.6260955903142));
#6425=CARTESIAN_POINT('Ctrl Pts',(-20.7499823681778,0.0273154114497613,
29.6515909238342));
#6426=CARTESIAN_POINT('Ctrl Pts',(-20.7499810353008,0.0367161129183523,
29.6763866358222));
#6427=CARTESIAN_POINT('Ctrl Pts',(-20.7499806888059,0.0391599204309519,
29.6828325321671));
#6428=CARTESIAN_POINT('Ctrl Pts',(-20.7499804628435,0.0417341715008936,
29.6892310745089));
#6429=CARTESIAN_POINT('Ctrl Pts',(-20.7499803581725,0.0444373601954193,
29.6955780322258));
#6430=CARTESIAN_POINT('Ctrl Pts',(-20.7499799540996,0.0548727701224264,
29.7200798754379));
#6431=CARTESIAN_POINT('Ctrl Pts',(-20.7499813889872,0.0671645635661181,
29.7436703684292));
#6432=CARTESIAN_POINT('Ctrl Pts',(-20.7499842798996,0.0811907479748061,
29.7661247210758));
#6433=CARTESIAN_POINT('Ctrl Pts',(-20.7499871206869,0.0949737344776264,
29.7881897410726));
#6434=CARTESIAN_POINT('Ctrl Pts',(-20.7499913400281,0.110432159679473,29.8091588363877));
#6435=CARTESIAN_POINT('Ctrl Pts',(-20.7499947305112,0.127493064347518,29.8287947272817));
#6436=CARTESIAN_POINT('Ctrl Pts',(-20.7499962124863,0.134950359995764,29.837377545518));
#6437=CARTESIAN_POINT('Ctrl Pts',(-20.7499975144839,0.142714316003627,29.8457052337472));
#6438=CARTESIAN_POINT('Ctrl Pts',(-20.749998357747,0.150780997040311,29.853755640571));
#6439=CARTESIAN_POINT('Ctrl Pts',(-20.7499984243437,0.151418062961205,29.8543914212364));
#6440=CARTESIAN_POINT('Ctrl Pts',(-20.7499984880518,0.152057017610663,29.8550254715995));
#6441=CARTESIAN_POINT('Ctrl Pts',(-20.7499985489586,0.152697852388079,29.8556577872742));
#6442=CARTESIAN_POINT('Ctrl Pts',(-20.7500003055213,0.171179644899363,29.8738938873011));
#6443=CARTESIAN_POINT('Ctrl Pts',(-20.7499999917435,0.191082377453089,29.8905524614016));
#6444=CARTESIAN_POINT('Ctrl Pts',(-20.7499993346974,0.21215459384215,29.9055793818664));
#6445=CARTESIAN_POINT('Ctrl Pts',(-20.7499986624521,0.233714269505029,29.9209539170102));
#6446=CARTESIAN_POINT('Ctrl Pts',(-20.7499975838641,0.256499315620573,29.9346211301913));
#6447=CARTESIAN_POINT('Ctrl Pts',(-20.7499969490246,0.28027454398637,29.946481704108));
#6448=CARTESIAN_POINT('Ctrl Pts',(-20.7499966518841,0.291402682674805,29.952033117093));
#6449=CARTESIAN_POINT('Ctrl Pts',(-20.7499964423345,0.30274811782443,29.9571880910487));
#6450=CARTESIAN_POINT('Ctrl Pts',(-20.749996380551,0.31428809287532,29.9619327531828));
#6451=CARTESIAN_POINT('Ctrl Pts',(-20.7499962485723,0.338939147279367,29.9720680371745));
#6452=CARTESIAN_POINT('Ctrl Pts',(-20.7499969563081,0.364286307152605,29.9802558968031));
#6453=CARTESIAN_POINT('Ctrl Pts',(-20.7499977750305,0.390087364236382,29.9864145100882));
#6454=CARTESIAN_POINT('Ctrl Pts',(-20.7499985775282,0.41537712050454,29.9924510778313));
#6455=CARTESIAN_POINT('Ctrl Pts',(-20.7499994399597,0.441104239076107,29.9965383892579));
#6456=CARTESIAN_POINT('Ctrl Pts',(-20.7499997896236,0.467054508194846,29.9985525983546));
#6457=CARTESIAN_POINT('Ctrl Pts',(-20.7499999561124,0.479410454330546,29.9995116427094));
#6458=CARTESIAN_POINT('Ctrl Pts',(-20.750000012306,0.491817078584975,29.9999999725959));
#6459=CARTESIAN_POINT('Ctrl Pts',(-20.7499999519274,0.504251145095125,30.));
#6460=CARTESIAN_POINT('',(-20.75,-1.11022302462516E-15,23.8542299074994));
#6461=CARTESIAN_POINT('Origin',(-20.75,7.,23.8542299074994));
#6462=CARTESIAN_POINT('',(-20.75,0.,22.));
#6463=CARTESIAN_POINT('',(-20.75,0.,10.6809924065848));
#6464=CARTESIAN_POINT('',(-20.75,0.,22.));
#6465=CARTESIAN_POINT('',(-20.75,9.,30.));
#6466=CARTESIAN_POINT('',(-20.75,9.,30.));
#6467=CARTESIAN_POINT('',(-20.75,0.,30.));
#6468=CARTESIAN_POINT('Origin',(4.44089209850063E-15,9.,26.));
#6469=CARTESIAN_POINT('',(-13.75,9.,30.));
#6470=CARTESIAN_POINT('Ctrl Pts',(20.5147595794791,13.5,30.));
#6471=CARTESIAN_POINT('Ctrl Pts',(21.4775960034668,13.5,30.));
#6472=CARTESIAN_POINT('Ctrl Pts',(23.4015704988658,13.0663946769395,30.));
#6473=CARTESIAN_POINT('Ctrl Pts',(25.7338297672694,11.2371377959223,30.));
#6474=CARTESIAN_POINT('Ctrl Pts',(27.042745216491,8.59168747925049,30.));
#6475=CARTESIAN_POINT('Ctrl Pts',(27.128647736915,4.63462964118462,30.));
#6476=CARTESIAN_POINT('Ctrl Pts',(24.5814194268623,1.26682672043104,30.));
#6477=CARTESIAN_POINT('Ctrl Pts',(21.695517547201,0.535970746165285,30.));
#6478=CARTESIAN_POINT('Ctrl Pts',(20.7332241572094,0.503665961201445,30.));
#6479=CARTESIAN_POINT('Ctrl Pts',(20.5147595794791,13.6308996938996,30.));
#6480=CARTESIAN_POINT('Ctrl Pts',(21.4969880890277,13.6303812076621,29.9999832602896));
#6481=CARTESIAN_POINT('Ctrl Pts',(23.4591300868307,13.1870754409852,29.9999977714891));
#6482=CARTESIAN_POINT('Ctrl Pts',(25.8367177673114,11.3206052965194,29.9999710147184));
#6483=CARTESIAN_POINT('Ctrl Pts',(27.1706494512976,8.6228470978391,29.9999782919226));
#6484=CARTESIAN_POINT('Ctrl Pts',(27.258199000405,4.58833448789192,29.999964718092));
#6485=CARTESIAN_POINT('Ctrl Pts',(24.6623052750457,1.15352730822744,29.999987086431));
#6486=CARTESIAN_POINT('Ctrl Pts',(21.7192519818333,0.406429122683423,29.99998331523));
#6487=CARTESIAN_POINT('Ctrl Pts',(20.7376121581336,0.37295639946208,30.));
#6488=CARTESIAN_POINT('Ctrl Pts',(20.5147595794792,13.8915565409545,29.8915565409545));
#6489=CARTESIAN_POINT('Ctrl Pts',(21.5354321764411,13.8900477257282,29.8924575662688));
#6490=CARTESIAN_POINT('Ctrl Pts',(23.5737276966074,13.4272774929511,29.894229666362));
#6491=CARTESIAN_POINT('Ctrl Pts',(26.0413935278967,11.4867923705946,29.8963630061096));
#6492=CARTESIAN_POINT('Ctrl Pts',(27.4252683232605,8.68491520933385,29.897542549643));
#6493=CARTESIAN_POINT('Ctrl Pts',(27.515976522875,4.4962836374614,29.8976238029743));
#6494=CARTESIAN_POINT('Ctrl Pts',(24.823264143029,0.92796849119992,29.8953192487916));
#6495=CARTESIAN_POINT('Ctrl Pts',(21.7663459234004,0.148424636272087,29.8926592556648));
#6496=CARTESIAN_POINT('Ctrl Pts',(20.7463500058017,0.112673810886535,29.8917597023525));
#6497=CARTESIAN_POINT('Ctrl Pts',(20.5147595794791,14.,29.6308996938996));
#6498=CARTESIAN_POINT('Ctrl Pts',(21.5516875024442,13.9991752567246,29.6334683534529));
#6499=CARTESIAN_POINT('Ctrl Pts',(23.6225200402034,13.530797916921,29.6385815351272));
#6500=CARTESIAN_POINT('Ctrl Pts',(26.1315573270878,11.5601899640968,29.6447482615918));
#6501=CARTESIAN_POINT('Ctrl Pts',(27.5388804573407,8.71271905651527,29.6481945757157));
#6502=CARTESIAN_POINT('Ctrl Pts',(27.631328536768,4.45468481094224,29.6484209709105));
#6503=CARTESIAN_POINT('Ctrl Pts',(24.8924134143999,0.829131117498343,29.6417146021322));
#6504=CARTESIAN_POINT('Ctrl Pts',(21.7862817306971,0.039747076834917,29.6340481165645));
#6505=CARTESIAN_POINT('Ctrl Pts',(20.7499938656322,0.00413068847185684,
29.6314820606037));
#6506=CARTESIAN_POINT('Ctrl Pts',(20.5147595794791,14.,29.5));
#6507=CARTESIAN_POINT('Ctrl Pts',(21.5515319826985,14.,29.5030806658013));
#6508=CARTESIAN_POINT('Ctrl Pts',(23.6232480204718,13.5330404213195,29.5092365634003));
#6509=CARTESIAN_POINT('Ctrl Pts',(26.1346009215378,11.5630714725317,29.5166987980945));
#6510=CARTESIAN_POINT('Ctrl Pts',(27.5440276757523,8.71412497765437,29.5208867691359));
#6511=CARTESIAN_POINT('Ctrl Pts',(27.6365266302203,4.4526780751219,29.5211616205544));
#6512=CARTESIAN_POINT('Ctrl Pts',(24.8936972660961,0.825813391233431,29.5130115766348));
#6513=CARTESIAN_POINT('Ctrl Pts',(21.7861876697724,0.0387377266395389,29.5037779217738));
#6514=CARTESIAN_POINT('Ctrl Pts',(20.75,0.0039479582169423,29.5006989934496));
#6515=CARTESIAN_POINT('',(20.5147595794791,14.,29.5));
#6516=CARTESIAN_POINT('Origin',(20.5147595794791,7.,29.5));
#6517=CARTESIAN_POINT('',(20.5147595794791,13.5,30.));
#6518=CARTESIAN_POINT('Origin',(20.5147595794791,13.5,29.5));
#6519=CARTESIAN_POINT('Origin',(20.5147595794791,7.,30.));
#6520=CARTESIAN_POINT('Origin',(21.1194240901594,7.,14.9880517436748));
#6521=CARTESIAN_POINT('',(20.8272595794791,-7.7715611723761E-15,22.));
#6522=CARTESIAN_POINT('',(21.1194240901594,0.,14.9880517436748));
#6523=CARTESIAN_POINT('',(27.8333333333333,6.99999999999999,22.));
#6524=CARTESIAN_POINT('Origin',(20.8272595794791,7.,22.));
#6525=CARTESIAN_POINT('',(29.9166666666667,7.,-28.));
#6526=CARTESIAN_POINT('',(28.1133556018058,6.99999999999999,15.27946555666));
#6527=CARTESIAN_POINT('',(22.9105929128125,-1.11022302462516E-15,-28.));
#6528=CARTESIAN_POINT('Origin',(22.9105929128125,7.,-28.));
#6529=CARTESIAN_POINT('',(22.9939262461458,0.,-30.));
#6530=CARTESIAN_POINT('',(21.1194240901594,0.,14.9880517436748));
#6531=CARTESIAN_POINT('',(22.9939262461458,14.,-30.));
#6532=CARTESIAN_POINT('Origin',(22.9939262461458,7.,-30.));
#6533=CARTESIAN_POINT('',(21.1194240901594,14.,14.9880517436748));
#6534=CARTESIAN_POINT('Origin',(0.,6.99999999999999,22.));
#6535=CARTESIAN_POINT('',(-20.8272595794791,-7.7715611723761E-15,22.));
#6536=CARTESIAN_POINT('',(5.66671320383698E-16,0.,22.));
#6537=CARTESIAN_POINT('Origin',(-20.8272595794791,7.,22.));
#6538=CARTESIAN_POINT('Origin',(1.1333426407674E-15,0.,-0.638015186830395));
#6539=CARTESIAN_POINT('',(-22.3694240901594,0.,-15.0119482563252));
#6540=CARTESIAN_POINT('Origin',(1.1333426407674E-15,0.,-0.638015186830395));
#6541=CARTESIAN_POINT('',(5.66671320383698E-16,0.,22.));
#6542=CARTESIAN_POINT('Origin',(0.,7.,-28.));
#6543=CARTESIAN_POINT('',(0.,7.,-28.));
#6544=CARTESIAN_POINT('',(0.,6.99999999999999,22.));
#6545=CARTESIAN_POINT('Origin',(0.,6.99999999999999,22.));
#6546=CARTESIAN_POINT('Origin',(0.,0.,-28.));
#6547=CARTESIAN_POINT('',(-22.9105929128125,-1.11022302462516E-15,-28.));
#6548=CARTESIAN_POINT('Origin',(-22.9105929128125,7.,-28.));
#6549=CARTESIAN_POINT('',(5.66671320383698E-16,0.,-28.));
#6550=CARTESIAN_POINT('Origin',(-22.3694240901594,7.,-15.0119482563252));
#6551=CARTESIAN_POINT('',(-20.5147595794791,14.,29.5));
#6552=CARTESIAN_POINT('Origin',(-20.5147595794791,7.,29.5));
#6553=CARTESIAN_POINT('',(-22.9939262461458,14.,-30.));
#6554=CARTESIAN_POINT('',(-22.3694240901594,14.,-15.0119482563252));
#6555=CARTESIAN_POINT('',(-22.9939262461458,0.,-30.));
#6556=CARTESIAN_POINT('Origin',(-22.9939262461458,7.,-30.));
#6557=CARTESIAN_POINT('',(-22.3694240901594,0.,-15.0119482563252));
#6558=CARTESIAN_POINT('Origin',(-13.75,13.5,29.5));
#6559=CARTESIAN_POINT('',(-20.5147595794791,13.5,30.));
#6560=CARTESIAN_POINT('Origin',(-20.5147595794791,13.5,29.5));
#6561=CARTESIAN_POINT('',(-13.75,13.5,30.));
#6562=CARTESIAN_POINT('',(-13.75,14.,29.5));
#6563=CARTESIAN_POINT('Ctrl Pts',(-20.7332241572094,0.503665961201445,30.));
#6564=CARTESIAN_POINT('Ctrl Pts',(-21.695517547201,0.535970746165285,30.));
#6565=CARTESIAN_POINT('Ctrl Pts',(-23.6047887783556,1.03463925954226,30.));
#6566=CARTESIAN_POINT('Ctrl Pts',(-25.8703390324064,2.93870827047328,30.));
#6567=CARTESIAN_POINT('Ctrl Pts',(-27.0978196172685,5.63111772603731,30.));
#6568=CARTESIAN_POINT('Ctrl Pts',(-27.046635060897,8.5886540129891,30.));
#6569=CARTESIAN_POINT('Ctrl Pts',(-25.7315326102968,11.2389054358819,30.));
#6570=CARTESIAN_POINT('Ctrl Pts',(-23.4024141738479,13.0657430605628,30.));
#6571=CARTESIAN_POINT('Ctrl Pts',(-21.4775960034668,13.5,30.));
#6572=CARTESIAN_POINT('Ctrl Pts',(-20.5147595794791,13.5,30.));
#6573=CARTESIAN_POINT('Ctrl Pts',(-20.7376121581336,0.372956399462082,30.));
#6574=CARTESIAN_POINT('Ctrl Pts',(-21.7192519818333,0.406429122683426,29.99998331523));
#6575=CARTESIAN_POINT('Ctrl Pts',(-23.6663255978571,0.916052652586671,29.999998884041));
#6576=CARTESIAN_POINT('Ctrl Pts',(-25.9758474905826,2.85877418394088,29.9999735068213));
#6577=CARTESIAN_POINT('Ctrl Pts',(-27.2267802129158,5.60429729361897,29.9999705435054));
#6578=CARTESIAN_POINT('Ctrl Pts',(-27.1746092527437,8.61977870699004,29.9999795491842));
#6579=CARTESIAN_POINT('Ctrl Pts',(-25.834374664983,11.3223994373647,29.9999726187295));
#6580=CARTESIAN_POINT('Ctrl Pts',(-23.4599874379673,13.1864149369634,29.9999987502869));
#6581=CARTESIAN_POINT('Ctrl Pts',(-21.4969880890277,13.6303812076621,29.9999832602896));
#6582=CARTESIAN_POINT('Ctrl Pts',(-20.5147595794791,13.6308996938996,30.));
#6583=CARTESIAN_POINT('Ctrl Pts',(-20.7463500058017,0.112673810886542,29.8917597023525));
#6584=CARTESIAN_POINT('Ctrl Pts',(-21.7663459234004,0.148424636272094,29.8926592556649));
#6585=CARTESIAN_POINT('Ctrl Pts',(-23.7888586529812,0.680079800460278,29.8944154514566));
#6586=CARTESIAN_POINT('Ctrl Pts',(-26.185771690147,2.69955336293309,29.896485917318));
#6587=CARTESIAN_POINT('Ctrl Pts',(-27.4834353842539,5.55094419825909,29.8975944165549));
#6588=CARTESIAN_POINT('Ctrl Pts',(-27.4293792445799,8.6817434655611,29.8975456136533));
#6589=CARTESIAN_POINT('Ctrl Pts',(-26.0389743705609,11.4886296255599,29.8963604627379));
#6590=CARTESIAN_POINT('Ctrl Pts',(-23.5746221878933,13.4265989886737,29.8942301157589));
#6591=CARTESIAN_POINT('Ctrl Pts',(-21.5354321764411,13.8900477257282,29.8924575662688));
#6592=CARTESIAN_POINT('Ctrl Pts',(-20.5147595794791,13.8915565409545,29.8915565409545));
#6593=CARTESIAN_POINT('Ctrl Pts',(-20.7499938656322,0.00413068847186039,
29.6314820606037));
#6594=CARTESIAN_POINT('Ctrl Pts',(-21.7862817306971,0.0397470768349213,
29.6340481165646));
#6595=CARTESIAN_POINT('Ctrl Pts',(-23.8411661415157,0.578065994167089,29.6391197848828));
#6596=CARTESIAN_POINT('Ctrl Pts',(-26.2783378242823,2.6292130196641,29.6451080505482));
#6597=CARTESIAN_POINT('Ctrl Pts',(-27.5981455413706,5.52695056983627,29.6483396836771));
#6598=CARTESIAN_POINT('Ctrl Pts',(-27.5430492686084,8.70951299424351,29.6482046869077));
#6599=CARTESIAN_POINT('Ctrl Pts',(-26.1290748213166,11.5620849716089,29.6447421261794));
#6600=CARTESIAN_POINT('Ctrl Pts',(-23.6234176131977,13.5301027290185,29.6385836652701));
#6601=CARTESIAN_POINT('Ctrl Pts',(-21.5516875024442,13.9991752567246,29.6334683534529));
#6602=CARTESIAN_POINT('Ctrl Pts',(-20.5147595794791,14.,29.6308996938996));
#6603=CARTESIAN_POINT('Ctrl Pts',(-20.75,0.00394795821694237,29.5006989934496));
#6604=CARTESIAN_POINT('Ctrl Pts',(-21.7861876697724,0.0387377266395398,
29.5037779217738));
#6605=CARTESIAN_POINT('Ctrl Pts',(-23.8420713831487,0.575765356430131,29.5098867751997));
#6606=CARTESIAN_POINT('Ctrl Pts',(-26.2815927005687,2.62630121435584,29.5171355695068));
#6607=CARTESIAN_POINT('Ctrl Pts',(-27.6033312266228,5.52581908957864,29.5210629837231));
#6608=CARTESIAN_POINT('Ctrl Pts',(-27.548216220382,8.71085816783442,29.5208992149785));
#6609=CARTESIAN_POINT('Ctrl Pts',(-26.1321273664295,11.5649750847959,29.5166914481722));
#6610=CARTESIAN_POINT('Ctrl Pts',(-23.6241564810545,13.532338680606,29.5092392628003));
#6611=CARTESIAN_POINT('Ctrl Pts',(-21.5515319826984,14.,29.5030806658013));
#6612=CARTESIAN_POINT('Ctrl Pts',(-20.5147595794791,14.,29.5));
#6613=CARTESIAN_POINT('Origin',(-20.5147595794791,7.,30.));
#6614=CARTESIAN_POINT('Origin',(0.,14.,-0.638015186830394));
#6615=CARTESIAN_POINT('',(30.,14.,-30.));
#6616=CARTESIAN_POINT('Origin',(-27.5,0.,30.));
#6617=CARTESIAN_POINT('Ctrl Pts',(-22.9939262461266,13.0669872981078,-29.75));
#6618=CARTESIAN_POINT('Ctrl Pts',(-23.2589710556117,13.0669872981078,-29.75));
#6619=CARTESIAN_POINT('Ctrl Pts',(-23.5239332776336,13.0496408664739,-29.75));
#6620=CARTESIAN_POINT('Ctrl Pts',(-24.0495049691732,12.9805092888099,-29.75));
#6621=CARTESIAN_POINT('Ctrl Pts',(-24.3099287886663,12.9287491677813,-29.75));
#6622=CARTESIAN_POINT('Ctrl Pts',(-24.6939399628834,12.8259525507247,-29.75));
#6623=CARTESIAN_POINT('Ctrl Pts',(-24.8208033802258,12.7875031123689,-29.75));
#6624=CARTESIAN_POINT('Ctrl Pts',(-25.1972411074669,12.6598210501107,-29.75));
#6625=CARTESIAN_POINT('Ctrl Pts',(-25.4425454750276,12.5583025420879,-29.75));
#6626=CARTESIAN_POINT('Ctrl Pts',(-25.7991002273569,12.3826324942597,-29.7500000000001));
#6627=CARTESIAN_POINT('Ctrl Pts',(-25.9160118975721,12.3201964672688,-29.75));
#6628=CARTESIAN_POINT('Ctrl Pts',(-26.2602597921574,12.121605919601,-29.75));
#6629=CARTESIAN_POINT('Ctrl Pts',(-26.4810150607757,11.9742330367925,-29.75));
#6630=CARTESIAN_POINT('Ctrl Pts',(-26.796399279967,11.7324523297442,-29.75));
#6631=CARTESIAN_POINT('Ctrl Pts',(-26.8988659893457,11.6484334323621,-29.75));
#6632=CARTESIAN_POINT('Ctrl Pts',(-27.1976992533481,11.3865778886369,-29.75));
#6633=CARTESIAN_POINT('Ctrl Pts',(-27.3854230660981,11.1990209516597,-29.75));
#6634=CARTESIAN_POINT('Ctrl Pts',(-27.6475178932409,10.9004329780931,-29.75));
#6635=CARTESIAN_POINT('Ctrl Pts',(-27.7316037319019,10.7980634627941,-29.75));
#6636=CARTESIAN_POINT('Ctrl Pts',(-27.9735472279662,10.4830138829311,-29.75));
#6637=CARTESIAN_POINT('Ctrl Pts',(-28.121030667904,10.2624855430975,-29.75));
#6638=CARTESIAN_POINT('Ctrl Pts',(-28.3197717753834,9.91857375974381,-29.75));
#6639=CARTESIAN_POINT('Ctrl Pts',(-28.3822487819338,9.8017894635738,-29.75));
#6640=CARTESIAN_POINT('Ctrl Pts',(-28.5580165288887,9.4456547039018,-29.75));
#6641=CARTESIAN_POINT('Ctrl Pts',(-28.6595988503496,9.20063131558734,-29.75));
#6642=CARTESIAN_POINT('Ctrl Pts',(-28.787360258062,8.82461491273966,-29.75));
#6643=CARTESIAN_POINT('Ctrl Pts',(-28.8258313296524,8.69790341467203,-29.75));
#6644=CARTESIAN_POINT('Ctrl Pts',(-28.9286793630439,8.31436450884317,-29.75));
#6645=CARTESIAN_POINT('Ctrl Pts',(-28.9804635556301,8.05425924277925,-29.75));
#6646=CARTESIAN_POINT('Ctrl Pts',(-29.0323466115767,7.66058443587764,-29.75));
#6647=CARTESIAN_POINT('Ctrl Pts',(-29.0453363228818,7.52881273319443,-29.75));
#6648=CARTESIAN_POINT('Ctrl Pts',(-29.0713183499321,7.13259862526438,-29.75));
#6649=CARTESIAN_POINT('Ctrl Pts',(-29.0713183499583,6.86740138200421,-29.75));
#6650=CARTESIAN_POINT('Ctrl Pts',(-29.0453363227955,6.47118726716961,-29.75));
#6651=CARTESIAN_POINT('Ctrl Pts',(-29.0323466115845,6.3394155650275,-29.75));
#6652=CARTESIAN_POINT('Ctrl Pts',(-28.9804635521193,5.9457407403365,-29.75));
#6653=CARTESIAN_POINT('Ctrl Pts',(-28.9286793576265,5.68563547445846,-29.75));
#6654=CARTESIAN_POINT('Ctrl Pts',(-28.8258313274797,5.30209658538719,-29.75));
#6655=CARTESIAN_POINT('Ctrl Pts',(-28.7873602559686,5.17538508732977,-29.75));
#6656=CARTESIAN_POINT('Ctrl Pts',(-28.6595988497621,4.79936868841779,-29.75));
#6657=CARTESIAN_POINT('Ctrl Pts',(-28.5580165307671,4.55434530624064,-29.75));
#6658=CARTESIAN_POINT('Ctrl Pts',(-28.3822487798824,4.19821053787215,-29.75));
#6659=CARTESIAN_POINT('Ctrl Pts',(-28.3197717737984,4.08142624263368,-29.75));
#6660=CARTESIAN_POINT('Ctrl Pts',(-28.1210306554793,3.7375144431659,-29.75));
#6661=CARTESIAN_POINT('Ctrl Pts',(-27.973547213264,3.5169861039965,-29.75));
#6662=CARTESIAN_POINT('Ctrl Pts',(-27.7316037257641,3.20193653766348,-29.75));
#6663=CARTESIAN_POINT('Ctrl Pts',(-27.6475178874902,3.09956702273903,-29.75));
#6664=CARTESIAN_POINT('Ctrl Pts',(-27.3854230609816,2.80097905026175,-29.75));
#6665=CARTESIAN_POINT('Ctrl Pts',(-27.1976992559585,2.61342212176425,-29.75));
#6666=CARTESIAN_POINT('Ctrl Pts',(-26.8988659831329,2.35156657018529,-29.75));
#6667=CARTESIAN_POINT('Ctrl Pts',(-26.7963992745006,2.26754767358731,-29.75));
#6668=CARTESIAN_POINT('Ctrl Pts',(-26.4810150370222,2.02576695468873,-29.75));
#6669=CARTESIAN_POINT('Ctrl Pts',(-26.2602597652176,1.87839407336173,-29.75));
#6670=CARTESIAN_POINT('Ctrl Pts',(-25.9160118811535,1.67980353389867,-29.75));
#6671=CARTESIAN_POINT('Ctrl Pts',(-25.7991002104408,1.61736750672423,-29.75));
#6672=CARTESIAN_POINT('Ctrl Pts',(-25.4425454610247,1.44169746107823,-29.75));
#6673=CARTESIAN_POINT('Ctrl Pts',(-25.1972410863788,1.34017895134629,-29.75));
#6674=CARTESIAN_POINT('Ctrl Pts',(-24.8208033449871,1.21249688512215,-29.75));
#6675=CARTESIAN_POINT('Ctrl Pts',(-24.6939399207245,1.17404744504263,-29.75));
#6676=CARTESIAN_POINT('Ctrl Pts',(-24.3099287048449,1.07125081912936,-29.75));
#6677=CARTESIAN_POINT('Ctrl Pts',(-24.0495049714377,1.01949071954068,-29.75));
#6678=CARTESIAN_POINT('Ctrl Pts',(-23.523933279806,0.950359136453698,-29.75));
#6679=CARTESIAN_POINT('Ctrl Pts',(-23.2589710430141,0.933012701892223,-29.75));
#6680=CARTESIAN_POINT('Ctrl Pts',(-22.9939262461267,0.933012701892222,-29.75));
#6681=CARTESIAN_POINT('Ctrl Pts',(-22.9939262461266,12.9797208355081,-29.5988500529805));
#6682=CARTESIAN_POINT('Ctrl Pts',(-23.2551618700693,12.9797212411725,-29.5988500529805));
#6683=CARTESIAN_POINT('Ctrl Pts',(-23.5163313692542,12.9626226640909,-29.5988500529805));
#6684=CARTESIAN_POINT('Ctrl Pts',(-24.0343457547399,12.8944852301513,-29.5988500529805));
#6685=CARTESIAN_POINT('Ctrl Pts',(-24.2910419173651,12.8434662213749,-29.5988500529805));
#6686=CARTESIAN_POINT('Ctrl Pts',(-24.6695344677906,12.7421465587198,-29.5988500529805));
#6687=CARTESIAN_POINT('Ctrl Pts',(-24.7945764107508,12.7042491887919,-29.5988500529805));
#6688=CARTESIAN_POINT('Ctrl Pts',(-25.1656027796954,12.5784028192215,-29.5988500529805));
#6689=CARTESIAN_POINT('Ctrl Pts',(-25.4073953242279,12.478337652572,-29.5988500529805));
#6690=CARTESIAN_POINT('Ctrl Pts',(-25.7588232665353,12.3051932404387,-29.5988500529805));
#6691=CARTESIAN_POINT('Ctrl Pts',(-25.8740555717401,12.2436540654943,-29.5988500529805));
#6692=CARTESIAN_POINT('Ctrl Pts',(-26.2133529522284,12.0479196611602,-29.5988500529805));
#6693=CARTESIAN_POINT('Ctrl Pts',(-26.4309463170975,11.9026575649945,-29.5988500529805));
#6694=CARTESIAN_POINT('Ctrl Pts',(-26.7417932201314,11.6643549597658,-29.5988500529805));
#6695=CARTESIAN_POINT('Ctrl Pts',(-26.8427872527407,11.5815435957272,-29.5988500529805));
#6696=CARTESIAN_POINT('Ctrl Pts',(-27.1373207883827,11.3234560522454,-29.5988500529805));
#6697=CARTESIAN_POINT('Ctrl Pts',(-27.3223542343523,11.1385870216698,-29.5988500529805));
#6698=CARTESIAN_POINT('Ctrl Pts',(-27.5806761367812,10.8442969329068,-29.5988500529805));
#6699=CARTESIAN_POINT('Ctrl Pts',(-27.6635527619073,10.7433995547336,-29.5988500529805));
#6700=CARTESIAN_POINT('Ctrl Pts',(-27.902013113199,10.4328859888959,-29.5988500529805));
#6701=CARTESIAN_POINT('Ctrl Pts',(-28.0473816501924,10.2155199301407,-29.5988500529805));
#6702=CARTESIAN_POINT('Ctrl Pts',(-28.243260171015,9.87656122936704,-29.5988500529805));
#6703=CARTESIAN_POINT('Ctrl Pts',(-28.3048382257037,9.76145727696562,-29.5988500529805));
#6704=CARTESIAN_POINT('Ctrl Pts',(-28.4780742772452,9.41045269793208,-29.5988500529805));
#6705=CARTESIAN_POINT('Ctrl Pts',(-28.5781991888841,9.16894459002975,-29.5988500529805));
#6706=CARTESIAN_POINT('Ctrl Pts',(-28.7041194700411,8.79834608273871,-29.5988500529805));
#6707=CARTESIAN_POINT('Ctrl Pts',(-28.7420367693681,8.67345852415001,-29.5988500529805));
#6708=CARTESIAN_POINT('Ctrl Pts',(-28.8434029504214,8.2954466411079,-29.5988500529805));
#6709=CARTESIAN_POINT('Ctrl Pts',(-28.8944439435955,8.03907427351894,-29.5988500529805));
#6710=CARTESIAN_POINT('Ctrl Pts',(-28.945578991317,7.65107331219625,-29.5988500529805));
#6711=CARTESIAN_POINT('Ctrl Pts',(-28.9583816799209,7.52119881523689,-29.5988500529805));
#6712=CARTESIAN_POINT('Ctrl Pts',(-28.9839894640339,7.13069541447988,-29.5988500529805));
#6713=CARTESIAN_POINT('Ctrl Pts',(-28.983989464028,6.86930459242743,-29.5988500529805));
#6714=CARTESIAN_POINT('Ctrl Pts',(-28.9583816798456,6.47880118520436,-29.5988500529805));
#6715=CARTESIAN_POINT('Ctrl Pts',(-28.9455789913008,6.34892668855077,-29.5988500529805));
#6716=CARTESIAN_POINT('Ctrl Pts',(-28.8944439401535,5.96092571005362,-29.5988500529805));
#6717=CARTESIAN_POINT('Ctrl Pts',(-28.843402945113,5.7045533426329,-29.5988500529805));
#6718=CARTESIAN_POINT('Ctrl Pts',(-28.7420367671591,5.32654147576067,-29.5988500529805));
#6719=CARTESIAN_POINT('Ctrl Pts',(-28.7041194679619,5.2016539173926,-29.5988500529805));
#6720=CARTESIAN_POINT('Ctrl Pts',(-28.5781991882035,4.83105541366825,-29.5988500529805));
#6721=CARTESIAN_POINT('Ctrl Pts',(-28.4780742789337,4.5895473118378,-29.5988500529805));
#6722=CARTESIAN_POINT('Ctrl Pts',(-28.3048382237,4.23854272456587,-29.5988500529805));
#6723=CARTESIAN_POINT('Ctrl Pts',(-28.2432601693428,4.12343877286454,-29.5988500529805));
#6724=CARTESIAN_POINT('Ctrl Pts',(-28.0473816380144,3.78448005653264,-29.5988500529805));
#6725=CARTESIAN_POINT('Ctrl Pts',(-27.9020130987614,3.56711399838883,-29.5988500529805));
#6726=CARTESIAN_POINT('Ctrl Pts',(-27.6635527556825,3.25660044560493,-29.5988500529805));
#6727=CARTESIAN_POINT('Ctrl Pts',(-27.5806761310587,3.15570306796787,-29.5988500529805));
#6728=CARTESIAN_POINT('Ctrl Pts',(-27.3223542290587,2.86141298003106,-29.5988500529805));
#6729=CARTESIAN_POINT('Ctrl Pts',(-27.1373207906209,2.67654395783073,-29.5988500529805));
#6730=CARTESIAN_POINT('Ctrl Pts',(-26.8427872466208,2.41845640689721,-29.5988500529805));
#6731=CARTESIAN_POINT('Ctrl Pts',(-26.7417932145165,2.33564504345341,-29.5988500529805));
#6732=CARTESIAN_POINT('Ctrl Pts',(-26.4309462937483,2.0973424267874,-29.5988500529805));
#6733=CARTESIAN_POINT('Ctrl Pts',(-26.213352925662,1.95208033202343,-29.5988500529805));
#6734=CARTESIAN_POINT('Ctrl Pts',(-25.8740555551961,1.7563459355988,-29.5988500529805));
#6735=CARTESIAN_POINT('Ctrl Pts',(-25.7588232496969,1.69480676058931,-29.5988500529805));
#6736=CARTESIAN_POINT('Ctrl Pts',(-25.4073953098669,1.52166235040978,-29.5988500529805));
#6737=CARTESIAN_POINT('Ctrl Pts',(-25.1656027583809,1.42159718217988,-29.5988500529805));
#6738=CARTESIAN_POINT('Ctrl Pts',(-24.7945763756299,1.29575080872333,-29.5988500529805));
#6739=CARTESIAN_POINT('Ctrl Pts',(-24.6695344255867,1.25785343706221,-29.5988500529805));
#6740=CARTESIAN_POINT('Ctrl Pts',(-24.2910418346704,1.15653376576139,-29.5988500529805));
#6741=CARTESIAN_POINT('Ctrl Pts',(-24.0343457559162,1.10551477802311,-29.5988500529805));
#6742=CARTESIAN_POINT('Ctrl Pts',(-23.5163313714894,1.03737733883962,-29.5988500529805));
#6743=CARTESIAN_POINT('Ctrl Pts',(-23.2551618543261,1.02027875867236,-29.5988500529805));
#6744=CARTESIAN_POINT('Ctrl Pts',(-22.9939262461267,1.02027916449194,-29.5988500529805));
#6745=CARTESIAN_POINT('Ctrl Pts',(-22.9939262461267,12.808507521415,-29.5));
#6746=CARTESIAN_POINT('Ctrl Pts',(-23.2476882472754,12.8085067100861,-29.5));
#6747=CARTESIAN_POINT('Ctrl Pts',(-23.5014167291081,12.7918964325066,-29.5));
#6748=CARTESIAN_POINT('Ctrl Pts',(-24.0046039670273,12.7257090364251,-29.5));
#6749=CARTESIAN_POINT('Ctrl Pts',(-24.2539865093814,12.6761436064069,-29.5));
#6750=CARTESIAN_POINT('Ctrl Pts',(-24.6216519353081,12.5777228129251,-29.5));
#6751=CARTESIAN_POINT('Ctrl Pts',(-24.7431202556423,12.540908429703,-29.5));
#6752=CARTESIAN_POINT('Ctrl Pts',(-25.1035294696589,12.4186629900419,-29.5));
#6753=CARTESIAN_POINT('Ctrl Pts',(-25.3384319534606,12.3214491909171,-29.5000000000001));
#6754=CARTESIAN_POINT('Ctrl Pts',(-25.6798016038707,12.1532607400537,-29.5000000000001));
#6755=CARTESIAN_POINT('Ctrl Pts',(-25.7917391087211,12.093481116979,-29.5000000000001));
#6756=CARTESIAN_POINT('Ctrl Pts',(-26.1213233505076,11.9033497221318,-29.5));
#6757=CARTESIAN_POINT('Ctrl Pts',(-26.3327131858106,11.7622289145937,-29.5));
#6758=CARTESIAN_POINT('Ctrl Pts',(-26.6346584929033,11.5307508612696,-29.5));
#6759=CARTESIAN_POINT('Ctrl Pts',(-26.7327632328773,11.450308594073,-29.5));
#6760=CARTESIAN_POINT('Ctrl Pts',(-27.0188603293544,11.1996131745471,-29.5));
#6761=CARTESIAN_POINT('Ctrl Pts',(-27.1986153819397,11.0200177153741,-29.5));
#6762=CARTESIAN_POINT('Ctrl Pts',(-27.4495355099201,10.734160454017,-29.5));
#6763=CARTESIAN_POINT('Ctrl Pts',(-27.5300397383878,10.6361513082017,-29.5));
#6764=CARTESIAN_POINT('Ctrl Pts',(-27.7616656613541,10.3345367933019,-29.5));
#6765=CARTESIAN_POINT('Ctrl Pts',(-27.9028848410642,10.1233750076845,-29.5));
#6766=CARTESIAN_POINT('Ctrl Pts',(-28.0931477270566,9.7941344842398,-29.5));
#6767=CARTESIAN_POINT('Ctrl Pts',(-28.1529620974885,9.68232725188029,-29.5));
#6768=CARTESIAN_POINT('Ctrl Pts',(-28.3212303563436,9.34138758695114,-29.5));
#6769=CARTESIAN_POINT('Ctrl Pts',(-28.4184958864649,9.10677632118021,-29.5));
#6770=CARTESIAN_POINT('Ctrl Pts',(-28.5408046647763,8.74680779855954,-29.5));
#6771=CARTESIAN_POINT('Ctrl Pts',(-28.5776354989113,8.62549868629642,-29.5));
#6772=CARTESIAN_POINT('Ctrl Pts',(-28.6760935946723,8.25833044759429,-29.5));
#6773=CARTESIAN_POINT('Ctrl Pts',(-28.7256764590712,8.00928188045377,-29.5));
#6774=CARTESIAN_POINT('Ctrl Pts',(-28.7753446983745,7.63241292328873,-29.5));
#6775=CARTESIAN_POINT('Ctrl Pts',(-28.7877804607024,7.50626061575268,-29.5));
#6776=CARTESIAN_POINT('Ctrl Pts',(-28.8126532287117,7.12696139054688,-29.5));
#6777=CARTESIAN_POINT('Ctrl Pts',(-28.8126532288001,6.87303861692595,-29.5));
#6778=CARTESIAN_POINT('Ctrl Pts',(-28.7877804606003,6.49373938443064,-29.5));
#6779=CARTESIAN_POINT('Ctrl Pts',(-28.7753446984296,6.36758707786896,-29.5));
#6780=CARTESIAN_POINT('Ctrl Pts',(-28.7256764556732,5.99071810295318,-29.5));
#6781=CARTESIAN_POINT('Ctrl Pts',(-28.6760935894231,5.74166953602097,-29.5));
#6782=CARTESIAN_POINT('Ctrl Pts',(-28.5776354969661,5.37450131405577,-29.5));
#6783=CARTESIAN_POINT('Ctrl Pts',(-28.5408046628036,5.25319220138062,-29.5));
#6784=CARTESIAN_POINT('Ctrl Pts',(-28.4184958861054,4.89322368315368,-29.5));
#6785=CARTESIAN_POINT('Ctrl Pts',(-28.3212303584683,4.65861242321453,-29.5));
#6786=CARTESIAN_POINT('Ctrl Pts',(-28.1529620954868,4.31767274929007,-29.5));
#6787=CARTESIAN_POINT('Ctrl Pts',(-28.0931477257587,4.20586551825996,-29.5));
#6788=CARTESIAN_POINT('Ctrl Pts',(-27.9028848290313,3.87662497873795,-29.5));
#6789=CARTESIAN_POINT('Ctrl Pts',(-27.7616656471704,3.6654631938431,-29.5));
#6790=CARTESIAN_POINT('Ctrl Pts',(-27.5300397328613,3.36384869246124,-29.5));
#6791=CARTESIAN_POINT('Ctrl Pts',(-27.4495355045221,3.26583954667012,-29.5));
#6792=CARTESIAN_POINT('Ctrl Pts',(-27.1986153775413,2.97998228685083,-29.5));
#6793=CARTESIAN_POINT('Ctrl Pts',(-27.0188603325232,2.80038683576316,-29.5));
#6794=CARTESIAN_POINT('Ctrl Pts',(-26.73276322692,2.54969140813804,-29.5));
#6795=CARTESIAN_POINT('Ctrl Pts',(-26.6346584881233,2.46924914204935,-29.5));
#6796=CARTESIAN_POINT('Ctrl Pts',(-26.3327131629389,2.2377710768917,-29.5));
#6797=CARTESIAN_POINT('Ctrl Pts',(-26.1213233247384,2.09665027088938,-29.5));
#6798=CARTESIAN_POINT('Ctrl Pts',(-25.7917390937224,1.90651888425385,-29.5));
#6799=CARTESIAN_POINT('Ctrl Pts',(-25.6798015880034,1.84673926077157,-29.5));
#6800=CARTESIAN_POINT('Ctrl Pts',(-25.3384319411701,1.67855081239153,-29.5));
#6801=CARTESIAN_POINT('Ctrl Pts',(-25.1035294505263,1.58133701142267,-29.5));
#6802=CARTESIAN_POINT('Ctrl Pts',(-24.7431202226771,1.45909156791808,-29.5));
#6803=CARTESIAN_POINT('Ctrl Pts',(-24.6216518962423,1.42227718311449,-29.5));
#6804=CARTESIAN_POINT('Ctrl Pts',(-24.2539864292793,1.32385638098524,-29.5));
#6805=CARTESIAN_POINT('Ctrl Pts',(-24.0046039713013,1.27429097168241,-29.5));
#6806=CARTESIAN_POINT('Ctrl Pts',(-23.501416731001,1.20810357020649,-29.5));
#6807=CARTESIAN_POINT('Ctrl Pts',(-23.2476882418673,1.19149329022416,-29.5));
#6808=CARTESIAN_POINT('Ctrl Pts',(-22.9939262461267,1.19149247858501,-29.5));
#6809=CARTESIAN_POINT('Ctrl Pts',(-22.9939262461267,12.6339745962156,-29.5));
#6810=CARTESIAN_POINT('Ctrl Pts',(-23.2400698761906,12.6339745962156,-29.5));
#6811=CARTESIAN_POINT('Ctrl Pts',(-23.4862129123493,12.6178600277406,-29.5));
#6812=CARTESIAN_POINT('Ctrl Pts',(-23.9742855381609,12.5536609191079,-29.5));
#6813=CARTESIAN_POINT('Ctrl Pts',(-24.2162127667789,12.5055777135942,-29.5));
#6814=CARTESIAN_POINT('Ctrl Pts',(-24.5728409451225,12.4101108289152,-29.5));
#6815=CARTESIAN_POINT('Ctrl Pts',(-24.6906663166923,12.374400582549,-29.5));
#6816=CARTESIAN_POINT('Ctrl Pts',(-25.040252814116,12.2558265282636,-29.5));
#6817=CARTESIAN_POINT('Ctrl Pts',(-25.2681316518612,12.1615194118853,-29.5000000000001));
#6818=CARTESIAN_POINT('Ctrl Pts',(-25.5992476822276,11.9983822324116,-29.5000000000001));
#6819=CARTESIAN_POINT('Ctrl Pts',(-25.707826457057,11.9403963134301,-29.5000000000001));
#6820=CARTESIAN_POINT('Ctrl Pts',(-26.0275096706497,11.7559772052502,-29.5));
#6821=CARTESIAN_POINT('Ctrl Pts',(-26.2325756984542,11.6190779709978,-29.5));
#6822=CARTESIAN_POINT('Ctrl Pts',(-26.5254463732321,11.3945561213127,-29.5));
#6823=CARTESIAN_POINT('Ctrl Pts',(-26.6206057596673,11.3165289208031,-29.5));
#6824=CARTESIAN_POINT('Ctrl Pts',(-26.8981033994236,11.0733695017643,-29.5));
#6825=CARTESIAN_POINT('Ctrl Pts',(-27.0724777184481,10.8991498553944,-29.5));
#6826=CARTESIAN_POINT('Ctrl Pts',(-27.3158519970007,10.6218883636444,-29.5));
#6827=CARTESIAN_POINT('Ctrl Pts',(-27.3939377983987,10.5268234920807,-29.5));
#6828=CARTESIAN_POINT('Ctrl Pts',(-27.6185974318196,10.2342810052315,-29.5));
#6829=CARTESIAN_POINT('Ctrl Pts',(-27.7555868056409,10.0294437817709,-29.5));
#6830=CARTESIAN_POINT('Ctrl Pts',(-27.9401245183198,9.71010942348626,-29.5));
#6831=CARTESIAN_POINT('Ctrl Pts',(-27.9981409850282,9.60166287866394,-29.5));
#6832=CARTESIAN_POINT('Ctrl Pts',(-28.1613458530567,9.27098357501171,-29.5));
#6833=CARTESIAN_POINT('Ctrl Pts',(-28.2556965635338,9.04340287006502,-29.5));
#6834=CARTESIAN_POINT('Ctrl Pts',(-28.3743230887344,8.69427013855765,-29.5));
#6835=CARTESIAN_POINT('Ctrl Pts',(-28.4100463783427,8.57660890525238,-29.5));
#6836=CARTESIAN_POINT('Ctrl Pts',(-28.5055407694272,8.22049471212376,-29.5));
#6837=CARTESIAN_POINT('Ctrl Pts',(-28.5536372350019,7.97891194193315,-29.5));
#6838=CARTESIAN_POINT('Ctrl Pts',(-28.6018094578551,7.61339067592595,-29.5));
#6839=CARTESIAN_POINT('Ctrl Pts',(-28.6138711747807,7.49103277983761,-29.5));
#6840=CARTESIAN_POINT('Ctrl Pts',(-28.6379954569153,7.12315496897787,-29.5));
#6841=CARTESIAN_POINT('Ctrl Pts',(-28.6379954569395,6.87684503777239,-29.5));
#6842=CARTESIAN_POINT('Ctrl Pts',(-28.6138711747005,6.50896722050014,-29.5));
#6843=CARTESIAN_POINT('Ctrl Pts',(-28.6018094578624,6.38660932491551,-29.5));
#6844=CARTESIAN_POINT('Ctrl Pts',(-28.5536372317415,6.02108804238742,-29.5));
#6845=CARTESIAN_POINT('Ctrl Pts',(-28.5055407643963,5.77950527236986,-29.5));
#6846=CARTESIAN_POINT('Ctrl Pts',(-28.4100463763249,5.42339109480273,-29.5));
#6847=CARTESIAN_POINT('Ctrl Pts',(-28.3743230867901,5.30572986150629,-29.5));
#6848=CARTESIAN_POINT('Ctrl Pts',(-28.2556965629882,4.9565971336546,-29.5));
#6849=CARTESIAN_POINT('Ctrl Pts',(-28.1613458548015,4.72901643440885,-29.5));
#6850=CARTESIAN_POINT('Ctrl Pts',(-27.998140983122,4.3983371226775,-29.5));
#6851=CARTESIAN_POINT('Ctrl Pts',(-27.9401245168474,4.28989057872167,-29.5));
#6852=CARTESIAN_POINT('Ctrl Pts',(-27.7555867941015,3.97055620547144,-29.5));
#6853=CARTESIAN_POINT('Ctrl Pts',(-27.6185974181651,3.76571898262777,-29.5));
#6854=CARTESIAN_POINT('Ctrl Pts',(-27.3939377926981,3.47317650834416,-29.5));
#6855=CARTESIAN_POINT('Ctrl Pts',(-27.3158519916592,3.3781116371278,-29.5));
#6856=CARTESIAN_POINT('Ctrl Pts',(-27.0724777136955,3.10085014638944,-29.5));
#6857=CARTESIAN_POINT('Ctrl Pts',(-26.8981034018481,2.92663050789612,-29.5));
#6858=CARTESIAN_POINT('Ctrl Pts',(-26.6206057538958,2.68347108156187,-29.5));
#6859=CARTESIAN_POINT('Ctrl Pts',(-26.5254463681551,2.60544388178155,-29.5));
#6860=CARTESIAN_POINT('Ctrl Pts',(-26.2325756763911,2.38092202108904,-29.5));
#6861=CARTESIAN_POINT('Ctrl Pts',(-26.027509645627,2.24402278821277,-29.5));
#6862=CARTESIAN_POINT('Ctrl Pts',(-25.7078264418076,2.05960368765412,-29.5));
#6863=CARTESIAN_POINT('Ctrl Pts',(-25.5992476665155,2.00161776850172,-29.5));
#6864=CARTESIAN_POINT('Ctrl Pts',(-25.2681316388545,1.83848059105464,-29.5));
#6865=CARTESIAN_POINT('Ctrl Pts',(-25.0402527945306,1.74417347308986,-29.5));
#6866=CARTESIAN_POINT('Ctrl Pts',(-24.6906662839626,1.62559941512044,-29.5));
#6867=CARTESIAN_POINT('Ctrl Pts',(-24.5728409059666,1.58988916715364,-29.5));
#6868=CARTESIAN_POINT('Ctrl Pts',(-24.2162126889302,1.49442227424931,-29.5));
#6869=CARTESIAN_POINT('Ctrl Pts',(-23.9742855402584,1.44633908864727,-29.5));
#6870=CARTESIAN_POINT('Ctrl Pts',(-23.4862129143677,1.38213997497834,-29.5));
#6871=CARTESIAN_POINT('Ctrl Pts',(-23.2400698644912,1.36602540378444,-29.5));
#6872=CARTESIAN_POINT('Ctrl Pts',(-22.9939262461267,1.36602540378444,-29.5));
#6873=CARTESIAN_POINT('',(-22.9939262461267,1.36602540378444,-29.5));
#6874=CARTESIAN_POINT('',(-22.9939262461267,0.933012701892222,-29.75));
#6875=CARTESIAN_POINT('Origin',(-22.9939262461267,1.36602540378444,-30.));
#6876=CARTESIAN_POINT('',(-22.9939262461266,13.0669872981078,-29.75));
#6877=CARTESIAN_POINT('Ctrl Pts',(-22.9939262461267,0.933012701892222,-29.75));
#6878=CARTESIAN_POINT('Ctrl Pts',(-23.2589710430141,0.933012701892223,-29.75));
#6879=CARTESIAN_POINT('Ctrl Pts',(-23.523933279806,0.950359136453698,-29.75));
#6880=CARTESIAN_POINT('Ctrl Pts',(-24.0495049714377,1.01949071954068,-29.75));
#6881=CARTESIAN_POINT('Ctrl Pts',(-24.3099287048449,1.07125081912936,-29.75));
#6882=CARTESIAN_POINT('Ctrl Pts',(-24.6939399207245,1.17404744504263,-29.75));
#6883=CARTESIAN_POINT('Ctrl Pts',(-24.8208033449871,1.21249688512215,-29.75));
#6884=CARTESIAN_POINT('Ctrl Pts',(-25.1972410863788,1.34017895134629,-29.75));
#6885=CARTESIAN_POINT('Ctrl Pts',(-25.4425454610247,1.44169746107823,-29.75));
#6886=CARTESIAN_POINT('Ctrl Pts',(-25.7991002104408,1.61736750672423,-29.75));
#6887=CARTESIAN_POINT('Ctrl Pts',(-25.9160118811535,1.67980353389867,-29.75));
#6888=CARTESIAN_POINT('Ctrl Pts',(-26.2602597652176,1.87839407336173,-29.75));
#6889=CARTESIAN_POINT('Ctrl Pts',(-26.4810150370222,2.02576695468873,-29.75));
#6890=CARTESIAN_POINT('Ctrl Pts',(-26.7963992745006,2.26754767358731,-29.75));
#6891=CARTESIAN_POINT('Ctrl Pts',(-26.8988659831329,2.35156657018529,-29.75));
#6892=CARTESIAN_POINT('Ctrl Pts',(-27.1976992559585,2.61342212176425,-29.75));
#6893=CARTESIAN_POINT('Ctrl Pts',(-27.3854230609816,2.80097905026175,-29.75));
#6894=CARTESIAN_POINT('Ctrl Pts',(-27.6475178874902,3.09956702273903,-29.75));
#6895=CARTESIAN_POINT('Ctrl Pts',(-27.7316037257641,3.20193653766348,-29.75));
#6896=CARTESIAN_POINT('Ctrl Pts',(-27.973547213264,3.5169861039965,-29.75));
#6897=CARTESIAN_POINT('Ctrl Pts',(-28.1210306554793,3.7375144431659,-29.75));
#6898=CARTESIAN_POINT('Ctrl Pts',(-28.3197717737984,4.08142624263368,-29.75));
#6899=CARTESIAN_POINT('Ctrl Pts',(-28.3822487798824,4.19821053787215,-29.75));
#6900=CARTESIAN_POINT('Ctrl Pts',(-28.5580165307671,4.55434530624064,-29.75));
#6901=CARTESIAN_POINT('Ctrl Pts',(-28.6595988497621,4.79936868841779,-29.75));
#6902=CARTESIAN_POINT('Ctrl Pts',(-28.7873602559686,5.17538508732977,-29.75));
#6903=CARTESIAN_POINT('Ctrl Pts',(-28.8258313274797,5.30209658538719,-29.75));
#6904=CARTESIAN_POINT('Ctrl Pts',(-28.9286793576265,5.68563547445846,-29.75));
#6905=CARTESIAN_POINT('Ctrl Pts',(-28.9804635521193,5.9457407403365,-29.75));
#6906=CARTESIAN_POINT('Ctrl Pts',(-29.0323466115845,6.3394155650275,-29.75));
#6907=CARTESIAN_POINT('Ctrl Pts',(-29.0453363227955,6.47118726716961,-29.75));
#6908=CARTESIAN_POINT('Ctrl Pts',(-29.0713183499583,6.86740138200421,-29.75));
#6909=CARTESIAN_POINT('Ctrl Pts',(-29.0713183499321,7.13259862526438,-29.75));
#6910=CARTESIAN_POINT('Ctrl Pts',(-29.0453363228818,7.52881273319443,-29.75));
#6911=CARTESIAN_POINT('Ctrl Pts',(-29.0323466115767,7.66058443587764,-29.75));
#6912=CARTESIAN_POINT('Ctrl Pts',(-28.9804635556301,8.05425924277925,-29.75));
#6913=CARTESIAN_POINT('Ctrl Pts',(-28.9286793630439,8.31436450884317,-29.75));
#6914=CARTESIAN_POINT('Ctrl Pts',(-28.8258313296524,8.69790341467203,-29.75));
#6915=CARTESIAN_POINT('Ctrl Pts',(-28.787360258062,8.82461491273966,-29.75));
#6916=CARTESIAN_POINT('Ctrl Pts',(-28.6595988503496,9.20063131558734,-29.75));
#6917=CARTESIAN_POINT('Ctrl Pts',(-28.5580165288887,9.4456547039018,-29.75));
#6918=CARTESIAN_POINT('Ctrl Pts',(-28.3822487819338,9.8017894635738,-29.75));
#6919=CARTESIAN_POINT('Ctrl Pts',(-28.3197717753834,9.91857375974381,-29.75));
#6920=CARTESIAN_POINT('Ctrl Pts',(-28.121030667904,10.2624855430975,-29.75));
#6921=CARTESIAN_POINT('Ctrl Pts',(-27.9735472279662,10.4830138829311,-29.75));
#6922=CARTESIAN_POINT('Ctrl Pts',(-27.7316037319019,10.7980634627941,-29.75));
#6923=CARTESIAN_POINT('Ctrl Pts',(-27.6475178932409,10.9004329780931,-29.75));
#6924=CARTESIAN_POINT('Ctrl Pts',(-27.3854230660981,11.1990209516597,-29.75));
#6925=CARTESIAN_POINT('Ctrl Pts',(-27.1976992533481,11.3865778886369,-29.75));
#6926=CARTESIAN_POINT('Ctrl Pts',(-26.8988659893457,11.6484334323621,-29.75));
#6927=CARTESIAN_POINT('Ctrl Pts',(-26.796399279967,11.7324523297442,-29.75));
#6928=CARTESIAN_POINT('Ctrl Pts',(-26.4810150607757,11.9742330367925,-29.75));
#6929=CARTESIAN_POINT('Ctrl Pts',(-26.2602597921574,12.121605919601,-29.75));
#6930=CARTESIAN_POINT('Ctrl Pts',(-25.9160118975721,12.3201964672688,-29.75));
#6931=CARTESIAN_POINT('Ctrl Pts',(-25.7991002273569,12.3826324942597,-29.7500000000001));
#6932=CARTESIAN_POINT('Ctrl Pts',(-25.4425454750276,12.5583025420879,-29.75));
#6933=CARTESIAN_POINT('Ctrl Pts',(-25.1972411074669,12.6598210501107,-29.75));
#6934=CARTESIAN_POINT('Ctrl Pts',(-24.8208033802258,12.7875031123689,-29.75));
#6935=CARTESIAN_POINT('Ctrl Pts',(-24.6939399628834,12.8259525507247,-29.75));
#6936=CARTESIAN_POINT('Ctrl Pts',(-24.3099287886663,12.9287491677813,-29.75));
#6937=CARTESIAN_POINT('Ctrl Pts',(-24.0495049691732,12.9805092888099,-29.75));
#6938=CARTESIAN_POINT('Ctrl Pts',(-23.5239332776336,13.0496408664739,-29.75));
#6939=CARTESIAN_POINT('Ctrl Pts',(-23.2589710556117,13.0669872981078,-29.75));
#6940=CARTESIAN_POINT('Ctrl Pts',(-22.9939262461266,13.0669872981078,-29.75));
#6941=CARTESIAN_POINT('',(-22.9939262461267,12.6339745962156,-29.5));
#6942=CARTESIAN_POINT('Origin',(-22.9939262461267,12.6339745962156,-30.));
#6943=CARTESIAN_POINT('Ctrl Pts',(-22.9939262461267,12.6339745962156,-29.5));
#6944=CARTESIAN_POINT('Ctrl Pts',(-23.2400698761906,12.6339745962156,-29.5));
#6945=CARTESIAN_POINT('Ctrl Pts',(-23.4862129123493,12.6178600277406,-29.5));
#6946=CARTESIAN_POINT('Ctrl Pts',(-23.9742855381609,12.5536609191079,-29.5));
#6947=CARTESIAN_POINT('Ctrl Pts',(-24.2162127667789,12.5055777135942,-29.5));
#6948=CARTESIAN_POINT('Ctrl Pts',(-24.5728409451225,12.4101108289152,-29.5));
#6949=CARTESIAN_POINT('Ctrl Pts',(-24.6906663166923,12.374400582549,-29.5));
#6950=CARTESIAN_POINT('Ctrl Pts',(-25.040252814116,12.2558265282636,-29.5));
#6951=CARTESIAN_POINT('Ctrl Pts',(-25.2681316518612,12.1615194118853,-29.5000000000001));
#6952=CARTESIAN_POINT('Ctrl Pts',(-25.5992476822276,11.9983822324116,-29.5000000000001));
#6953=CARTESIAN_POINT('Ctrl Pts',(-25.707826457057,11.9403963134301,-29.5000000000001));
#6954=CARTESIAN_POINT('Ctrl Pts',(-26.0275096706497,11.7559772052502,-29.5));
#6955=CARTESIAN_POINT('Ctrl Pts',(-26.2325756984542,11.6190779709978,-29.5));
#6956=CARTESIAN_POINT('Ctrl Pts',(-26.5254463732321,11.3945561213127,-29.5));
#6957=CARTESIAN_POINT('Ctrl Pts',(-26.6206057596673,11.3165289208031,-29.5));
#6958=CARTESIAN_POINT('Ctrl Pts',(-26.8981033994236,11.0733695017643,-29.5));
#6959=CARTESIAN_POINT('Ctrl Pts',(-27.0724777184481,10.8991498553944,-29.5));
#6960=CARTESIAN_POINT('Ctrl Pts',(-27.3158519970007,10.6218883636444,-29.5));
#6961=CARTESIAN_POINT('Ctrl Pts',(-27.3939377983987,10.5268234920807,-29.5));
#6962=CARTESIAN_POINT('Ctrl Pts',(-27.6185974318196,10.2342810052315,-29.5));
#6963=CARTESIAN_POINT('Ctrl Pts',(-27.7555868056409,10.0294437817709,-29.5));
#6964=CARTESIAN_POINT('Ctrl Pts',(-27.9401245183198,9.71010942348626,-29.5));
#6965=CARTESIAN_POINT('Ctrl Pts',(-27.9981409850282,9.60166287866394,-29.5));
#6966=CARTESIAN_POINT('Ctrl Pts',(-28.1613458530567,9.27098357501171,-29.5));
#6967=CARTESIAN_POINT('Ctrl Pts',(-28.2556965635338,9.04340287006502,-29.5));
#6968=CARTESIAN_POINT('Ctrl Pts',(-28.3743230887344,8.69427013855765,-29.5));
#6969=CARTESIAN_POINT('Ctrl Pts',(-28.4100463783427,8.57660890525238,-29.5));
#6970=CARTESIAN_POINT('Ctrl Pts',(-28.5055407694272,8.22049471212376,-29.5));
#6971=CARTESIAN_POINT('Ctrl Pts',(-28.5536372350019,7.97891194193315,-29.5));
#6972=CARTESIAN_POINT('Ctrl Pts',(-28.6018094578551,7.61339067592595,-29.5));
#6973=CARTESIAN_POINT('Ctrl Pts',(-28.6138711747807,7.49103277983761,-29.5));
#6974=CARTESIAN_POINT('Ctrl Pts',(-28.6379954569153,7.12315496897787,-29.5));
#6975=CARTESIAN_POINT('Ctrl Pts',(-28.6379954569395,6.87684503777239,-29.5));
#6976=CARTESIAN_POINT('Ctrl Pts',(-28.6138711747005,6.50896722050014,-29.5));
#6977=CARTESIAN_POINT('Ctrl Pts',(-28.6018094578624,6.38660932491551,-29.5));
#6978=CARTESIAN_POINT('Ctrl Pts',(-28.5536372317415,6.02108804238742,-29.5));
#6979=CARTESIAN_POINT('Ctrl Pts',(-28.5055407643963,5.77950527236986,-29.5));
#6980=CARTESIAN_POINT('Ctrl Pts',(-28.4100463763249,5.42339109480273,-29.5));
#6981=CARTESIAN_POINT('Ctrl Pts',(-28.3743230867901,5.30572986150629,-29.5));
#6982=CARTESIAN_POINT('Ctrl Pts',(-28.2556965629882,4.9565971336546,-29.5));
#6983=CARTESIAN_POINT('Ctrl Pts',(-28.1613458548015,4.72901643440885,-29.5));
#6984=CARTESIAN_POINT('Ctrl Pts',(-27.998140983122,4.3983371226775,-29.5));
#6985=CARTESIAN_POINT('Ctrl Pts',(-27.9401245168474,4.28989057872167,-29.5));
#6986=CARTESIAN_POINT('Ctrl Pts',(-27.7555867941015,3.97055620547144,-29.5));
#6987=CARTESIAN_POINT('Ctrl Pts',(-27.6185974181651,3.76571898262777,-29.5));
#6988=CARTESIAN_POINT('Ctrl Pts',(-27.3939377926981,3.47317650834416,-29.5));
#6989=CARTESIAN_POINT('Ctrl Pts',(-27.3158519916592,3.3781116371278,-29.5));
#6990=CARTESIAN_POINT('Ctrl Pts',(-27.0724777136955,3.10085014638944,-29.5));
#6991=CARTESIAN_POINT('Ctrl Pts',(-26.8981034018481,2.92663050789612,-29.5));
#6992=CARTESIAN_POINT('Ctrl Pts',(-26.6206057538958,2.68347108156187,-29.5));
#6993=CARTESIAN_POINT('Ctrl Pts',(-26.5254463681551,2.60544388178155,-29.5));
#6994=CARTESIAN_POINT('Ctrl Pts',(-26.2325756763911,2.38092202108904,-29.5));
#6995=CARTESIAN_POINT('Ctrl Pts',(-26.027509645627,2.24402278821277,-29.5));
#6996=CARTESIAN_POINT('Ctrl Pts',(-25.7078264418076,2.05960368765412,-29.5));
#6997=CARTESIAN_POINT('Ctrl Pts',(-25.5992476665155,2.00161776850172,-29.5));
#6998=CARTESIAN_POINT('Ctrl Pts',(-25.2681316388545,1.83848059105464,-29.5));
#6999=CARTESIAN_POINT('Ctrl Pts',(-25.0402527945306,1.74417347308986,-29.5));
#7000=CARTESIAN_POINT('Ctrl Pts',(-24.6906662839626,1.62559941512044,-29.5));
#7001=CARTESIAN_POINT('Ctrl Pts',(-24.5728409059666,1.58988916715364,-29.5));
#7002=CARTESIAN_POINT('Ctrl Pts',(-24.2162126889302,1.49442227424931,-29.5));
#7003=CARTESIAN_POINT('Ctrl Pts',(-23.9742855402584,1.44633908864727,-29.5));
#7004=CARTESIAN_POINT('Ctrl Pts',(-23.4862129143677,1.38213997497834,-29.5));
#7005=CARTESIAN_POINT('Ctrl Pts',(-23.2400698644912,1.36602540378444,-29.5));
#7006=CARTESIAN_POINT('Ctrl Pts',(-22.9939262461267,1.36602540378444,-29.5));
#7007=CARTESIAN_POINT('Origin',(3.50303687693668,1.36602540378445,-30.));
#7008=CARTESIAN_POINT('',(22.9939262461458,1.36602540378445,-29.5));
#7009=CARTESIAN_POINT('',(22.9939262461458,0.933012701892223,-29.75));
#7010=CARTESIAN_POINT('Origin',(22.9939262461458,1.36602540378445,-30.));
#7011=CARTESIAN_POINT('',(3.50303687693668,0.933012701892224,-29.75));
#7012=CARTESIAN_POINT('',(3.50303687693668,1.36602540378445,-29.5));
#7013=CARTESIAN_POINT('Ctrl Pts',(22.9939262461458,0.933012701892222,-29.75));
#7014=CARTESIAN_POINT('Ctrl Pts',(23.2589710556272,0.933012701892223,-29.75));
#7015=CARTESIAN_POINT('Ctrl Pts',(23.5239332776305,0.950359133525832,-29.75));
#7016=CARTESIAN_POINT('Ctrl Pts',(24.049504969156,1.01949071118635,-29.75));
#7017=CARTESIAN_POINT('Ctrl Pts',(24.3099287886768,1.0712508322204,-29.75));
#7018=CARTESIAN_POINT('Ctrl Pts',(24.6939399628923,1.17404744927739,-29.75));
#7019=CARTESIAN_POINT('Ctrl Pts',(24.8208033802228,1.21249688762935,-29.75));
#7020=CARTESIAN_POINT('Ctrl Pts',(25.1972411074694,1.34017894988929,-29.75));
#7021=CARTESIAN_POINT('Ctrl Pts',(25.442545475036,1.44169745791329,-29.75));
#7022=CARTESIAN_POINT('Ctrl Pts',(25.799100227393,1.61736750575657,-29.75));
#7023=CARTESIAN_POINT('Ctrl Pts',(25.9160118976096,1.6798035327489,-29.75));
#7024=CARTESIAN_POINT('Ctrl Pts',(26.26025979216,1.87839408039718,-29.75));
#7025=CARTESIAN_POINT('Ctrl Pts',(26.4810150607564,2.02576696319271,-29.75));
#7026=CARTESIAN_POINT('Ctrl Pts',(26.7963992798957,2.26754767019548,-29.75));
#7027=CARTESIAN_POINT('Ctrl Pts',(26.8988659892436,2.35156656755058,-29.75));
#7028=CARTESIAN_POINT('Ctrl Pts',(27.197699253363,2.61342211137308,-29.75));
#7029=CARTESIAN_POINT('Ctrl Pts',(27.3854230661141,2.8009790483529,-29.75));
#7030=CARTESIAN_POINT('Ctrl Pts',(27.6475178932836,3.09956702195305,-29.75));
#7031=CARTESIAN_POINT('Ctrl Pts',(27.7316037319362,3.20193653724232,-29.75));
#7032=CARTESIAN_POINT('Ctrl Pts',(27.9735472279797,3.51698611708015,-29.75));
#7033=CARTESIAN_POINT('Ctrl Pts',(28.1210306679025,3.73751445688489,-29.7500000000001));
#7034=CARTESIAN_POINT('Ctrl Pts',(28.3197717754046,4.08142624027622,-29.75));
#7035=CARTESIAN_POINT('Ctrl Pts',(28.382248781972,4.1982105364804,-29.7500000000001));
#7036=CARTESIAN_POINT('Ctrl Pts',(28.55801652889,4.5543452960798,-29.7500000000001));
#7037=CARTESIAN_POINT('Ctrl Pts',(28.6595988503342,4.79936868435129,-29.75));
#7038=CARTESIAN_POINT('Ctrl Pts',(28.7873602580256,5.1753850871175,-29.7500000000001));
#7039=CARTESIAN_POINT('Ctrl Pts',(28.8258313296232,5.30209658520736,-29.7500000000001));
#7040=CARTESIAN_POINT('Ctrl Pts',(28.9286793630348,5.68563549108791,-29.7500000000001));
#7041=CARTESIAN_POINT('Ctrl Pts',(28.9804635556348,5.94574075725815,-29.7500000000001));
#7042=CARTESIAN_POINT('Ctrl Pts',(29.0323466115599,6.33941556398508,-29.7500000000001));
#7043=CARTESIAN_POINT('Ctrl Pts',(29.0453363228559,6.47118726652114,-29.7500000000001));
#7044=CARTESIAN_POINT('Ctrl Pts',(29.0713183499348,6.86740137479507,-29.7500000000001));
#7045=CARTESIAN_POINT('Ctrl Pts',(29.0713183499608,7.13259861807483,-29.75));
#7046=CARTESIAN_POINT('Ctrl Pts',(29.0453363227921,7.5288127329337,-29.75));
#7047=CARTESIAN_POINT('Ctrl Pts',(29.032346611579,7.66058443508713,-29.75));
#7048=CARTESIAN_POINT('Ctrl Pts',(28.9804635521243,8.05425925969074,-29.75));
#7049=CARTESIAN_POINT('Ctrl Pts',(28.9286793576453,8.31436452549226,-29.75));
#7050=CARTESIAN_POINT('Ctrl Pts',(28.8258313275142,8.69790341453232,-29.75));
#7051=CARTESIAN_POINT('Ctrl Pts',(28.7873602560133,8.82461491255642,-29.75));
#7052=CARTESIAN_POINT('Ctrl Pts',(28.6595988497595,9.20063131161619,-29.75));
#7053=CARTESIAN_POINT('Ctrl Pts',(28.558016530767,9.44565469377502,-29.75));
#7054=CARTESIAN_POINT('Ctrl Pts',(28.3822487798758,9.80178946215399,-29.75));
#7055=CARTESIAN_POINT('Ctrl Pts',(28.3197717737944,9.91857375738669,-29.75));
#7056=CARTESIAN_POINT('Ctrl Pts',(28.1210306554789,10.2624855568464,-29.75));
#7057=CARTESIAN_POINT('Ctrl Pts',(27.9735472132613,10.4830138960168,-29.75));
#7058=CARTESIAN_POINT('Ctrl Pts',(27.7316037257619,10.7980634623475,-29.75));
#7059=CARTESIAN_POINT('Ctrl Pts',(27.6475178874882,10.9004329772714,-29.75));
#7060=CARTESIAN_POINT('Ctrl Pts',(27.3854230609797,11.1990209497475,-29.75));
#7061=CARTESIAN_POINT('Ctrl Pts',(27.1976992559549,11.3865778782446,-29.75));
#7062=CARTESIAN_POINT('Ctrl Pts',(26.898865983133,11.6484334298194,-29.75));
#7063=CARTESIAN_POINT('Ctrl Pts',(26.7963992744999,11.732452326418,-29.75));
#7064=CARTESIAN_POINT('Ctrl Pts',(26.4810150370218,11.9742330453156,-29.75));
#7065=CARTESIAN_POINT('Ctrl Pts',(26.2602597652173,12.1216059266416,-29.75));
#7066=CARTESIAN_POINT('Ctrl Pts',(25.916011881153,12.3201964661043,-29.7500000000001));
#7067=CARTESIAN_POINT('Ctrl Pts',(25.7991002104403,12.3826324932786,-29.7500000000001));
#7068=CARTESIAN_POINT('Ctrl Pts',(25.4425454610244,12.5583025389241,-29.75));
#7069=CARTESIAN_POINT('Ctrl Pts',(25.1972410863778,12.6598210486557,-29.7500000000001));
#7070=CARTESIAN_POINT('Ctrl Pts',(24.8208033449873,12.7875031148792,-29.75));
#7071=CARTESIAN_POINT('Ctrl Pts',(24.6939399207243,12.8259525549588,-29.75));
#7072=CARTESIAN_POINT('Ctrl Pts',(24.3099287048454,12.9287491808716,-29.75));
#7073=CARTESIAN_POINT('Ctrl Pts',(24.0495049714377,12.9805092804601,-29.75));
#7074=CARTESIAN_POINT('Ctrl Pts',(23.523933279813,13.0496408635457,-29.75));
#7075=CARTESIAN_POINT('Ctrl Pts',(23.2589710430293,13.0669872981078,-29.75));
#7076=CARTESIAN_POINT('Ctrl Pts',(22.9939262461458,13.0669872981078,-29.75));
#7077=CARTESIAN_POINT('Ctrl Pts',(22.9939262461458,1.02027916449194,-29.5988500529805));
#7078=CARTESIAN_POINT('Ctrl Pts',(23.2551618700843,1.02027875882748,-29.5988500529805));
#7079=CARTESIAN_POINT('Ctrl Pts',(23.516331369251,1.03737733590878,-29.5988500529805));
#7080=CARTESIAN_POINT('Ctrl Pts',(24.0343457547231,1.10551476984505,-29.5988500529805));
#7081=CARTESIAN_POINT('Ctrl Pts',(24.291041917375,1.15653377862666,-29.5988500529805));
#7082=CARTESIAN_POINT('Ctrl Pts',(24.6695344677996,1.25785344128232,-29.5988500529805));
#7083=CARTESIAN_POINT('Ctrl Pts',(24.7945764107477,1.29575081120632,-29.5988500529805));
#7084=CARTESIAN_POINT('Ctrl Pts',(25.1656027796982,1.42159718077855,-29.5988500529805));
#7085=CARTESIAN_POINT('Ctrl Pts',(25.4073953242361,1.52166234742915,-29.5988500529805));
#7086=CARTESIAN_POINT('Ctrl Pts',(25.7588232665712,1.6948067595775,-29.5988500529805));
#7087=CARTESIAN_POINT('Ctrl Pts',(25.8740555717773,1.75634593452326,-29.5988500529805));
#7088=CARTESIAN_POINT('Ctrl Pts',(26.2133529522307,1.95208033883784,-29.5988500529805));
#7089=CARTESIAN_POINT('Ctrl Pts',(26.430946317079,2.09734243499117,-29.5988500529805));
#7090=CARTESIAN_POINT('Ctrl Pts',(26.7417932200604,2.3356450401742,-29.5988500529805));
#7091=CARTESIAN_POINT('Ctrl Pts',(26.8427872526394,2.41845640418618,-29.5988500529805));
#7092=CARTESIAN_POINT('Ctrl Pts',(27.1373207883977,2.67654394776471,-29.5988500529805));
#7093=CARTESIAN_POINT('Ctrl Pts',(27.3223542343682,2.86141297834269,-29.5988500529805));
#7094=CARTESIAN_POINT('Ctrl Pts',(27.5806761368236,3.15570306713907,-29.5988500529805));
#7095=CARTESIAN_POINT('Ctrl Pts',(27.6635527619416,3.25660044530275,-29.5988500529805));
#7096=CARTESIAN_POINT('Ctrl Pts',(27.9020131132123,3.5671140111151,-29.5988500529805));
#7097=CARTESIAN_POINT('Ctrl Pts',(28.0473816501913,3.7844800698426,-29.5988500529805));
#7098=CARTESIAN_POINT('Ctrl Pts',(28.2432601710359,4.12343877065254,-29.5988500529805));
#7099=CARTESIAN_POINT('Ctrl Pts',(28.3048382257417,4.23854272308825,-29.5988500529805));
#7100=CARTESIAN_POINT('Ctrl Pts',(28.4780742772463,4.58954730204902,-29.5988500529805));
#7101=CARTESIAN_POINT('Ctrl Pts',(28.578199188869,4.83105540990965,-29.5988500529805));
#7102=CARTESIAN_POINT('Ctrl Pts',(28.7041194700048,5.20165391711906,-29.5988500529805));
#7103=CARTESIAN_POINT('Ctrl Pts',(28.742036769339,5.32654147572958,-29.5988500529805));
#7104=CARTESIAN_POINT('Ctrl Pts',(28.8434029504123,5.70455335882418,-29.5988500529805));
#7105=CARTESIAN_POINT('Ctrl Pts',(28.8944439435998,5.9609257265157,-29.5988500529805));
#7106=CARTESIAN_POINT('Ctrl Pts',(28.9455789913004,6.3489266876682,-29.5988500529806));
#7107=CARTESIAN_POINT('Ctrl Pts',(28.9583816798952,6.47880118448079,-29.5988500529806));
#7108=CARTESIAN_POINT('Ctrl Pts',(28.9839894640366,6.86930458557991,-29.5988500529806));
#7109=CARTESIAN_POINT('Ctrl Pts',(28.9839894640305,7.13069540765239,-29.5988500529805));
#7110=CARTESIAN_POINT('Ctrl Pts',(28.9583816798422,7.52119881489834,-29.5988500529805));
#7111=CARTESIAN_POINT('Ctrl Pts',(28.9455789912954,7.65107331156357,-29.5988500529805));
#7112=CARTESIAN_POINT('Ctrl Pts',(28.8944439401585,8.03907428997335,-29.5988500529805));
#7113=CARTESIAN_POINT('Ctrl Pts',(28.8434029451313,8.29544665732075,-29.5988500529805));
#7114=CARTESIAN_POINT('Ctrl Pts',(28.7420367671935,8.67345852415873,-29.5988500529805));
#7115=CARTESIAN_POINT('Ctrl Pts',(28.7041194680062,8.79834608249502,-29.5988500529805));
#7116=CARTESIAN_POINT('Ctrl Pts',(28.578199188201,9.16894458636491,-29.5988500529805));
#7117=CARTESIAN_POINT('Ctrl Pts',(28.4780742789335,9.41045268817849,-29.5988500529805));
#7118=CARTESIAN_POINT('Ctrl Pts',(28.3048382236934,9.76145727545998,-29.5988500529805));
#7119=CARTESIAN_POINT('Ctrl Pts',(28.2432601693388,9.87656122715586,-29.5988500529805));
#7120=CARTESIAN_POINT('Ctrl Pts',(28.0473816380139,10.2155199434797,-29.5988500529805));
#7121=CARTESIAN_POINT('Ctrl Pts',(27.9020130987587,10.4328860016244,-29.5988500529805));
#7122=CARTESIAN_POINT('Ctrl Pts',(27.6635527556803,10.7433995544061,-29.5988500529805));
#7123=CARTESIAN_POINT('Ctrl Pts',(27.5806761310567,10.8442969320426,-29.5988500529805));
#7124=CARTESIAN_POINT('Ctrl Pts',(27.3223542290568,11.1385870199782,-29.5988500529805));
#7125=CARTESIAN_POINT('Ctrl Pts',(27.1373207906174,11.3234560421781,-29.5988500529805));
#7126=CARTESIAN_POINT('Ctrl Pts',(26.842787246621,11.5815435931075,-29.5988500529805));
#7127=CARTESIAN_POINT('Ctrl Pts',(26.7417932145158,11.6643549565518,-29.5988500529805));
#7128=CARTESIAN_POINT('Ctrl Pts',(26.4309462937479,11.9026575732169,-29.5988500529805));
#7129=CARTESIAN_POINT('Ctrl Pts',(26.2133529256616,12.0479196679799,-29.5988500529805));
#7130=CARTESIAN_POINT('Ctrl Pts',(25.8740555551956,12.2436540644041,-29.5988500529805));
#7131=CARTESIAN_POINT('Ctrl Pts',(25.7588232496964,12.3051932394135,-29.5988500529805));
#7132=CARTESIAN_POINT('Ctrl Pts',(25.4073953098666,12.4783376495926,-29.5988500529805));
#7133=CARTESIAN_POINT('Ctrl Pts',(25.1656027583799,12.5784028178221,-29.5988500529805));
#7134=CARTESIAN_POINT('Ctrl Pts',(24.7945763756301,12.704249191278,-29.5988500529805));
#7135=CARTESIAN_POINT('Ctrl Pts',(24.6695344255864,12.7421465629392,-29.5988500529805));
#7136=CARTESIAN_POINT('Ctrl Pts',(24.2910418346709,12.8434662342395,-29.5988500529805));
#7137=CARTESIAN_POINT('Ctrl Pts',(24.0343457559163,12.8944852219777,-29.5988500529805));
#7138=CARTESIAN_POINT('Ctrl Pts',(23.5163313714963,12.9626226611598,-29.5988500529805));
#7139=CARTESIAN_POINT('Ctrl Pts',(23.2551618543408,12.9797212413276,-29.5988500529805));
#7140=CARTESIAN_POINT('Ctrl Pts',(22.9939262461458,12.9797208355081,-29.5988500529805));
#7141=CARTESIAN_POINT('Ctrl Pts',(22.9939262461458,1.19149247858501,-29.5));
#7142=CARTESIAN_POINT('Ctrl Pts',(23.2476882472891,1.19149328991393,-29.5));
#7143=CARTESIAN_POINT('Ctrl Pts',(23.5014167291054,1.2081035674932,-29.5));
#7144=CARTESIAN_POINT('Ctrl Pts',(24.0046039670106,1.27429096357115,-29.5));
#7145=CARTESIAN_POINT('Ctrl Pts',(24.2539865093919,1.32385639359471,-29.5));
#7146=CARTESIAN_POINT('Ctrl Pts',(24.621651935316,1.42227718707675,-29.5));
#7147=CARTESIAN_POINT('Ctrl Pts',(24.743120255639,1.45909157029512,-29.5));
#7148=CARTESIAN_POINT('Ctrl Pts',(25.1035294696612,1.5813370099579,-29.5));
#7149=CARTESIAN_POINT('Ctrl Pts',(25.3384319534683,1.67855080908371,-29.5));
#7150=CARTESIAN_POINT('Ctrl Pts',(25.6798016039047,1.84673925996154,-29.5));
#7151=CARTESIAN_POINT('Ctrl Pts',(25.7917391087561,1.9065188830374,-29.5));
#7152=CARTESIAN_POINT('Ctrl Pts',(26.1213233505104,2.09665027786663,-29.5));
#7153=CARTESIAN_POINT('Ctrl Pts',(26.3327131857899,2.23777108539047,-29.5));
#7154=CARTESIAN_POINT('Ctrl Pts',(26.6346584928371,2.46924913867414,-29.5));
#7155=CARTESIAN_POINT('Ctrl Pts',(26.732763232781,2.54969140584465,-29.5));
#7156=CARTESIAN_POINT('Ctrl Pts',(27.018860329368,2.80038682546162,-29.5));
#7157=CARTESIAN_POINT('Ctrl Pts',(27.1986153819544,2.97998228463715,-29.5));
#7158=CARTESIAN_POINT('Ctrl Pts',(27.4495355099608,3.2658395460268,-29.5));
#7159=CARTESIAN_POINT('Ctrl Pts',(27.5300397384202,3.36384869183249,-29.5));
#7160=CARTESIAN_POINT('Ctrl Pts',(27.7616656613669,3.66546320670897,-29.5));
#7161=CARTESIAN_POINT('Ctrl Pts',(27.9028848410614,3.87662499229666,-29.5));
#7162=CARTESIAN_POINT('Ctrl Pts',(28.0931477270771,4.20586551578003,-29.5));
#7163=CARTESIAN_POINT('Ctrl Pts',(28.1529620975245,4.3176727481708,-29.5));
#7164=CARTESIAN_POINT('Ctrl Pts',(28.3212303563455,4.65861241303286,-29.5));
#7165=CARTESIAN_POINT('Ctrl Pts',(28.41849588645,4.89322367876146,-29.5));
#7166=CARTESIAN_POINT('Ctrl Pts',(28.5408046647424,5.25319220130663,-29.5));
#7167=CARTESIAN_POINT('Ctrl Pts',(28.577635498884,5.37450131359118,-29.5));
#7168=CARTESIAN_POINT('Ctrl Pts',(28.6760935946638,5.74166955233956,-29.5));
#7169=CARTESIAN_POINT('Ctrl Pts',(28.7256764590763,5.99071811958649,-29.5000000000001));
#7170=CARTESIAN_POINT('Ctrl Pts',(28.7753446983586,6.36758707658,-29.5000000000001));
#7171=CARTESIAN_POINT('Ctrl Pts',(28.787780460678,6.49373938397814,-29.5000000000001));
#7172=CARTESIAN_POINT('Ctrl Pts',(28.8126532287146,6.87303860950915,-29.5000000000001));
#7173=CARTESIAN_POINT('Ctrl Pts',(28.8126532288025,7.12696138314519,-29.5));
#7174=CARTESIAN_POINT('Ctrl Pts',(28.7877804605971,7.50626061566764,-29.5));
#7175=CARTESIAN_POINT('Ctrl Pts',(28.7753446984245,7.63241292223881,-29.5));
#7176=CARTESIAN_POINT('Ctrl Pts',(28.7256764556777,8.00928189707317,-29.5));
#7177=CARTESIAN_POINT('Ctrl Pts',(28.6760935894418,8.258330463928,-29.5));
#7178=CARTESIAN_POINT('Ctrl Pts',(28.5776354969982,8.62549868587023,-29.5));
#7179=CARTESIAN_POINT('Ctrl Pts',(28.5408046628459,8.74680779851152,-29.5));
#7180=CARTESIAN_POINT('Ctrl Pts',(28.4184958861028,9.10677631687937,-29.5));
#7181=CARTESIAN_POINT('Ctrl Pts',(28.3212303584679,9.34138757680057,-29.5));
#7182=CARTESIAN_POINT('Ctrl Pts',(28.1529620954814,9.68232725073338,-29.5));
#7183=CARTESIAN_POINT('Ctrl Pts',(28.0931477257556,9.79413448175813,-29.5));
#7184=CARTESIAN_POINT('Ctrl Pts',(27.9028848290314,10.1233750212731,-29.5));
#7185=CARTESIAN_POINT('Ctrl Pts',(27.7616656471685,10.3345368061685,-29.5));
#7186=CARTESIAN_POINT('Ctrl Pts',(27.5300397328597,10.6361513075486,-29.5));
#7187=CARTESIAN_POINT('Ctrl Pts',(27.4495355045208,10.7341604533391,-29.5));
#7188=CARTESIAN_POINT('Ctrl Pts',(27.1986153775402,11.0200177131571,-29.5));
#7189=CARTESIAN_POINT('Ctrl Pts',(27.0188603325222,11.1996131642431,-29.5));
#7190=CARTESIAN_POINT('Ctrl Pts',(26.7327632269192,11.4503085918672,-29.5));
#7191=CARTESIAN_POINT('Ctrl Pts',(26.6346584881225,11.5307508579557,-29.5));
#7192=CARTESIAN_POINT('Ctrl Pts',(26.3327131629382,11.7622289231127,-29.5));
#7193=CARTESIAN_POINT('Ctrl Pts',(26.121323324738,11.9033497291139,-29.5));
#7194=CARTESIAN_POINT('Ctrl Pts',(25.791739093722,12.093481115749,-29.5));
#7195=CARTESIAN_POINT('Ctrl Pts',(25.6798015880029,12.1532607392312,-29.5000000000001));
#7196=CARTESIAN_POINT('Ctrl Pts',(25.3384319411698,12.3214491876108,-29.5));
#7197=CARTESIAN_POINT('Ctrl Pts',(25.1035294505263,12.418662988579,-29.5));
#7198=CARTESIAN_POINT('Ctrl Pts',(24.7431202226768,12.5409084320834,-29.5));
#7199=CARTESIAN_POINT('Ctrl Pts',(24.621651896242,12.5777228168869,-29.5));
#7200=CARTESIAN_POINT('Ctrl Pts',(24.2539864292792,12.6761436190159,-29.5));
#7201=CARTESIAN_POINT('Ctrl Pts',(24.0046039713011,12.7257090283184,-29.5));
#7202=CARTESIAN_POINT('Ctrl Pts',(23.5014167310075,12.791896429793,-29.5));
#7203=CARTESIAN_POINT('Ctrl Pts',(23.247688241881,12.8085067097758,-29.5));
#7204=CARTESIAN_POINT('Ctrl Pts',(22.9939262461458,12.808507521415,-29.5));
#7205=CARTESIAN_POINT('Ctrl Pts',(22.9939262461458,1.36602540378444,-29.5));
#7206=CARTESIAN_POINT('Ctrl Pts',(23.2400698762034,1.36602540378444,-29.5));
#7207=CARTESIAN_POINT('Ctrl Pts',(23.4862129123464,1.38213997225909,-29.5));
#7208=CARTESIAN_POINT('Ctrl Pts',(23.9742855381447,1.44633908088855,-29.5));
#7209=CARTESIAN_POINT('Ctrl Pts',(24.2162127667884,1.49442228640722,-29.5));
#7210=CARTESIAN_POINT('Ctrl Pts',(24.5728409451306,1.5898891710866,-29.5));
#7211=CARTESIAN_POINT('Ctrl Pts',(24.6906663166889,1.62559941744907,-29.5));
#7212=CARTESIAN_POINT('Ctrl Pts',(25.0402528141188,1.74417347173642,-29.5));
#7213=CARTESIAN_POINT('Ctrl Pts',(25.2681316518685,1.83848058811543,-29.5));
#7214=CARTESIAN_POINT('Ctrl Pts',(25.5992476822612,2.0016177676034,-29.5));
#7215=CARTESIAN_POINT('Ctrl Pts',(25.7078264570916,2.05960368658613,-29.5));
#7216=CARTESIAN_POINT('Ctrl Pts',(26.0275096706519,2.24402279474794,-29.5));
#7217=CARTESIAN_POINT('Ctrl Pts',(26.2325756984352,2.3809220289874,-29.5));
#7218=CARTESIAN_POINT('Ctrl Pts',(26.5254463731665,2.60544387863157,-29.5));
#7219=CARTESIAN_POINT('Ctrl Pts',(26.6206057595727,2.68347107911586,-29.5));
#7220=CARTESIAN_POINT('Ctrl Pts',(26.8981033994375,2.92663049824487,-29.5));
#7221=CARTESIAN_POINT('Ctrl Pts',(27.0724777184626,3.10085014461674,-29.5));
#7222=CARTESIAN_POINT('Ctrl Pts',(27.3158519970409,3.37811163639884,-29.5));
#7223=CARTESIAN_POINT('Ctrl Pts',(27.3939377984309,3.47317650795337,-29.5));
#7224=CARTESIAN_POINT('Ctrl Pts',(27.6185974318322,3.76571899477887,-29.5));
#7225=CARTESIAN_POINT('Ctrl Pts',(27.7555868056392,3.97055621821208,-29.5));
#7226=CARTESIAN_POINT('Ctrl Pts',(27.9401245183397,4.28989057653267,-29.5));
#7227=CARTESIAN_POINT('Ctrl Pts',(27.9981409850638,4.39833712138651,-29.5));
#7228=CARTESIAN_POINT('Ctrl Pts',(28.1613458530581,4.7290164249713,-29.5));
#7229=CARTESIAN_POINT('Ctrl Pts',(28.2556965635197,4.95659712987817,-29.5));
#7230=CARTESIAN_POINT('Ctrl Pts',(28.3743230887008,5.30572986130975,-29.5));
#7231=CARTESIAN_POINT('Ctrl Pts',(28.4100463783157,5.42339109463561,-29.5));
#7232=CARTESIAN_POINT('Ctrl Pts',(28.5055407694188,5.77950528781208,-29.5));
#7233=CARTESIAN_POINT('Ctrl Pts',(28.5536372350064,6.02108805810159,-29.5000000000001));
#7234=CARTESIAN_POINT('Ctrl Pts',(28.6018094578396,6.38660932394624,-29.5000000000001));
#7235=CARTESIAN_POINT('Ctrl Pts',(28.6138711747567,6.50896721989745,-29.5000000000001));
#7236=CARTESIAN_POINT('Ctrl Pts',(28.637995456918,6.87684503107883,-29.5000000000001));
#7237=CARTESIAN_POINT('Ctrl Pts',(28.637995456942,7.12315496230031,-29.5));
#7238=CARTESIAN_POINT('Ctrl Pts',(28.6138711746973,7.49103277959692,-29.5));
#7239=CARTESIAN_POINT('Ctrl Pts',(28.6018094578573,7.61339067519169,-29.5));
#7240=CARTESIAN_POINT('Ctrl Pts',(28.5536372317462,7.97891195763838,-29.5));
#7241=CARTESIAN_POINT('Ctrl Pts',(28.5055407644137,8.22049472758498,-29.5));
#7242=CARTESIAN_POINT('Ctrl Pts',(28.4100463763569,8.57660890512306,-29.5));
#7243=CARTESIAN_POINT('Ctrl Pts',(28.3743230868315,8.69427013838873,-29.5));
#7244=CARTESIAN_POINT('Ctrl Pts',(28.255696562986,9.04340286637682,-29.5));
#7245=CARTESIAN_POINT('Ctrl Pts',(28.1613458548008,9.2709835656075,-29.5));
#7246=CARTESIAN_POINT('Ctrl Pts',(27.9981409831168,9.60166287734534,-29.5));
#7247=CARTESIAN_POINT('Ctrl Pts',(27.9401245168444,9.71010942129648,-29.5));
#7248=CARTESIAN_POINT('Ctrl Pts',(27.7555867941015,10.0294437945397,-29.5));
#7249=CARTESIAN_POINT('Ctrl Pts',(27.6185974181633,10.2342810173839,-29.5));
#7250=CARTESIAN_POINT('Ctrl Pts',(27.3939377926964,10.5268234916657,-29.5));
#7251=CARTESIAN_POINT('Ctrl Pts',(27.3158519916578,10.6218883628815,-29.5));
#7252=CARTESIAN_POINT('Ctrl Pts',(27.0724777136944,10.8991498536185,-29.5));
#7253=CARTESIAN_POINT('Ctrl Pts',(26.8981034018471,11.0733694921101,-29.5));
#7254=CARTESIAN_POINT('Ctrl Pts',(26.620605753895,11.3165289184434,-29.5));
#7255=CARTESIAN_POINT('Ctrl Pts',(26.5254463681544,11.3945561182235,-29.5));
#7256=CARTESIAN_POINT('Ctrl Pts',(26.2325756763904,11.6190779789154,-29.5));
#7257=CARTESIAN_POINT('Ctrl Pts',(26.0275096456266,11.7559772117905,-29.5));
#7258=CARTESIAN_POINT('Ctrl Pts',(25.7078264418072,11.9403963123487,-29.5));
#7259=CARTESIAN_POINT('Ctrl Pts',(25.599247666515,11.998382231501,-29.5000000000001));
#7260=CARTESIAN_POINT('Ctrl Pts',(25.2681316388542,12.1615194089477,-29.5));
#7261=CARTESIAN_POINT('Ctrl Pts',(25.0402527945305,12.2558265269118,-29.5));
#7262=CARTESIAN_POINT('Ctrl Pts',(24.6906662839623,12.374400584881,-29.5));
#7263=CARTESIAN_POINT('Ctrl Pts',(24.5728409059663,12.4101108328477,-29.5));
#7264=CARTESIAN_POINT('Ctrl Pts',(24.2162126889301,12.5055777257518,-29.5));
#7265=CARTESIAN_POINT('Ctrl Pts',(23.9742855402583,12.5536609113535,-29.5));
#7266=CARTESIAN_POINT('Ctrl Pts',(23.486212914374,12.6178600250212,-29.5));
#7267=CARTESIAN_POINT('Ctrl Pts',(23.240069864504,12.6339745962156,-29.5));
#7268=CARTESIAN_POINT('Ctrl Pts',(22.9939262461458,12.6339745962156,-29.5));
#7269=CARTESIAN_POINT('',(22.9939262461458,12.6339745962156,-29.5));
#7270=CARTESIAN_POINT('',(22.9939262461458,13.0669872981078,-29.75));
#7271=CARTESIAN_POINT('Origin',(22.9939262461458,12.6339745962156,-30.));
#7272=CARTESIAN_POINT('Ctrl Pts',(22.9939262461458,13.0669872981078,-29.75));
#7273=CARTESIAN_POINT('Ctrl Pts',(23.2589710430293,13.0669872981078,-29.75));
#7274=CARTESIAN_POINT('Ctrl Pts',(23.523933279813,13.0496408635457,-29.75));
#7275=CARTESIAN_POINT('Ctrl Pts',(24.0495049714377,12.9805092804601,-29.75));
#7276=CARTESIAN_POINT('Ctrl Pts',(24.3099287048454,12.9287491808716,-29.75));
#7277=CARTESIAN_POINT('Ctrl Pts',(24.6939399207243,12.8259525549588,-29.75));
#7278=CARTESIAN_POINT('Ctrl Pts',(24.8208033449873,12.7875031148792,-29.75));
#7279=CARTESIAN_POINT('Ctrl Pts',(25.1972410863778,12.6598210486557,-29.7500000000001));
#7280=CARTESIAN_POINT('Ctrl Pts',(25.4425454610244,12.5583025389241,-29.75));
#7281=CARTESIAN_POINT('Ctrl Pts',(25.7991002104403,12.3826324932786,-29.7500000000001));
#7282=CARTESIAN_POINT('Ctrl Pts',(25.916011881153,12.3201964661043,-29.7500000000001));
#7283=CARTESIAN_POINT('Ctrl Pts',(26.2602597652173,12.1216059266416,-29.75));
#7284=CARTESIAN_POINT('Ctrl Pts',(26.4810150370218,11.9742330453156,-29.75));
#7285=CARTESIAN_POINT('Ctrl Pts',(26.7963992744999,11.732452326418,-29.75));
#7286=CARTESIAN_POINT('Ctrl Pts',(26.898865983133,11.6484334298194,-29.75));
#7287=CARTESIAN_POINT('Ctrl Pts',(27.1976992559549,11.3865778782446,-29.75));
#7288=CARTESIAN_POINT('Ctrl Pts',(27.3854230609797,11.1990209497475,-29.75));
#7289=CARTESIAN_POINT('Ctrl Pts',(27.6475178874882,10.9004329772714,-29.75));
#7290=CARTESIAN_POINT('Ctrl Pts',(27.7316037257619,10.7980634623475,-29.75));
#7291=CARTESIAN_POINT('Ctrl Pts',(27.9735472132613,10.4830138960168,-29.75));
#7292=CARTESIAN_POINT('Ctrl Pts',(28.1210306554789,10.2624855568464,-29.75));
#7293=CARTESIAN_POINT('Ctrl Pts',(28.3197717737944,9.91857375738669,-29.75));
#7294=CARTESIAN_POINT('Ctrl Pts',(28.3822487798758,9.80178946215399,-29.75));
#7295=CARTESIAN_POINT('Ctrl Pts',(28.558016530767,9.44565469377502,-29.75));
#7296=CARTESIAN_POINT('Ctrl Pts',(28.6595988497595,9.20063131161619,-29.75));
#7297=CARTESIAN_POINT('Ctrl Pts',(28.7873602560133,8.82461491255642,-29.75));
#7298=CARTESIAN_POINT('Ctrl Pts',(28.8258313275142,8.69790341453232,-29.75));
#7299=CARTESIAN_POINT('Ctrl Pts',(28.9286793576453,8.31436452549226,-29.75));
#7300=CARTESIAN_POINT('Ctrl Pts',(28.9804635521243,8.05425925969074,-29.75));
#7301=CARTESIAN_POINT('Ctrl Pts',(29.032346611579,7.66058443508713,-29.75));
#7302=CARTESIAN_POINT('Ctrl Pts',(29.0453363227921,7.5288127329337,-29.75));
#7303=CARTESIAN_POINT('Ctrl Pts',(29.0713183499608,7.13259861807483,-29.75));
#7304=CARTESIAN_POINT('Ctrl Pts',(29.0713183499348,6.86740137479507,-29.7500000000001));
#7305=CARTESIAN_POINT('Ctrl Pts',(29.0453363228559,6.47118726652114,-29.7500000000001));
#7306=CARTESIAN_POINT('Ctrl Pts',(29.0323466115599,6.33941556398508,-29.7500000000001));
#7307=CARTESIAN_POINT('Ctrl Pts',(28.9804635556348,5.94574075725815,-29.7500000000001));
#7308=CARTESIAN_POINT('Ctrl Pts',(28.9286793630348,5.68563549108791,-29.7500000000001));
#7309=CARTESIAN_POINT('Ctrl Pts',(28.8258313296232,5.30209658520736,-29.7500000000001));
#7310=CARTESIAN_POINT('Ctrl Pts',(28.7873602580256,5.1753850871175,-29.7500000000001));
#7311=CARTESIAN_POINT('Ctrl Pts',(28.6595988503342,4.79936868435129,-29.75));
#7312=CARTESIAN_POINT('Ctrl Pts',(28.55801652889,4.5543452960798,-29.7500000000001));
#7313=CARTESIAN_POINT('Ctrl Pts',(28.382248781972,4.1982105364804,-29.7500000000001));
#7314=CARTESIAN_POINT('Ctrl Pts',(28.3197717754046,4.08142624027622,-29.75));
#7315=CARTESIAN_POINT('Ctrl Pts',(28.1210306679025,3.73751445688489,-29.7500000000001));
#7316=CARTESIAN_POINT('Ctrl Pts',(27.9735472279797,3.51698611708015,-29.75));
#7317=CARTESIAN_POINT('Ctrl Pts',(27.7316037319362,3.20193653724232,-29.75));
#7318=CARTESIAN_POINT('Ctrl Pts',(27.6475178932836,3.09956702195305,-29.75));
#7319=CARTESIAN_POINT('Ctrl Pts',(27.3854230661141,2.8009790483529,-29.75));
#7320=CARTESIAN_POINT('Ctrl Pts',(27.197699253363,2.61342211137308,-29.75));
#7321=CARTESIAN_POINT('Ctrl Pts',(26.8988659892436,2.35156656755058,-29.75));
#7322=CARTESIAN_POINT('Ctrl Pts',(26.7963992798957,2.26754767019548,-29.75));
#7323=CARTESIAN_POINT('Ctrl Pts',(26.4810150607564,2.02576696319271,-29.75));
#7324=CARTESIAN_POINT('Ctrl Pts',(26.26025979216,1.87839408039718,-29.75));
#7325=CARTESIAN_POINT('Ctrl Pts',(25.9160118976096,1.6798035327489,-29.75));
#7326=CARTESIAN_POINT('Ctrl Pts',(25.799100227393,1.61736750575657,-29.75));
#7327=CARTESIAN_POINT('Ctrl Pts',(25.442545475036,1.44169745791329,-29.75));
#7328=CARTESIAN_POINT('Ctrl Pts',(25.1972411074694,1.34017894988929,-29.75));
#7329=CARTESIAN_POINT('Ctrl Pts',(24.8208033802228,1.21249688762935,-29.75));
#7330=CARTESIAN_POINT('Ctrl Pts',(24.6939399628923,1.17404744927739,-29.75));
#7331=CARTESIAN_POINT('Ctrl Pts',(24.3099287886768,1.0712508322204,-29.75));
#7332=CARTESIAN_POINT('Ctrl Pts',(24.049504969156,1.01949071118635,-29.75));
#7333=CARTESIAN_POINT('Ctrl Pts',(23.5239332776305,0.950359133525832,-29.75));
#7334=CARTESIAN_POINT('Ctrl Pts',(23.2589710556272,0.933012701892223,-29.75));
#7335=CARTESIAN_POINT('Ctrl Pts',(22.9939262461458,0.933012701892222,-29.75));
#7336=CARTESIAN_POINT('Ctrl Pts',(22.9939262461458,1.36602540378444,-29.5));
#7337=CARTESIAN_POINT('Ctrl Pts',(23.2400698762034,1.36602540378444,-29.5));
#7338=CARTESIAN_POINT('Ctrl Pts',(23.4862129123464,1.38213997225909,-29.5));
#7339=CARTESIAN_POINT('Ctrl Pts',(23.9742855381447,1.44633908088855,-29.5));
#7340=CARTESIAN_POINT('Ctrl Pts',(24.2162127667884,1.49442228640722,-29.5));
#7341=CARTESIAN_POINT('Ctrl Pts',(24.5728409451306,1.5898891710866,-29.5));
#7342=CARTESIAN_POINT('Ctrl Pts',(24.6906663166889,1.62559941744907,-29.5));
#7343=CARTESIAN_POINT('Ctrl Pts',(25.0402528141188,1.74417347173642,-29.5));
#7344=CARTESIAN_POINT('Ctrl Pts',(25.2681316518685,1.83848058811543,-29.5));
#7345=CARTESIAN_POINT('Ctrl Pts',(25.5992476822612,2.0016177676034,-29.5));
#7346=CARTESIAN_POINT('Ctrl Pts',(25.7078264570916,2.05960368658613,-29.5));
#7347=CARTESIAN_POINT('Ctrl Pts',(26.0275096706519,2.24402279474794,-29.5));
#7348=CARTESIAN_POINT('Ctrl Pts',(26.2325756984352,2.3809220289874,-29.5));
#7349=CARTESIAN_POINT('Ctrl Pts',(26.5254463731665,2.60544387863157,-29.5));
#7350=CARTESIAN_POINT('Ctrl Pts',(26.6206057595727,2.68347107911586,-29.5));
#7351=CARTESIAN_POINT('Ctrl Pts',(26.8981033994375,2.92663049824487,-29.5));
#7352=CARTESIAN_POINT('Ctrl Pts',(27.0724777184626,3.10085014461674,-29.5));
#7353=CARTESIAN_POINT('Ctrl Pts',(27.3158519970409,3.37811163639884,-29.5));
#7354=CARTESIAN_POINT('Ctrl Pts',(27.3939377984309,3.47317650795337,-29.5));
#7355=CARTESIAN_POINT('Ctrl Pts',(27.6185974318322,3.76571899477887,-29.5));
#7356=CARTESIAN_POINT('Ctrl Pts',(27.7555868056392,3.97055621821208,-29.5));
#7357=CARTESIAN_POINT('Ctrl Pts',(27.9401245183397,4.28989057653267,-29.5));
#7358=CARTESIAN_POINT('Ctrl Pts',(27.9981409850638,4.39833712138651,-29.5));
#7359=CARTESIAN_POINT('Ctrl Pts',(28.1613458530581,4.7290164249713,-29.5));
#7360=CARTESIAN_POINT('Ctrl Pts',(28.2556965635197,4.95659712987817,-29.5));
#7361=CARTESIAN_POINT('Ctrl Pts',(28.3743230887008,5.30572986130975,-29.5));
#7362=CARTESIAN_POINT('Ctrl Pts',(28.4100463783157,5.42339109463561,-29.5));
#7363=CARTESIAN_POINT('Ctrl Pts',(28.5055407694188,5.77950528781208,-29.5));
#7364=CARTESIAN_POINT('Ctrl Pts',(28.5536372350064,6.02108805810159,-29.5000000000001));
#7365=CARTESIAN_POINT('Ctrl Pts',(28.6018094578396,6.38660932394624,-29.5000000000001));
#7366=CARTESIAN_POINT('Ctrl Pts',(28.6138711747567,6.50896721989745,-29.5000000000001));
#7367=CARTESIAN_POINT('Ctrl Pts',(28.637995456918,6.87684503107883,-29.5000000000001));
#7368=CARTESIAN_POINT('Ctrl Pts',(28.637995456942,7.12315496230031,-29.5));
#7369=CARTESIAN_POINT('Ctrl Pts',(28.6138711746973,7.49103277959692,-29.5));
#7370=CARTESIAN_POINT('Ctrl Pts',(28.6018094578573,7.61339067519169,-29.5));
#7371=CARTESIAN_POINT('Ctrl Pts',(28.5536372317462,7.97891195763838,-29.5));
#7372=CARTESIAN_POINT('Ctrl Pts',(28.5055407644137,8.22049472758498,-29.5));
#7373=CARTESIAN_POINT('Ctrl Pts',(28.4100463763569,8.57660890512306,-29.5));
#7374=CARTESIAN_POINT('Ctrl Pts',(28.3743230868315,8.69427013838873,-29.5));
#7375=CARTESIAN_POINT('Ctrl Pts',(28.255696562986,9.04340286637682,-29.5));
#7376=CARTESIAN_POINT('Ctrl Pts',(28.1613458548008,9.2709835656075,-29.5));
#7377=CARTESIAN_POINT('Ctrl Pts',(27.9981409831168,9.60166287734534,-29.5));
#7378=CARTESIAN_POINT('Ctrl Pts',(27.9401245168444,9.71010942129648,-29.5));
#7379=CARTESIAN_POINT('Ctrl Pts',(27.7555867941015,10.0294437945397,-29.5));
#7380=CARTESIAN_POINT('Ctrl Pts',(27.6185974181633,10.2342810173839,-29.5));
#7381=CARTESIAN_POINT('Ctrl Pts',(27.3939377926964,10.5268234916657,-29.5));
#7382=CARTESIAN_POINT('Ctrl Pts',(27.3158519916578,10.6218883628815,-29.5));
#7383=CARTESIAN_POINT('Ctrl Pts',(27.0724777136944,10.8991498536185,-29.5));
#7384=CARTESIAN_POINT('Ctrl Pts',(26.8981034018471,11.0733694921101,-29.5));
#7385=CARTESIAN_POINT('Ctrl Pts',(26.620605753895,11.3165289184434,-29.5));
#7386=CARTESIAN_POINT('Ctrl Pts',(26.5254463681544,11.3945561182235,-29.5));
#7387=CARTESIAN_POINT('Ctrl Pts',(26.2325756763904,11.6190779789154,-29.5));
#7388=CARTESIAN_POINT('Ctrl Pts',(26.0275096456266,11.7559772117905,-29.5));
#7389=CARTESIAN_POINT('Ctrl Pts',(25.7078264418072,11.9403963123487,-29.5));
#7390=CARTESIAN_POINT('Ctrl Pts',(25.599247666515,11.998382231501,-29.5000000000001));
#7391=CARTESIAN_POINT('Ctrl Pts',(25.2681316388542,12.1615194089477,-29.5));
#7392=CARTESIAN_POINT('Ctrl Pts',(25.0402527945305,12.2558265269118,-29.5));
#7393=CARTESIAN_POINT('Ctrl Pts',(24.6906662839623,12.374400584881,-29.5));
#7394=CARTESIAN_POINT('Ctrl Pts',(24.5728409059663,12.4101108328477,-29.5));
#7395=CARTESIAN_POINT('Ctrl Pts',(24.2162126889301,12.5055777257518,-29.5));
#7396=CARTESIAN_POINT('Ctrl Pts',(23.9742855402583,12.5536609113535,-29.5));
#7397=CARTESIAN_POINT('Ctrl Pts',(23.486212914374,12.6178600250212,-29.5));
#7398=CARTESIAN_POINT('Ctrl Pts',(23.240069864504,12.6339745962156,-29.5));
#7399=CARTESIAN_POINT('Ctrl Pts',(22.9939262461458,12.6339745962156,-29.5));
#7400=CARTESIAN_POINT('Origin',(26.4969631230729,12.6339745962156,-30.));
#7401=CARTESIAN_POINT('',(26.4969631230729,13.0669872981078,-29.75));
#7402=CARTESIAN_POINT('',(26.4969631230729,12.6339745962156,-29.5));
#7403=CARTESIAN_POINT('Origin',(26.4969631230729,13.5,-29.5));
#7404=CARTESIAN_POINT('',(-22.9939262461266,13.5,-30.));
#7405=CARTESIAN_POINT('Origin',(-22.9939262461266,13.5,-29.5));
#7406=CARTESIAN_POINT('',(22.9939262461458,13.5,-30.));
#7407=CARTESIAN_POINT('',(26.4969631230729,13.5,-30.));
#7408=CARTESIAN_POINT('Origin',(22.9939262461458,13.5,-29.5));
#7409=CARTESIAN_POINT('Ctrl Pts',(-22.9939262461266,13.0669872981077,-29.7499999999998));
#7410=CARTESIAN_POINT('Ctrl Pts',(-23.2589263041302,13.0669872981077,-29.7499999999998));
#7411=CARTESIAN_POINT('Ctrl Pts',(-23.5239967286617,13.0496328855776,-29.7499999999998));
#7412=CARTESIAN_POINT('Ctrl Pts',(-24.0494406780984,12.9805180964978,-29.7499999999998));
#7413=CARTESIAN_POINT('Ctrl Pts',(-24.3099705021152,12.9287391601684,-29.7499999999998));
#7414=CARTESIAN_POINT('Ctrl Pts',(-24.6939363829586,12.8259534076154,-29.7499999999998));
#7415=CARTESIAN_POINT('Ctrl Pts',(-24.8208127532598,12.7874998795268,-29.7499999999998));
#7416=CARTESIAN_POINT('Ctrl Pts',(-25.1971946230364,12.6598380282165,-29.7499999999998));
#7417=CARTESIAN_POINT('Ctrl Pts',(-25.4425978299074,12.5582781203817,-29.7499999999998));
#7418=CARTESIAN_POINT('Ctrl Pts',(-25.7990957691584,12.3826347996387,-29.7499999999998));
#7419=CARTESIAN_POINT('Ctrl Pts',(-25.916019395387,12.3201922693564,-29.7499999999998));
#7420=CARTESIAN_POINT('Ctrl Pts',(-26.2602200776589,12.1216303199159,-29.7499999999998));
#7421=CARTESIAN_POINT('Ctrl Pts',(-26.481063746513,11.9741973924632,-29.7499999999998));
#7422=CARTESIAN_POINT('Ctrl Pts',(-26.7963954997621,11.7324554628727,-29.7499999999998));
#7423=CARTESIAN_POINT('Ctrl Pts',(-26.8988726376645,11.6484278651914,-29.7499999999998));
#7424=CARTESIAN_POINT('Ctrl Pts',(-27.1976657252844,11.3866090749812,-29.7499999999998));
#7425=CARTESIAN_POINT('Ctrl Pts',(-27.3854642061758,11.1989761765007,-29.7499999999998));
#7426=CARTESIAN_POINT('Ctrl Pts',(-27.647514823408,10.900436824787,-29.7499999999998));
#7427=CARTESIAN_POINT('Ctrl Pts',(-27.731609166394,10.7980567723111,-29.7499999999998));
#7428=CARTESIAN_POINT('Ctrl Pts',(-27.9735201929045,10.4830513715763,-29.7499999999998));
#7429=CARTESIAN_POINT('Ctrl Pts',(-28.1210619391501,10.2624342327077,-29.7499999999998));
#7430=CARTESIAN_POINT('Ctrl Pts',(-28.3197693963758,9.9185783787203,-29.7499999999998));
#7431=CARTESIAN_POINT('Ctrl Pts',(-28.3822526851774,9.80178212923036,-29.7499999999998));
#7432=CARTESIAN_POINT('Ctrl Pts',(-28.5579966868514,9.4456980820491,-29.7499999999998));
#7433=CARTESIAN_POINT('Ctrl Pts',(-28.6596189387909,9.200576576782,-29.7499999999998));
#7434=CARTESIAN_POINT('Ctrl Pts',(-28.787358673597,8.82462038670127,-29.7499999999998));
#7435=CARTESIAN_POINT('Ctrl Pts',(-28.8258335956544,8.69789597688006,-29.7499999999998));
#7436=CARTESIAN_POINT('Ctrl Pts',(-28.928667765569,8.31441320553037,-29.7499999999998));
#7437=CARTESIAN_POINT('Ctrl Pts',(-28.9804722451473,8.05420412402318,-29.7499999999998));
#7438=CARTESIAN_POINT('Ctrl Pts',(-29.032346042804,7.66059077658612,-29.7499999999998));
#7439=CARTESIAN_POINT('Ctrl Pts',(-29.0453370512154,7.52880567812284,-29.7499999999998));
#7440=CARTESIAN_POINT('Ctrl Pts',(-29.0713163004248,7.13265146926471,-29.7499999999998));
#7441=CARTESIAN_POINT('Ctrl Pts',(-29.0713163005581,6.86734854002968,-29.7499999999998));
#7442=CARTESIAN_POINT('Ctrl Pts',(-29.0453370511985,6.47119432153838,-29.7499999999998));
#7443=CARTESIAN_POINT('Ctrl Pts',(-29.0323460429312,6.33940922438143,-29.7499999999998));
#7444=CARTESIAN_POINT('Ctrl Pts',(-28.9804722418634,5.94579585937966,-29.7499999999998));
#7445=CARTESIAN_POINT('Ctrl Pts',(-28.928667760572,5.68558677814721,-29.7499999999998));
#7446=CARTESIAN_POINT('Ctrl Pts',(-28.8258335939284,5.30210402331192,-29.7499999999998));
#7447=CARTESIAN_POINT('Ctrl Pts',(-28.7873586716675,5.17537961267647,-29.7499999999998));
#7448=CARTESIAN_POINT('Ctrl Pts',(-28.6596189395712,4.79942342956572,-29.7499999999998));
#7449=CARTESIAN_POINT('Ctrl Pts',(-28.5579966898967,4.55430192936084,-29.7499999999998));
#7450=CARTESIAN_POINT('Ctrl Pts',(-28.3822526835568,4.19821787167223,-29.7499999999998));
#7451=CARTESIAN_POINT('Ctrl Pts',(-28.3197693955047,4.08142162366917,-29.7499999999998));
#7452=CARTESIAN_POINT('Ctrl Pts',(-28.1210619275848,3.73756575364242,-29.7499999999998));
#7453=CARTESIAN_POINT('Ctrl Pts',(-27.9735201794906,3.51694861572093,-29.7499999999998));
#7454=CARTESIAN_POINT('Ctrl Pts',(-27.7316091614476,3.20194322821152,-29.7499999999998));
#7455=CARTESIAN_POINT('Ctrl Pts',(-27.647514818182,3.09956317535864,-29.7499999999998));
#7456=CARTESIAN_POINT('Ctrl Pts',(-27.3854642043268,2.8010238275795,-29.7499999999998));
#7457=CARTESIAN_POINT('Ctrl Pts',(-27.19766572988,2.61339093598473,-29.7499999999998));
#7458=CARTESIAN_POINT('Ctrl Pts',(-26.8988726323824,2.35157213684744,-29.7499999999998));
#7459=CARTESIAN_POINT('Ctrl Pts',(-26.7963954957181,2.2675445403724,-29.7499999999998));
#7460=CARTESIAN_POINT('Ctrl Pts',(-26.4810637245298,2.02580259911002,-29.7499999999998));
#7461=CARTESIAN_POINT('Ctrl Pts',(-26.2602200528776,1.87836967323793,-29.7499999999998));
#7462=CARTESIAN_POINT('Ctrl Pts',(-25.9160193808681,1.6798077317897,-29.7499999999998));
#7463=CARTESIAN_POINT('Ctrl Pts',(-25.7990957532298,1.61736520090959,-29.7499999999998));
#7464=CARTESIAN_POINT('Ctrl Pts',(-25.44259782081,1.44172188414727,-29.7499999999998));
#7465=CARTESIAN_POINT('Ctrl Pts',(-25.1971946029728,1.34016197303602,-29.7499999999998));
#7466=CARTESIAN_POINT('Ctrl Pts',(-24.8208127194443,1.21250011795857,-29.7499999999998));
#7467=CARTESIAN_POINT('Ctrl Pts',(-24.6939363429619,1.17404658830841,-29.7499999999998));
#7468=CARTESIAN_POINT('Ctrl Pts',(-24.3099704062617,1.07126082349412,-29.7499999999998));
#7469=CARTESIAN_POINT('Ctrl Pts',(-24.0494406973408,1.01948191439302,-29.7499999999998));
#7470=CARTESIAN_POINT('Ctrl Pts',(-23.5239967271563,0.950367116736617,-29.7499999999998));
#7471=CARTESIAN_POINT('Ctrl Pts',(-23.2589262915322,0.933012701892347,-29.7499999999998));
#7472=CARTESIAN_POINT('Ctrl Pts',(-22.9939262461267,0.933012701892346,-29.7499999999998));
#7473=CARTESIAN_POINT('Ctrl Pts',(-22.9939262461266,13.1542537607073,-29.9011499470194));
#7474=CARTESIAN_POINT('Ctrl Pts',(-23.2627348522094,13.1542534252569,-29.9011499470194));
#7475=CARTESIAN_POINT('Ctrl Pts',(-23.5315995474259,13.1366509730391,-29.9011499470194));
#7476=CARTESIAN_POINT('Ctrl Pts',(-24.064598970387,13.0665422962217,-29.9011499470194));
#7477=CARTESIAN_POINT('Ctrl Pts',(-24.3288579762584,13.0140219934364,-29.9011499470194));
#7478=CARTESIAN_POINT('Ctrl Pts',(-24.7183418242232,12.909759402451,-29.9011499470194));
#7479=CARTESIAN_POINT('Ctrl Pts',(-24.8470398530526,12.8707537525704,-29.9011499470194));
#7480=CARTESIAN_POINT('Ctrl Pts',(-25.2288322896507,12.7412565204881,-29.9011499470194));
#7481=CARTESIAN_POINT('Ctrl Pts',(-25.4777487383936,12.6382426780995,-29.9011499470194));
#7482=CARTESIAN_POINT('Ctrl Pts',(-25.8393726619529,12.4600740783991,-29.9011499470194));
#7483=CARTESIAN_POINT('Ctrl Pts',(-25.9579758225399,12.3967346042676,-29.9011499470194));
#7484=CARTESIAN_POINT('Ctrl Pts',(-26.3071263563102,12.1953169440598,-29.9011499470194));
#7485=CARTESIAN_POINT('Ctrl Pts',(-26.5311331982687,12.0457723674221,-29.9011499470194));
#7486=CARTESIAN_POINT('Ctrl Pts',(-26.8510014993438,11.8005528696768,-29.9011499470194));
#7487=CARTESIAN_POINT('Ctrl Pts',(-26.9549514617626,11.7153176153767,-29.9011499470194));
#7488=CARTESIAN_POINT('Ctrl Pts',(-27.2580437199201,11.4497313717659,-29.9011499470194));
#7489=CARTESIAN_POINT('Ctrl Pts',(-27.4485336403484,11.2594094753061,-29.9011499470194));
#7490=CARTESIAN_POINT('Ctrl Pts',(-27.7143565280603,10.956572917783,-29.9011499470194));
#7491=CARTESIAN_POINT('Ctrl Pts',(-27.7996602051112,10.8527205788098,-29.9011499470194));
#7492=CARTESIAN_POINT('Ctrl Pts',(-28.0450539323339,10.5331798138639,-29.9011499470195));
#7493=CARTESIAN_POINT('Ctrl Pts',(-28.1947114196965,10.3093991172878,-29.9011499470195));
#7494=CARTESIAN_POINT('Ctrl Pts',(-28.3962809573872,9.96059096937017,-29.9011499470195));
#7495=CARTESIAN_POINT('Ctrl Pts',(-28.4596632871398,9.8421142065956,-29.9011499470195));
#7496=CARTESIAN_POINT('Ctrl Pts',(-28.6379386678217,9.48090071817328,-29.9011499470195));
#7497=CARTESIAN_POINT('Ctrl Pts',(-28.7410189038641,9.2322625213393,-29.9011499470194));
#7498=CARTESIAN_POINT('Ctrl Pts',(-28.8705994285871,8.85088929103657,-29.9011499470195));
#7499=CARTESIAN_POINT('Ctrl Pts',(-28.9096281775207,8.7223407585838,-29.9011499470194));
#7500=CARTESIAN_POINT('Ctrl Pts',(-29.0139440269023,8.33333177700682,-29.9011499470194));
#7501=CARTESIAN_POINT('Ctrl Pts',(-29.0664919977534,8.06938830346439,-29.9011499470194));
#7502=CARTESIAN_POINT('Ctrl Pts',(-29.1191136439429,7.67010198909532,-29.9011499470194));
#7503=CARTESIAN_POINT('Ctrl Pts',(-29.1322916934618,7.53641949484808,-29.9011499470194));
#7504=CARTESIAN_POINT('Ctrl Pts',(-29.1586451726715,7.13455544037314,-29.9011499470194));
#7505=CARTESIAN_POINT('Ctrl Pts',(-29.1586451728387,6.86544456931447,-29.9011499470194));
#7506=CARTESIAN_POINT('Ctrl Pts',(-29.1322916934328,6.46358050471717,-29.9011499470194));
#7507=CARTESIAN_POINT('Ctrl Pts',(-29.1191136440938,6.32989801203063,-29.9011499470194));
#7508=CARTESIAN_POINT('Ctrl Pts',(-29.0664919944005,5.93061167947822,-29.9011499470194));
#7509=CARTESIAN_POINT('Ctrl Pts',(-29.0139440217956,5.6666682062316,-29.9011499470195));
#7510=CARTESIAN_POINT('Ctrl Pts',(-28.9096281758314,5.27765924175683,-29.9011499470194));
#7511=CARTESIAN_POINT('Ctrl Pts',(-28.8705994266364,5.14911070825954,-29.9011499470194));
#7512=CARTESIAN_POINT('Ctrl Pts',(-28.7410189047524,4.7677374853562,-29.9011499470194));
#7513=CARTESIAN_POINT('Ctrl Pts',(-28.6379386710653,4.5190992936258,-29.9011499470194));
#7514=CARTESIAN_POINT('Ctrl Pts',(-28.4596632854647,4.15788579420834,-29.9011499470194));
#7515=CARTESIAN_POINT('Ctrl Pts',(-28.3962809566038,4.03940903316627,-29.9011499470194));
#7516=CARTESIAN_POINT('Ctrl Pts',(-28.1947114078812,3.69060086864677,-29.9011499470194));
#7517=CARTESIAN_POINT('Ctrl Pts',(-28.0450539186573,3.46682017307981,-29.9011499470194));
#7518=CARTESIAN_POINT('Ctrl Pts',(-27.7996602002518,3.14727942183093,-29.9011499470194));
#7519=CARTESIAN_POINT('Ctrl Pts',(-27.7143565227898,3.04342708230238,-29.9011499470194));
#7520=CARTESIAN_POINT('Ctrl Pts',(-27.4485336387139,2.74059052903471,-29.9011499470194));
#7521=CARTESIAN_POINT('Ctrl Pts',(-27.2580437248894,2.55026863952493,-29.9011499470194));
#7522=CARTESIAN_POINT('Ctrl Pts',(-26.9549514563787,2.28468238657804,-29.9011499470194));
#7523=CARTESIAN_POINT('Ctrl Pts',(-26.8510014954464,2.19944713367931,-29.9011499470194));
#7524=CARTESIAN_POINT('Ctrl Pts',(-26.531133175882,1.95422762385073,-29.9011499470194));
#7525=CARTESIAN_POINT('Ctrl Pts',(-26.3071263311573,1.80468304887485,-29.9011499470194));
#7526=CARTESIAN_POINT('Ctrl Pts',(-25.9579758081474,1.60326539695272,-29.9011499470194));
#7527=CARTESIAN_POINT('Ctrl Pts',(-25.8393726459213,1.53992592209329,-29.9011499470194));
#7528=CARTESIAN_POINT('Ctrl Pts',(-25.4777487297203,1.3617573266439,-29.9011499470194));
#7529=CARTESIAN_POINT('Ctrl Pts',(-25.2288322697848,1.25874348080604,-29.9011499470194));
#7530=CARTESIAN_POINT('Ctrl Pts',(-24.8470398191218,1.12924624489454,-29.9011499470194));
#7531=CARTESIAN_POINT('Ctrl Pts',(-24.7183417842881,1.09024059345677,-29.9011499470194));
#7532=CARTESIAN_POINT('Ctrl Pts',(-24.328857879057,0.985977989958224,-29.9011499470194));
#7533=CARTESIAN_POINT('Ctrl Pts',(-24.0645989910316,0.933457714895613,-29.9011499470194));
#7534=CARTESIAN_POINT('Ctrl Pts',(-23.5315995457245,0.863349029252119,-29.9011499470194));
#7535=CARTESIAN_POINT('Ctrl Pts',(-23.2627348428631,0.845746574911155,-29.9011499470194));
#7536=CARTESIAN_POINT('Ctrl Pts',(-22.9939262461267,0.845746239292664,-29.9011499470194));
#7537=CARTESIAN_POINT('Ctrl Pts',(-22.9939262461266,13.3254670748005,-30.));
#7538=CARTESIAN_POINT('Ctrl Pts',(-23.2702071960241,13.3254677457014,-30.));
#7539=CARTESIAN_POINT('Ctrl Pts',(-23.5465159801724,13.307376969537,-30.));
#7540=CARTESIAN_POINT('Ctrl Pts',(-24.0943389393324,13.2353186813194,-30.));
#7541=CARTESIAN_POINT('Ctrl Pts',(-24.3659145491868,13.1813442188947,-30.));
#7542=CARTESIAN_POINT('Ctrl Pts',(-24.7662242622143,13.0741831867267,-30.));
#7543=CARTESIAN_POINT('Ctrl Pts',(-24.8984962851899,13.0340944184806,-30.));
#7544=CARTESIAN_POINT('Ctrl Pts',(-25.2909042671866,12.9009967613257,-30.));
#7545=CARTESIAN_POINT('Ctrl Pts',(-25.5467135690667,12.7951303794586,-30.));
#7546=CARTESIAN_POINT('Ctrl Pts',(-25.9183942101927,12.6120066564319,-30.));
#7547=CARTESIAN_POINT('Ctrl Pts',(-26.0402925160142,12.5469074420181,-30.));
#7548=CARTESIAN_POINT('Ctrl Pts',(-26.3991548071807,12.3398875148126,-30.));
#7549=CARTESIAN_POINT('Ctrl Pts',(-26.6293676780525,12.1861999543313,-30.));
#7550=CARTESIAN_POINT('Ctrl Pts',(-26.9581361370327,11.9341570726292,-30.));
#7551=CARTESIAN_POINT('Ctrl Pts',(-27.0649756931474,11.8465524704553,-30.));
#7552=CARTESIAN_POINT('Ctrl Pts',(-27.3765031950533,11.5735750859686,-30.));
#7553=CARTESIAN_POINT('Ctrl Pts',(-27.5722736212265,11.3779774710127,-30.));
#7554=CARTESIAN_POINT('Ctrl Pts',(-27.8454970905797,11.0667095221743,-30.));
#7555=CARTESIAN_POINT('Ctrl Pts',(-27.9331734099864,10.9599686465497,-30.));
#7556=CARTESIAN_POINT('Ctrl Pts',(-28.1854005775297,10.6315300367202,-30.));
#7557=CARTESIAN_POINT('Ctrl Pts',(-28.3392090725281,10.4015425546924,-30.0000000000001));
#7558=CARTESIAN_POINT('Ctrl Pts',(-28.5463933608621,10.0430178601516,-30.));
#7559=CARTESIAN_POINT('Ctrl Pts',(-28.6115395564307,9.92124403188703,-30.));
#7560=CARTESIAN_POINT('Ctrl Pts',(-28.794781981023,9.54996703514583,-30.));
#7561=CARTESIAN_POINT('Ctrl Pts',(-28.9007227293445,9.29442921829356,-30.));
#7562=CARTESIAN_POINT('Ctrl Pts',(-29.0339142190851,8.90242774157144,-30.));
#7563=CARTESIAN_POINT('Ctrl Pts',(-29.0740295445638,8.77030038940805,-30.));
#7564=CARTESIAN_POINT('Ctrl Pts',(-29.1812530056034,8.370449338741,-30.));
#7565=CARTESIAN_POINT('Ctrl Pts',(-29.2352596798919,8.0991791243723,-30.));
#7566=CARTESIAN_POINT('Ctrl Pts',(-29.2893479529566,7.68876256421742,-30.));
#7567=CARTESIAN_POINT('Ctrl Pts',(-29.302892966254,7.55135749308519,-30.));
#7568=CARTESIAN_POINT('Ctrl Pts',(-29.32998130052,7.13829096123199,-30.));
#7569=CARTESIAN_POINT('Ctrl Pts',(-29.3299813005951,6.86170904793889,-30.));
#7570=CARTESIAN_POINT('Ctrl Pts',(-29.3028929662604,6.44864250674467,-30.));
#7571=CARTESIAN_POINT('Ctrl Pts',(-29.2893479530454,6.31123743650216,-30.));
#7572=CARTESIAN_POINT('Ctrl Pts',(-29.2352596765118,5.90082085876678,-30.));
#7573=CARTESIAN_POINT('Ctrl Pts',(-29.1812530004692,5.62955064465051,-30.));
#7574=CARTESIAN_POINT('Ctrl Pts',(-29.0740295426412,5.22969961050032,-30.));
#7575=CARTESIAN_POINT('Ctrl Pts',(-29.0339142170607,5.09757225792611,-30.));
#7576=CARTESIAN_POINT('Ctrl Pts',(-28.9007227299646,4.70557078781122,-30.));
#7577=CARTESIAN_POINT('Ctrl Pts',(-28.7947819838888,4.45003297629919,-30.));
#7578=CARTESIAN_POINT('Ctrl Pts',(-28.611539554804,4.07875596927801,-30.));
#7579=CARTESIAN_POINT('Ctrl Pts',(-28.5463933597538,3.95698214211419,-30.));
#7580=CARTESIAN_POINT('Ctrl Pts',(-28.3392090606386,3.59845743151587,-30.));
#7581=CARTESIAN_POINT('Ctrl Pts',(-28.1854005636856,3.36846995037874,-30.));
#7582=CARTESIAN_POINT('Ctrl Pts',(-27.9331734045136,3.04003135377398,-30.));
#7583=CARTESIAN_POINT('Ctrl Pts',(-27.8454970850713,2.9332904781032,-30.));
#7584=CARTESIAN_POINT('Ctrl Pts',(-27.572273618817,2.62202253283718,-30.));
#7585=CARTESIAN_POINT('Ctrl Pts',(-27.3765031992289,2.42642492512852,-30.));
#7586=CARTESIAN_POINT('Ctrl Pts',(-27.0649756876934,2.15344753189774,-30.));
#7587=CARTESIAN_POINT('Ctrl Pts',(-26.9581361324076,2.0658429306252,-30.));
#7588=CARTESIAN_POINT('Ctrl Pts',(-26.6293676553111,1.81380003724268,-30.));
#7589=CARTESIAN_POINT('Ctrl Pts',(-26.3991547813784,1.6601124782924,-30.));
#7590=CARTESIAN_POINT('Ctrl Pts',(-26.0402925002088,1.45309255906127,-30.));
#7591=CARTESIAN_POINT('Ctrl Pts',(-25.9183941933369,1.38799334426766,-30.));
#7592=CARTESIAN_POINT('Ctrl Pts',(-25.5467135584735,1.20486962496418,-30.));
#7593=CARTESIAN_POINT('Ctrl Pts',(-25.2909042452978,1.09900323993257,-30.));
#7594=CARTESIAN_POINT('Ctrl Pts',(-24.8984962491971,0.96590557886668,-30.));
#7595=CARTESIAN_POINT('Ctrl Pts',(-24.7662242192457,0.925816808938644,-30.));
#7596=CARTESIAN_POINT('Ctrl Pts',(-24.3659144491984,0.818655764139149,-30.));
#7597=CARTESIAN_POINT('Ctrl Pts',(-24.0943389571476,0.764681329895045,-30.));
#7598=CARTESIAN_POINT('Ctrl Pts',(-23.5465159789508,0.692623032988177,-30.));
#7599=CARTESIAN_POINT('Ctrl Pts',(-23.2702071760242,0.674532253962539,-30.));
#7600=CARTESIAN_POINT('Ctrl Pts',(-22.9939262461267,0.674532925199518,-30.));
#7601=CARTESIAN_POINT('Ctrl Pts',(-22.9939262461266,13.5,-30.));
#7602=CARTESIAN_POINT('Ctrl Pts',(-23.2778242921825,13.5,-30.));
#7603=CARTESIAN_POINT('Ctrl Pts',(-23.5617216177008,13.4814131444601,-30.));
#7604=CARTESIAN_POINT('Ctrl Pts',(-24.1246555239096,13.4073670807672,-30.));
#7605=CARTESIAN_POINT('Ctrl Pts',(-24.4036894974732,13.3519098854308,-30.));
#7606=CARTESIAN_POINT('Ctrl Pts',(-24.8150351447435,13.2417951763982,-30.));
#7607=CARTESIAN_POINT('Ctrl Pts',(-24.9509504847754,13.200602164568,-30.));
#7608=CARTESIAN_POINT('Ctrl Pts',(-25.3541796004152,13.063833745869,-30.));
#7609=CARTESIAN_POINT('Ctrl Pts',(-25.6170153860391,12.9550594948945,-30.));
#7610=CARTESIAN_POINT('Ctrl Pts',(-25.9989479957819,12.7668852139529,-30.));
#7611=CARTESIAN_POINT('Ctrl Pts',(-26.1242053703201,12.6999921118407,-30.));
#7612=CARTESIAN_POINT('Ctrl Pts',(-26.4929673644835,12.4872607631005,-30.));
#7613=CARTESIAN_POINT('Ctrl Pts',(-26.729506581564,12.3293499042492,-30.));
#7614=CARTESIAN_POINT('Ctrl Pts',(-27.0673481361961,12.0703518862374,-30.));
#7615=CARTESIAN_POINT('Ctrl Pts',(-27.1771333413436,11.9803319708259,-30.));
#7616=CARTESIAN_POINT('Ctrl Pts',(-27.4972591843248,11.699819679538,-30.));
#7617=CARTESIAN_POINT('Ctrl Pts',(-27.6984124895718,11.4988440686235,-30.));
#7618=CARTESIAN_POINT('Ctrl Pts',(-27.9791804998844,11.1789817081663,-30.));
#7619=CARTESIAN_POINT('Ctrl Pts',(-28.0692754874208,11.0692962595472,-30.));
#7620=CARTESIAN_POINT('Ctrl Pts',(-28.3284680563887,10.7317869212955,-30.));
#7621=CARTESIAN_POINT('Ctrl Pts',(-28.486508033621,10.4954723238525,-30.0000000000001));
#7622=CARTESIAN_POINT('Ctrl Pts',(-28.6994164828851,10.1270430414514,-30.));
#7623=CARTESIAN_POINT('Ctrl Pts',(-28.7663607603555,10.0019081866176,-30.));
#7624=CARTESIAN_POINT('Ctrl Pts',(-28.9546659429637,9.62037230739424,-30.));
#7625=CARTESIAN_POINT('Ctrl Pts',(-29.0635226594909,9.35780110740823,-30.));
#7626=CARTESIAN_POINT('Ctrl Pts',(-29.2003957290654,8.95496555024209,-30.));
#7627=CARTESIAN_POINT('Ctrl Pts',(-29.2416187082964,8.81918995281559,-30.));
#7628=CARTESIAN_POINT('Ctrl Pts',(-29.35180552827,8.40828648169391,-30.));
#7629=CARTESIAN_POINT('Ctrl Pts',(-29.4072991851042,8.12954748325476,-30.));
#7630=CARTESIAN_POINT('Ctrl Pts',(-29.4628831552344,7.70778498923585,-30.));
#7631=CARTESIAN_POINT('Ctrl Pts',(-29.4768022507471,7.56658512653568,-30.));
#7632=CARTESIAN_POINT('Ctrl Pts',(-29.5046390450136,7.14209890344886,-30.));
#7633=CARTESIAN_POINT('Ctrl Pts',(-29.5046390451564,6.85790110650847,-30.));
#7634=CARTESIAN_POINT('Ctrl Pts',(-29.4768022507292,6.43341487310223,-30.));
#7635=CARTESIAN_POINT('Ctrl Pts',(-29.4628831553707,6.29221501180055,-30.));
#7636=CARTESIAN_POINT('Ctrl Pts',(-29.4072991815861,5.87045249896387,-30.));
#7637=CARTESIAN_POINT('Ctrl Pts',(-29.3518055229166,5.59171350081926,-30.));
#7638=CARTESIAN_POINT('Ctrl Pts',(-29.2416187064473,5.1808100473901,-30.));
#7639=CARTESIAN_POINT('Ctrl Pts',(-29.2003957269987,5.04503444909222,-30.));
#7640=CARTESIAN_POINT('Ctrl Pts',(-29.063522660327,4.64219889939212,-30.));
#7641=CARTESIAN_POINT('Ctrl Pts',(-28.9546659462262,4.37962770482906,-30.));
#7642=CARTESIAN_POINT('Ctrl Pts',(-28.76636075862,3.99809181435016,-30.));
#7643=CARTESIAN_POINT('Ctrl Pts',(-28.6994164819521,3.87295696110831,-30.));
#7644=CARTESIAN_POINT('Ctrl Pts',(-28.4865080212315,3.50452766152451,-30.));
#7645=CARTESIAN_POINT('Ctrl Pts',(-28.328468042019,3.2682130650964,-30.));
#7646=CARTESIAN_POINT('Ctrl Pts',(-28.0692754821222,2.9307037410127,-30.));
#7647=CARTESIAN_POINT('Ctrl Pts',(-27.9791804942869,2.82101829199059,-30.));
#7648=CARTESIAN_POINT('Ctrl Pts',(-27.6984124875912,2.50115593574748,-30.));
#7649=CARTESIAN_POINT('Ctrl Pts',(-27.4972591892477,2.30018033220883,-30.));
#7650=CARTESIAN_POINT('Ctrl Pts',(-27.1771333356862,2.0196680313588,-30.));
#7651=CARTESIAN_POINT('Ctrl Pts',(-27.0673481318643,1.92964811723889,-30.));
#7652=CARTESIAN_POINT('Ctrl Pts',(-26.7295065580156,1.67065008672399,-30.));
#7653=CARTESIAN_POINT('Ctrl Pts',(-26.492967337938,1.51273922956611,-30.));
#7654=CARTESIAN_POINT('Ctrl Pts',(-26.1242053547675,1.30000788938718,-30.));
#7655=CARTESIAN_POINT('Ctrl Pts',(-25.9989479787199,1.23311478663493,-30.));
#7656=CARTESIAN_POINT('Ctrl Pts',(-25.6170153762943,1.0449405099573,-30.));
#7657=CARTESIAN_POINT('Ctrl Pts',(-25.354179578922,0.936166255472469,-30.));
#7658=CARTESIAN_POINT('Ctrl Pts',(-24.9509504485522,0.799397832738475,-30.));
#7659=CARTESIAN_POINT('Ctrl Pts',(-24.8150351018981,0.758204819235201,-30.));
#7660=CARTESIAN_POINT('Ctrl Pts',(-24.4036893947888,0.6480900970672,-30.));
#7661=CARTESIAN_POINT('Ctrl Pts',(-24.1246555445292,0.592632930900074,-30.));
#7662=CARTESIAN_POINT('Ctrl Pts',(-23.5617216160874,0.51858685801903,-30.));
#7663=CARTESIAN_POINT('Ctrl Pts',(-23.277824278686,0.500000000000002,-30.));
#7664=CARTESIAN_POINT('Ctrl Pts',(-22.9939262461267,0.500000000000002,-30.));
#7665=CARTESIAN_POINT('',(-22.9939262461267,0.500000000000002,-30.));
#7666=CARTESIAN_POINT('Origin',(-22.9939262461267,0.500000000000002,-29.5));
#7667=CARTESIAN_POINT('Ctrl Pts',(-22.9939262461267,0.500000000000002,-30.));
#7668=CARTESIAN_POINT('Ctrl Pts',(-23.277824278686,0.500000000000002,-30.));
#7669=CARTESIAN_POINT('Ctrl Pts',(-23.5617216160874,0.51858685801903,-30.));
#7670=CARTESIAN_POINT('Ctrl Pts',(-24.1246555445292,0.592632930900074,-30.));
#7671=CARTESIAN_POINT('Ctrl Pts',(-24.4036893947888,0.6480900970672,-30.));
#7672=CARTESIAN_POINT('Ctrl Pts',(-24.8150351018981,0.758204819235201,-30.));
#7673=CARTESIAN_POINT('Ctrl Pts',(-24.9509504485522,0.799397832738475,-30.));
#7674=CARTESIAN_POINT('Ctrl Pts',(-25.354179578922,0.936166255472469,-30.));
#7675=CARTESIAN_POINT('Ctrl Pts',(-25.6170153762943,1.0449405099573,-30.));
#7676=CARTESIAN_POINT('Ctrl Pts',(-25.9989479787199,1.23311478663493,-30.));
#7677=CARTESIAN_POINT('Ctrl Pts',(-26.1242053547675,1.30000788938718,-30.));
#7678=CARTESIAN_POINT('Ctrl Pts',(-26.492967337938,1.51273922956611,-30.));
#7679=CARTESIAN_POINT('Ctrl Pts',(-26.7295065580156,1.67065008672399,-30.));
#7680=CARTESIAN_POINT('Ctrl Pts',(-27.0673481318643,1.92964811723889,-30.));
#7681=CARTESIAN_POINT('Ctrl Pts',(-27.1771333356862,2.0196680313588,-30.));
#7682=CARTESIAN_POINT('Ctrl Pts',(-27.4972591892477,2.30018033220883,-30.));
#7683=CARTESIAN_POINT('Ctrl Pts',(-27.6984124875912,2.50115593574748,-30.));
#7684=CARTESIAN_POINT('Ctrl Pts',(-27.9791804942869,2.82101829199059,-30.));
#7685=CARTESIAN_POINT('Ctrl Pts',(-28.0692754821222,2.9307037410127,-30.));
#7686=CARTESIAN_POINT('Ctrl Pts',(-28.328468042019,3.2682130650964,-30.));
#7687=CARTESIAN_POINT('Ctrl Pts',(-28.4865080212315,3.50452766152451,-30.));
#7688=CARTESIAN_POINT('Ctrl Pts',(-28.6994164819521,3.87295696110831,-30.));
#7689=CARTESIAN_POINT('Ctrl Pts',(-28.76636075862,3.99809181435016,-30.));
#7690=CARTESIAN_POINT('Ctrl Pts',(-28.9546659462262,4.37962770482906,-30.));
#7691=CARTESIAN_POINT('Ctrl Pts',(-29.063522660327,4.64219889939212,-30.));
#7692=CARTESIAN_POINT('Ctrl Pts',(-29.2003957269987,5.04503444909222,-30.));
#7693=CARTESIAN_POINT('Ctrl Pts',(-29.2416187064473,5.1808100473901,-30.));
#7694=CARTESIAN_POINT('Ctrl Pts',(-29.3518055229166,5.59171350081926,-30.));
#7695=CARTESIAN_POINT('Ctrl Pts',(-29.4072991815861,5.87045249896387,-30.));
#7696=CARTESIAN_POINT('Ctrl Pts',(-29.4628831553707,6.29221501180055,-30.));
#7697=CARTESIAN_POINT('Ctrl Pts',(-29.4768022507292,6.43341487310223,-30.));
#7698=CARTESIAN_POINT('Ctrl Pts',(-29.5046390451564,6.85790110650847,-30.));
#7699=CARTESIAN_POINT('Ctrl Pts',(-29.5046390450136,7.14209890344886,-30.));
#7700=CARTESIAN_POINT('Ctrl Pts',(-29.4768022507471,7.56658512653568,-30.));
#7701=CARTESIAN_POINT('Ctrl Pts',(-29.4628831552344,7.70778498923585,-30.));
#7702=CARTESIAN_POINT('Ctrl Pts',(-29.4072991851042,8.12954748325476,-30.));
#7703=CARTESIAN_POINT('Ctrl Pts',(-29.35180552827,8.40828648169391,-30.));
#7704=CARTESIAN_POINT('Ctrl Pts',(-29.2416187082964,8.81918995281559,-30.));
#7705=CARTESIAN_POINT('Ctrl Pts',(-29.2003957290654,8.95496555024209,-30.));
#7706=CARTESIAN_POINT('Ctrl Pts',(-29.0635226594909,9.35780110740823,-30.));
#7707=CARTESIAN_POINT('Ctrl Pts',(-28.9546659429637,9.62037230739424,-30.));
#7708=CARTESIAN_POINT('Ctrl Pts',(-28.7663607603555,10.0019081866176,-30.));
#7709=CARTESIAN_POINT('Ctrl Pts',(-28.6994164828851,10.1270430414514,-30.));
#7710=CARTESIAN_POINT('Ctrl Pts',(-28.486508033621,10.4954723238525,-30.0000000000001));
#7711=CARTESIAN_POINT('Ctrl Pts',(-28.3284680563887,10.7317869212955,-30.));
#7712=CARTESIAN_POINT('Ctrl Pts',(-28.0692754874208,11.0692962595472,-30.));
#7713=CARTESIAN_POINT('Ctrl Pts',(-27.9791804998844,11.1789817081663,-30.));
#7714=CARTESIAN_POINT('Ctrl Pts',(-27.6984124895718,11.4988440686235,-30.));
#7715=CARTESIAN_POINT('Ctrl Pts',(-27.4972591843248,11.699819679538,-30.));
#7716=CARTESIAN_POINT('Ctrl Pts',(-27.1771333413436,11.9803319708259,-30.));
#7717=CARTESIAN_POINT('Ctrl Pts',(-27.0673481361961,12.0703518862374,-30.));
#7718=CARTESIAN_POINT('Ctrl Pts',(-26.729506581564,12.3293499042492,-30.));
#7719=CARTESIAN_POINT('Ctrl Pts',(-26.4929673644835,12.4872607631005,-30.));
#7720=CARTESIAN_POINT('Ctrl Pts',(-26.1242053703201,12.6999921118407,-30.));
#7721=CARTESIAN_POINT('Ctrl Pts',(-25.9989479957819,12.7668852139529,-30.));
#7722=CARTESIAN_POINT('Ctrl Pts',(-25.6170153860391,12.9550594948945,-30.));
#7723=CARTESIAN_POINT('Ctrl Pts',(-25.3541796004152,13.063833745869,-30.));
#7724=CARTESIAN_POINT('Ctrl Pts',(-24.9509504847754,13.200602164568,-30.));
#7725=CARTESIAN_POINT('Ctrl Pts',(-24.8150351447435,13.2417951763982,-30.));
#7726=CARTESIAN_POINT('Ctrl Pts',(-24.4036894974732,13.3519098854308,-30.));
#7727=CARTESIAN_POINT('Ctrl Pts',(-24.1246555239096,13.4073670807672,-30.));
#7728=CARTESIAN_POINT('Ctrl Pts',(-23.5617216177008,13.4814131444601,-30.));
#7729=CARTESIAN_POINT('Ctrl Pts',(-23.2778242921825,13.5,-30.));
#7730=CARTESIAN_POINT('Ctrl Pts',(-22.9939262461266,13.5,-30.));
#7731=CARTESIAN_POINT('Origin',(1.83455364724889E-12,7.,-29.5));
#7732=CARTESIAN_POINT('Origin',(3.50303687693668,0.500000000000001,-29.5));
#7733=CARTESIAN_POINT('',(22.9939262461458,0.500000000000001,-30.));
#7734=CARTESIAN_POINT('Origin',(22.9939262461458,0.500000000000001,-29.5));
#7735=CARTESIAN_POINT('',(3.50303687693668,0.500000000000001,-30.));
#7736=CARTESIAN_POINT('Ctrl Pts',(22.9939262461458,0.933012701892708,-29.7499999999992));
#7737=CARTESIAN_POINT('Ctrl Pts',(23.2589263041409,0.933012701892708,-29.7499999999992));
#7738=CARTESIAN_POINT('Ctrl Pts',(23.5239967286583,0.950367114422343,-29.7499999999991));
#7739=CARTESIAN_POINT('Ctrl Pts',(24.0494406780832,1.01948190349927,-29.7499999999992));
#7740=CARTESIAN_POINT('Ctrl Pts',(24.3099705021218,1.07126083983267,-29.7499999999991));
#7741=CARTESIAN_POINT('Ctrl Pts',(24.6939363829686,1.17404659238755,-29.7499999999991));
#7742=CARTESIAN_POINT('Ctrl Pts',(24.8208127532631,1.21250012047402,-29.7499999999991));
#7743=CARTESIAN_POINT('Ctrl Pts',(25.1971946230344,1.34016197178259,-29.7499999999992));
#7744=CARTESIAN_POINT('Ctrl Pts',(25.442597829911,1.44172187961883,-29.7499999999992));
#7745=CARTESIAN_POINT('Ctrl Pts',(25.799095769189,1.61736520037663,-29.7499999999992));
#7746=CARTESIAN_POINT('Ctrl Pts',(25.916019395414,1.67980773065753,-29.7499999999992));
#7747=CARTESIAN_POINT('Ctrl Pts',(26.2602200776588,1.87836968008344,-29.7499999999992));
#7748=CARTESIAN_POINT('Ctrl Pts',(26.4810637464878,2.02580260751888,-29.7499999999992));
#7749=CARTESIAN_POINT('Ctrl Pts',(26.7963954997297,2.26754453710108,-29.7499999999992));
#7750=CARTESIAN_POINT('Ctrl Pts',(26.898872637632,2.35157213478267,-29.7499999999992));
#7751=CARTESIAN_POINT('Ctrl Pts',(27.1976657252719,2.61339092500884,-29.7499999999992));
#7752=CARTESIAN_POINT('Ctrl Pts',(27.3854642061726,2.80102382350248,-29.7499999999992));
#7753=CARTESIAN_POINT('Ctrl Pts',(27.6475148234085,3.09956317522233,-29.7499999999992));
#7754=CARTESIAN_POINT('Ctrl Pts',(27.731609166375,3.20194322767538,-29.7499999999992));
#7755=CARTESIAN_POINT('Ctrl Pts',(27.9735201928897,3.51694862841417,-29.7499999999992));
#7756=CARTESIAN_POINT('Ctrl Pts',(28.1210619391992,3.73756576738283,-29.7499999999992));
#7757=CARTESIAN_POINT('Ctrl Pts',(28.3197693964224,4.08142162138108,-29.7499999999992));
#7758=CARTESIAN_POINT('Ctrl Pts',(28.382252685217,4.19821787085702,-29.7499999999992));
#7759=CARTESIAN_POINT('Ctrl Pts',(28.5579966868752,4.55430191801669,-29.7499999999992));
#7760=CARTESIAN_POINT('Ctrl Pts',(28.6596189388009,4.79942342325132,-29.7499999999992));
#7761=CARTESIAN_POINT('Ctrl Pts',(28.7873586735946,5.17537961329387,-29.7499999999993));
#7762=CARTESIAN_POINT('Ctrl Pts',(28.8258335956662,5.30210402315788,-29.7499999999993));
#7763=CARTESIAN_POINT('Ctrl Pts',(28.9286677655893,5.68558679455895,-29.7499999999993));
#7764=CARTESIAN_POINT('Ctrl Pts',(28.9804722451351,5.94579587588944,-29.7499999999993));
#7765=CARTESIAN_POINT('Ctrl Pts',(29.0323460428124,6.33940922345936,-29.7499999999993));
#7766=CARTESIAN_POINT('Ctrl Pts',(29.0453370512317,6.47119432204831,-29.7499999999993));
#7767=CARTESIAN_POINT('Ctrl Pts',(29.0713163004221,6.86734853064789,-29.7499999999993));
#7768=CARTESIAN_POINT('Ctrl Pts',(29.0713163005557,7.13265145987454,-29.7499999999992));
#7769=CARTESIAN_POINT('Ctrl Pts',(29.0453370512089,7.52880567829193,-29.7499999999992));
#7770=CARTESIAN_POINT('Ctrl Pts',(29.0323460429414,7.66059077544618,-29.7499999999992));
#7771=CARTESIAN_POINT('Ctrl Pts',(28.98047224188,8.05420414048045,-29.7499999999992));
#7772=CARTESIAN_POINT('Ctrl Pts',(28.9286677605632,8.31441322185585,-29.7499999999992));
#7773=CARTESIAN_POINT('Ctrl Pts',(28.825833593911,8.69789597671897,-29.7499999999992));
#7774=CARTESIAN_POINT('Ctrl Pts',(28.7873586716615,8.82462038731863,-29.7499999999992));
#7775=CARTESIAN_POINT('Ctrl Pts',(28.659618939566,9.20057657042994,-29.7499999999992));
#7776=CARTESIAN_POINT('Ctrl Pts',(28.5579966898869,9.44569807065311,-29.7499999999992));
#7777=CARTESIAN_POINT('Ctrl Pts',(28.382252683548,9.80178212833895,-29.7499999999992));
#7778=CARTESIAN_POINT('Ctrl Pts',(28.3197693954967,9.91857837634109,-29.7499999999992));
#7779=CARTESIAN_POINT('Ctrl Pts',(28.1210619275791,10.2624342463641,-29.7499999999992));
#7780=CARTESIAN_POINT('Ctrl Pts',(27.9735201794855,10.4830513842852,-29.7499999999992));
#7781=CARTESIAN_POINT('Ctrl Pts',(27.7316091614433,10.7980567717935,-29.7499999999992));
#7782=CARTESIAN_POINT('Ctrl Pts',(27.6475148181779,10.9004368246461,-29.7499999999992));
#7783=CARTESIAN_POINT('Ctrl Pts',(27.3854642043233,11.1989761724244,-29.7499999999992));
#7784=CARTESIAN_POINT('Ctrl Pts',(27.1976657298773,11.3866090640182,-29.7499999999991));
#7785=CARTESIAN_POINT('Ctrl Pts',(26.8988726323801,11.6484278631549,-29.7499999999991));
#7786=CARTESIAN_POINT('Ctrl Pts',(26.7963954957159,11.7324554596299,-29.7499999999991));
#7787=CARTESIAN_POINT('Ctrl Pts',(26.4810637245279,11.9741974008918,-29.7499999999991));
#7788=CARTESIAN_POINT('Ctrl Pts',(26.2602200528761,12.1216303267634,-29.7499999999991));
#7789=CARTESIAN_POINT('Ctrl Pts',(25.9160193808668,12.3201922682113,-29.7499999999991));
#7790=CARTESIAN_POINT('Ctrl Pts',(25.7990957532286,12.3826347990914,-29.7499999999991));
#7791=CARTESIAN_POINT('Ctrl Pts',(25.4425978208089,12.5582781158534,-29.7499999999991));
#7792=CARTESIAN_POINT('Ctrl Pts',(25.197194602972,12.6598380269644,-29.7499999999991));
#7793=CARTESIAN_POINT('Ctrl Pts',(24.8208127194436,12.7874998820417,-29.7499999999991));
#7794=CARTESIAN_POINT('Ctrl Pts',(24.6939363429613,12.8259534116918,-29.7499999999991));
#7795=CARTESIAN_POINT('Ctrl Pts',(24.3099704062613,12.928739176506,-29.7499999999991));
#7796=CARTESIAN_POINT('Ctrl Pts',(24.0494406973405,12.980518085607,-29.7499999999991));
#7797=CARTESIAN_POINT('Ctrl Pts',(23.523996727162,13.0496328832624,-29.7499999999992));
#7798=CARTESIAN_POINT('Ctrl Pts',(23.2589262915428,13.0669872981073,-29.7499999999992));
#7799=CARTESIAN_POINT('Ctrl Pts',(22.9939262461458,13.0669872981073,-29.7499999999992));
#7800=CARTESIAN_POINT('Ctrl Pts',(22.9939262461458,0.845746239293123,-29.9011499470191));
#7801=CARTESIAN_POINT('Ctrl Pts',(23.2627348522204,0.84574657474358,-29.9011499470191));
#7802=CARTESIAN_POINT('Ctrl Pts',(23.5315995474226,0.863349026960984,-29.9011499470191));
#7803=CARTESIAN_POINT('Ctrl Pts',(24.0645989703715,0.933457703775483,-29.9011499470191));
#7804=CARTESIAN_POINT('Ctrl Pts',(24.3288579762654,0.985978006564899,-29.9011499470191));
#7805=CARTESIAN_POINT('Ctrl Pts',(24.7183418242331,1.09024059755198,-29.9011499470191));
#7806=CARTESIAN_POINT('Ctrl Pts',(24.8470398530559,1.12924624743054,-29.9011499470191));
#7807=CARTESIAN_POINT('Ctrl Pts',(25.2288322896485,1.25874347951107,-29.9011499470191));
#7808=CARTESIAN_POINT('Ctrl Pts',(25.4777487383974,1.36175732190111,-29.9011499470191));
#7809=CARTESIAN_POINT('Ctrl Pts',(25.8393726619836,1.53992592161643,-29.9011499470191));
#7810=CARTESIAN_POINT('Ctrl Pts',(25.957975822567,1.60326539574647,-29.9011499470191));
#7811=CARTESIAN_POINT('Ctrl Pts',(26.3071263563102,1.80468305593977,-29.9011499470191));
#7812=CARTESIAN_POINT('Ctrl Pts',(26.5311331982427,1.95422763255956,-29.9011499470191));
#7813=CARTESIAN_POINT('Ctrl Pts',(26.8510014993113,2.19944713029709,-29.9011499470191));
#7814=CARTESIAN_POINT('Ctrl Pts',(26.9549514617298,2.28468238459739,-29.9011499470191));
#7815=CARTESIAN_POINT('Ctrl Pts',(27.2580437199075,2.55026862822411,-29.9011499470191));
#7816=CARTESIAN_POINT('Ctrl Pts',(27.4485336403456,2.74059052469769,-29.9011499470191));
#7817=CARTESIAN_POINT('Ctrl Pts',(27.7143565280606,3.04342708222631,-29.9011499470191));
#7818=CARTESIAN_POINT('Ctrl Pts',(27.7996602050923,3.147279421177,-29.9011499470191));
#7819=CARTESIAN_POINT('Ctrl Pts',(28.045053932318,3.46682018612508,-29.9011499470191));
#7820=CARTESIAN_POINT('Ctrl Pts',(28.194711419747,3.69060088280508,-29.9011499470192));
#7821=CARTESIAN_POINT('Ctrl Pts',(28.3962809574335,4.03940903073105,-29.9011499470192));
#7822=CARTESIAN_POINT('Ctrl Pts',(28.4596632871795,4.15788579349211,-29.9011499470192));
#7823=CARTESIAN_POINT('Ctrl Pts',(28.6379386678453,4.5190992818927,-29.9011499470192));
#7824=CARTESIAN_POINT('Ctrl Pts',(28.7410189038735,4.76773747869257,-29.9011499470192));
#7825=CARTESIAN_POINT('Ctrl Pts',(28.8705994285846,5.14911070895872,-29.9011499470192));
#7826=CARTESIAN_POINT('Ctrl Pts',(28.9096281775321,5.27765924145321,-29.9011499470192));
#7827=CARTESIAN_POINT('Ctrl Pts',(29.0139440269231,5.66666822308554,-29.9011499470192));
#7828=CARTESIAN_POINT('Ctrl Pts',(29.0664919977405,5.93061169644467,-29.9011499470193));
#7829=CARTESIAN_POINT('Ctrl Pts',(29.1191136439513,6.32989801095172,-29.9011499470193));
#7830=CARTESIAN_POINT('Ctrl Pts',(29.1322916934781,6.46358050532456,-29.9011499470193));
#7831=CARTESIAN_POINT('Ctrl Pts',(29.1586451726688,6.86544455953969,-29.9011499470192));
#7832=CARTESIAN_POINT('Ctrl Pts',(29.158645172836,7.13455543059063,-29.9011499470192));
#7833=CARTESIAN_POINT('Ctrl Pts',(29.1322916934432,7.53641949511196,-29.9011499470192));
#7834=CARTESIAN_POINT('Ctrl Pts',(29.1191136441038,7.67010198779728,-29.9011499470192));
#7835=CARTESIAN_POINT('Ctrl Pts',(29.0664919944177,8.06938832037839,-29.9011499470192));
#7836=CARTESIAN_POINT('Ctrl Pts',(29.0139440217863,8.33333179377363,-29.9011499470192));
#7837=CARTESIAN_POINT('Ctrl Pts',(28.9096281758139,8.72234075827375,-29.9011499470192));
#7838=CARTESIAN_POINT('Ctrl Pts',(28.8705994266303,8.85088929173577,-29.9011499470192));
#7839=CARTESIAN_POINT('Ctrl Pts',(28.7410189047472,9.232262514639,-29.9011499470192));
#7840=CARTESIAN_POINT('Ctrl Pts',(28.6379386710554,9.48090070638828,-29.9011499470191));
#7841=CARTESIAN_POINT('Ctrl Pts',(28.4596632854558,9.84211420580276,-29.9011499470191));
#7842=CARTESIAN_POINT('Ctrl Pts',(28.3962809565957,9.96059096684399,-29.9011499470191));
#7843=CARTESIAN_POINT('Ctrl Pts',(28.1947114078755,10.3093991313596,-29.9011499470191));
#7844=CARTESIAN_POINT('Ctrl Pts',(28.0450539186521,10.5331798269263,-29.9011499470191));
#7845=CARTESIAN_POINT('Ctrl Pts',(27.7996602002474,10.852720578174,-29.9011499470191));
#7846=CARTESIAN_POINT('Ctrl Pts',(27.7143565227856,10.9565729177023,-29.9011499470191));
#7847=CARTESIAN_POINT('Ctrl Pts',(27.4485336387103,11.2594094709692,-29.9011499470191));
#7848=CARTESIAN_POINT('Ctrl Pts',(27.2580437248867,11.4497313604779,-29.9011499470191));
#7849=CARTESIAN_POINT('Ctrl Pts',(26.9549514563764,11.7153176134243,-29.9011499470191));
#7850=CARTESIAN_POINT('Ctrl Pts',(26.8510014954442,11.8005528663229,-29.9011499470191));
#7851=CARTESIAN_POINT('Ctrl Pts',(26.5311331758801,12.0457723761511,-29.9011499470191));
#7852=CARTESIAN_POINT('Ctrl Pts',(26.3071263311558,12.1953169511264,-29.9011499470191));
#7853=CARTESIAN_POINT('Ctrl Pts',(25.9579758081461,12.3967346030482,-29.9011499470191));
#7854=CARTESIAN_POINT('Ctrl Pts',(25.83937264592,12.4600740779076,-29.9011499470191));
#7855=CARTESIAN_POINT('Ctrl Pts',(25.4777487297193,12.6382426733567,-29.9011499470191));
#7856=CARTESIAN_POINT('Ctrl Pts',(25.2288322697841,12.7412565191943,-29.9011499470191));
#7857=CARTESIAN_POINT('Ctrl Pts',(24.8470398191211,12.8707537551056,-29.9011499470191));
#7858=CARTESIAN_POINT('Ctrl Pts',(24.7183417842875,12.9097594065434,-29.9011499470191));
#7859=CARTESIAN_POINT('Ctrl Pts',(24.3288578790565,13.0140220100418,-29.9011499470191));
#7860=CARTESIAN_POINT('Ctrl Pts',(24.0645989910313,13.0665422851043,-29.9011499470191));
#7861=CARTESIAN_POINT('Ctrl Pts',(23.5315995457304,13.1366509707468,-29.9011499470191));
#7862=CARTESIAN_POINT('Ctrl Pts',(23.2627348428741,13.1542534250884,-29.9011499470191));
#7863=CARTESIAN_POINT('Ctrl Pts',(22.9939262461458,13.1542537607069,-29.9011499470191));
#7864=CARTESIAN_POINT('Ctrl Pts',(22.9939262461458,0.674532925199759,-30.));
#7865=CARTESIAN_POINT('Ctrl Pts',(23.2702071960361,0.674532254298847,-30.));
#7866=CARTESIAN_POINT('Ctrl Pts',(23.5465159801686,0.692623030462759,-30.));
#7867=CARTESIAN_POINT('Ctrl Pts',(24.0943389393167,0.764681318677439,-30.));
#7868=CARTESIAN_POINT('Ctrl Pts',(24.3659145491931,0.818655781106149,-30.));
#7869=CARTESIAN_POINT('Ctrl Pts',(24.7662242622251,0.925816813276247,-30.));
#7870=CARTESIAN_POINT('Ctrl Pts',(24.8984962851933,0.965905581520034,-30.));
#7871=CARTESIAN_POINT('Ctrl Pts',(25.2909042671849,1.09900323867332,-30.));
#7872=CARTESIAN_POINT('Ctrl Pts',(25.5467135690702,1.2048696205417,-30.));
#7873=CARTESIAN_POINT('Ctrl Pts',(25.9183942102252,1.3879933435841,-30.));
#7874=CARTESIAN_POINT('Ctrl Pts',(26.040292516043,1.45309255799655,-30.));
#7875=CARTESIAN_POINT('Ctrl Pts',(26.3991548071803,1.66011248518629,-30.));
#7876=CARTESIAN_POINT('Ctrl Pts',(26.6293676780272,1.81380004565045,-30.));
#7877=CARTESIAN_POINT('Ctrl Pts',(26.958136136998,2.06584292734271,-30.));
#7878=CARTESIAN_POINT('Ctrl Pts',(27.064975693113,2.15344752951703,-30.));
#7879=CARTESIAN_POINT('Ctrl Pts',(27.3765031950402,2.42642491402096,-30.));
#7880=CARTESIAN_POINT('Ctrl Pts',(27.5722736212223,2.62202252898959,-30.));
#7881=CARTESIAN_POINT('Ctrl Pts',(27.8454970905805,2.93329047783589,-30.));
#7882=CARTESIAN_POINT('Ctrl Pts',(27.9331734099658,3.04003135343512,-30.));
#7883=CARTESIAN_POINT('Ctrl Pts',(28.1854005775161,3.3684699632725,-30.));
#7884=CARTESIAN_POINT('Ctrl Pts',(28.3392090725778,3.59845744540012,-30.));
#7885=CARTESIAN_POINT('Ctrl Pts',(28.5463933609126,3.95698213995735,-30.));
#7886=CARTESIAN_POINT('Ctrl Pts',(28.6115395564727,4.07875596820596,-30.));
#7887=CARTESIAN_POINT('Ctrl Pts',(28.7947819810488,4.45003296492434,-30.0000000000001));
#7888=CARTESIAN_POINT('Ctrl Pts',(28.9007227293562,4.70557078174501,-30.0000000000001));
#7889=CARTESIAN_POINT('Ctrl Pts',(29.0339142190826,5.09757225842309,-30.0000000000001));
#7890=CARTESIAN_POINT('Ctrl Pts',(29.0740295445769,5.22969961063452,-30.0000000000001));
#7891=CARTESIAN_POINT('Ctrl Pts',(29.181253005624,5.62955066134862,-30.0000000000001));
#7892=CARTESIAN_POINT('Ctrl Pts',(29.2352596798802,5.90082087554111,-30.0000000000001));
#7893=CARTESIAN_POINT('Ctrl Pts',(29.2893479529651,6.31123743582815,-30.0000000000001));
#7894=CARTESIAN_POINT('Ctrl Pts',(29.3028929662714,6.44864250709515,-30.0000000000001));
#7895=CARTESIAN_POINT('Ctrl Pts',(29.3299813005172,6.86170903867389,-30.0000000000001));
#7896=CARTESIAN_POINT('Ctrl Pts',(29.3299813005929,7.13829095195676,-30.0000000000001));
#7897=CARTESIAN_POINT('Ctrl Pts',(29.3028929662714,7.55135749307589,-30.0000000000001));
#7898=CARTESIAN_POINT('Ctrl Pts',(29.2893479530568,7.6887625633125,-30.0000000000001));
#7899=CARTESIAN_POINT('Ctrl Pts',(29.2352596765284,8.0991791410903,-30.0000000000001));
#7900=CARTESIAN_POINT('Ctrl Pts',(29.1812530004609,8.37044935534841,-30.));
#7901=CARTESIAN_POINT('Ctrl Pts',(29.0740295426227,8.77030038953333,-30.));
#7902=CARTESIAN_POINT('Ctrl Pts',(29.0339142170546,8.90242774206817,-30.));
#7903=CARTESIAN_POINT('Ctrl Pts',(28.9007227299589,9.29442921218502,-30.));
#7904=CARTESIAN_POINT('Ctrl Pts',(28.7947819838786,9.54996702371548,-30.));
#7905=CARTESIAN_POINT('Ctrl Pts',(28.6115395547947,9.92124403073412,-30.));
#7906=CARTESIAN_POINT('Ctrl Pts',(28.5463933597453,10.0430178578968,-30.));
#7907=CARTESIAN_POINT('Ctrl Pts',(28.3392090606325,10.4015425684913,-30.));
#7908=CARTESIAN_POINT('Ctrl Pts',(28.1854005636803,10.6315300496279,-30.));
#7909=CARTESIAN_POINT('Ctrl Pts',(27.9331734045091,10.9599686462315,-30.));
#7910=CARTESIAN_POINT('Ctrl Pts',(27.845497085067,11.066709521902,-30.));
#7911=CARTESIAN_POINT('Ctrl Pts',(27.5722736188134,11.3779774671672,-30.));
#7912=CARTESIAN_POINT('Ctrl Pts',(27.3765031992261,11.5735750748747,-30.));
#7913=CARTESIAN_POINT('Ctrl Pts',(27.064975687691,11.8465524681049,-30.));
#7914=CARTESIAN_POINT('Ctrl Pts',(26.9581361324054,11.9341570693773,-30.));
#7915=CARTESIAN_POINT('Ctrl Pts',(26.6293676553092,12.1861999627594,-30.));
#7916=CARTESIAN_POINT('Ctrl Pts',(26.3991547813769,12.3398875217091,-30.));
#7917=CARTESIAN_POINT('Ctrl Pts',(26.0402925002075,12.5469074409399,-30.));
#7918=CARTESIAN_POINT('Ctrl Pts',(25.9183941933356,12.6120066557335,-30.));
#7919=CARTESIAN_POINT('Ctrl Pts',(25.5467135584724,12.7951303750367,-30.));
#7920=CARTESIAN_POINT('Ctrl Pts',(25.2909042452971,12.900996760068,-30.));
#7921=CARTESIAN_POINT('Ctrl Pts',(24.8984962491965,13.0340944211338,-30.));
#7922=CARTESIAN_POINT('Ctrl Pts',(24.7662242192451,13.0741831910618,-30.));
#7923=CARTESIAN_POINT('Ctrl Pts',(24.3659144491979,13.1813442358611,-30.));
#7924=CARTESIAN_POINT('Ctrl Pts',(24.0943389571473,13.2353186701051,-30.));
#7925=CARTESIAN_POINT('Ctrl Pts',(23.5465159789568,13.3073769670109,-30.));
#7926=CARTESIAN_POINT('Ctrl Pts',(23.2702071760361,13.3254677460372,-30.));
#7927=CARTESIAN_POINT('Ctrl Pts',(22.9939262461458,13.3254670748002,-30.));
#7928=CARTESIAN_POINT('Ctrl Pts',(22.9939262461458,0.500000000000001,-30.));
#7929=CARTESIAN_POINT('Ctrl Pts',(23.2778242921952,0.500000000000001,-30.));
#7930=CARTESIAN_POINT('Ctrl Pts',(23.5617216176972,0.518586855539452,-30.));
#7931=CARTESIAN_POINT('Ctrl Pts',(24.1246555238934,0.592632919229289,-30.));
#7932=CARTESIAN_POINT('Ctrl Pts',(24.4036894974804,0.648090114570027,-30.));
#7933=CARTESIAN_POINT('Ctrl Pts',(24.8150351447543,0.758204823604539,-30.));
#7934=CARTESIAN_POINT('Ctrl Pts',(24.9509504847791,0.799397835432517,-30.));
#7935=CARTESIAN_POINT('Ctrl Pts',(25.3541796004132,0.936166254129732,-30.));
#7936=CARTESIAN_POINT('Ctrl Pts',(25.6170153860431,1.04494050510571,-30.));
#7937=CARTESIAN_POINT('Ctrl Pts',(25.9989479958148,1.23311478606317,-30.));
#7938=CARTESIAN_POINT('Ctrl Pts',(26.1242053703493,1.30000788817392,-30.));
#7939=CARTESIAN_POINT('Ctrl Pts',(26.4929673644835,1.51273923689845,-30.));
#7940=CARTESIAN_POINT('Ctrl Pts',(26.7295065815374,1.67065009573132,-30.));
#7941=CARTESIAN_POINT('Ctrl Pts',(27.0673481361616,1.92964811373428,-30.));
#7942=CARTESIAN_POINT('Ctrl Pts',(27.177133341309,2.01966802914602,-30.));
#7943=CARTESIAN_POINT('Ctrl Pts',(27.4972591843117,2.30018032045108,-30.));
#7944=CARTESIAN_POINT('Ctrl Pts',(27.6984124895686,2.5011559313796,-30.));
#7945=CARTESIAN_POINT('Ctrl Pts',(27.9791804998851,2.82101829184348,-30.));
#7946=CARTESIAN_POINT('Ctrl Pts',(28.0692754874007,2.93070374043798,-30.));
#7947=CARTESIAN_POINT('Ctrl Pts',(28.3284680563732,3.268213078694,-30.));
#7948=CARTESIAN_POINT('Ctrl Pts',(28.486508033674,3.5045276762443,-30.));
#7949=CARTESIAN_POINT('Ctrl Pts',(28.6994164829353,3.87295695865701,-30.));
#7950=CARTESIAN_POINT('Ctrl Pts',(28.7663607603982,3.99809181347588,-30.));
#7951=CARTESIAN_POINT('Ctrl Pts',(28.9546659429895,4.37962769267611,-30.0000000000001));
#7952=CARTESIAN_POINT('Ctrl Pts',(29.0635226595019,4.64219889262731,-30.0000000000001));
#7953=CARTESIAN_POINT('Ctrl Pts',(29.2003957290632,5.04503444975261,-30.0000000000001));
#7954=CARTESIAN_POINT('Ctrl Pts',(29.2416187083094,5.180810047225,-30.0000000000001));
#7955=CARTESIAN_POINT('Ctrl Pts',(29.3518055282921,5.59171351840169,-30.0000000000001));
#7956=CARTESIAN_POINT('Ctrl Pts',(29.4072991850916,5.87045251665149,-30.0000000000001));
#7957=CARTESIAN_POINT('Ctrl Pts',(29.4628831552437,6.29221501081279,-30.0000000000001));
#7958=CARTESIAN_POINT('Ctrl Pts',(29.4768022507649,6.43341487364761,-30.0000000000001));
#7959=CARTESIAN_POINT('Ctrl Pts',(29.5046390450111,6.85790109645748,-30.0000000000001));
#7960=CARTESIAN_POINT('Ctrl Pts',(29.5046390451542,7.14209889338896,-30.0000000000001));
#7961=CARTESIAN_POINT('Ctrl Pts',(29.4768022507407,7.56658512671601,-30.0000000000001));
#7962=CARTESIAN_POINT('Ctrl Pts',(29.462883155382,7.70778498801476,-30.0000000000001));
#7963=CARTESIAN_POINT('Ctrl Pts',(29.4072991816043,8.12954750088628,-30.0000000000001));
#7964=CARTESIAN_POINT('Ctrl Pts',(29.3518055229076,8.40828649918409,-30.));
#7965=CARTESIAN_POINT('Ctrl Pts',(29.2416187064291,8.81918995264307,-30.));
#7966=CARTESIAN_POINT('Ctrl Pts',(29.2003957269927,8.95496555090263,-30.));
#7967=CARTESIAN_POINT('Ctrl Pts',(29.0635226603218,9.35780110060335,-30.));
#7968=CARTESIAN_POINT('Ctrl Pts',(28.9546659462162,9.62037229518605,-30.));
#7969=CARTESIAN_POINT('Ctrl Pts',(28.7663607586109,10.001908185662,-30.));
#7970=CARTESIAN_POINT('Ctrl Pts',(28.6994164819439,10.1270430389029,-30.));
#7971=CARTESIAN_POINT('Ctrl Pts',(28.4865080212257,10.4954723384827,-30.));
#7972=CARTESIAN_POINT('Ctrl Pts',(28.3284680420139,10.7317869349104,-30.));
#7973=CARTESIAN_POINT('Ctrl Pts',(28.0692754821178,11.0692962589929,-30.));
#7974=CARTESIAN_POINT('Ctrl Pts',(27.9791804942828,11.1789817080147,-30.));
#7975=CARTESIAN_POINT('Ctrl Pts',(27.6984124875878,11.498844064257,-30.));
#7976=CARTESIAN_POINT('Ctrl Pts',(27.4972591892451,11.6998196677946,-30.));
#7977=CARTESIAN_POINT('Ctrl Pts',(27.1771333356841,11.980331968644,-30.));
#7978=CARTESIAN_POINT('Ctrl Pts',(27.0673481318622,12.0703518827638,-30.));
#7979=CARTESIAN_POINT('Ctrl Pts',(26.7295065580138,12.3293499132783,-30.));
#7980=CARTESIAN_POINT('Ctrl Pts',(26.4929673379366,12.4872607704356,-30.));
#7981=CARTESIAN_POINT('Ctrl Pts',(26.1242053547664,12.6999921106143,-30.));
#7982=CARTESIAN_POINT('Ctrl Pts',(25.9989479787188,12.7668852133664,-30.));
#7983=CARTESIAN_POINT('Ctrl Pts',(25.6170153762933,12.9550594900438,-30.));
#7984=CARTESIAN_POINT('Ctrl Pts',(25.3541795789213,13.0638337445283,-30.));
#7985=CARTESIAN_POINT('Ctrl Pts',(24.9509504485516,13.2006021672622,-30.));
#7986=CARTESIAN_POINT('Ctrl Pts',(24.8150351018976,13.2417951807654,-30.));
#7987=CARTESIAN_POINT('Ctrl Pts',(24.4036893947884,13.3519099029333,-30.));
#7988=CARTESIAN_POINT('Ctrl Pts',(24.1246555445289,13.4073670691003,-30.));
#7989=CARTESIAN_POINT('Ctrl Pts',(23.5617216160935,13.4814131419803,-30.));
#7990=CARTESIAN_POINT('Ctrl Pts',(23.2778242786988,13.5,-30.));
#7991=CARTESIAN_POINT('Ctrl Pts',(22.9939262461458,13.5,-30.));
#7992=CARTESIAN_POINT('Ctrl Pts',(22.9939262461458,13.5,-30.));
#7993=CARTESIAN_POINT('Ctrl Pts',(23.2778242786988,13.5,-30.));
#7994=CARTESIAN_POINT('Ctrl Pts',(23.5617216160935,13.4814131419803,-30.));
#7995=CARTESIAN_POINT('Ctrl Pts',(24.1246555445289,13.4073670691003,-30.));
#7996=CARTESIAN_POINT('Ctrl Pts',(24.4036893947884,13.3519099029333,-30.));
#7997=CARTESIAN_POINT('Ctrl Pts',(24.8150351018976,13.2417951807654,-30.));
#7998=CARTESIAN_POINT('Ctrl Pts',(24.9509504485516,13.2006021672622,-30.));
#7999=CARTESIAN_POINT('Ctrl Pts',(25.3541795789213,13.0638337445283,-30.));
#8000=CARTESIAN_POINT('Ctrl Pts',(25.6170153762933,12.9550594900438,-30.));
#8001=CARTESIAN_POINT('Ctrl Pts',(25.9989479787188,12.7668852133664,-30.));
#8002=CARTESIAN_POINT('Ctrl Pts',(26.1242053547664,12.6999921106143,-30.));
#8003=CARTESIAN_POINT('Ctrl Pts',(26.4929673379366,12.4872607704356,-30.));
#8004=CARTESIAN_POINT('Ctrl Pts',(26.7295065580138,12.3293499132783,-30.));
#8005=CARTESIAN_POINT('Ctrl Pts',(27.0673481318622,12.0703518827638,-30.));
#8006=CARTESIAN_POINT('Ctrl Pts',(27.1771333356841,11.980331968644,-30.));
#8007=CARTESIAN_POINT('Ctrl Pts',(27.4972591892451,11.6998196677946,-30.));
#8008=CARTESIAN_POINT('Ctrl Pts',(27.6984124875878,11.498844064257,-30.));
#8009=CARTESIAN_POINT('Ctrl Pts',(27.9791804942828,11.1789817080147,-30.));
#8010=CARTESIAN_POINT('Ctrl Pts',(28.0692754821178,11.0692962589929,-30.));
#8011=CARTESIAN_POINT('Ctrl Pts',(28.3284680420139,10.7317869349104,-30.));
#8012=CARTESIAN_POINT('Ctrl Pts',(28.4865080212257,10.4954723384827,-30.));
#8013=CARTESIAN_POINT('Ctrl Pts',(28.6994164819439,10.1270430389029,-30.));
#8014=CARTESIAN_POINT('Ctrl Pts',(28.7663607586109,10.001908185662,-30.));
#8015=CARTESIAN_POINT('Ctrl Pts',(28.9546659462162,9.62037229518605,-30.));
#8016=CARTESIAN_POINT('Ctrl Pts',(29.0635226603218,9.35780110060335,-30.));
#8017=CARTESIAN_POINT('Ctrl Pts',(29.2003957269927,8.95496555090263,-30.));
#8018=CARTESIAN_POINT('Ctrl Pts',(29.2416187064291,8.81918995264307,-30.));
#8019=CARTESIAN_POINT('Ctrl Pts',(29.3518055229076,8.40828649918409,-30.));
#8020=CARTESIAN_POINT('Ctrl Pts',(29.4072991816043,8.12954750088628,-30.0000000000001));
#8021=CARTESIAN_POINT('Ctrl Pts',(29.462883155382,7.70778498801476,-30.0000000000001));
#8022=CARTESIAN_POINT('Ctrl Pts',(29.4768022507407,7.56658512671601,-30.0000000000001));
#8023=CARTESIAN_POINT('Ctrl Pts',(29.5046390451542,7.14209889338896,-30.0000000000001));
#8024=CARTESIAN_POINT('Ctrl Pts',(29.5046390450111,6.85790109645748,-30.0000000000001));
#8025=CARTESIAN_POINT('Ctrl Pts',(29.4768022507649,6.43341487364761,-30.0000000000001));
#8026=CARTESIAN_POINT('Ctrl Pts',(29.4628831552437,6.29221501081279,-30.0000000000001));
#8027=CARTESIAN_POINT('Ctrl Pts',(29.4072991850916,5.87045251665149,-30.0000000000001));
#8028=CARTESIAN_POINT('Ctrl Pts',(29.3518055282921,5.59171351840169,-30.0000000000001));
#8029=CARTESIAN_POINT('Ctrl Pts',(29.2416187083094,5.180810047225,-30.0000000000001));
#8030=CARTESIAN_POINT('Ctrl Pts',(29.2003957290632,5.04503444975261,-30.0000000000001));
#8031=CARTESIAN_POINT('Ctrl Pts',(29.0635226595019,4.64219889262731,-30.0000000000001));
#8032=CARTESIAN_POINT('Ctrl Pts',(28.9546659429895,4.37962769267611,-30.0000000000001));
#8033=CARTESIAN_POINT('Ctrl Pts',(28.7663607603982,3.99809181347588,-30.));
#8034=CARTESIAN_POINT('Ctrl Pts',(28.6994164829353,3.87295695865701,-30.));
#8035=CARTESIAN_POINT('Ctrl Pts',(28.486508033674,3.5045276762443,-30.));
#8036=CARTESIAN_POINT('Ctrl Pts',(28.3284680563732,3.268213078694,-30.));
#8037=CARTESIAN_POINT('Ctrl Pts',(28.0692754874007,2.93070374043798,-30.));
#8038=CARTESIAN_POINT('Ctrl Pts',(27.9791804998851,2.82101829184348,-30.));
#8039=CARTESIAN_POINT('Ctrl Pts',(27.6984124895686,2.5011559313796,-30.));
#8040=CARTESIAN_POINT('Ctrl Pts',(27.4972591843117,2.30018032045108,-30.));
#8041=CARTESIAN_POINT('Ctrl Pts',(27.177133341309,2.01966802914602,-30.));
#8042=CARTESIAN_POINT('Ctrl Pts',(27.0673481361616,1.92964811373428,-30.));
#8043=CARTESIAN_POINT('Ctrl Pts',(26.7295065815374,1.67065009573132,-30.));
#8044=CARTESIAN_POINT('Ctrl Pts',(26.4929673644835,1.51273923689845,-30.));
#8045=CARTESIAN_POINT('Ctrl Pts',(26.1242053703493,1.30000788817392,-30.));
#8046=CARTESIAN_POINT('Ctrl Pts',(25.9989479958148,1.23311478606317,-30.));
#8047=CARTESIAN_POINT('Ctrl Pts',(25.6170153860431,1.04494050510571,-30.));
#8048=CARTESIAN_POINT('Ctrl Pts',(25.3541796004132,0.936166254129732,-30.));
#8049=CARTESIAN_POINT('Ctrl Pts',(24.9509504847791,0.799397835432517,-30.));
#8050=CARTESIAN_POINT('Ctrl Pts',(24.8150351447543,0.758204823604539,-30.));
#8051=CARTESIAN_POINT('Ctrl Pts',(24.4036894974804,0.648090114570027,-30.));
#8052=CARTESIAN_POINT('Ctrl Pts',(24.1246555238934,0.592632919229289,-30.));
#8053=CARTESIAN_POINT('Ctrl Pts',(23.5617216176972,0.518586855539452,-30.));
#8054=CARTESIAN_POINT('Ctrl Pts',(23.2778242921952,0.500000000000001,-30.));
#8055=CARTESIAN_POINT('Ctrl Pts',(22.9939262461458,0.500000000000001,-30.));
#8056=CARTESIAN_POINT('Origin',(30.,0.,-30.));
#8057=CARTESIAN_POINT('',(30.,0.,-30.));
#8058=CARTESIAN_POINT('Origin',(1.1333426407674E-15,0.,-0.638015186830395));
#8059=CARTESIAN_POINT('',(0.,0.,0.));
#8060=CARTESIAN_POINT('Origin',(-5.15912002096352E-16,14.,-11.));
#8061=CARTESIAN_POINT('',(2.5,14.,-11.));
#8062=CARTESIAN_POINT('Origin',(-5.15912002096352E-16,14.,-11.));
#8063=CARTESIAN_POINT('',(2.5,9.,-11.));
#8064=CARTESIAN_POINT('',(2.5,14.,-11.));
#8065=CARTESIAN_POINT('Origin',(-5.15912002096352E-16,9.,-11.));
#8066=CARTESIAN_POINT('Origin',(-6.91890057127796E-16,9.,-11.));
#8067=CARTESIAN_POINT('Origin',(0.,10.4329223007647,28.));
#8068=CARTESIAN_POINT('',(21.,13.9846733762402,28.));
#8069=CARTESIAN_POINT('',(21.,6.88415899963003,28.));
#8070=CARTESIAN_POINT('',(21.,12.2164611503824,28.));
#8071=CARTESIAN_POINT('',(20.5366037904289,14.,28.));
#8072=CARTESIAN_POINT('Origin',(20.5366037904289,7.,28.));
#8073=CARTESIAN_POINT('',(-20.5366037904288,14.,28.));
#8074=CARTESIAN_POINT('',(0.,14.,28.));
#8075=CARTESIAN_POINT('',(-21.,13.9846733762402,28.));
#8076=CARTESIAN_POINT('Origin',(-20.5366037904288,7.,28.));
#8077=CARTESIAN_POINT('',(-21.,6.95955223445441,28.));
#8078=CARTESIAN_POINT('',(-21.,12.2164611503824,28.));
#8079=CARTESIAN_POINT('',(14.9962258260095,6.89493623668079,28.));
#8080=CARTESIAN_POINT('Origin',(-22.3683324974498,7.,-14.4961060028868));
#8081=CARTESIAN_POINT('',(-22.9503968938771,14.,-28.));
#8082=CARTESIAN_POINT('',(-22.3683324974498,14.,-14.4961060028868));
#8083=CARTESIAN_POINT('',(-26.8761945101651,12.7972872798408,-27.975864804462));
#8084=CARTESIAN_POINT('Origin',(-22.9503968938771,7.,-28.));
#8085=CARTESIAN_POINT('',(-29.689835266465,8.13561363408343,-23.9575070037089));
#8086=CARTESIAN_POINT('Ctrl Pts',(-29.689835266465,8.13561363408343,-23.9575070037089));
#8087=CARTESIAN_POINT('Ctrl Pts',(-29.7043460642084,8.13564402490973,-24.2942735379949));
#8088=CARTESIAN_POINT('Ctrl Pts',(-29.7238008628371,8.28139353465378,-25.3058428747701));
#8089=CARTESIAN_POINT('Ctrl Pts',(-29.621537472548,9.07579444725051,-26.5258997051046));
#8090=CARTESIAN_POINT('Ctrl Pts',(-29.1554400558607,10.2552670966959,-27.3579257952115));
#8091=CARTESIAN_POINT('Ctrl Pts',(-28.6805229668488,11.0400291476098,-27.6877497240131));
#8092=CARTESIAN_POINT('Ctrl Pts',(-27.9611479711741,11.9391402085957,-27.9290144946682));
#8093=CARTESIAN_POINT('Ctrl Pts',(-27.3647433700339,12.4668910380685,-27.9728612817603));
#8094=CARTESIAN_POINT('Ctrl Pts',(-26.8761945101651,12.7972872798408,-27.975864804462));
#8095=CARTESIAN_POINT('',(-27.8388553951159,8.13173709048667,19.0000000039269));
#8096=CARTESIAN_POINT('Ctrl Pts',(-27.8388550089633,8.131737027017,18.9999999701048));
#8097=CARTESIAN_POINT('Ctrl Pts',(-28.4558484173402,8.13302923955252,4.68083096943204));
#8098=CARTESIAN_POINT('Ctrl Pts',(-29.0728417740163,8.1343214432671,-9.63833803341638));
#8099=CARTESIAN_POINT('Ctrl Pts',(-29.6898350766016,8.13561363870708,-23.9575069850767));
#8100=CARTESIAN_POINT('',(-21.,13.9995939574018,19.));
#8101=CARTESIAN_POINT('Origin',(-20.9245348249116,7.,19.));
#8102=CARTESIAN_POINT('Origin',(-21.,7.,17.2492079379494));
#8103=CARTESIAN_POINT('Origin',(0.,14.,-0.627413083139881));
#8104=CARTESIAN_POINT('',(22.9503968938771,14.,-28.));
#8105=CARTESIAN_POINT('',(21.1183324974498,14.,14.5038939971132));
#8106=CARTESIAN_POINT('',(15.,14.,-28.));
#8107=CARTESIAN_POINT('Origin',(21.1183324974498,7.,14.5038939971132));
#8108=CARTESIAN_POINT('',(21.,13.9995939574018,19.));
#8109=CARTESIAN_POINT('Origin',(21.,7.,17.2492079379492));
#8110=CARTESIAN_POINT('',(27.8563653127115,8.01923180777884,19.0000000080123));
#8111=CARTESIAN_POINT('Origin',(20.9245348249116,7.,19.));
#8112=CARTESIAN_POINT('',(29.7085473109981,8.01535299841259,-23.957391957035));
#8113=CARTESIAN_POINT('Ctrl Pts',(29.7085471260846,8.01535297144953,-23.9573919383189));
#8114=CARTESIAN_POINT('Ctrl Pts',(29.0911531129372,8.01664590554342,-9.63826133408023));
#8115=CARTESIAN_POINT('Ctrl Pts',(28.4737590458516,8.01793883181312,4.68086932120663));
#8116=CARTESIAN_POINT('Ctrl Pts',(27.856364927044,8.01923175080445,18.9999999742641));
#8117=CARTESIAN_POINT('',(27.0348411456972,12.686776431606,-27.9748894695252));
#8118=CARTESIAN_POINT('Ctrl Pts',(27.0348411456972,12.686776431606,-27.9748894695252));
#8119=CARTESIAN_POINT('Ctrl Pts',(27.351834452165,12.4594023701733,-27.9729406437874));
#8120=CARTESIAN_POINT('Ctrl Pts',(28.2488933410865,11.7049830210003,-27.9296810819247));
#8121=CARTESIAN_POINT('Ctrl Pts',(29.3398752459596,10.0768886906643,-27.4632261886709));
#8122=CARTESIAN_POINT('Ctrl Pts',(29.6732267141981,8.75549625094303,-26.2790188698716));
#8123=CARTESIAN_POINT('Ctrl Pts',(29.7391787981934,8.14221820352819,-25.0436488379957));
#8124=CARTESIAN_POINT('Ctrl Pts',(29.7265553158475,8.01531525365757,-24.3750491751698));
#8125=CARTESIAN_POINT('Ctrl Pts',(29.7085473156632,8.01535296656005,-23.957391956831));
#8126=CARTESIAN_POINT('Origin',(22.9503968938771,7.,-28.));
#8127=CARTESIAN_POINT('Origin',(-21.,10.4706319876218,24.));
#8128=CARTESIAN_POINT('',(-21.,10.4706319876218,25.5));
#8129=CARTESIAN_POINT('Origin',(-21.,10.4706319876218,24.));
#8130=CARTESIAN_POINT('',(21.,10.4706319876218,25.5));
#8131=CARTESIAN_POINT('',(-21.,10.4706319876218,25.5));
#8132=CARTESIAN_POINT('Origin',(21.,10.4706319876218,24.));
#8133=CARTESIAN_POINT('Origin',(-21.,14.,19.));
#8134=CARTESIAN_POINT('',(-21.,6.95955223445441,19.));
#8135=CARTESIAN_POINT('',(-21.,14.,19.));
#8136=CARTESIAN_POINT('',(-21.,6.95955223445441,-4.99999999999999));
#8137=CARTESIAN_POINT('Origin',(-31.,14.,19.));
#8138=CARTESIAN_POINT('',(-26.8528905400825,6.97005862376131,19.));
#8139=CARTESIAN_POINT('Ctrl Pts',(-26.852890540084,6.97005862376131,19.));
#8140=CARTESIAN_POINT('Ctrl Pts',(-26.8969901073629,6.97013778588111,19.));
#8141=CARTESIAN_POINT('Ctrl Pts',(-26.9409544069609,6.97319139812089,18.9999988090364));
#8142=CARTESIAN_POINT('Ctrl Pts',(-26.9845188411469,6.97910551222929,18.999997299363));
#8143=CARTESIAN_POINT('Ctrl Pts',(-27.0285337277344,6.98508077775518,18.9999957740798));
#8144=CARTESIAN_POINT('Ctrl Pts',(-27.072141531112,6.9939762169729,18.9999939706238));
#8145=CARTESIAN_POINT('Ctrl Pts',(-27.1150628017302,7.00572618959446,18.9999925099715));
#8146=CARTESIAN_POINT('Ctrl Pts',(-27.1204297734885,7.00719543247364,18.9999923273283));
#8147=CARTESIAN_POINT('Ctrl Pts',(-27.125785989968,7.00870937110423,18.999992149147));
#8148=CARTESIAN_POINT('Ctrl Pts',(-27.1311308841998,7.01026793095241,18.9999919757575));
#8149=CARTESIAN_POINT('Ctrl Pts',(-27.1738550341532,7.02272620267442,18.9999905897773));
#8150=CARTESIAN_POINT('Ctrl Pts',(-27.2156577544385,7.0379733822427,18.9999896207558));
#8151=CARTESIAN_POINT('Ctrl Pts',(-27.2562663814736,7.05592132060676,18.9999889789077));
#8152=CARTESIAN_POINT('Ctrl Pts',(-27.2804861188453,7.06662580350309,18.9999885960976));
#8153=CARTESIAN_POINT('Ctrl Pts',(-27.3042809390244,7.07829197336963,18.9999883228392));
#8154=CARTESIAN_POINT('Ctrl Pts',(-27.3275898168157,7.09090938137627,18.9999880037696));
#8155=CARTESIAN_POINT('Ctrl Pts',(-27.3478783445017,7.10189183338276,18.9999877260449));
#8156=CARTESIAN_POINT('Ctrl Pts',(-27.3677986912927,7.11359509952644,18.9999874129596));
#8157=CARTESIAN_POINT('Ctrl Pts',(-27.3873166922474,7.12599273750132,18.9999872224793));
#8158=CARTESIAN_POINT('Ctrl Pts',(-27.4247996191541,7.14980151582378,18.9999868566756));
#8159=CARTESIAN_POINT('Ctrl Pts',(-27.4605923094446,7.17603621997776,18.9999870940384));
#8160=CARTESIAN_POINT('Ctrl Pts',(-27.4944856863637,7.20446142880194,18.9999881028076));
#8161=CARTESIAN_POINT('Ctrl Pts',(-27.5283109909999,7.23282954774512,18.9999891095508));
#8162=CARTESIAN_POINT('Ctrl Pts',(-27.5602454781831,7.26338017295175,18.9999909223415));
#8163=CARTESIAN_POINT('Ctrl Pts',(-27.5900522696636,7.29592119513827,18.9999924594871));
#8164=CARTESIAN_POINT('Ctrl Pts',(-27.6179902892735,7.3264220196423,18.9999939002597));
#8165=CARTESIAN_POINT('Ctrl Pts',(-27.6440593959992,7.35867235580811,18.999995114));
#8166=CARTESIAN_POINT('Ctrl Pts',(-27.6680308889046,7.39253845155355,18.9999937622218));
#8167=CARTESIAN_POINT('Ctrl Pts',(-27.6749928992391,7.40237413886347,18.9999933696266));
#8168=CARTESIAN_POINT('Ctrl Pts',(-27.6817655519955,7.41232903492124,18.9999927584965));
#8169=CARTESIAN_POINT('Ctrl Pts',(-27.6883445918818,7.42239885125208,18.9999918497814));
#8170=CARTESIAN_POINT('Ctrl Pts',(-27.712390664884,7.45920354354636,18.9999885284715));
#8171=CARTESIAN_POINT('Ctrl Pts',(-27.7338536589292,7.49754089004865,18.9999813751976));
#8172=CARTESIAN_POINT('Ctrl Pts',(-27.7527151498915,7.53711256223497,18.9999746823123));
#8173=CARTESIAN_POINT('Ctrl Pts',(-27.7718710936052,7.57730200041749,18.9999678849422));
#8174=CARTESIAN_POINT('Ctrl Pts',(-27.7883440550136,7.618765666226,18.9999615789293));
#8175=CARTESIAN_POINT('Ctrl Pts',(-27.8020676118962,7.66121577193399,18.9999582322135));
#8176=CARTESIAN_POINT('Ctrl Pts',(-27.8110208218466,7.6889101016236,18.9999560488254));
#8177=CARTESIAN_POINT('Ctrl Pts',(-27.8188028522467,7.71702475227797,18.9999550831215));
#8178=CARTESIAN_POINT('Ctrl Pts',(-27.8253835015914,7.74548201290925,18.9999555139064));
#8179=CARTESIAN_POINT('Ctrl Pts',(-27.8354675296075,7.78908923135211,18.9999561740308));
#8180=CARTESIAN_POINT('Ctrl Pts',(-27.8426670480903,7.83321551886209,18.9999602450162));
#8181=CARTESIAN_POINT('Ctrl Pts',(-27.8469430795388,7.87756621894181,18.9999664701145));
#8182=CARTESIAN_POINT('Ctrl Pts',(-27.8511519183868,7.92122000205347,18.999972597393));
#8183=CARTESIAN_POINT('Ctrl Pts',(-27.8525285386328,7.96509231403255,18.9999808165416));
#8184=CARTESIAN_POINT('Ctrl Pts',(-27.8509874144912,8.00891125265113,18.9999878460934));
#8185=CARTESIAN_POINT('Ctrl Pts',(-27.8495431688896,8.04997563394133,18.9999944337518));
#8186=CARTESIAN_POINT('Ctrl Pts',(-27.845536236161,8.09099393025021,18.9999999661871));
#8187=CARTESIAN_POINT('Ctrl Pts',(-27.8388550091329,8.13173702701736,18.9999999661707));
#8188=CARTESIAN_POINT('',(-0.506925807764232,6.92276558791039,19.));
#8189=CARTESIAN_POINT('Origin',(21.,14.,29.));
#8190=CARTESIAN_POINT('',(21.,6.88415899963003,19.));
#8191=CARTESIAN_POINT('',(21.,6.88415899963003,2.22077131871571E-15));
#8192=CARTESIAN_POINT('',(21.,14.,19.));
#8193=CARTESIAN_POINT('Origin',(21.,14.,19.));
#8194=CARTESIAN_POINT('',(26.8643078684557,6.87363211533934,19.));
#8195=CARTESIAN_POINT('Ctrl Pts',(27.8563649273901,8.01923175080373,18.9999999662369));
#8196=CARTESIAN_POINT('Ctrl Pts',(27.8630531466056,7.97382929307012,18.9999999662189));
#8197=CARTESIAN_POINT('Ctrl Pts',(27.8664417996927,7.92809586861771,18.9999932718093));
#8198=CARTESIAN_POINT('Ctrl Pts',(27.8666663941048,7.8823424457314,18.9999858405829));
#8199=CARTESIAN_POINT('Ctrl Pts',(27.8668909885169,7.83658902284509,18.9999784093565));
#8200=CARTESIAN_POINT('Ctrl Pts',(27.863951195316,7.79081429116653,18.9999702272326));
#8201=CARTESIAN_POINT('Ctrl Pts',(27.8579227561015,7.74532883529425,18.9999646750209));
#8202=CARTESIAN_POINT('Ctrl Pts',(27.8518939552046,7.69984065047489,18.9999591224762));
#8203=CARTESIAN_POINT('Ctrl Pts',(27.8428048926466,7.65485812995955,18.9999562324625));
#8204=CARTESIAN_POINT('Ctrl Pts',(27.8307609686856,7.61068801681942,18.9999568349));
#8205=CARTESIAN_POINT('Ctrl Pts',(27.8187170447247,7.56651790367929,18.9999574373375));
#8206=CARTESIAN_POINT('Ctrl Pts',(27.8037179297339,7.52315888738547,18.9999615181159));
#8207=CARTESIAN_POINT('Ctrl Pts',(27.785813150857,7.48093289318878,18.9999674970202));
#8208=CARTESIAN_POINT('Ctrl Pts',(27.7683691603284,7.43979360585663,18.9999733220546));
#8209=CARTESIAN_POINT('Ctrl Pts',(27.7482640079271,7.39995928495187,18.9999808622519));
#8210=CARTESIAN_POINT('Ctrl Pts',(27.725584681482,7.36170804498564,18.9999865562475));
#8211=CARTESIAN_POINT('Ctrl Pts',(27.7165850441219,7.34652914233607,18.9999888157456));
#8212=CARTESIAN_POINT('Ctrl Pts',(27.7071795065974,7.33159967869579,18.9999907606927));
#8213=CARTESIAN_POINT('Ctrl Pts',(27.6973713890927,7.31693788682224,18.9999920772827));
#8214=CARTESIAN_POINT('Ctrl Pts',(27.6727282015784,7.28009969781609,18.9999953852544));
#8215=CARTESIAN_POINT('Ctrl Pts',(27.645546355386,7.24494878654325,18.9999948453156));
#8216=CARTESIAN_POINT('Ctrl Pts',(27.6160659176764,7.21168025872153,18.9999935673866));
#8217=CARTESIAN_POINT('Ctrl Pts',(27.600713210962,7.19435480529713,18.9999929018717));
#8218=CARTESIAN_POINT('Ctrl Pts',(27.5847364391268,7.17754042226055,18.9999920073065));
#8219=CARTESIAN_POINT('Ctrl Pts',(27.5681658502289,7.16126889687628,18.9999911648612));
#8220=CARTESIAN_POINT('Ctrl Pts',(27.536508668669,7.13018305940115,18.9999895554166));
#8221=CARTESIAN_POINT('Ctrl Pts',(27.5028903020141,7.10127648925416,18.9999881387395));
#8222=CARTESIAN_POINT('Ctrl Pts',(27.4675722657835,7.07471729765037,18.9999876531759));
#8223=CARTESIAN_POINT('Ctrl Pts',(27.4321345792737,7.04806812894054,18.9999871659674));
#8224=CARTESIAN_POINT('Ctrl Pts',(27.3949847825999,7.02378149696625,18.9999875772409));
#8225=CARTESIAN_POINT('Ctrl Pts',(27.3563521096642,7.00206510315987,18.9999881231416));
#8226=CARTESIAN_POINT('Ctrl Pts',(27.3496950046574,6.99832297757155,18.9999882172101));
#8227=CARTESIAN_POINT('Ctrl Pts',(27.3429938032488,6.99465727844998,18.9999883124816));
#8228=CARTESIAN_POINT('Ctrl Pts',(27.3362496044411,6.99106920815054,18.9999884018496));
#8229=CARTESIAN_POINT('Ctrl Pts',(27.3064782968719,6.97523018152779,18.999988796352));
#8230=CARTESIAN_POINT('Ctrl Pts',(27.2758694508438,6.96090254939371,18.9999890902656));
#8231=CARTESIAN_POINT('Ctrl Pts',(27.2445400036422,6.94812862792026,18.9999896428073));
#8232=CARTESIAN_POINT('Ctrl Pts',(27.2033898435806,6.93135051786088,18.9999903685519));
#8233=CARTESIAN_POINT('Ctrl Pts',(27.1612618026636,6.91735891309191,18.9999914418631));
#8234=CARTESIAN_POINT('Ctrl Pts',(27.1184456828676,6.90618682852376,18.9999929104307));
#8235=CARTESIAN_POINT('Ctrl Pts',(27.0757328744796,6.89504170118091,18.9999943754547));
#8236=CARTESIAN_POINT('Ctrl Pts',(27.032334218972,6.88670225171143,18.9999961870793));
#8237=CARTESIAN_POINT('Ctrl Pts',(26.9885199730912,6.88124920568209,18.9999976364776));
#8238=CARTESIAN_POINT('Ctrl Pts',(26.947408733361,6.87613257117052,18.999998996459));
#8239=CARTESIAN_POINT('Ctrl Pts',(26.9059307290239,6.87355739909884,19.));
#8240=CARTESIAN_POINT('Ctrl Pts',(26.8643078684571,6.87363211533934,19.));
#8241=CARTESIAN_POINT('',(25.4929904126666,6.87609373579084,19.));
#8242=CARTESIAN_POINT('Origin',(29.9987542668283,6.86800554264036,-29.));
#8243=CARTESIAN_POINT('',(-28.7057928266375,6.97338472607552,-24.));
#8244=CARTESIAN_POINT('Ctrl Pts',(-28.7057926387426,6.97338472573823,-24.0000000080966));
#8245=CARTESIAN_POINT('Ctrl Pts',(-28.088158607394,6.97227602508202,-9.66666670774788));
#8246=CARTESIAN_POINT('Ctrl Pts',(-27.470524573739,6.97116732442167,4.6666666461261));
#8247=CARTESIAN_POINT('Ctrl Pts',(-26.852890540084,6.97005862376131,19.0000000000001));
#8248=CARTESIAN_POINT('',(28.718245640083,6.87030415424967,-24.));
#8249=CARTESIAN_POINT('',(30.0055414110041,6.86799335919382,-24.));
#8250=CARTESIAN_POINT('Ctrl Pts',(26.8643078684571,6.87363211533934,19.0000000000001));
#8251=CARTESIAN_POINT('Ctrl Pts',(27.4822871264314,6.87252279497474,4.66666664890869));
#8252=CARTESIAN_POINT('Ctrl Pts',(28.1002663844056,6.87141347461014,-9.66666670218268));
#8253=CARTESIAN_POINT('Ctrl Pts',(28.718245640083,6.87030415424967,-24.));
#8254=CARTESIAN_POINT('Ctrl Pts',(26.8643078684571,6.87363211533934,19.0000000000001));
#8255=CARTESIAN_POINT('Ctrl Pts',(27.4822871264314,6.87252279497474,4.66666664890869));
#8256=CARTESIAN_POINT('Ctrl Pts',(28.1002663844056,6.87141347461014,-9.66666670218268));
#8257=CARTESIAN_POINT('Ctrl Pts',(28.7182456423799,6.87030415424555,-24.0000000532741));
#8258=CARTESIAN_POINT('Ctrl Pts',(27.027842753744,6.87333855762485,19.0070508018085));
#8259=CARTESIAN_POINT('Ctrl Pts',(27.6458041985374,6.87222935096973,4.67371668269599));
#8260=CARTESIAN_POINT('Ctrl Pts',(28.2637657404028,6.87111989899413,-9.65961743221227));
#8261=CARTESIAN_POINT('Ctrl Pts',(28.8817271852207,6.87001069228486,-23.9929515513237));
#8262=CARTESIAN_POINT('Ctrl Pts',(27.3542964236758,6.95497035287795,19.0211194790627));
#8263=CARTESIAN_POINT('Ctrl Pts',(27.9722224663137,6.95384294383033,4.68778383500103));
#8264=CARTESIAN_POINT('Ctrl Pts',(28.5901491227814,6.95271552064509,-9.6455517825944));
#8265=CARTESIAN_POINT('Ctrl Pts',(29.2080751652836,6.95158811795694,-23.9788874266624));
#8266=CARTESIAN_POINT('Ctrl Pts',(27.7931327067348,7.35052923465272,19.040009217578));
#8267=CARTESIAN_POINT('Ctrl Pts',(28.4110396947982,7.34932111021121,4.70667275822845));
#8268=CARTESIAN_POINT('Ctrl Pts',(29.0289464834817,7.34811284552847,-9.62666370970646));
#8269=CARTESIAN_POINT('Ctrl Pts',(29.6468534441972,7.34690474687484,-23.9600001702371));
#8270=CARTESIAN_POINT('Ctrl Pts',(27.8902444758134,7.77632165641221,19.0441632212094));
#8271=CARTESIAN_POINT('Ctrl Pts',(28.5082009280176,7.77504701415371,4.71082889964612));
#8272=CARTESIAN_POINT('Ctrl Pts',(29.1261596035624,7.77377289413448,-9.6225053260987));
#8273=CARTESIAN_POINT('Ctrl Pts',(29.74411597876,7.77249826713099,-23.9558396509833));
#8274=CARTESIAN_POINT('Ctrl Pts',(27.8545279587209,8.01923559770086,19.0426045093896));
#8275=CARTESIAN_POINT('Ctrl Pts',(28.4725344004055,8.01794139642517,4.70927234462808));
#8276=CARTESIAN_POINT('Ctrl Pts',(29.0905407902654,8.01664718785721,-9.6240598223673));
#8277=CARTESIAN_POINT('Ctrl Pts',(29.7085471283816,8.01535297144471,-23.957391991593));
#8278=CARTESIAN_POINT('Origin',(28.7200407142105,7.87030254310281,-24.));
#8279=CARTESIAN_POINT('Ctrl Pts',(27.0348411456972,12.686776431606,-27.9748894695252));
#8280=CARTESIAN_POINT('Ctrl Pts',(27.351834452165,12.4594023701733,-27.9729406437874));
#8281=CARTESIAN_POINT('Ctrl Pts',(28.2488933410865,11.7049830210003,-27.9296810819247));
#8282=CARTESIAN_POINT('Ctrl Pts',(29.3398752459596,10.0768886906643,-27.4632261886709));
#8283=CARTESIAN_POINT('Ctrl Pts',(29.6732267141981,8.75549625094303,-26.2790188698716));
#8284=CARTESIAN_POINT('Ctrl Pts',(29.7391787981934,8.14221820352819,-25.0436488379957));
#8285=CARTESIAN_POINT('Ctrl Pts',(29.7265553158475,8.01531525365757,-24.3750491751698));
#8286=CARTESIAN_POINT('Ctrl Pts',(29.7085473155935,8.0153529665602,-23.9573919552144));
#8287=CARTESIAN_POINT('Ctrl Pts',(27.0370652527278,12.6898779897371,-28.1268329243975));
#8288=CARTESIAN_POINT('Ctrl Pts',(27.3579709909476,12.4602044365029,-28.1288329741513));
#8289=CARTESIAN_POINT('Ctrl Pts',(28.2704125572042,11.6963721155996,-28.0980664352604));
#8290=CARTESIAN_POINT('Ctrl Pts',(29.3950573188187,9.99851724560868,-27.6279186684478));
#8291=CARTESIAN_POINT('Ctrl Pts',(29.7149977842957,8.61422254807629,-26.3790749867126));
#8292=CARTESIAN_POINT('Ctrl Pts',(29.7674900374092,7.98334487410455,-25.0879282184678));
#8293=CARTESIAN_POINT('Ctrl Pts',(29.7510747628241,7.85298686100418,-24.3912610571586));
#8294=CARTESIAN_POINT('Ctrl Pts',(29.7322598817144,7.85344983068504,-23.9563570617556));
#8295=CARTESIAN_POINT('Ctrl Pts',(27.0003087628189,12.6386203890114,-28.4319416270713));
#8296=CARTESIAN_POINT('Ctrl Pts',(27.3236131064765,12.4035937509339,-28.4420262628072));
#8297=CARTESIAN_POINT('Ctrl Pts',(28.2491586375351,11.6195695869902,-28.4368354875609));
#8298=CARTESIAN_POINT('Ctrl Pts',(29.4131118950917,9.79772743091983,-27.9603583933745));
#8299=CARTESIAN_POINT('Ctrl Pts',(29.7089564040781,8.30990295899264,-26.5825704267637));
#8300=CARTESIAN_POINT('Ctrl Pts',(29.7403987350739,7.65246784587418,-25.1798759679477));
#8301=CARTESIAN_POINT('Ctrl Pts',(29.7183387279785,7.5171146695704,-24.4271492604184));
#8302=CARTESIAN_POINT('Ctrl Pts',(29.6983514163011,7.51848581983042,-23.9577930934875));
#8303=CARTESIAN_POINT('Ctrl Pts',(26.8057102814811,12.367249230259,-28.8644749114464));
#8304=CARTESIAN_POINT('Ctrl Pts',(27.1143196975425,12.1231087352088,-28.8811234147526));
#8305=CARTESIAN_POINT('Ctrl Pts',(27.998944500766,11.3077363098907,-28.8942852392851));
#8306=CARTESIAN_POINT('Ctrl Pts',(29.1167258548915,9.39015259587774,-28.3912070752688));
#8307=CARTESIAN_POINT('Ctrl Pts',(29.3908571732604,7.83842384688098,-26.8614128962834));
#8308=CARTESIAN_POINT('Ctrl Pts',(29.4139286672245,7.16346813934084,-25.3150926798336));
#8309=CARTESIAN_POINT('Ctrl Pts',(29.3904626912441,7.02509146361838,-24.4874728267442));
#8310=CARTESIAN_POINT('Ctrl Pts',(29.3703410714505,7.02719671351581,-23.9718971714092));
#8311=CARTESIAN_POINT('Ctrl Pts',(26.5851358616823,12.0596541479111,-29.));
#8312=CARTESIAN_POINT('Ctrl Pts',(26.8707691317244,11.8134497543907,-29.0091510596743));
#8313=CARTESIAN_POINT('Ctrl Pts',(27.6831239029872,10.9942128841284,-28.9939113605932));
#8314=CARTESIAN_POINT('Ctrl Pts',(28.6855325060912,9.15515452503402,-28.4486223302445));
#8315=CARTESIAN_POINT('Ctrl Pts',(28.9617210140454,7.67195380438674,-26.9246547418945));
#8316=CARTESIAN_POINT('Ctrl Pts',(29.0005259075745,7.00547393325196,-25.3581713860772));
#8317=CARTESIAN_POINT('Ctrl Pts',(28.9822842086457,6.86870769588579,-24.5154414309165));
#8318=CARTESIAN_POINT('Ctrl Pts',(28.9634681416483,6.86986396099809,-23.9894272414839));
#8319=CARTESIAN_POINT('Ctrl Pts',(26.4522768386813,11.8743797985194,-29.));
#8320=CARTESIAN_POINT('Ctrl Pts',(26.7239701456927,11.63088685606,-29.));
#8321=CARTESIAN_POINT('Ctrl Pts',(27.4925599596386,10.8229259797556,-28.9528317707769));
#8322=CARTESIAN_POINT('Ctrl Pts',(28.4244838918313,9.07895881960618,-28.3782993861175));
#8323=CARTESIAN_POINT('Ctrl Pts',(28.7025155799048,7.663307117701,-26.9009934553024));
#8324=CARTESIAN_POINT('Ctrl Pts',(28.7512346953914,7.00624588835218,-25.3576967077831));
#8325=CARTESIAN_POINT('Ctrl Pts',(28.7362530389428,6.8702718283141,-24.5220715553188));
#8326=CARTESIAN_POINT('Ctrl Pts',(28.718245827777,6.87030415391274,-23.999999987859));
#8327=CARTESIAN_POINT('',(26.4522768386813,11.8743797985195,-29.));
#8328=CARTESIAN_POINT('Ctrl Pts',(28.7182458279723,6.87030415391239,-23.9999999935193));
#8329=CARTESIAN_POINT('Ctrl Pts',(28.7362530389428,6.8702718283141,-24.5220715553188));
#8330=CARTESIAN_POINT('Ctrl Pts',(28.7512346953914,7.00624588835218,-25.3576967077831));
#8331=CARTESIAN_POINT('Ctrl Pts',(28.7025155799048,7.663307117701,-26.9009934553024));
#8332=CARTESIAN_POINT('Ctrl Pts',(28.4244838918313,9.07895881960618,-28.3782993861175));
#8333=CARTESIAN_POINT('Ctrl Pts',(27.4925599596386,10.8229259797556,-28.9528317707769));
#8334=CARTESIAN_POINT('Ctrl Pts',(26.7239701456927,11.63088685606,-29.));
#8335=CARTESIAN_POINT('Ctrl Pts',(26.4522768386813,11.8743797985194,-29.));
#8336=CARTESIAN_POINT('Origin',(26.4522768386813,11.8743797985194,-28.));
#8337=CARTESIAN_POINT('Ctrl Pts',(26.4522768386813,11.8743797985194,-29.));
#8338=CARTESIAN_POINT('Ctrl Pts',(25.4398294389738,12.6003992005937,-29.));
#8339=CARTESIAN_POINT('Ctrl Pts',(24.1966445498539,13.,-29.));
#8340=CARTESIAN_POINT('Ctrl Pts',(22.9503968938771,13.,-29.));
#8341=CARTESIAN_POINT('Ctrl Pts',(26.6294222026827,12.121412264375,-29.));
#8342=CARTESIAN_POINT('Ctrl Pts',(25.5646657313702,12.8832006945755,-28.9999404419028));
#8343=CARTESIAN_POINT('Ctrl Pts',(24.2589441395619,13.3009383501496,-29.0000701419118));
#8344=CARTESIAN_POINT('Ctrl Pts',(22.9503968938771,13.2991993003419,-29.));
#8345=CARTESIAN_POINT('Ctrl Pts',(26.9358262031071,12.5486982743679,-28.7401763173989));
#8346=CARTESIAN_POINT('Ctrl Pts',(25.7814381375834,13.3720063169608,-28.7427026755032));
#8347=CARTESIAN_POINT('Ctrl Pts',(24.3659564949733,13.8215966335667,-28.7457295497602));
#8348=CARTESIAN_POINT('Ctrl Pts',(22.9503968938771,13.8170893112627,-28.7487786272394));
#8349=CARTESIAN_POINT('Ctrl Pts',(27.0381773062431,12.6914287688026,-28.2028046518337));
#8350=CARTESIAN_POINT('Ctrl Pts',(25.855201230376,13.5378690762235,-28.2090851331884));
#8351=CARTESIAN_POINT('Ctrl Pts',(24.4041358065006,14.0020242476605,-28.2167214434465));
#8352=CARTESIAN_POINT('Ctrl Pts',(22.9503968938771,14.,-28.2243994752565));
#8353=CARTESIAN_POINT('Ctrl Pts',(27.0348411456972,12.686776431606,-27.9748894695252));
#8354=CARTESIAN_POINT('Ctrl Pts',(25.8539654368822,13.5337990673593,-27.982149310435));
#8355=CARTESIAN_POINT('Ctrl Pts',(24.4039673060641,14.,-27.9910636743013));
#8356=CARTESIAN_POINT('Ctrl Pts',(22.9503968938771,14.,-28.));
#8357=CARTESIAN_POINT('',(22.9503968938771,13.,-29.));
#8358=CARTESIAN_POINT('Origin',(22.9503968938771,13.,-28.));
#8359=CARTESIAN_POINT('Origin',(22.9503968938771,7.,-29.));
#8360=CARTESIAN_POINT('Origin',(15.,13.,-28.));
#8361=CARTESIAN_POINT('',(-22.9503968938771,13.,-29.));
#8362=CARTESIAN_POINT('Origin',(-22.9503968938771,13.,-28.));
#8363=CARTESIAN_POINT('',(15.,13.,-29.));
#8364=CARTESIAN_POINT('Ctrl Pts',(-22.9503968938771,13.,-29.));
#8365=CARTESIAN_POINT('Ctrl Pts',(-24.1413754048515,13.,-29.));
#8366=CARTESIAN_POINT('Ctrl Pts',(-25.3299087490782,12.63597576518,-29.));
#8367=CARTESIAN_POINT('Ctrl Pts',(-26.3162579736832,11.9691033827207,-29.));
#8368=CARTESIAN_POINT('Ctrl Pts',(-22.9503968938771,13.2991993003419,-29.));
#8369=CARTESIAN_POINT('Ctrl Pts',(-24.2009121046631,13.3008612259957,-29.0000670312271));
#8370=CARTESIAN_POINT('Ctrl Pts',(-25.4491707561271,12.9203945546026,-28.9999420764701));
#8371=CARTESIAN_POINT('Ctrl Pts',(-26.4864145386832,12.2207764169679,-29.));
#8372=CARTESIAN_POINT('Ctrl Pts',(-22.9503968938771,13.8170894054113,-28.7487787057058));
#8373=CARTESIAN_POINT('Ctrl Pts',(-24.3031786285698,13.8213968349823,-28.7458648500699));
#8374=CARTESIAN_POINT('Ctrl Pts',(-25.656278518392,13.4120539202892,-28.7429730259228));
#8375=CARTESIAN_POINT('Ctrl Pts',(-26.7807386537723,12.6561016311117,-28.7405136922929));
#8376=CARTESIAN_POINT('Ctrl Pts',(-22.9503968938771,14.,-28.2243994752564));
#8377=CARTESIAN_POINT('Ctrl Pts',(-24.339664747019,14.0019344754255,-28.2170619522141));
#8378=CARTESIAN_POINT('Ctrl Pts',(-25.7268685208753,13.5791992138041,-28.2097630671385));
#8379=CARTESIAN_POINT('Ctrl Pts',(-26.8792745816414,12.8018429132607,-28.2036461284385));
#8380=CARTESIAN_POINT('Ctrl Pts',(-22.9503968938771,14.,-28.));
#8381=CARTESIAN_POINT('Ctrl Pts',(-24.3395037193147,14.,-27.9914599864456));
#8382=CARTESIAN_POINT('Ctrl Pts',(-25.7257586059581,13.5753050593766,-27.982937506169));
#8383=CARTESIAN_POINT('Ctrl Pts',(-26.8761945101651,12.7972872798408,-27.975864804462));
#8384=CARTESIAN_POINT('',(-26.3162579736832,11.9691033827207,-29.));
#8385=CARTESIAN_POINT('Origin',(-26.3162579736832,11.9691033827207,-28.));
#8386=CARTESIAN_POINT('Origin',(-22.9503968938771,7.,-29.));
#8387=CARTESIAN_POINT('Ctrl Pts',(-29.689835266465,8.13561363408343,-23.9575070037089));
#8388=CARTESIAN_POINT('Ctrl Pts',(-29.7043460642084,8.13564402490973,-24.2942735379949));
#8389=CARTESIAN_POINT('Ctrl Pts',(-29.7238008628371,8.28139353465378,-25.3058428747701));
#8390=CARTESIAN_POINT('Ctrl Pts',(-29.621537472548,9.07579444725051,-26.5258997051046));
#8391=CARTESIAN_POINT('Ctrl Pts',(-29.1554400558607,10.2552670966959,-27.3579257952115));
#8392=CARTESIAN_POINT('Ctrl Pts',(-28.6805229668488,11.0400291476098,-27.6877497240131));
#8393=CARTESIAN_POINT('Ctrl Pts',(-27.9611479711741,11.9391402085957,-27.9290144946682));
#8394=CARTESIAN_POINT('Ctrl Pts',(-27.3647433700339,12.4668910380685,-27.9728612817603));
#8395=CARTESIAN_POINT('Ctrl Pts',(-26.8761945101651,12.7972872798408,-27.975864804462));
#8396=CARTESIAN_POINT('Ctrl Pts',(-29.7165705925777,7.97285075565218,-23.9563675491739));
#8397=CARTESIAN_POINT('Ctrl Pts',(-29.7317452712546,7.97254095011838,-24.3071822888745));
#8398=CARTESIAN_POINT('Ctrl Pts',(-29.7558256316035,8.12096023277236,-25.3605403806778));
#8399=CARTESIAN_POINT('Ctrl Pts',(-29.6710930363345,8.9424957172158,-26.6406390598883));
#8400=CARTESIAN_POINT('Ctrl Pts',(-29.2045365143998,10.1794793035172,-27.5143295522009));
#8401=CARTESIAN_POINT('Ctrl Pts',(-28.7179287609347,10.9993691536371,-27.8538333786335));
#8402=CARTESIAN_POINT('Ctrl Pts',(-27.9804752264362,11.9296586081958,-28.0945423916349));
#8403=CARTESIAN_POINT('Ctrl Pts',(-27.372433006707,12.466867868232,-28.1305910873448));
#8404=CARTESIAN_POINT('Ctrl Pts',(-26.8782478911493,12.8003243687874,-28.1277190204463));
#8405=CARTESIAN_POINT('Ctrl Pts',(-29.6875798983119,7.63456186334999,-23.9576429460805));
#8406=CARTESIAN_POINT('Ctrl Pts',(-29.7037236368658,7.63351778607559,-24.3365191108265));
#8407=CARTESIAN_POINT('Ctrl Pts',(-29.7347066744008,7.7853215926026,-25.4733760801912));
#8408=CARTESIAN_POINT('Ctrl Pts',(-29.6776041727271,8.64866463627192,-26.8734889919148));
#8409=CARTESIAN_POINT('Ctrl Pts',(-29.2154842818785,9.98277113317967,-27.8300355114918));
#8410=CARTESIAN_POINT('Ctrl Pts',(-28.7161344044678,10.8641740284984,-28.1884512133708));
#8411=CARTESIAN_POINT('Ctrl Pts',(-27.9591351857417,11.8508059086963,-28.4274319879989));
#8412=CARTESIAN_POINT('Ctrl Pts',(-27.340148613646,12.4070242482506,-28.4474825697022));
#8413=CARTESIAN_POINT('Ctrl Pts',(-26.8427999098305,12.7478944139606,-28.4325796673301));
#8414=CARTESIAN_POINT('Ctrl Pts',(-29.3624837701632,7.13529219858939,-23.9716901911662));
#8415=CARTESIAN_POINT('Ctrl Pts',(-29.3787442598531,7.13364346171581,-24.388031246312));
#8416=CARTESIAN_POINT('Ctrl Pts',(-29.4115833114326,7.28764245120311,-25.6371009029828));
#8417=CARTESIAN_POINT('Ctrl Pts',(-29.3654674789487,8.17708893619334,-27.1860221880882));
#8418=CARTESIAN_POINT('Ctrl Pts',(-28.927289078668,9.57466554967638,-28.2432283041665));
#8419=CARTESIAN_POINT('Ctrl Pts',(-28.4486154486273,10.5014006989955,-28.6312009751883));
#8420=CARTESIAN_POINT('Ctrl Pts',(-27.7228211581402,11.5365388347567,-28.8799797360804));
#8421=CARTESIAN_POINT('Ctrl Pts',(-27.1305075524916,12.1170127958677,-28.8893409552654));
#8422=CARTESIAN_POINT('Ctrl Pts',(-26.6557496234664,12.4712344265774,-28.86464711528));
#8423=CARTESIAN_POINT('Ctrl Pts',(-28.9529849842818,6.97382845503714,-23.9893482778031));
#8424=CARTESIAN_POINT('Ctrl Pts',(-28.9681667678695,6.97294356154285,-24.4138089694706));
#8425=CARTESIAN_POINT('Ctrl Pts',(-28.9948441794742,7.12784677993688,-25.6877194414747));
#8426=CARTESIAN_POINT('Ctrl Pts',(-28.927706431737,7.99760935745348,-27.245147513399));
#8427=CARTESIAN_POINT('Ctrl Pts',(-28.5164711299541,9.32980237470628,-28.3059128855462));
#8428=CARTESIAN_POINT('Ctrl Pts',(-28.0832500524412,10.21666686445,-28.7093279959574));
#8429=CARTESIAN_POINT('Ctrl Pts',(-27.4258068975185,11.2220379288659,-28.9845206504582));
#8430=CARTESIAN_POINT('Ctrl Pts',(-26.8839359563097,11.8000643162975,-29.0135832632893));
#8431=CARTESIAN_POINT('Ctrl Pts',(-26.4438753974332,12.1578581584061,-29.));
#8432=CARTESIAN_POINT('Ctrl Pts',(-28.7057928266375,6.97338472607552,-24.));
#8433=CARTESIAN_POINT('Ctrl Pts',(-28.7203043375058,6.9734107753552,-24.4209581294348));
#8434=CARTESIAN_POINT('Ctrl Pts',(-28.7431463119418,7.12956058783383,-25.685234282026));
#8435=CARTESIAN_POINT('Ctrl Pts',(-28.6626579813764,7.98073985764378,-27.2091156272135));
#8436=CARTESIAN_POINT('Ctrl Pts',(-28.2676822307722,9.24463678771933,-28.2452917916988));
#8437=CARTESIAN_POINT('Ctrl Pts',(-27.8622096014128,10.0856345564198,-28.6538138012383));
#8438=CARTESIAN_POINT('Ctrl Pts',(-27.2465484026246,11.0492433487178,-28.9497880758212));
#8439=CARTESIAN_POINT('Ctrl Pts',(-26.7352525338983,11.6149196634433,-29.));
#8440=CARTESIAN_POINT('Ctrl Pts',(-26.3162579736832,11.9691033827206,-29.));
#8441=CARTESIAN_POINT('Ctrl Pts',(-26.3162579736832,11.9691033827206,-29.));
#8442=CARTESIAN_POINT('Ctrl Pts',(-26.7352525338983,11.6149196634433,-29.));
#8443=CARTESIAN_POINT('Ctrl Pts',(-27.2465484026246,11.0492433487178,-28.9497880758212));
#8444=CARTESIAN_POINT('Ctrl Pts',(-27.8622096014128,10.0856345564198,-28.6538138012383));
#8445=CARTESIAN_POINT('Ctrl Pts',(-28.2676822307722,9.24463678771933,-28.2452917916988));
#8446=CARTESIAN_POINT('Ctrl Pts',(-28.6626579813764,7.98073985764378,-27.2091156272135));
#8447=CARTESIAN_POINT('Ctrl Pts',(-28.7431463119418,7.12956058783383,-25.685234282026));
#8448=CARTESIAN_POINT('Ctrl Pts',(-28.7203043375058,6.9734107753552,-24.4209581294348));
#8449=CARTESIAN_POINT('Ctrl Pts',(-28.7057928266375,6.97338472607552,-24.));
#8450=CARTESIAN_POINT('Origin',(-28.70399775251,7.97338311492866,-24.));
#8451=CARTESIAN_POINT('Ctrl Pts',(-28.705792641049,6.97338472574237,-24.0000000616219));
#8452=CARTESIAN_POINT('Ctrl Pts',(-28.088158607394,6.97227602508202,-9.66666670774788));
#8453=CARTESIAN_POINT('Ctrl Pts',(-27.470524573739,6.97116732442167,4.6666666461261));
#8454=CARTESIAN_POINT('Ctrl Pts',(-26.852890540084,6.97005862376131,19.0000000000001));
#8455=CARTESIAN_POINT('Ctrl Pts',(-28.8705874130978,6.97368054505063,-23.9928989089976));
#8456=CARTESIAN_POINT('Ctrl Pts',(-28.2529355292327,6.97257189552979,-9.65956632429855));
#8457=CARTESIAN_POINT('Ctrl Pts',(-27.6352837446377,6.97146299669555,4.6737662646589));
#8458=CARTESIAN_POINT('Ctrl Pts',(-27.0176318607796,6.97035434712028,19.0070988493582));
#8459=CARTESIAN_POINT('Ctrl Pts',(-29.1992371323572,7.05778226286857,-23.9787306418972));
#8460=CARTESIAN_POINT('Ctrl Pts',(-28.5815498445435,7.05665509491692,-9.64539958421312));
#8461=CARTESIAN_POINT('Ctrl Pts',(-27.9638631858106,7.05552792253686,4.6879315005781));
#8462=CARTESIAN_POINT('Ctrl Pts',(-27.3461758977841,7.0544007609615,19.0212625582535));
#8463=CARTESIAN_POINT('Ctrl Pts',(-29.6379765032923,7.46065684049447,-23.9597938720613));
#8464=CARTESIAN_POINT('Ctrl Pts',(-29.0202710605456,7.45944826987972,-9.62646360298348));
#8465=CARTESIAN_POINT('Ctrl Pts',(-28.4025654136433,7.45823955240901,4.70686665728587));
#8466=CARTESIAN_POINT('Ctrl Pts',(-27.7848599430908,7.45703100734316,19.0401969251675));
#8467=CARTESIAN_POINT('Ctrl Pts',(-29.7299380693741,7.89146932055777,-23.955797855666));
#8468=CARTESIAN_POINT('Ctrl Pts',(-29.112283604715,7.8901945371951,-9.62246539502589));
#8469=CARTESIAN_POINT('Ctrl Pts',(-28.4946314144098,7.88892032863144,4.71086716366222));
#8470=CARTESIAN_POINT('Ctrl Pts',(-27.8769768721424,7.88764555933253,19.0441996209592));
#8471=CARTESIAN_POINT('Ctrl Pts',(-29.689835078908,8.13561363871191,-23.9575070386028));
#8472=CARTESIAN_POINT('Ctrl Pts',(-29.072231395969,8.13432016492627,-9.62417239118625));
#8473=CARTESIAN_POINT('Ctrl Pts',(-28.4546276611387,8.13302668285448,4.70916225399364));
#8474=CARTESIAN_POINT('Ctrl Pts',(-27.8370238745075,8.13173319194375,19.0424968969407));
#8475=CARTESIAN_POINT('Origin',(30.,0.,-29.));
#8476=CARTESIAN_POINT('',(30.0145167816416,11.8679853034595,-29.));
#8477=CARTESIAN_POINT('Origin',(30.0145167816416,11.8679853034595,-24.));
#8478=CARTESIAN_POINT('',(-21.41559795108,-42.24272094747,-47.48516691278));
#8479=CARTESIAN_POINT('',(-21.41559795108,-75.97525711917,-42.57968480271));
#8480=CARTESIAN_POINT('',(-21.66559795108,-62.5876519332,-44.29068871552));
#8481=UNCERTAINTY_MEASURE_WITH_UNIT(LENGTH_MEASURE(0.01),#8491,
'DISTANCE_ACCURACY_VALUE',
'Maximum model space distance between geometric entities at asserted c
onnectivities');
#8482=UNCERTAINTY_MEASURE_WITH_UNIT(LENGTH_MEASURE(0.01),#8491,
'DISTANCE_ACCURACY_VALUE',
'Maximum model space distance between geometric entities at asserted c
onnectivities');
#8483=UNCERTAINTY_MEASURE_WITH_UNIT(LENGTH_MEASURE(0.01),#8491,
'DISTANCE_ACCURACY_VALUE',
'Maximum model space distance between geometric entities at asserted c
onnectivities');
#8484=UNCERTAINTY_MEASURE_WITH_UNIT(LENGTH_MEASURE(0.01),#8491,
'DISTANCE_ACCURACY_VALUE',
'Maximum model space distance between geometric entities at asserted c
onnectivities');
#8485=UNCERTAINTY_MEASURE_WITH_UNIT(LENGTH_MEASURE(0.01),#8491,
'DISTANCE_ACCURACY_VALUE',
'Maximum model space distance between geometric entities at asserted c
onnectivities');
#8486=(
GEOMETRIC_REPRESENTATION_CONTEXT(3)
GLOBAL_UNCERTAINTY_ASSIGNED_CONTEXT((#8481))
GLOBAL_UNIT_ASSIGNED_CONTEXT((#8491,#8494,#8493))
REPRESENTATION_CONTEXT('','3D')
);
#8487=(
GEOMETRIC_REPRESENTATION_CONTEXT(3)
GLOBAL_UNCERTAINTY_ASSIGNED_CONTEXT((#8482))
GLOBAL_UNIT_ASSIGNED_CONTEXT((#8491,#8494,#8493))
REPRESENTATION_CONTEXT('','3D')
);
#8488=(
GEOMETRIC_REPRESENTATION_CONTEXT(3)
GLOBAL_UNCERTAINTY_ASSIGNED_CONTEXT((#8483))
GLOBAL_UNIT_ASSIGNED_CONTEXT((#8491,#8494,#8493))
REPRESENTATION_CONTEXT('','3D')
);
#8489=(
GEOMETRIC_REPRESENTATION_CONTEXT(3)
GLOBAL_UNCERTAINTY_ASSIGNED_CONTEXT((#8484))
GLOBAL_UNIT_ASSIGNED_CONTEXT((#8491,#8494,#8493))
REPRESENTATION_CONTEXT('','3D')
);
#8490=(
GEOMETRIC_REPRESENTATION_CONTEXT(3)
GLOBAL_UNCERTAINTY_ASSIGNED_CONTEXT((#8485))
GLOBAL_UNIT_ASSIGNED_CONTEXT((#8491,#8494,#8493))
REPRESENTATION_CONTEXT('','3D')
);
#8491=(
LENGTH_UNIT()
NAMED_UNIT(*)
SI_UNIT(.MILLI.,.METRE.)
);
#8492=(
LENGTH_UNIT()
NAMED_UNIT(*)
SI_UNIT($,.METRE.)
);
#8493=(
NAMED_UNIT(*)
SI_UNIT($,.STERADIAN.)
SOLID_ANGLE_UNIT()
);
#8494=(
NAMED_UNIT(*)
PLANE_ANGLE_UNIT()
SI_UNIT($,.RADIAN.)
);
#8495=SHAPE_DEFINITION_REPRESENTATION(#8499,#8506);
#8496=SHAPE_DEFINITION_REPRESENTATION(#8500,#8507);
#8497=SHAPE_DEFINITION_REPRESENTATION(#8501,#8508);
#8498=SHAPE_DEFINITION_REPRESENTATION(#8502,#8509);
#8499=PRODUCT_DEFINITION_SHAPE('',$,#8511);
#8500=PRODUCT_DEFINITION_SHAPE('',$,#8512);
#8501=PRODUCT_DEFINITION_SHAPE('',$,#8513);
#8502=PRODUCT_DEFINITION_SHAPE('',$,#8514);
#8503=PRODUCT_DEFINITION_SHAPE($,$,#20);
#8504=PRODUCT_DEFINITION_SHAPE($,$,#21);
#8505=PRODUCT_DEFINITION_SHAPE($,$,#22);
#8506=SHAPE_REPRESENTATION('',(#3906,#4336,#4337,#4338),#8486);
#8507=SHAPE_REPRESENTATION('',(#3907),#8487);
#8508=SHAPE_REPRESENTATION('',(#4216),#8488);
#8509=SHAPE_REPRESENTATION('',(#4300),#8489);
#8510=PRODUCT_DEFINITION_CONTEXT('part definition',#8524,'design');
#8511=PRODUCT_DEFINITION('astra','astra v1',#8515,#8510);
#8512=PRODUCT_DEFINITION('Astra_1','Astra',#8516,#8510);
#8513=PRODUCT_DEFINITION('astra_clip1','astra_clip1',#8517,#8510);
#8514=PRODUCT_DEFINITION('astra_clip2','astra_clip2',#8518,#8510);
#8515=PRODUCT_DEFINITION_FORMATION('',$,#8526);
#8516=PRODUCT_DEFINITION_FORMATION('',$,#8527);
#8517=PRODUCT_DEFINITION_FORMATION('',$,#8528);
#8518=PRODUCT_DEFINITION_FORMATION('',$,#8529);
#8519=PRODUCT_RELATED_PRODUCT_CATEGORY('astra v1','astra v1',(#8526));
#8520=PRODUCT_RELATED_PRODUCT_CATEGORY('Astra','Astra',(#8527));
#8521=PRODUCT_RELATED_PRODUCT_CATEGORY('astra_clip1','astra_clip1',(#8528));
#8522=PRODUCT_RELATED_PRODUCT_CATEGORY('astra_clip2','astra_clip2',(#8529));
#8523=APPLICATION_PROTOCOL_DEFINITION('international standard',
'automotive_design',2009,#8524);
#8524=APPLICATION_CONTEXT(
'Core Data for Automotive Mechanical Design Process');
#8525=PRODUCT_CONTEXT('part definition',#8524,'mechanical');
#8526=PRODUCT('astra','astra v1',$,(#8525));
#8527=PRODUCT('Astra_1','Astra',$,(#8525));
#8528=PRODUCT('astra_clip1','astra_clip1',$,(#8525));
#8529=PRODUCT('astra_clip2','astra_clip2',$,(#8525));
#8530=PRESENTATION_STYLE_ASSIGNMENT((#8539));
#8531=PRESENTATION_STYLE_ASSIGNMENT((#8540));
#8532=PRESENTATION_STYLE_ASSIGNMENT((#8541));
#8533=PRESENTATION_STYLE_ASSIGNMENT((#8542));
#8534=PRESENTATION_STYLE_ASSIGNMENT((#8543));
#8535=PRESENTATION_STYLE_ASSIGNMENT((#8544));
#8536=PRESENTATION_STYLE_ASSIGNMENT((#8545));
#8537=PRESENTATION_STYLE_ASSIGNMENT((#8546));
#8538=PRESENTATION_STYLE_ASSIGNMENT((#8547));
#8539=SURFACE_STYLE_USAGE(.BOTH.,#8548);
#8540=SURFACE_STYLE_USAGE(.BOTH.,#8549);
#8541=SURFACE_STYLE_USAGE(.BOTH.,#8550);
#8542=SURFACE_STYLE_USAGE(.BOTH.,#8551);
#8543=SURFACE_STYLE_USAGE(.BOTH.,#8552);
#8544=SURFACE_STYLE_USAGE(.BOTH.,#8553);
#8545=SURFACE_STYLE_USAGE(.BOTH.,#8554);
#8546=SURFACE_STYLE_USAGE(.BOTH.,#8555);
#8547=SURFACE_STYLE_USAGE(.BOTH.,#8556);
#8548=SURFACE_SIDE_STYLE('',(#8557));
#8549=SURFACE_SIDE_STYLE('',(#8558));
#8550=SURFACE_SIDE_STYLE('',(#8559));
#8551=SURFACE_SIDE_STYLE('',(#8560));
#8552=SURFACE_SIDE_STYLE('',(#8561));
#8553=SURFACE_SIDE_STYLE('',(#8562));
#8554=SURFACE_SIDE_STYLE('',(#8563));
#8555=SURFACE_SIDE_STYLE('',(#8564));
#8556=SURFACE_SIDE_STYLE('',(#8565));
#8557=SURFACE_STYLE_FILL_AREA(#8566);
#8558=SURFACE_STYLE_FILL_AREA(#8567);
#8559=SURFACE_STYLE_FILL_AREA(#8568);
#8560=SURFACE_STYLE_FILL_AREA(#8569);
#8561=SURFACE_STYLE_FILL_AREA(#8570);
#8562=SURFACE_STYLE_FILL_AREA(#8571);
#8563=SURFACE_STYLE_FILL_AREA(#8572);
#8564=SURFACE_STYLE_FILL_AREA(#8573);
#8565=SURFACE_STYLE_FILL_AREA(#8574);
#8566=FILL_AREA_STYLE('Steel - Satin',(#8575));
#8567=FILL_AREA_STYLE('Default',(#8576));
#8568=FILL_AREA_STYLE('Anodized - Black',(#8577));
#8569=FILL_AREA_STYLE('Aluminum - Polished',(#8578));
#8570=FILL_AREA_STYLE('Indoor Pool',(#8579));
#8571=FILL_AREA_STYLE('Gunmetal - Antique Polished',(#8580));
#8572=FILL_AREA_STYLE('Aluminum - Dark',(#8581));
#8573=FILL_AREA_STYLE('Anodized - Black',(#8582));
#8574=FILL_AREA_STYLE('Glossy - Black',(#8583));
#8575=FILL_AREA_STYLE_COLOUR('Steel - Satin',#8584);
#8576=FILL_AREA_STYLE_COLOUR('Default',#8585);
#8577=FILL_AREA_STYLE_COLOUR('Anodized - Black',#8586);
#8578=FILL_AREA_STYLE_COLOUR('Aluminum - Polished',#8587);
#8579=FILL_AREA_STYLE_COLOUR('Indoor Pool',#8588);
#8580=FILL_AREA_STYLE_COLOUR('Gunmetal - Antique Polished',#8589);
#8581=FILL_AREA_STYLE_COLOUR('Aluminum - Dark',#8590);
#8582=FILL_AREA_STYLE_COLOUR('Anodized - Black',#8591);
#8583=FILL_AREA_STYLE_COLOUR('Glossy - Black',#8592);
#8584=COLOUR_RGB('Steel - Satin',0.627450980392157,0.627450980392157,0.627450980392157);
#8585=COLOUR_RGB('Default',0.749019607843137,0.749019607843137,0.749019607843137);
#8586=COLOUR_RGB('Anodized - Black',0.207843137254902,0.207843137254902,
0.207843137254902);
#8587=COLOUR_RGB('Aluminum - Polished',0.,0.,0.);
#8588=COLOUR_RGB('Indoor Pool',0.,0.,0.);
#8589=COLOUR_RGB('Gunmetal - Antique Polished',0.513725490196078,0.423529411764706,
0.372549019607843);
#8590=COLOUR_RGB('Aluminum - Dark',0.,0.,0.);
#8591=COLOUR_RGB('Anodized - Black',0.172549019607843,0.172549019607843,
0.172549019607843);
#8592=COLOUR_RGB('Glossy - Black',0.,0.,0.);
ENDSEC;
END-ISO-10303-21;
