ISO-10303-21;
HEADER;
/* Generated by software containing ST-Developer
 * from STEP Tools, Inc. (www.steptools.com) 
 */

FILE_DESCRIPTION(
/* description */ (''),
/* implementation_level */ '2;1');

FILE_NAME(
/* name */ 'Lidar A1M8.stp',
/* time_stamp */ '2026-03-14T21:41:31+07:00',
/* author */ ('quang'),
/* organization */ (''),
/* preprocessor_version */ 'ST-DEVELOPER v20',
/* originating_system */ 'Autodesk Inventor 2024',
/* authorisation */ '');

FILE_SCHEMA (('AUTOMOTIVE_DESIGN { 1 0 10303 214 3 1 1 }'));
ENDSEC;

DATA;
#10=MECHANICAL_DESIGN_GEOMETRIC_PRESENTATION_REPRESENTATION('',(#10389,
#10390,#10391,#10392,#10393,#10394,#10395,#10396,#10397,#10398,#10399,#10400,
#10401,#10402,#10403,#10404,#10405,#10406,#10407,#10408,#10409,#10410,#10411,
#10412,#10413,#10414,#10415,#10416,#10417,#10418,#10419,#10420,#10421,#10422,
#10423,#10424,#10425,#10426,#10427,#10428,#10429,#10430,#10431,#10432,#10433,
#10434,#10435,#10436,#10437,#10438,#10439,#10440,#10441,#10442,#10443,#10444,
#10445,#10446,#10447,#10448,#10449,#10450,#10451,#10452,#10453,#10454,#10455,
#10456,#10457,#10458,#10459,#10460,#10461,#10462,#10463,#10464,#10465,#10466,
#10467,#10468,#10469,#10470,#10471,#10472,#10473,#10474,#10475,#10476,#10477,
#10478,#10479,#10480,#10481,#10482,#10483,#10484,#10485,#10486,#10487,#10488,
#10489,#10490,#10491,#10492,#10493,#10494,#10495,#10496,#10497,#10498,#10499,
#10500,#10501,#10502,#10503,#10504,#10505,#10506,#10507,#10508,#10509,#10510,
#10511,#10512,#10513,#10514,#10515,#10516,#10517,#10518,#10519,#10520,#10521,
#10522,#10523,#10524,#10525,#10526,#10527,#10528,#10529,#10530,#10531,#10532,
#10533,#10534,#10535,#10536,#10537,#10538,#10539,#10540,#10541,#10542,#10543,
#10544,#10545,#10546,#10547,#10548,#10549,#10550,#10551,#10552,#10553,#10554,
#10555,#10556,#10557,#10558,#10559,#10560,#10561,#10562,#10563,#10564,#10565,
#10566,#10567,#10568,#10569,#10570,#10571,#10572,#10573,#10574,#10575,#10576,
#10577,#10578,#10579,#10580,#10581,#10582,#10583,#10584,#10585,#10586,#10587,
#10588,#10589,#10590,#10591,#10592,#10593,#10594,#10595,#10596,#10597,#10598,
#10599,#10600,#10601,#10602,#10603,#10604,#10605,#10606,#10607,#10608,#10609,
#10610,#10611,#10612,#10613,#10614,#10615,#10616,#10617,#10618,#10619,#10620,
#10621,#10622,#10623,#10624,#10625,#10626,#10627,#10628,#10629,#10630,#10631,
#10632,#10633,#10634,#10635,#10636,#10637,#10638,#10639,#10640,#10641,#10642,
#10643,#10644,#10645,#10646,#10647,#10648,#10649,#10650,#10651,#10652,#10653,
#10654,#10655,#10656,#10657,#10658,#10659,#10660,#10661,#10662,#10663,#10664,
#10665,#10666,#10667,#10668,#10669,#10670,#10671,#10672,#10673,#10674,#10675,
#10676,#10677,#10678,#10679,#10680,#10681,#10682,#10683,#10684,#10685,#10686,
#10687,#10688,#10689,#10690,#10691,#10692,#10693,#10694,#10695,#10696,#10697,
#10698,#10699,#10700,#10701,#10702,#10703,#10704,#10705,#10706,#10707,#10708,
#10709,#10710,#10711,#10712,#10713,#10714,#10715,#10716,#10717,#10718,#10719,
#10720,#10721,#10722,#10723,#10724,#10725,#10726,#10727,#10728,#10729,#10730,
#10731,#10732,#10733,#10734,#10735,#10736,#10737,#10738,#10739,#10740,#10741,
#10742,#10743,#10744,#10745,#10746,#10747,#10748,#10749,#10750,#10751,#10752,
#10753,#10754,#10755,#10756,#10757,#10758,#10759,#10760,#10761,#10762,#10763,
#10764,#10765,#10766,#10767,#10768,#10769,#10770,#10771,#10772,#10773,#10774,
#10775,#10776,#10777,#10778,#10779,#10780,#10781,#10782,#10783,#10784,#10785,
#10786,#10787,#10788,#10789,#10790,#10791,#10792,#10793,#10794,#10795,#10796,
#10797,#10798,#10799,#10800,#10801,#10802,#10803,#10804,#10805,#10806,#10807,
#10808,#10809,#10810,#10811,#10812,#10813,#10814,#10815,#10816,#10817,#10818,
#10819,#10820,#10821,#10822,#10823,#10824,#10825,#10826,#10827,#10828,#10829,
#10830,#10831,#10832,#10833,#10834,#10835,#10836,#10837,#10838,#10839,#10840,
#10841,#10842,#10843,#10844,#10845,#10846,#10847,#10848,#10849,#10850,#10851,
#10852,#10853,#10854,#10855,#10856,#10857,#10858,#10859,#10860,#10861,#10862,
#10863,#10864,#10865,#10866,#10867,#10868,#10869,#10870,#10871,#10872,#10873,
#10874,#10875,#10876,#10877,#10878,#10879,#10880,#10881,#10882,#10883,#10884,
#10885,#10886,#10887,#10888,#10889,#10890,#10891,#10892,#10893,#10894,#10895,
#10896,#10897,#10898,#10899,#10900,#10901,#10902,#10903,#10904,#10905,#10906,
#10907,#10908,#10909,#10910,#10911,#10912,#10913,#10914,#10915,#10916,#10917,
#10918,#10919,#10920,#10921,#10922,#10923,#10924,#10925,#10926,#10927,#10928,
#10929,#10930,#10931,#10932,#10933,#10934,#10935,#10936,#10937,#10938,#10939,
#10940,#10941,#10942,#10943,#10944,#10945,#10946,#10947,#10948,#10949,#10950,
#10951,#10952,#10953,#10954,#10955,#10956,#10957,#10958,#10959,#10960,#10961,
#10962,#10963,#10964,#10965,#10966,#10967,#10968,#10969,#10970,#10971,#10972,
#10973,#10974,#10975,#10976,#10977),#19302);
#11=SHAPE_REPRESENTATION_RELATIONSHIP('SRR','None',#19309,#12);
#12=ADVANCED_BREP_SHAPE_REPRESENTATION('',(#13,#14,#15,#16,#17,#18,#19),
#19301);
#13=MANIFOLD_SOLID_BREP('Solid1',#11579);
#14=MANIFOLD_SOLID_BREP('Solid1',#11580);
#15=MANIFOLD_SOLID_BREP('Solid1',#11581);
#16=MANIFOLD_SOLID_BREP('Solid2',#11582);
#17=MANIFOLD_SOLID_BREP('Solid3',#11583);
#18=MANIFOLD_SOLID_BREP('Solid4',#11584);
#19=MANIFOLD_SOLID_BREP('Solid5',#11585);
#20=B_SPLINE_SURFACE_WITH_KNOTS('',2,1,((#18024,#18025),(#18026,#18027),
(#18028,#18029),(#18030,#18031)),.UNSPECIFIED.,.F.,.F.,.F.,(3,1,3),(2,2),
(-2.,-1.,0.),(0.,0.00999999999999979),.UNSPECIFIED.);
#21=B_SPLINE_SURFACE_WITH_KNOTS('',2,1,((#18064,#18065),(#18066,#18067),
(#18068,#18069),(#18070,#18071)),.UNSPECIFIED.,.F.,.F.,.F.,(3,1,3),(2,2),
(-2.,-1.,0.),(0.,0.00999999999999979),.UNSPECIFIED.);
#22=B_SPLINE_SURFACE_WITH_KNOTS('',2,1,((#18083,#18084),(#18085,#18086),
(#18087,#18088),(#18089,#18090)),.UNSPECIFIED.,.F.,.F.,.F.,(3,1,3),(2,2),
(-2.,-1.,0.),(0.,0.00999999999999979),.UNSPECIFIED.);
#23=B_SPLINE_SURFACE_WITH_KNOTS('',2,1,((#18102,#18103),(#18104,#18105),
(#18106,#18107),(#18108,#18109)),.UNSPECIFIED.,.F.,.F.,.F.,(3,1,3),(2,2),
(-2.,-1.,0.),(0.,0.00999999999999979),.UNSPECIFIED.);
#24=B_SPLINE_SURFACE_WITH_KNOTS('',2,1,((#18127,#18128),(#18129,#18130),
(#18131,#18132),(#18133,#18134)),.UNSPECIFIED.,.F.,.F.,.F.,(3,1,3),(2,2),
(0.,1.,2.),(0.,0.00999999999999979),.UNSPECIFIED.);
#25=B_SPLINE_SURFACE_WITH_KNOTS('',2,1,((#18146,#18147),(#18148,#18149),
(#18150,#18151),(#18152,#18153)),.UNSPECIFIED.,.F.,.F.,.F.,(3,1,3),(2,2),
(0.,1.,2.),(0.,0.00999999999999979),.UNSPECIFIED.);
#26=B_SPLINE_SURFACE_WITH_KNOTS('',2,1,((#18165,#18166),(#18167,#18168),
(#18169,#18170),(#18171,#18172)),.UNSPECIFIED.,.F.,.F.,.F.,(3,1,3),(2,2),
(0.,1.,2.),(0.,0.00999999999999979),.UNSPECIFIED.);
#27=B_SPLINE_SURFACE_WITH_KNOTS('',2,1,((#18291,#18292),(#18293,#18294),
(#18295,#18296),(#18297,#18298)),.UNSPECIFIED.,.F.,.F.,.F.,(3,1,3),(2,2),
(-2.,-1.,0.),(0.,0.00999999999999979),.UNSPECIFIED.);
#28=B_SPLINE_SURFACE_WITH_KNOTS('',2,1,((#18331,#18332),(#18333,#18334),
(#18335,#18336),(#18337,#18338)),.UNSPECIFIED.,.F.,.F.,.F.,(3,1,3),(2,2),
(-2.,-1.,0.),(0.,0.00999999999999979),.UNSPECIFIED.);
#29=B_SPLINE_SURFACE_WITH_KNOTS('',2,1,((#18350,#18351),(#18352,#18353),
(#18354,#18355),(#18356,#18357)),.UNSPECIFIED.,.F.,.F.,.F.,(3,1,3),(2,2),
(-2.,-1.,0.),(0.,0.00999999999999979),.UNSPECIFIED.);
#30=B_SPLINE_SURFACE_WITH_KNOTS('',2,1,((#18369,#18370),(#18371,#18372),
(#18373,#18374),(#18375,#18376)),.UNSPECIFIED.,.F.,.F.,.F.,(3,1,3),(2,2),
(-2.,-1.,0.),(0.,0.00999999999999979),.UNSPECIFIED.);
#31=B_SPLINE_SURFACE_WITH_KNOTS('',2,1,((#18385,#18386),(#18387,#18388),
(#18389,#18390),(#18391,#18392)),.UNSPECIFIED.,.F.,.F.,.F.,(3,1,3),(2,2),
(0.,1.,2.),(0.,0.00999999999999979),.UNSPECIFIED.);
#32=B_SPLINE_SURFACE_WITH_KNOTS('',2,1,((#18407,#18408),(#18409,#18410),
(#18411,#18412),(#18413,#18414)),.UNSPECIFIED.,.F.,.F.,.F.,(3,1,3),(2,2),
(0.,1.,2.),(0.,0.00999999999999979),.UNSPECIFIED.);
#33=B_SPLINE_SURFACE_WITH_KNOTS('',2,1,((#18444,#18445),(#18446,#18447),
(#18448,#18449),(#18450,#18451)),.UNSPECIFIED.,.F.,.F.,.F.,(3,1,3),(2,2),
(0.,1.,2.),(0.,0.00999999999999979),.UNSPECIFIED.);
#34=B_SPLINE_SURFACE_WITH_KNOTS('',2,1,((#18463,#18464),(#18465,#18466),
(#18467,#18468),(#18469,#18470)),.UNSPECIFIED.,.F.,.F.,.F.,(3,1,3),(2,2),
(0.,1.,2.),(0.,0.00999999999999979),.UNSPECIFIED.);
#35=B_SPLINE_SURFACE_WITH_KNOTS('',2,1,((#18517,#18518),(#18519,#18520),
(#18521,#18522),(#18523,#18524)),.UNSPECIFIED.,.F.,.F.,.F.,(3,1,3),(2,2),
(-2.,-1.,0.),(0.,0.00999999999999979),.UNSPECIFIED.);
#36=B_SPLINE_SURFACE_WITH_KNOTS('',2,1,((#18557,#18558),(#18559,#18560),
(#18561,#18562),(#18563,#18564)),.UNSPECIFIED.,.F.,.F.,.F.,(3,1,3),(2,2),
(-2.,-1.,0.),(0.,0.00999999999999979),.UNSPECIFIED.);
#37=B_SPLINE_SURFACE_WITH_KNOTS('',2,1,((#18576,#18577),(#18578,#18579),
(#18580,#18581),(#18582,#18583)),.UNSPECIFIED.,.F.,.F.,.F.,(3,1,3),(2,2),
(-2.,-1.,0.),(0.,0.00999999999999979),.UNSPECIFIED.);
#38=B_SPLINE_SURFACE_WITH_KNOTS('',2,1,((#18595,#18596),(#18597,#18598),
(#18599,#18600),(#18601,#18602)),.UNSPECIFIED.,.F.,.F.,.F.,(3,1,3),(2,2),
(-2.,-1.,0.),(0.,0.00999999999999979),.UNSPECIFIED.);
#39=B_SPLINE_SURFACE_WITH_KNOTS('',2,1,((#18611,#18612),(#18613,#18614),
(#18615,#18616),(#18617,#18618)),.UNSPECIFIED.,.F.,.F.,.F.,(3,1,3),(2,2),
(0.,1.,2.),(0.,0.00999999999999979),.UNSPECIFIED.);
#40=B_SPLINE_SURFACE_WITH_KNOTS('',2,1,((#18633,#18634),(#18635,#18636),
(#18637,#18638),(#18639,#18640)),.UNSPECIFIED.,.F.,.F.,.F.,(3,1,3),(2,2),
(0.,1.,2.),(0.,0.00999999999999979),.UNSPECIFIED.);
#41=B_SPLINE_SURFACE_WITH_KNOTS('',2,1,((#18682,#18683),(#18684,#18685),
(#18686,#18687),(#18688,#18689)),.UNSPECIFIED.,.F.,.F.,.F.,(3,1,3),(2,2),
(0.,1.,2.),(0.,0.00999999999999979),.UNSPECIFIED.);
#42=B_SPLINE_SURFACE_WITH_KNOTS('',2,1,((#18701,#18702),(#18703,#18704),
(#18705,#18706),(#18707,#18708)),.UNSPECIFIED.,.F.,.F.,.F.,(3,1,3),(2,2),
(0.,1.,2.),(0.,0.00999999999999979),.UNSPECIFIED.);
#43=B_SPLINE_SURFACE_WITH_KNOTS('',2,1,((#18718,#18719),(#18720,#18721),
(#18722,#18723),(#18724,#18725)),.UNSPECIFIED.,.F.,.F.,.F.,(3,1,3),(2,2),
(-2.,-1.,0.),(0.,0.00999999999999979),.UNSPECIFIED.);
#44=B_SPLINE_SURFACE_WITH_KNOTS('',2,1,((#18758,#18759),(#18760,#18761),
(#18762,#18763),(#18764,#18765)),.UNSPECIFIED.,.F.,.F.,.F.,(3,1,3),(2,2),
(-2.,-1.,0.),(0.,0.00999999999999979),.UNSPECIFIED.);
#45=B_SPLINE_SURFACE_WITH_KNOTS('',2,1,((#18777,#18778),(#18779,#18780),
(#18781,#18782),(#18783,#18784)),.UNSPECIFIED.,.F.,.F.,.F.,(3,1,3),(2,2),
(-2.,-1.,0.),(0.,0.00999999999999979),.UNSPECIFIED.);
#46=B_SPLINE_SURFACE_WITH_KNOTS('',2,1,((#18796,#18797),(#18798,#18799),
(#18800,#18801),(#18802,#18803)),.UNSPECIFIED.,.F.,.F.,.F.,(3,1,3),(2,2),
(-2.,-1.,0.),(0.,0.00999999999999979),.UNSPECIFIED.);
#47=B_SPLINE_SURFACE_WITH_KNOTS('',2,1,((#18821,#18822),(#18823,#18824),
(#18825,#18826),(#18827,#18828)),.UNSPECIFIED.,.F.,.F.,.F.,(3,1,3),(2,2),
(0.,1.,2.),(0.,0.00999999999999979),.UNSPECIFIED.);
#48=B_SPLINE_SURFACE_WITH_KNOTS('',2,1,((#18840,#18841),(#18842,#18843),
(#18844,#18845),(#18846,#18847)),.UNSPECIFIED.,.F.,.F.,.F.,(3,1,3),(2,2),
(0.,1.,2.),(0.,0.00999999999999979),.UNSPECIFIED.);
#49=B_SPLINE_SURFACE_WITH_KNOTS('',2,1,((#18859,#18860),(#18861,#18862),
(#18863,#18864),(#18865,#18866)),.UNSPECIFIED.,.F.,.F.,.F.,(3,1,3),(2,2),
(0.,1.,2.),(0.,0.00999999999999979),.UNSPECIFIED.);
#50=ELLIPSE('',#12216,4.75,3.75);
#51=(
BOUNDED_SURFACE()
B_SPLINE_SURFACE(1,2,((#17817,#17818,#17819,#17820,#17821,#17822,#17823,
#17824,#17825),(#17826,#17827,#17828,#17829,#17830,#17831,#17832,#17833,
#17834)),.UNSPECIFIED.,.F.,.T.,.F.)
B_SPLINE_SURFACE_WITH_KNOTS((2,2),(3,2,2,2,3),(1.76362597859288,6.31578947368421),
(-3.14159265358979,-1.5707963267949,0.,1.5707963267949,3.14159265358979),
 .UNSPECIFIED.)
GEOMETRIC_REPRESENTATION_ITEM()
RATIONAL_B_SPLINE_SURFACE(((1.,0.707106781186548,1.,0.707106781186548,1.,
0.707106781186548,1.,0.707106781186548,1.),(1.,0.707106781186548,1.,0.707106781186548,
1.,0.707106781186548,1.,0.707106781186548,1.)))
REPRESENTATION_ITEM('')
SURFACE()
);
#52=CYLINDRICAL_SURFACE('',#11629,3.);
#53=CYLINDRICAL_SURFACE('',#11633,4.);
#54=CYLINDRICAL_SURFACE('',#11647,4.);
#55=CYLINDRICAL_SURFACE('',#11655,4.);
#56=CYLINDRICAL_SURFACE('',#11667,4.);
#57=CYLINDRICAL_SURFACE('',#11682,3.75);
#58=CYLINDRICAL_SURFACE('',#11698,1.5);
#59=CYLINDRICAL_SURFACE('',#11714,1.5);
#60=CYLINDRICAL_SURFACE('',#11730,1.5);
#61=CYLINDRICAL_SURFACE('',#11746,1.5);
#62=CYLINDRICAL_SURFACE('',#11766,5.5);
#63=CYLINDRICAL_SURFACE('',#11769,5.5);
#64=CYLINDRICAL_SURFACE('',#11772,5.5);
#65=CYLINDRICAL_SURFACE('',#11775,5.5);
#66=CYLINDRICAL_SURFACE('',#11801,1.5);
#67=CYLINDRICAL_SURFACE('',#11805,0.4);
#68=CYLINDRICAL_SURFACE('',#11808,0.4);
#69=CYLINDRICAL_SURFACE('',#11838,3.95);
#70=CYLINDRICAL_SURFACE('',#11842,5.15);
#71=CYLINDRICAL_SURFACE('',#11847,3.95);
#72=CYLINDRICAL_SURFACE('',#11851,5.15);
#73=CYLINDRICAL_SURFACE('',#11854,5.65);
#74=CYLINDRICAL_SURFACE('',#11859,5.65);
#75=CYLINDRICAL_SURFACE('',#11863,14.);
#76=CYLINDRICAL_SURFACE('',#11866,5.65);
#77=CYLINDRICAL_SURFACE('',#11871,5.65);
#78=CYLINDRICAL_SURFACE('',#11875,14.);
#79=CYLINDRICAL_SURFACE('',#11911,10.2);
#80=CYLINDRICAL_SURFACE('',#11914,14.);
#81=CYLINDRICAL_SURFACE('',#11919,14.);
#82=CYLINDRICAL_SURFACE('',#11924,14.);
#83=CYLINDRICAL_SURFACE('',#11928,14.);
#84=CYLINDRICAL_SURFACE('',#11933,14.);
#85=CYLINDRICAL_SURFACE('',#11938,14.);
#86=CYLINDRICAL_SURFACE('',#11968,2.);
#87=CYLINDRICAL_SURFACE('',#11984,2.);
#88=CYLINDRICAL_SURFACE('',#12000,2.);
#89=CYLINDRICAL_SURFACE('',#12022,2.);
#90=CYLINDRICAL_SURFACE('',#12038,2.);
#91=CYLINDRICAL_SURFACE('',#12054,2.);
#92=CYLINDRICAL_SURFACE('',#12070,2.);
#93=CYLINDRICAL_SURFACE('',#12082,16.);
#94=CYLINDRICAL_SURFACE('',#12094,14.0000000000121);
#95=CYLINDRICAL_SURFACE('',#12097,29.);
#96=CYLINDRICAL_SURFACE('',#12100,33.);
#97=CYLINDRICAL_SURFACE('',#12104,33.);
#98=CYLINDRICAL_SURFACE('',#12108,33.);
#99=CYLINDRICAL_SURFACE('',#12112,33.);
#100=CYLINDRICAL_SURFACE('',#12116,3.);
#101=CYLINDRICAL_SURFACE('',#12117,3.);
#102=CYLINDRICAL_SURFACE('',#12118,3.);
#103=CYLINDRICAL_SURFACE('',#12120,1.);
#104=CYLINDRICAL_SURFACE('',#12130,0.999999999999999);
#105=CYLINDRICAL_SURFACE('',#12140,0.999999999999998);
#106=CYLINDRICAL_SURFACE('',#12150,1.);
#107=CYLINDRICAL_SURFACE('',#12174,2.5);
#108=CYLINDRICAL_SURFACE('',#12176,2.5);
#109=CYLINDRICAL_SURFACE('',#12178,33.1400000000121);
#110=CYLINDRICAL_SURFACE('',#12179,33.1400000000121);
#111=CYLINDRICAL_SURFACE('',#12180,33.1400000000121);
#112=CYLINDRICAL_SURFACE('',#12181,2.5);
#113=CYLINDRICAL_SURFACE('',#12183,0.999999999999999);
#114=CYLINDRICAL_SURFACE('',#12187,1.75);
#115=CYLINDRICAL_SURFACE('',#12191,6.68175675675677);
#116=CYLINDRICAL_SURFACE('',#12194,7.18175675675677);
#117=CYLINDRICAL_SURFACE('',#12198,6.68175675675676);
#118=CYLINDRICAL_SURFACE('',#12201,7.18175675675676);
#119=CYLINDRICAL_SURFACE('',#12211,7.68175675675677);
#120=CYLINDRICAL_SURFACE('',#12214,7.68175675675676);
#121=CYLINDRICAL_SURFACE('',#12221,8.);
#122=CYLINDRICAL_SURFACE('',#12228,34.);
#123=CYLINDRICAL_SURFACE('',#12232,9.);
#124=CYLINDRICAL_SURFACE('',#12234,35.);
#125=CYLINDRICAL_SURFACE('',#12236,0.5);
#126=CYLINDRICAL_SURFACE('',#12239,2.5);
#127=CYLINDRICAL_SURFACE('',#12245,6.);
#128=CYLINDRICAL_SURFACE('',#12254,9.);
#129=CYLINDRICAL_SURFACE('',#12352,14.5);
#130=CYLINDRICAL_SURFACE('',#12354,15.);
#131=CYLINDRICAL_SURFACE('',#12362,2.5);
#132=CYLINDRICAL_SURFACE('',#12363,2.5);
#133=CYLINDRICAL_SURFACE('',#12364,2.5);
#134=CYLINDRICAL_SURFACE('',#12365,35.);
#135=CYLINDRICAL_SURFACE('',#12369,2.25);
#136=CYLINDRICAL_SURFACE('',#12370,2.25);
#137=CYLINDRICAL_SURFACE('',#12371,2.5);
#138=CYLINDRICAL_SURFACE('',#12373,35.14);
#139=CYLINDRICAL_SURFACE('',#12375,3.5);
#140=CYLINDRICAL_SURFACE('',#12377,35.14);
#141=CYLINDRICAL_SURFACE('',#12379,3.5);
#142=CYLINDRICAL_SURFACE('',#12381,35.14);
#143=CYLINDRICAL_SURFACE('',#12383,3.5);
#144=CYLINDRICAL_SURFACE('',#12384,16.);
#145=CYLINDRICAL_SURFACE('',#12386,3.5);
#146=CYLINDRICAL_SURFACE('',#12400,1.95);
#147=CYLINDRICAL_SURFACE('',#12417,1.95);
#148=CYLINDRICAL_SURFACE('',#12426,1.);
#149=CYLINDRICAL_SURFACE('',#12431,1.);
#150=CYLINDRICAL_SURFACE('',#12432,1.75);
#151=CYLINDRICAL_SURFACE('',#12435,3.);
#152=CYLINDRICAL_SURFACE('',#12440,2.75);
#153=CYLINDRICAL_SURFACE('',#12444,4.);
#154=CYLINDRICAL_SURFACE('',#12448,4.);
#155=CYLINDRICAL_SURFACE('',#12453,3.);
#156=CYLINDRICAL_SURFACE('',#12456,4.75);
#157=FACE_BOUND('',#3637,.T.);
#158=FACE_BOUND('',#3638,.T.);
#159=FACE_BOUND('',#3639,.T.);
#160=FACE_BOUND('',#3640,.T.);
#161=FACE_BOUND('',#3687,.T.);
#162=FACE_BOUND('',#3702,.T.);
#163=FACE_BOUND('',#3717,.T.);
#164=FACE_BOUND('',#3732,.T.);
#165=FACE_BOUND('',#3750,.T.);
#166=FACE_BOUND('',#3751,.T.);
#167=FACE_BOUND('',#3752,.T.);
#168=FACE_BOUND('',#3753,.T.);
#169=FACE_BOUND('',#3773,.T.);
#170=FACE_BOUND('',#3778,.T.);
#171=FACE_BOUND('',#3783,.T.);
#172=FACE_BOUND('',#3787,.T.);
#173=FACE_BOUND('',#3792,.T.);
#174=FACE_BOUND('',#3820,.T.);
#175=FACE_BOUND('',#3821,.T.);
#176=FACE_BOUND('',#3822,.T.);
#177=FACE_BOUND('',#3823,.T.);
#178=FACE_BOUND('',#3824,.T.);
#179=FACE_BOUND('',#3825,.T.);
#180=FACE_BOUND('',#3856,.T.);
#181=FACE_BOUND('',#3875,.T.);
#182=FACE_BOUND('',#3890,.T.);
#183=FACE_BOUND('',#3905,.T.);
#184=FACE_BOUND('',#3907,.T.);
#185=FACE_BOUND('',#3909,.T.);
#186=FACE_BOUND('',#3911,.T.);
#187=FACE_BOUND('',#3926,.T.);
#188=FACE_BOUND('',#3941,.T.);
#189=FACE_BOUND('',#3956,.T.);
#190=FACE_BOUND('',#3971,.T.);
#191=FACE_BOUND('',#3973,.T.);
#192=FACE_BOUND('',#3975,.T.);
#193=FACE_BOUND('',#3977,.T.);
#194=FACE_BOUND('',#3979,.T.);
#195=FACE_BOUND('',#3999,.T.);
#196=FACE_BOUND('',#4012,.T.);
#197=FACE_BOUND('',#4021,.T.);
#198=FACE_BOUND('',#4030,.T.);
#199=FACE_BOUND('',#4039,.T.);
#200=FACE_BOUND('',#4045,.T.);
#201=FACE_BOUND('',#4046,.T.);
#202=FACE_BOUND('',#4047,.T.);
#203=FACE_BOUND('',#4075,.T.);
#204=FACE_BOUND('',#4078,.T.);
#205=FACE_BOUND('',#4080,.T.);
#206=FACE_BOUND('',#4083,.T.);
#207=FACE_BOUND('',#4085,.T.);
#208=FACE_BOUND('',#4088,.T.);
#209=FACE_BOUND('',#4091,.T.);
#210=FACE_BOUND('',#4092,.T.);
#211=FACE_BOUND('',#4096,.T.);
#212=FACE_BOUND('',#4098,.T.);
#213=FACE_BOUND('',#4105,.T.);
#214=FACE_BOUND('',#4107,.T.);
#215=FACE_BOUND('',#4108,.T.);
#216=FACE_BOUND('',#4109,.T.);
#217=FACE_BOUND('',#4110,.T.);
#218=FACE_BOUND('',#4111,.T.);
#219=FACE_BOUND('',#4112,.T.);
#220=FACE_BOUND('',#4132,.T.);
#221=FACE_BOUND('',#4145,.T.);
#222=FACE_BOUND('',#4161,.T.);
#223=FACE_BOUND('',#4186,.T.);
#224=FACE_BOUND('',#4206,.T.);
#225=FACE_BOUND('',#4221,.T.);
#226=FACE_BOUND('',#4222,.T.);
#227=FACE_BOUND('',#4223,.T.);
#228=FACE_BOUND('',#4224,.T.);
#229=FACE_BOUND('',#4225,.T.);
#230=FACE_BOUND('',#4226,.T.);
#231=FACE_BOUND('',#4227,.T.);
#232=FACE_BOUND('',#4235,.T.);
#233=FACE_BOUND('',#4237,.T.);
#234=FACE_BOUND('',#4238,.T.);
#235=FACE_BOUND('',#4239,.T.);
#236=FACE_BOUND('',#4240,.T.);
#237=FACE_BOUND('',#4281,.T.);
#238=FACE_BOUND('',#4283,.T.);
#239=FACE_BOUND('',#4298,.T.);
#240=FACE_BOUND('',#4300,.T.);
#241=FACE_BOUND('',#4308,.T.);
#242=FACE_BOUND('',#4310,.T.);
#243=FACE_BOUND('',#4317,.T.);
#244=FACE_BOUND('',#4319,.T.);
#245=FACE_BOUND('',#4323,.T.);
#246=FACE_BOUND('',#4325,.T.);
#247=LINE('',#15369,#1417);
#248=LINE('',#15371,#1418);
#249=LINE('',#15373,#1419);
#250=LINE('',#15375,#1420);
#251=LINE('',#15379,#1421);
#252=LINE('',#15383,#1422);
#253=LINE('',#15387,#1423);
#254=LINE('',#15391,#1424);
#255=LINE('',#15395,#1425);
#256=LINE('',#15399,#1426);
#257=LINE('',#15403,#1427);
#258=LINE('',#15405,#1428);
#259=LINE('',#15407,#1429);
#260=LINE('',#15411,#1430);
#261=LINE('',#15415,#1431);
#262=LINE('',#15419,#1432);
#263=LINE('',#15423,#1433);
#264=LINE('',#15427,#1434);
#265=LINE('',#15431,#1435);
#266=LINE('',#15433,#1436);
#267=LINE('',#15435,#1437);
#268=LINE('',#15437,#1438);
#269=LINE('',#15439,#1439);
#270=LINE('',#15440,#1440);
#271=LINE('',#15443,#1441);
#272=LINE('',#15445,#1442);
#273=LINE('',#15447,#1443);
#274=LINE('',#15449,#1444);
#275=LINE('',#15451,#1445);
#276=LINE('',#15452,#1446);
#277=LINE('',#15455,#1447);
#278=LINE('',#15457,#1448);
#279=LINE('',#15459,#1449);
#280=LINE('',#15461,#1450);
#281=LINE('',#15463,#1451);
#282=LINE('',#15464,#1452);
#283=LINE('',#15467,#1453);
#284=LINE('',#15469,#1454);
#285=LINE('',#15471,#1455);
#286=LINE('',#15473,#1456);
#287=LINE('',#15475,#1457);
#288=LINE('',#15476,#1458);
#289=LINE('',#15505,#1459);
#290=LINE('',#15507,#1460);
#291=LINE('',#15509,#1461);
#292=LINE('',#15522,#1462);
#293=LINE('',#15531,#1463);
#294=LINE('',#15533,#1464);
#295=LINE('',#15552,#1465);
#296=LINE('',#15619,#1466);
#297=LINE('',#15632,#1467);
#298=LINE('',#15645,#1468);
#299=LINE('',#15646,#1469);
#300=LINE('',#15647,#1470);
#301=LINE('',#15650,#1471);
#302=LINE('',#15664,#1472);
#303=LINE('',#15680,#1473);
#304=LINE('',#15682,#1474);
#305=LINE('',#15684,#1475);
#306=LINE('',#15686,#1476);
#307=LINE('',#15687,#1477);
#308=LINE('',#15714,#1478);
#309=LINE('',#15717,#1479);
#310=LINE('',#15747,#1480);
#311=LINE('',#15760,#1481);
#312=LINE('',#15773,#1482);
#313=LINE('',#15774,#1483);
#314=LINE('',#15786,#1484);
#315=LINE('',#15789,#1485);
#316=LINE('',#15816,#1486);
#317=LINE('',#15832,#1487);
#318=LINE('',#15834,#1488);
#319=LINE('',#15835,#1489);
#320=LINE('',#15886,#1490);
#321=LINE('',#15898,#1491);
#322=LINE('',#15900,#1492);
#323=LINE('',#15901,#1493);
#324=LINE('',#15919,#1494);
#325=LINE('',#15920,#1495);
#326=LINE('',#15921,#1496);
#327=LINE('',#15922,#1497);
#328=LINE('',#15928,#1498);
#329=LINE('',#15934,#1499);
#330=LINE('',#15936,#1500);
#331=LINE('',#15938,#1501);
#332=LINE('',#15939,#1502);
#333=LINE('',#15942,#1503);
#334=LINE('',#15944,#1504);
#335=LINE('',#15945,#1505);
#336=LINE('',#15948,#1506);
#337=LINE('',#15950,#1507);
#338=LINE('',#15951,#1508);
#339=LINE('',#15954,#1509);
#340=LINE('',#15956,#1510);
#341=LINE('',#15957,#1511);
#342=LINE('',#15960,#1512);
#343=LINE('',#15962,#1513);
#344=LINE('',#15963,#1514);
#345=LINE('',#15966,#1515);
#346=LINE('',#15968,#1516);
#347=LINE('',#15969,#1517);
#348=LINE('',#15972,#1518);
#349=LINE('',#15974,#1519);
#350=LINE('',#15975,#1520);
#351=LINE('',#15978,#1521);
#352=LINE('',#15980,#1522);
#353=LINE('',#15981,#1523);
#354=LINE('',#15984,#1524);
#355=LINE('',#15986,#1525);
#356=LINE('',#15987,#1526);
#357=LINE('',#15990,#1527);
#358=LINE('',#15992,#1528);
#359=LINE('',#15993,#1529);
#360=LINE('',#15996,#1530);
#361=LINE('',#15998,#1531);
#362=LINE('',#15999,#1532);
#363=LINE('',#16001,#1533);
#364=LINE('',#16002,#1534);
#365=LINE('',#16007,#1535);
#366=LINE('',#16013,#1536);
#367=LINE('',#16015,#1537);
#368=LINE('',#16017,#1538);
#369=LINE('',#16018,#1539);
#370=LINE('',#16021,#1540);
#371=LINE('',#16023,#1541);
#372=LINE('',#16024,#1542);
#373=LINE('',#16027,#1543);
#374=LINE('',#16029,#1544);
#375=LINE('',#16030,#1545);
#376=LINE('',#16033,#1546);
#377=LINE('',#16035,#1547);
#378=LINE('',#16036,#1548);
#379=LINE('',#16039,#1549);
#380=LINE('',#16041,#1550);
#381=LINE('',#16042,#1551);
#382=LINE('',#16045,#1552);
#383=LINE('',#16047,#1553);
#384=LINE('',#16048,#1554);
#385=LINE('',#16051,#1555);
#386=LINE('',#16053,#1556);
#387=LINE('',#16054,#1557);
#388=LINE('',#16057,#1558);
#389=LINE('',#16059,#1559);
#390=LINE('',#16060,#1560);
#391=LINE('',#16063,#1561);
#392=LINE('',#16065,#1562);
#393=LINE('',#16066,#1563);
#394=LINE('',#16069,#1564);
#395=LINE('',#16071,#1565);
#396=LINE('',#16072,#1566);
#397=LINE('',#16075,#1567);
#398=LINE('',#16077,#1568);
#399=LINE('',#16078,#1569);
#400=LINE('',#16080,#1570);
#401=LINE('',#16081,#1571);
#402=LINE('',#16086,#1572);
#403=LINE('',#16092,#1573);
#404=LINE('',#16094,#1574);
#405=LINE('',#16096,#1575);
#406=LINE('',#16097,#1576);
#407=LINE('',#16100,#1577);
#408=LINE('',#16102,#1578);
#409=LINE('',#16103,#1579);
#410=LINE('',#16106,#1580);
#411=LINE('',#16108,#1581);
#412=LINE('',#16109,#1582);
#413=LINE('',#16112,#1583);
#414=LINE('',#16114,#1584);
#415=LINE('',#16115,#1585);
#416=LINE('',#16118,#1586);
#417=LINE('',#16120,#1587);
#418=LINE('',#16121,#1588);
#419=LINE('',#16124,#1589);
#420=LINE('',#16126,#1590);
#421=LINE('',#16127,#1591);
#422=LINE('',#16130,#1592);
#423=LINE('',#16132,#1593);
#424=LINE('',#16133,#1594);
#425=LINE('',#16136,#1595);
#426=LINE('',#16138,#1596);
#427=LINE('',#16139,#1597);
#428=LINE('',#16142,#1598);
#429=LINE('',#16144,#1599);
#430=LINE('',#16145,#1600);
#431=LINE('',#16148,#1601);
#432=LINE('',#16150,#1602);
#433=LINE('',#16151,#1603);
#434=LINE('',#16154,#1604);
#435=LINE('',#16156,#1605);
#436=LINE('',#16157,#1606);
#437=LINE('',#16159,#1607);
#438=LINE('',#16160,#1608);
#439=LINE('',#16165,#1609);
#440=LINE('',#16171,#1610);
#441=LINE('',#16173,#1611);
#442=LINE('',#16175,#1612);
#443=LINE('',#16176,#1613);
#444=LINE('',#16179,#1614);
#445=LINE('',#16181,#1615);
#446=LINE('',#16182,#1616);
#447=LINE('',#16185,#1617);
#448=LINE('',#16187,#1618);
#449=LINE('',#16188,#1619);
#450=LINE('',#16191,#1620);
#451=LINE('',#16193,#1621);
#452=LINE('',#16194,#1622);
#453=LINE('',#16197,#1623);
#454=LINE('',#16199,#1624);
#455=LINE('',#16200,#1625);
#456=LINE('',#16203,#1626);
#457=LINE('',#16205,#1627);
#458=LINE('',#16206,#1628);
#459=LINE('',#16209,#1629);
#460=LINE('',#16211,#1630);
#461=LINE('',#16212,#1631);
#462=LINE('',#16215,#1632);
#463=LINE('',#16217,#1633);
#464=LINE('',#16218,#1634);
#465=LINE('',#16221,#1635);
#466=LINE('',#16223,#1636);
#467=LINE('',#16224,#1637);
#468=LINE('',#16227,#1638);
#469=LINE('',#16229,#1639);
#470=LINE('',#16230,#1640);
#471=LINE('',#16233,#1641);
#472=LINE('',#16235,#1642);
#473=LINE('',#16236,#1643);
#474=LINE('',#16238,#1644);
#475=LINE('',#16239,#1645);
#476=LINE('',#16244,#1646);
#477=LINE('',#16256,#1647);
#478=LINE('',#16259,#1648);
#479=LINE('',#16265,#1649);
#480=LINE('',#16268,#1650);
#481=LINE('',#16274,#1651);
#482=LINE('',#16277,#1652);
#483=LINE('',#16283,#1653);
#484=LINE('',#16286,#1654);
#485=LINE('',#16289,#1655);
#486=LINE('',#16292,#1656);
#487=LINE('',#16294,#1657);
#488=LINE('',#16296,#1658);
#489=LINE('',#16297,#1659);
#490=LINE('',#16301,#1660);
#491=LINE('',#16303,#1661);
#492=LINE('',#16305,#1662);
#493=LINE('',#16306,#1663);
#494=LINE('',#16310,#1664);
#495=LINE('',#16312,#1665);
#496=LINE('',#16314,#1666);
#497=LINE('',#16315,#1667);
#498=LINE('',#16319,#1668);
#499=LINE('',#16321,#1669);
#500=LINE('',#16322,#1670);
#501=LINE('',#16337,#1671);
#502=LINE('',#16339,#1672);
#503=LINE('',#16341,#1673);
#504=LINE('',#16342,#1674);
#505=LINE('',#16345,#1675);
#506=LINE('',#16347,#1676);
#507=LINE('',#16348,#1677);
#508=LINE('',#16351,#1678);
#509=LINE('',#16353,#1679);
#510=LINE('',#16354,#1680);
#511=LINE('',#16357,#1681);
#512=LINE('',#16359,#1682);
#513=LINE('',#16360,#1683);
#514=LINE('',#16363,#1684);
#515=LINE('',#16365,#1685);
#516=LINE('',#16366,#1686);
#517=LINE('',#16369,#1687);
#518=LINE('',#16371,#1688);
#519=LINE('',#16372,#1689);
#520=LINE('',#16375,#1690);
#521=LINE('',#16377,#1691);
#522=LINE('',#16378,#1692);
#523=LINE('',#16381,#1693);
#524=LINE('',#16383,#1694);
#525=LINE('',#16384,#1695);
#526=LINE('',#16387,#1696);
#527=LINE('',#16389,#1697);
#528=LINE('',#16390,#1698);
#529=LINE('',#16393,#1699);
#530=LINE('',#16395,#1700);
#531=LINE('',#16396,#1701);
#532=LINE('',#16399,#1702);
#533=LINE('',#16401,#1703);
#534=LINE('',#16402,#1704);
#535=LINE('',#16404,#1705);
#536=LINE('',#16405,#1706);
#537=LINE('',#16411,#1707);
#538=LINE('',#16418,#1708);
#539=LINE('',#16424,#1709);
#540=LINE('',#16429,#1710);
#541=LINE('',#16431,#1711);
#542=LINE('',#16433,#1712);
#543=LINE('',#16434,#1713);
#544=LINE('',#16437,#1714);
#545=LINE('',#16439,#1715);
#546=LINE('',#16441,#1716);
#547=LINE('',#16443,#1717);
#548=LINE('',#16444,#1718);
#549=LINE('',#16447,#1719);
#550=LINE('',#16448,#1720);
#551=LINE('',#16451,#1721);
#552=LINE('',#16452,#1722);
#553=LINE('',#16456,#1723);
#554=LINE('',#16458,#1724);
#555=LINE('',#16460,#1725);
#556=LINE('',#16461,#1726);
#557=LINE('',#16464,#1727);
#558=LINE('',#16466,#1728);
#559=LINE('',#16468,#1729);
#560=LINE('',#16470,#1730);
#561=LINE('',#16471,#1731);
#562=LINE('',#16474,#1732);
#563=LINE('',#16475,#1733);
#564=LINE('',#16478,#1734);
#565=LINE('',#16479,#1735);
#566=LINE('',#16482,#1736);
#567=LINE('',#16484,#1737);
#568=LINE('',#16485,#1738);
#569=LINE('',#16487,#1739);
#570=LINE('',#16489,#1740);
#571=LINE('',#16492,#1741);
#572=LINE('',#16493,#1742);
#573=LINE('',#16496,#1743);
#574=LINE('',#16497,#1744);
#575=LINE('',#16499,#1745);
#576=LINE('',#16505,#1746);
#577=LINE('',#16512,#1747);
#578=LINE('',#16518,#1748);
#579=LINE('',#16521,#1749);
#580=LINE('',#16531,#1750);
#581=LINE('',#16534,#1751);
#582=LINE('',#16540,#1752);
#583=LINE('',#16543,#1753);
#584=LINE('',#16546,#1754);
#585=LINE('',#16548,#1755);
#586=LINE('',#16549,#1756);
#587=LINE('',#16555,#1757);
#588=LINE('',#16557,#1758);
#589=LINE('',#16558,#1759);
#590=LINE('',#16562,#1760);
#591=LINE('',#16564,#1761);
#592=LINE('',#16566,#1762);
#593=LINE('',#16567,#1763);
#594=LINE('',#16573,#1764);
#595=LINE('',#16576,#1765);
#596=LINE('',#16578,#1766);
#597=LINE('',#16579,#1767);
#598=LINE('',#16588,#1768);
#599=LINE('',#16591,#1769);
#600=LINE('',#16595,#1770);
#601=LINE('',#16597,#1771);
#602=LINE('',#16598,#1772);
#603=LINE('',#16600,#1773);
#604=LINE('',#16601,#1774);
#605=LINE('',#16605,#1775);
#606=LINE('',#16607,#1776);
#607=LINE('',#16609,#1777);
#608=LINE('',#16611,#1778);
#609=LINE('',#16613,#1779);
#610=LINE('',#16614,#1780);
#611=LINE('',#16620,#1781);
#612=LINE('',#16623,#1782);
#613=LINE('',#16624,#1783);
#614=LINE('',#16626,#1784);
#615=LINE('',#16627,#1785);
#616=LINE('',#16630,#1786);
#617=LINE('',#16633,#1787);
#618=LINE('',#16636,#1788);
#619=LINE('',#16638,#1789);
#620=LINE('',#16640,#1790);
#621=LINE('',#16642,#1791);
#622=LINE('',#16643,#1792);
#623=LINE('',#16649,#1793);
#624=LINE('',#16652,#1794);
#625=LINE('',#16653,#1795);
#626=LINE('',#16655,#1796);
#627=LINE('',#16656,#1797);
#628=LINE('',#16659,#1798);
#629=LINE('',#16661,#1799);
#630=LINE('',#16663,#1800);
#631=LINE('',#16665,#1801);
#632=LINE('',#16666,#1802);
#633=LINE('',#16672,#1803);
#634=LINE('',#16675,#1804);
#635=LINE('',#16676,#1805);
#636=LINE('',#16678,#1806);
#637=LINE('',#16679,#1807);
#638=LINE('',#16682,#1808);
#639=LINE('',#16685,#1809);
#640=LINE('',#16687,#1810);
#641=LINE('',#16689,#1811);
#642=LINE('',#16691,#1812);
#643=LINE('',#16692,#1813);
#644=LINE('',#16696,#1814);
#645=LINE('',#16698,#1815);
#646=LINE('',#16705,#1816);
#647=LINE('',#16707,#1817);
#648=LINE('',#16719,#1818);
#649=LINE('',#16725,#1819);
#650=LINE('',#16731,#1820);
#651=LINE('',#16737,#1821);
#652=LINE('',#16750,#1822);
#653=LINE('',#16755,#1823);
#654=LINE('',#16757,#1824);
#655=LINE('',#16759,#1825);
#656=LINE('',#16760,#1826);
#657=LINE('',#16763,#1827);
#658=LINE('',#16768,#1828);
#659=LINE('',#16769,#1829);
#660=LINE('',#16772,#1830);
#661=LINE('',#16774,#1831);
#662=LINE('',#16775,#1832);
#663=LINE('',#16780,#1833);
#664=LINE('',#16784,#1834);
#665=LINE('',#16786,#1835);
#666=LINE('',#16787,#1836);
#667=LINE('',#16790,#1837);
#668=LINE('',#16792,#1838);
#669=LINE('',#16793,#1839);
#670=LINE('',#16796,#1840);
#671=LINE('',#16800,#1841);
#672=LINE('',#16801,#1842);
#673=LINE('',#16805,#1843);
#674=LINE('',#16807,#1844);
#675=LINE('',#16809,#1845);
#676=LINE('',#16810,#1846);
#677=LINE('',#16813,#1847);
#678=LINE('',#16818,#1848);
#679=LINE('',#16819,#1849);
#680=LINE('',#16822,#1850);
#681=LINE('',#16824,#1851);
#682=LINE('',#16825,#1852);
#683=LINE('',#16830,#1853);
#684=LINE('',#16834,#1854);
#685=LINE('',#16836,#1855);
#686=LINE('',#16837,#1856);
#687=LINE('',#16840,#1857);
#688=LINE('',#16842,#1858);
#689=LINE('',#16843,#1859);
#690=LINE('',#16846,#1860);
#691=LINE('',#16850,#1861);
#692=LINE('',#16851,#1862);
#693=LINE('',#16870,#1863);
#694=LINE('',#16872,#1864);
#695=LINE('',#16874,#1865);
#696=LINE('',#16875,#1866);
#697=LINE('',#16878,#1867);
#698=LINE('',#16880,#1868);
#699=LINE('',#16881,#1869);
#700=LINE('',#16884,#1870);
#701=LINE('',#16886,#1871);
#702=LINE('',#16887,#1872);
#703=LINE('',#16890,#1873);
#704=LINE('',#16892,#1874);
#705=LINE('',#16893,#1875);
#706=LINE('',#16896,#1876);
#707=LINE('',#16898,#1877);
#708=LINE('',#16899,#1878);
#709=LINE('',#16902,#1879);
#710=LINE('',#16904,#1880);
#711=LINE('',#16905,#1881);
#712=LINE('',#16908,#1882);
#713=LINE('',#16910,#1883);
#714=LINE('',#16911,#1884);
#715=LINE('',#16914,#1885);
#716=LINE('',#16916,#1886);
#717=LINE('',#16917,#1887);
#718=LINE('',#16920,#1888);
#719=LINE('',#16922,#1889);
#720=LINE('',#16923,#1890);
#721=LINE('',#16926,#1891);
#722=LINE('',#16928,#1892);
#723=LINE('',#16929,#1893);
#724=LINE('',#16932,#1894);
#725=LINE('',#16934,#1895);
#726=LINE('',#16935,#1896);
#727=LINE('',#16937,#1897);
#728=LINE('',#16938,#1898);
#729=LINE('',#16943,#1899);
#730=LINE('',#16949,#1900);
#731=LINE('',#16951,#1901);
#732=LINE('',#16953,#1902);
#733=LINE('',#16954,#1903);
#734=LINE('',#16957,#1904);
#735=LINE('',#16959,#1905);
#736=LINE('',#16960,#1906);
#737=LINE('',#16963,#1907);
#738=LINE('',#16965,#1908);
#739=LINE('',#16966,#1909);
#740=LINE('',#16969,#1910);
#741=LINE('',#16971,#1911);
#742=LINE('',#16972,#1912);
#743=LINE('',#16975,#1913);
#744=LINE('',#16977,#1914);
#745=LINE('',#16978,#1915);
#746=LINE('',#16981,#1916);
#747=LINE('',#16983,#1917);
#748=LINE('',#16984,#1918);
#749=LINE('',#16987,#1919);
#750=LINE('',#16989,#1920);
#751=LINE('',#16990,#1921);
#752=LINE('',#16993,#1922);
#753=LINE('',#16995,#1923);
#754=LINE('',#16996,#1924);
#755=LINE('',#16999,#1925);
#756=LINE('',#17001,#1926);
#757=LINE('',#17002,#1927);
#758=LINE('',#17005,#1928);
#759=LINE('',#17007,#1929);
#760=LINE('',#17008,#1930);
#761=LINE('',#17011,#1931);
#762=LINE('',#17013,#1932);
#763=LINE('',#17014,#1933);
#764=LINE('',#17016,#1934);
#765=LINE('',#17017,#1935);
#766=LINE('',#17022,#1936);
#767=LINE('',#17028,#1937);
#768=LINE('',#17030,#1938);
#769=LINE('',#17032,#1939);
#770=LINE('',#17033,#1940);
#771=LINE('',#17036,#1941);
#772=LINE('',#17038,#1942);
#773=LINE('',#17039,#1943);
#774=LINE('',#17042,#1944);
#775=LINE('',#17044,#1945);
#776=LINE('',#17045,#1946);
#777=LINE('',#17048,#1947);
#778=LINE('',#17050,#1948);
#779=LINE('',#17051,#1949);
#780=LINE('',#17054,#1950);
#781=LINE('',#17056,#1951);
#782=LINE('',#17057,#1952);
#783=LINE('',#17060,#1953);
#784=LINE('',#17062,#1954);
#785=LINE('',#17063,#1955);
#786=LINE('',#17066,#1956);
#787=LINE('',#17068,#1957);
#788=LINE('',#17069,#1958);
#789=LINE('',#17072,#1959);
#790=LINE('',#17074,#1960);
#791=LINE('',#17075,#1961);
#792=LINE('',#17078,#1962);
#793=LINE('',#17080,#1963);
#794=LINE('',#17081,#1964);
#795=LINE('',#17084,#1965);
#796=LINE('',#17086,#1966);
#797=LINE('',#17087,#1967);
#798=LINE('',#17090,#1968);
#799=LINE('',#17092,#1969);
#800=LINE('',#17093,#1970);
#801=LINE('',#17095,#1971);
#802=LINE('',#17096,#1972);
#803=LINE('',#17101,#1973);
#804=LINE('',#17116,#1974);
#805=LINE('',#17118,#1975);
#806=LINE('',#17120,#1976);
#807=LINE('',#17121,#1977);
#808=LINE('',#17124,#1978);
#809=LINE('',#17126,#1979);
#810=LINE('',#17127,#1980);
#811=LINE('',#17130,#1981);
#812=LINE('',#17132,#1982);
#813=LINE('',#17133,#1983);
#814=LINE('',#17136,#1984);
#815=LINE('',#17138,#1985);
#816=LINE('',#17139,#1986);
#817=LINE('',#17142,#1987);
#818=LINE('',#17144,#1988);
#819=LINE('',#17145,#1989);
#820=LINE('',#17148,#1990);
#821=LINE('',#17150,#1991);
#822=LINE('',#17151,#1992);
#823=LINE('',#17154,#1993);
#824=LINE('',#17156,#1994);
#825=LINE('',#17157,#1995);
#826=LINE('',#17160,#1996);
#827=LINE('',#17162,#1997);
#828=LINE('',#17163,#1998);
#829=LINE('',#17166,#1999);
#830=LINE('',#17168,#2000);
#831=LINE('',#17169,#2001);
#832=LINE('',#17172,#2002);
#833=LINE('',#17174,#2003);
#834=LINE('',#17175,#2004);
#835=LINE('',#17178,#2005);
#836=LINE('',#17180,#2006);
#837=LINE('',#17181,#2007);
#838=LINE('',#17183,#2008);
#839=LINE('',#17184,#2009);
#840=LINE('',#17189,#2010);
#841=LINE('',#17195,#2011);
#842=LINE('',#17197,#2012);
#843=LINE('',#17199,#2013);
#844=LINE('',#17200,#2014);
#845=LINE('',#17203,#2015);
#846=LINE('',#17205,#2016);
#847=LINE('',#17206,#2017);
#848=LINE('',#17209,#2018);
#849=LINE('',#17211,#2019);
#850=LINE('',#17212,#2020);
#851=LINE('',#17215,#2021);
#852=LINE('',#17217,#2022);
#853=LINE('',#17218,#2023);
#854=LINE('',#17221,#2024);
#855=LINE('',#17223,#2025);
#856=LINE('',#17224,#2026);
#857=LINE('',#17227,#2027);
#858=LINE('',#17229,#2028);
#859=LINE('',#17230,#2029);
#860=LINE('',#17233,#2030);
#861=LINE('',#17235,#2031);
#862=LINE('',#17236,#2032);
#863=LINE('',#17239,#2033);
#864=LINE('',#17241,#2034);
#865=LINE('',#17242,#2035);
#866=LINE('',#17245,#2036);
#867=LINE('',#17247,#2037);
#868=LINE('',#17248,#2038);
#869=LINE('',#17251,#2039);
#870=LINE('',#17253,#2040);
#871=LINE('',#17254,#2041);
#872=LINE('',#17257,#2042);
#873=LINE('',#17259,#2043);
#874=LINE('',#17260,#2044);
#875=LINE('',#17262,#2045);
#876=LINE('',#17263,#2046);
#877=LINE('',#17268,#2047);
#878=LINE('',#17274,#2048);
#879=LINE('',#17276,#2049);
#880=LINE('',#17278,#2050);
#881=LINE('',#17279,#2051);
#882=LINE('',#17282,#2052);
#883=LINE('',#17284,#2053);
#884=LINE('',#17285,#2054);
#885=LINE('',#17288,#2055);
#886=LINE('',#17290,#2056);
#887=LINE('',#17291,#2057);
#888=LINE('',#17294,#2058);
#889=LINE('',#17296,#2059);
#890=LINE('',#17297,#2060);
#891=LINE('',#17300,#2061);
#892=LINE('',#17302,#2062);
#893=LINE('',#17303,#2063);
#894=LINE('',#17306,#2064);
#895=LINE('',#17308,#2065);
#896=LINE('',#17309,#2066);
#897=LINE('',#17312,#2067);
#898=LINE('',#17314,#2068);
#899=LINE('',#17315,#2069);
#900=LINE('',#17318,#2070);
#901=LINE('',#17320,#2071);
#902=LINE('',#17321,#2072);
#903=LINE('',#17324,#2073);
#904=LINE('',#17326,#2074);
#905=LINE('',#17327,#2075);
#906=LINE('',#17330,#2076);
#907=LINE('',#17332,#2077);
#908=LINE('',#17333,#2078);
#909=LINE('',#17336,#2079);
#910=LINE('',#17338,#2080);
#911=LINE('',#17339,#2081);
#912=LINE('',#17341,#2082);
#913=LINE('',#17342,#2083);
#914=LINE('',#17347,#2084);
#915=LINE('',#17353,#2085);
#916=LINE('',#17355,#2086);
#917=LINE('',#17357,#2087);
#918=LINE('',#17358,#2088);
#919=LINE('',#17361,#2089);
#920=LINE('',#17363,#2090);
#921=LINE('',#17364,#2091);
#922=LINE('',#17367,#2092);
#923=LINE('',#17369,#2093);
#924=LINE('',#17370,#2094);
#925=LINE('',#17373,#2095);
#926=LINE('',#17375,#2096);
#927=LINE('',#17376,#2097);
#928=LINE('',#17379,#2098);
#929=LINE('',#17381,#2099);
#930=LINE('',#17382,#2100);
#931=LINE('',#17385,#2101);
#932=LINE('',#17387,#2102);
#933=LINE('',#17388,#2103);
#934=LINE('',#17391,#2104);
#935=LINE('',#17393,#2105);
#936=LINE('',#17394,#2106);
#937=LINE('',#17397,#2107);
#938=LINE('',#17399,#2108);
#939=LINE('',#17400,#2109);
#940=LINE('',#17403,#2110);
#941=LINE('',#17405,#2111);
#942=LINE('',#17406,#2112);
#943=LINE('',#17409,#2113);
#944=LINE('',#17411,#2114);
#945=LINE('',#17412,#2115);
#946=LINE('',#17415,#2116);
#947=LINE('',#17417,#2117);
#948=LINE('',#17418,#2118);
#949=LINE('',#17420,#2119);
#950=LINE('',#17421,#2120);
#951=LINE('',#17426,#2121);
#952=LINE('',#17443,#2122);
#953=LINE('',#17451,#2123);
#954=LINE('',#17454,#2124);
#955=LINE('',#17455,#2125);
#956=LINE('',#17458,#2126);
#957=LINE('',#17460,#2127);
#958=LINE('',#17461,#2128);
#959=LINE('',#17466,#2129);
#960=LINE('',#17469,#2130);
#961=LINE('',#17470,#2131);
#962=LINE('',#17473,#2132);
#963=LINE('',#17475,#2133);
#964=LINE('',#17476,#2134);
#965=LINE('',#17479,#2135);
#966=LINE('',#17482,#2136);
#967=LINE('',#17483,#2137);
#968=LINE('',#17486,#2138);
#969=LINE('',#17491,#2139);
#970=LINE('',#17493,#2140);
#971=LINE('',#17495,#2141);
#972=LINE('',#17496,#2142);
#973=LINE('',#17502,#2143);
#974=LINE('',#17505,#2144);
#975=LINE('',#17507,#2145);
#976=LINE('',#17508,#2146);
#977=LINE('',#17514,#2147);
#978=LINE('',#17517,#2148);
#979=LINE('',#17519,#2149);
#980=LINE('',#17520,#2150);
#981=LINE('',#17526,#2151);
#982=LINE('',#17529,#2152);
#983=LINE('',#17530,#2153);
#984=LINE('',#17532,#2154);
#985=LINE('',#17533,#2155);
#986=LINE('',#17546,#2156);
#987=LINE('',#17550,#2157);
#988=LINE('',#17552,#2158);
#989=LINE('',#17553,#2159);
#990=LINE('',#17556,#2160);
#991=LINE('',#17557,#2161);
#992=LINE('',#17560,#2162);
#993=LINE('',#17561,#2163);
#994=LINE('',#17564,#2164);
#995=LINE('',#17565,#2165);
#996=LINE('',#17568,#2166);
#997=LINE('',#17569,#2167);
#998=LINE('',#17571,#2168);
#999=LINE('',#17577,#2169);
#1000=LINE('',#17581,#2170);
#1001=LINE('',#17583,#2171);
#1002=LINE('',#17584,#2172);
#1003=LINE('',#17587,#2173);
#1004=LINE('',#17588,#2174);
#1005=LINE('',#17591,#2175);
#1006=LINE('',#17592,#2176);
#1007=LINE('',#17595,#2177);
#1008=LINE('',#17596,#2178);
#1009=LINE('',#17599,#2179);
#1010=LINE('',#17600,#2180);
#1011=LINE('',#17602,#2181);
#1012=LINE('',#17608,#2182);
#1013=LINE('',#17612,#2183);
#1014=LINE('',#17614,#2184);
#1015=LINE('',#17615,#2185);
#1016=LINE('',#17618,#2186);
#1017=LINE('',#17619,#2187);
#1018=LINE('',#17622,#2188);
#1019=LINE('',#17623,#2189);
#1020=LINE('',#17626,#2190);
#1021=LINE('',#17627,#2191);
#1022=LINE('',#17630,#2192);
#1023=LINE('',#17631,#2193);
#1024=LINE('',#17633,#2194);
#1025=LINE('',#17639,#2195);
#1026=LINE('',#17643,#2196);
#1027=LINE('',#17645,#2197);
#1028=LINE('',#17646,#2198);
#1029=LINE('',#17649,#2199);
#1030=LINE('',#17650,#2200);
#1031=LINE('',#17653,#2201);
#1032=LINE('',#17654,#2202);
#1033=LINE('',#17657,#2203);
#1034=LINE('',#17658,#2204);
#1035=LINE('',#17661,#2205);
#1036=LINE('',#17662,#2206);
#1037=LINE('',#17664,#2207);
#1038=LINE('',#17685,#2208);
#1039=LINE('',#17689,#2209);
#1040=LINE('',#17696,#2210);
#1041=LINE('',#17701,#2211);
#1042=LINE('',#17708,#2212);
#1043=LINE('',#17716,#2213);
#1044=LINE('',#17719,#2214);
#1045=LINE('',#17725,#2215);
#1046=LINE('',#17728,#2216);
#1047=LINE('',#17730,#2217);
#1048=LINE('',#17731,#2218);
#1049=LINE('',#17737,#2219);
#1050=LINE('',#17740,#2220);
#1051=LINE('',#17746,#2221);
#1052=LINE('',#17749,#2222);
#1053=LINE('',#17751,#2223);
#1054=LINE('',#17752,#2224);
#1055=LINE('',#17755,#2225);
#1056=LINE('',#17757,#2226);
#1057=LINE('',#17761,#2227);
#1058=LINE('',#17762,#2228);
#1059=LINE('',#17763,#2229);
#1060=LINE('',#17767,#2230);
#1061=LINE('',#17770,#2231);
#1062=LINE('',#17790,#2232);
#1063=LINE('',#17792,#2233);
#1064=LINE('',#17794,#2234);
#1065=LINE('',#17921,#2235);
#1066=LINE('',#17933,#2236);
#1067=LINE('',#17941,#2237);
#1068=LINE('',#17945,#2238);
#1069=LINE('',#17950,#2239);
#1070=LINE('',#17956,#2240);
#1071=LINE('',#17965,#2241);
#1072=LINE('',#17979,#2242);
#1073=LINE('',#17989,#2243);
#1074=LINE('',#17994,#2244);
#1075=LINE('',#17998,#2245);
#1076=LINE('',#18002,#2246);
#1077=LINE('',#18006,#2247);
#1078=LINE('',#18010,#2248);
#1079=LINE('',#18013,#2249);
#1080=LINE('',#18039,#2250);
#1081=LINE('',#18045,#2251);
#1082=LINE('',#18048,#2252);
#1083=LINE('',#18050,#2253);
#1084=LINE('',#18051,#2254);
#1085=LINE('',#18054,#2255);
#1086=LINE('',#18056,#2256);
#1087=LINE('',#18057,#2257);
#1088=LINE('',#18060,#2258);
#1089=LINE('',#18062,#2259);
#1090=LINE('',#18063,#2260);
#1091=LINE('',#18082,#2261);
#1092=LINE('',#18101,#2262);
#1093=LINE('',#18121,#2263);
#1094=LINE('',#18123,#2264);
#1095=LINE('',#18125,#2265);
#1096=LINE('',#18126,#2266);
#1097=LINE('',#18141,#2267);
#1098=LINE('',#18160,#2268);
#1099=LINE('',#18179,#2269);
#1100=LINE('',#18186,#2270);
#1101=LINE('',#18188,#2271);
#1102=LINE('',#18189,#2272);
#1103=LINE('',#18192,#2273);
#1104=LINE('',#18194,#2274);
#1105=LINE('',#18195,#2275);
#1106=LINE('',#18198,#2276);
#1107=LINE('',#18200,#2277);
#1108=LINE('',#18201,#2278);
#1109=LINE('',#18204,#2279);
#1110=LINE('',#18206,#2280);
#1111=LINE('',#18207,#2281);
#1112=LINE('',#18210,#2282);
#1113=LINE('',#18212,#2283);
#1114=LINE('',#18213,#2284);
#1115=LINE('',#18216,#2285);
#1116=LINE('',#18218,#2286);
#1117=LINE('',#18219,#2287);
#1118=LINE('',#18221,#2288);
#1119=LINE('',#18222,#2289);
#1120=LINE('',#18227,#2290);
#1121=LINE('',#18229,#2291);
#1122=LINE('',#18231,#2292);
#1123=LINE('',#18232,#2293);
#1124=LINE('',#18235,#2294);
#1125=LINE('',#18237,#2295);
#1126=LINE('',#18238,#2296);
#1127=LINE('',#18240,#2297);
#1128=LINE('',#18241,#2298);
#1129=LINE('',#18245,#2299);
#1130=LINE('',#18247,#2300);
#1131=LINE('',#18249,#2301);
#1132=LINE('',#18250,#2302);
#1133=LINE('',#18253,#2303);
#1134=LINE('',#18255,#2304);
#1135=LINE('',#18256,#2305);
#1136=LINE('',#18259,#2306);
#1137=LINE('',#18261,#2307);
#1138=LINE('',#18262,#2308);
#1139=LINE('',#18265,#2309);
#1140=LINE('',#18267,#2310);
#1141=LINE('',#18268,#2311);
#1142=LINE('',#18271,#2312);
#1143=LINE('',#18273,#2313);
#1144=LINE('',#18274,#2314);
#1145=LINE('',#18277,#2315);
#1146=LINE('',#18279,#2316);
#1147=LINE('',#18280,#2317);
#1148=LINE('',#18283,#2318);
#1149=LINE('',#18285,#2319);
#1150=LINE('',#18286,#2320);
#1151=LINE('',#18288,#2321);
#1152=LINE('',#18289,#2322);
#1153=LINE('',#18306,#2323);
#1154=LINE('',#18312,#2324);
#1155=LINE('',#18315,#2325);
#1156=LINE('',#18317,#2326);
#1157=LINE('',#18318,#2327);
#1158=LINE('',#18321,#2328);
#1159=LINE('',#18323,#2329);
#1160=LINE('',#18324,#2330);
#1161=LINE('',#18327,#2331);
#1162=LINE('',#18329,#2332);
#1163=LINE('',#18330,#2333);
#1164=LINE('',#18349,#2334);
#1165=LINE('',#18368,#2335);
#1166=LINE('',#18400,#2336);
#1167=LINE('',#18406,#2337);
#1168=LINE('',#18421,#2338);
#1169=LINE('',#18428,#2339);
#1170=LINE('',#18430,#2340);
#1171=LINE('',#18431,#2341);
#1172=LINE('',#18434,#2342);
#1173=LINE('',#18436,#2343);
#1174=LINE('',#18437,#2344);
#1175=LINE('',#18440,#2345);
#1176=LINE('',#18442,#2346);
#1177=LINE('',#18443,#2347);
#1178=LINE('',#18458,#2348);
#1179=LINE('',#18483,#2349);
#1180=LINE('',#18485,#2350);
#1181=LINE('',#18487,#2351);
#1182=LINE('',#18488,#2352);
#1183=LINE('',#18491,#2353);
#1184=LINE('',#18493,#2354);
#1185=LINE('',#18494,#2355);
#1186=LINE('',#18497,#2356);
#1187=LINE('',#18499,#2357);
#1188=LINE('',#18500,#2358);
#1189=LINE('',#18503,#2359);
#1190=LINE('',#18505,#2360);
#1191=LINE('',#18506,#2361);
#1192=LINE('',#18509,#2362);
#1193=LINE('',#18511,#2363);
#1194=LINE('',#18512,#2364);
#1195=LINE('',#18514,#2365);
#1196=LINE('',#18515,#2366);
#1197=LINE('',#18532,#2367);
#1198=LINE('',#18538,#2368);
#1199=LINE('',#18541,#2369);
#1200=LINE('',#18543,#2370);
#1201=LINE('',#18544,#2371);
#1202=LINE('',#18547,#2372);
#1203=LINE('',#18549,#2373);
#1204=LINE('',#18550,#2374);
#1205=LINE('',#18553,#2375);
#1206=LINE('',#18555,#2376);
#1207=LINE('',#18556,#2377);
#1208=LINE('',#18575,#2378);
#1209=LINE('',#18594,#2379);
#1210=LINE('',#18626,#2380);
#1211=LINE('',#18632,#2381);
#1212=LINE('',#18647,#2382);
#1213=LINE('',#18654,#2383);
#1214=LINE('',#18656,#2384);
#1215=LINE('',#18657,#2385);
#1216=LINE('',#18660,#2386);
#1217=LINE('',#18662,#2387);
#1218=LINE('',#18663,#2388);
#1219=LINE('',#18666,#2389);
#1220=LINE('',#18668,#2390);
#1221=LINE('',#18669,#2391);
#1222=LINE('',#18672,#2392);
#1223=LINE('',#18674,#2393);
#1224=LINE('',#18675,#2394);
#1225=LINE('',#18678,#2395);
#1226=LINE('',#18680,#2396);
#1227=LINE('',#18681,#2397);
#1228=LINE('',#18696,#2398);
#1229=LINE('',#18733,#2399);
#1230=LINE('',#18739,#2400);
#1231=LINE('',#18742,#2401);
#1232=LINE('',#18744,#2402);
#1233=LINE('',#18745,#2403);
#1234=LINE('',#18748,#2404);
#1235=LINE('',#18750,#2405);
#1236=LINE('',#18751,#2406);
#1237=LINE('',#18754,#2407);
#1238=LINE('',#18756,#2408);
#1239=LINE('',#18757,#2409);
#1240=LINE('',#18776,#2410);
#1241=LINE('',#18795,#2411);
#1242=LINE('',#18815,#2412);
#1243=LINE('',#18817,#2413);
#1244=LINE('',#18819,#2414);
#1245=LINE('',#18820,#2415);
#1246=LINE('',#18835,#2416);
#1247=LINE('',#18854,#2417);
#1248=LINE('',#18873,#2418);
#1249=LINE('',#18880,#2419);
#1250=LINE('',#18882,#2420);
#1251=LINE('',#18883,#2421);
#1252=LINE('',#18886,#2422);
#1253=LINE('',#18888,#2423);
#1254=LINE('',#18889,#2424);
#1255=LINE('',#18892,#2425);
#1256=LINE('',#18894,#2426);
#1257=LINE('',#18895,#2427);
#1258=LINE('',#18898,#2428);
#1259=LINE('',#18900,#2429);
#1260=LINE('',#18901,#2430);
#1261=LINE('',#18904,#2431);
#1262=LINE('',#18906,#2432);
#1263=LINE('',#18907,#2433);
#1264=LINE('',#18910,#2434);
#1265=LINE('',#18912,#2435);
#1266=LINE('',#18913,#2436);
#1267=LINE('',#18915,#2437);
#1268=LINE('',#18916,#2438);
#1269=LINE('',#18921,#2439);
#1270=LINE('',#18923,#2440);
#1271=LINE('',#18925,#2441);
#1272=LINE('',#18926,#2442);
#1273=LINE('',#18929,#2443);
#1274=LINE('',#18931,#2444);
#1275=LINE('',#18932,#2445);
#1276=LINE('',#18935,#2446);
#1277=LINE('',#18937,#2447);
#1278=LINE('',#18938,#2448);
#1279=LINE('',#18941,#2449);
#1280=LINE('',#18943,#2450);
#1281=LINE('',#18944,#2451);
#1282=LINE('',#18947,#2452);
#1283=LINE('',#18949,#2453);
#1284=LINE('',#18950,#2454);
#1285=LINE('',#18953,#2455);
#1286=LINE('',#18955,#2456);
#1287=LINE('',#18956,#2457);
#1288=LINE('',#18959,#2458);
#1289=LINE('',#18961,#2459);
#1290=LINE('',#18962,#2460);
#1291=LINE('',#18965,#2461);
#1292=LINE('',#18967,#2462);
#1293=LINE('',#18968,#2463);
#1294=LINE('',#18971,#2464);
#1295=LINE('',#18973,#2465);
#1296=LINE('',#18974,#2466);
#1297=LINE('',#18977,#2467);
#1298=LINE('',#18979,#2468);
#1299=LINE('',#18980,#2469);
#1300=LINE('',#18983,#2470);
#1301=LINE('',#18985,#2471);
#1302=LINE('',#18986,#2472);
#1303=LINE('',#18988,#2473);
#1304=LINE('',#18989,#2474);
#1305=LINE('',#19000,#2475);
#1306=LINE('',#19006,#2476);
#1307=LINE('',#19017,#2477);
#1308=LINE('',#19019,#2478);
#1309=LINE('',#19021,#2479);
#1310=LINE('',#19023,#2480);
#1311=LINE('',#19028,#2481);
#1312=LINE('',#19030,#2482);
#1313=LINE('',#19032,#2483);
#1314=LINE('',#19034,#2484);
#1315=LINE('',#19035,#2485);
#1316=LINE('',#19037,#2486);
#1317=LINE('',#19039,#2487);
#1318=LINE('',#19041,#2488);
#1319=LINE('',#19043,#2489);
#1320=LINE('',#19045,#2490);
#1321=LINE('',#19047,#2491);
#1322=LINE('',#19049,#2492);
#1323=LINE('',#19051,#2493);
#1324=LINE('',#19053,#2494);
#1325=LINE('',#19055,#2495);
#1326=LINE('',#19058,#2496);
#1327=LINE('',#19060,#2497);
#1328=LINE('',#19066,#2498);
#1329=LINE('',#19068,#2499);
#1330=LINE('',#19070,#2500);
#1331=LINE('',#19071,#2501);
#1332=LINE('',#19074,#2502);
#1333=LINE('',#19076,#2503);
#1334=LINE('',#19077,#2504);
#1335=LINE('',#19080,#2505);
#1336=LINE('',#19082,#2506);
#1337=LINE('',#19083,#2507);
#1338=LINE('',#19086,#2508);
#1339=LINE('',#19088,#2509);
#1340=LINE('',#19089,#2510);
#1341=LINE('',#19092,#2511);
#1342=LINE('',#19094,#2512);
#1343=LINE('',#19095,#2513);
#1344=LINE('',#19098,#2514);
#1345=LINE('',#19100,#2515);
#1346=LINE('',#19101,#2516);
#1347=LINE('',#19104,#2517);
#1348=LINE('',#19106,#2518);
#1349=LINE('',#19107,#2519);
#1350=LINE('',#19110,#2520);
#1351=LINE('',#19112,#2521);
#1352=LINE('',#19113,#2522);
#1353=LINE('',#19116,#2523);
#1354=LINE('',#19118,#2524);
#1355=LINE('',#19119,#2525);
#1356=LINE('',#19122,#2526);
#1357=LINE('',#19124,#2527);
#1358=LINE('',#19125,#2528);
#1359=LINE('',#19128,#2529);
#1360=LINE('',#19130,#2530);
#1361=LINE('',#19131,#2531);
#1362=LINE('',#19133,#2532);
#1363=LINE('',#19134,#2533);
#1364=LINE('',#19139,#2534);
#1365=LINE('',#19146,#2535);
#1366=LINE('',#19148,#2536);
#1367=LINE('',#19150,#2537);
#1368=LINE('',#19151,#2538);
#1369=LINE('',#19154,#2539);
#1370=LINE('',#19156,#2540);
#1371=LINE('',#19157,#2541);
#1372=LINE('',#19160,#2542);
#1373=LINE('',#19162,#2543);
#1374=LINE('',#19163,#2544);
#1375=LINE('',#19166,#2545);
#1376=LINE('',#19168,#2546);
#1377=LINE('',#19169,#2547);
#1378=LINE('',#19172,#2548);
#1379=LINE('',#19174,#2549);
#1380=LINE('',#19175,#2550);
#1381=LINE('',#19178,#2551);
#1382=LINE('',#19180,#2552);
#1383=LINE('',#19181,#2553);
#1384=LINE('',#19184,#2554);
#1385=LINE('',#19186,#2555);
#1386=LINE('',#19187,#2556);
#1387=LINE('',#19190,#2557);
#1388=LINE('',#19192,#2558);
#1389=LINE('',#19193,#2559);
#1390=LINE('',#19196,#2560);
#1391=LINE('',#19198,#2561);
#1392=LINE('',#19199,#2562);
#1393=LINE('',#19202,#2563);
#1394=LINE('',#19204,#2564);
#1395=LINE('',#19205,#2565);
#1396=LINE('',#19208,#2566);
#1397=LINE('',#19210,#2567);
#1398=LINE('',#19211,#2568);
#1399=LINE('',#19213,#2569);
#1400=LINE('',#19214,#2570);
#1401=LINE('',#19219,#2571);
#1402=LINE('',#19231,#2572);
#1403=LINE('',#19238,#2573);
#1404=LINE('',#19243,#2574);
#1405=LINE('',#19249,#2575);
#1406=LINE('',#19257,#2576);
#1407=LINE('',#19262,#2577);
#1408=LINE('',#19264,#2578);
#1409=LINE('',#19266,#2579);
#1410=LINE('',#19267,#2580);
#1411=LINE('',#19273,#2581);
#1412=LINE('',#19276,#2582);
#1413=LINE('',#19278,#2583);
#1414=LINE('',#19279,#2584);
#1415=LINE('',#19289,#2585);
#1416=LINE('',#19295,#2586);
#1417=VECTOR('',#12471,10.);
#1418=VECTOR('',#12472,10.);
#1419=VECTOR('',#12473,10.);
#1420=VECTOR('',#12474,10.);
#1421=VECTOR('',#12477,10.);
#1422=VECTOR('',#12480,10.);
#1423=VECTOR('',#12483,10.);
#1424=VECTOR('',#12486,10.);
#1425=VECTOR('',#12489,10.);
#1426=VECTOR('',#12492,10.);
#1427=VECTOR('',#12495,10.);
#1428=VECTOR('',#12496,10.);
#1429=VECTOR('',#12497,10.);
#1430=VECTOR('',#12500,10.);
#1431=VECTOR('',#12503,10.);
#1432=VECTOR('',#12506,10.);
#1433=VECTOR('',#12509,10.);
#1434=VECTOR('',#12512,10.);
#1435=VECTOR('',#12515,10.);
#1436=VECTOR('',#12516,10.);
#1437=VECTOR('',#12517,10.);
#1438=VECTOR('',#12518,10.);
#1439=VECTOR('',#12519,10.);
#1440=VECTOR('',#12520,10.);
#1441=VECTOR('',#12521,10.);
#1442=VECTOR('',#12522,10.);
#1443=VECTOR('',#12523,10.);
#1444=VECTOR('',#12524,10.);
#1445=VECTOR('',#12525,10.);
#1446=VECTOR('',#12526,10.);
#1447=VECTOR('',#12527,10.);
#1448=VECTOR('',#12528,10.);
#1449=VECTOR('',#12529,10.);
#1450=VECTOR('',#12530,10.);
#1451=VECTOR('',#12531,10.);
#1452=VECTOR('',#12532,10.);
#1453=VECTOR('',#12533,10.);
#1454=VECTOR('',#12534,10.);
#1455=VECTOR('',#12535,10.);
#1456=VECTOR('',#12536,10.);
#1457=VECTOR('',#12537,10.);
#1458=VECTOR('',#12538,10.);
#1459=VECTOR('',#12547,10.);
#1460=VECTOR('',#12548,10.);
#1461=VECTOR('',#12549,10.);
#1462=VECTOR('',#12550,10.);
#1463=VECTOR('',#12551,10.);
#1464=VECTOR('',#12554,10.);
#1465=VECTOR('',#12565,10.);
#1466=VECTOR('',#12582,10.);
#1467=VECTOR('',#12583,10.);
#1468=VECTOR('',#12584,10.);
#1469=VECTOR('',#12585,10.);
#1470=VECTOR('',#12586,10.);
#1471=VECTOR('',#12589,10.);
#1472=VECTOR('',#12598,10.);
#1473=VECTOR('',#12607,10.);
#1474=VECTOR('',#12608,10.);
#1475=VECTOR('',#12609,10.);
#1476=VECTOR('',#12610,10.);
#1477=VECTOR('',#12611,10.);
#1478=VECTOR('',#12620,10.);
#1479=VECTOR('',#12623,10.);
#1480=VECTOR('',#12632,10.);
#1481=VECTOR('',#12633,10.);
#1482=VECTOR('',#12634,10.);
#1483=VECTOR('',#12635,10.);
#1484=VECTOR('',#12636,10.);
#1485=VECTOR('',#12639,10.);
#1486=VECTOR('',#12652,10.);
#1487=VECTOR('',#12661,10.);
#1488=VECTOR('',#12662,10.);
#1489=VECTOR('',#12663,10.);
#1490=VECTOR('',#12674,10.);
#1491=VECTOR('',#12675,10.);
#1492=VECTOR('',#12676,10.);
#1493=VECTOR('',#12677,10.);
#1494=VECTOR('',#12686,10.);
#1495=VECTOR('',#12687,10.);
#1496=VECTOR('',#12688,10.);
#1497=VECTOR('',#12689,10.);
#1498=VECTOR('',#12696,3.75);
#1499=VECTOR('',#12703,10.);
#1500=VECTOR('',#12704,10.);
#1501=VECTOR('',#12705,10.);
#1502=VECTOR('',#12706,10.);
#1503=VECTOR('',#12709,10.);
#1504=VECTOR('',#12710,10.);
#1505=VECTOR('',#12711,10.);
#1506=VECTOR('',#12714,10.);
#1507=VECTOR('',#12715,10.);
#1508=VECTOR('',#12716,10.);
#1509=VECTOR('',#12719,10.);
#1510=VECTOR('',#12720,10.);
#1511=VECTOR('',#12721,10.);
#1512=VECTOR('',#12724,10.);
#1513=VECTOR('',#12725,10.);
#1514=VECTOR('',#12726,10.);
#1515=VECTOR('',#12729,10.);
#1516=VECTOR('',#12730,10.);
#1517=VECTOR('',#12731,10.);
#1518=VECTOR('',#12734,10.);
#1519=VECTOR('',#12735,10.);
#1520=VECTOR('',#12736,10.);
#1521=VECTOR('',#12739,10.);
#1522=VECTOR('',#12740,10.);
#1523=VECTOR('',#12741,10.);
#1524=VECTOR('',#12744,10.);
#1525=VECTOR('',#12745,10.);
#1526=VECTOR('',#12746,10.);
#1527=VECTOR('',#12749,10.);
#1528=VECTOR('',#12750,10.);
#1529=VECTOR('',#12751,10.);
#1530=VECTOR('',#12754,10.);
#1531=VECTOR('',#12755,10.);
#1532=VECTOR('',#12756,10.);
#1533=VECTOR('',#12759,10.);
#1534=VECTOR('',#12760,10.);
#1535=VECTOR('',#12765,1.5);
#1536=VECTOR('',#12772,10.);
#1537=VECTOR('',#12773,10.);
#1538=VECTOR('',#12774,10.);
#1539=VECTOR('',#12775,10.);
#1540=VECTOR('',#12778,10.);
#1541=VECTOR('',#12779,10.);
#1542=VECTOR('',#12780,10.);
#1543=VECTOR('',#12783,10.);
#1544=VECTOR('',#12784,10.);
#1545=VECTOR('',#12785,10.);
#1546=VECTOR('',#12788,10.);
#1547=VECTOR('',#12789,10.);
#1548=VECTOR('',#12790,10.);
#1549=VECTOR('',#12793,10.);
#1550=VECTOR('',#12794,10.);
#1551=VECTOR('',#12795,10.);
#1552=VECTOR('',#12798,10.);
#1553=VECTOR('',#12799,10.);
#1554=VECTOR('',#12800,10.);
#1555=VECTOR('',#12803,10.);
#1556=VECTOR('',#12804,10.);
#1557=VECTOR('',#12805,10.);
#1558=VECTOR('',#12808,10.);
#1559=VECTOR('',#12809,10.);
#1560=VECTOR('',#12810,10.);
#1561=VECTOR('',#12813,10.);
#1562=VECTOR('',#12814,10.);
#1563=VECTOR('',#12815,10.);
#1564=VECTOR('',#12818,10.);
#1565=VECTOR('',#12819,10.);
#1566=VECTOR('',#12820,10.);
#1567=VECTOR('',#12823,10.);
#1568=VECTOR('',#12824,10.);
#1569=VECTOR('',#12825,10.);
#1570=VECTOR('',#12828,10.);
#1571=VECTOR('',#12829,10.);
#1572=VECTOR('',#12834,1.5);
#1573=VECTOR('',#12841,10.);
#1574=VECTOR('',#12842,10.);
#1575=VECTOR('',#12843,10.);
#1576=VECTOR('',#12844,10.);
#1577=VECTOR('',#12847,10.);
#1578=VECTOR('',#12848,10.);
#1579=VECTOR('',#12849,10.);
#1580=VECTOR('',#12852,10.);
#1581=VECTOR('',#12853,10.);
#1582=VECTOR('',#12854,10.);
#1583=VECTOR('',#12857,10.);
#1584=VECTOR('',#12858,10.);
#1585=VECTOR('',#12859,10.);
#1586=VECTOR('',#12862,10.);
#1587=VECTOR('',#12863,10.);
#1588=VECTOR('',#12864,10.);
#1589=VECTOR('',#12867,10.);
#1590=VECTOR('',#12868,10.);
#1591=VECTOR('',#12869,10.);
#1592=VECTOR('',#12872,10.);
#1593=VECTOR('',#12873,10.);
#1594=VECTOR('',#12874,10.);
#1595=VECTOR('',#12877,10.);
#1596=VECTOR('',#12878,10.);
#1597=VECTOR('',#12879,10.);
#1598=VECTOR('',#12882,10.);
#1599=VECTOR('',#12883,10.);
#1600=VECTOR('',#12884,10.);
#1601=VECTOR('',#12887,10.);
#1602=VECTOR('',#12888,10.);
#1603=VECTOR('',#12889,10.);
#1604=VECTOR('',#12892,10.);
#1605=VECTOR('',#12893,10.);
#1606=VECTOR('',#12894,10.);
#1607=VECTOR('',#12897,10.);
#1608=VECTOR('',#12898,10.);
#1609=VECTOR('',#12903,1.5);
#1610=VECTOR('',#12910,10.);
#1611=VECTOR('',#12911,10.);
#1612=VECTOR('',#12912,10.);
#1613=VECTOR('',#12913,10.);
#1614=VECTOR('',#12916,10.);
#1615=VECTOR('',#12917,10.);
#1616=VECTOR('',#12918,10.);
#1617=VECTOR('',#12921,10.);
#1618=VECTOR('',#12922,10.);
#1619=VECTOR('',#12923,10.);
#1620=VECTOR('',#12926,10.);
#1621=VECTOR('',#12927,10.);
#1622=VECTOR('',#12928,10.);
#1623=VECTOR('',#12931,10.);
#1624=VECTOR('',#12932,10.);
#1625=VECTOR('',#12933,10.);
#1626=VECTOR('',#12936,10.);
#1627=VECTOR('',#12937,10.);
#1628=VECTOR('',#12938,10.);
#1629=VECTOR('',#12941,10.);
#1630=VECTOR('',#12942,10.);
#1631=VECTOR('',#12943,10.);
#1632=VECTOR('',#12946,10.);
#1633=VECTOR('',#12947,10.);
#1634=VECTOR('',#12948,10.);
#1635=VECTOR('',#12951,10.);
#1636=VECTOR('',#12952,10.);
#1637=VECTOR('',#12953,10.);
#1638=VECTOR('',#12956,10.);
#1639=VECTOR('',#12957,10.);
#1640=VECTOR('',#12958,10.);
#1641=VECTOR('',#12961,10.);
#1642=VECTOR('',#12962,10.);
#1643=VECTOR('',#12963,10.);
#1644=VECTOR('',#12966,10.);
#1645=VECTOR('',#12967,10.);
#1646=VECTOR('',#12972,1.5);
#1647=VECTOR('',#12989,10.);
#1648=VECTOR('',#12992,10.);
#1649=VECTOR('',#12997,10.);
#1650=VECTOR('',#13000,10.);
#1651=VECTOR('',#13005,10.);
#1652=VECTOR('',#13008,10.);
#1653=VECTOR('',#13013,10.);
#1654=VECTOR('',#13016,10.);
#1655=VECTOR('',#13019,10.);
#1656=VECTOR('',#13022,10.);
#1657=VECTOR('',#13025,10.);
#1658=VECTOR('',#13026,10.);
#1659=VECTOR('',#13027,10.);
#1660=VECTOR('',#13032,10.);
#1661=VECTOR('',#13035,10.);
#1662=VECTOR('',#13036,10.);
#1663=VECTOR('',#13037,10.);
#1664=VECTOR('',#13042,10.);
#1665=VECTOR('',#13045,10.);
#1666=VECTOR('',#13046,10.);
#1667=VECTOR('',#13047,10.);
#1668=VECTOR('',#13052,10.);
#1669=VECTOR('',#13055,10.);
#1670=VECTOR('',#13056,10.);
#1671=VECTOR('',#13079,10.);
#1672=VECTOR('',#13080,10.);
#1673=VECTOR('',#13081,10.);
#1674=VECTOR('',#13082,10.);
#1675=VECTOR('',#13085,10.);
#1676=VECTOR('',#13086,10.);
#1677=VECTOR('',#13087,10.);
#1678=VECTOR('',#13090,10.);
#1679=VECTOR('',#13091,10.);
#1680=VECTOR('',#13092,10.);
#1681=VECTOR('',#13095,10.);
#1682=VECTOR('',#13096,10.);
#1683=VECTOR('',#13097,10.);
#1684=VECTOR('',#13100,10.);
#1685=VECTOR('',#13101,10.);
#1686=VECTOR('',#13102,10.);
#1687=VECTOR('',#13105,10.);
#1688=VECTOR('',#13106,10.);
#1689=VECTOR('',#13107,10.);
#1690=VECTOR('',#13110,10.);
#1691=VECTOR('',#13111,10.);
#1692=VECTOR('',#13112,10.);
#1693=VECTOR('',#13115,10.);
#1694=VECTOR('',#13116,10.);
#1695=VECTOR('',#13117,10.);
#1696=VECTOR('',#13120,10.);
#1697=VECTOR('',#13121,10.);
#1698=VECTOR('',#13122,10.);
#1699=VECTOR('',#13125,10.);
#1700=VECTOR('',#13126,10.);
#1701=VECTOR('',#13127,10.);
#1702=VECTOR('',#13130,10.);
#1703=VECTOR('',#13131,10.);
#1704=VECTOR('',#13132,10.);
#1705=VECTOR('',#13135,10.);
#1706=VECTOR('',#13136,10.);
#1707=VECTOR('',#13143,1.5);
#1708=VECTOR('',#13152,0.4);
#1709=VECTOR('',#13159,0.4);
#1710=VECTOR('',#13164,10.);
#1711=VECTOR('',#13165,10.);
#1712=VECTOR('',#13166,10.);
#1713=VECTOR('',#13167,10.);
#1714=VECTOR('',#13170,10.);
#1715=VECTOR('',#13171,10.);
#1716=VECTOR('',#13172,10.);
#1717=VECTOR('',#13173,10.);
#1718=VECTOR('',#13174,10.);
#1719=VECTOR('',#13177,10.);
#1720=VECTOR('',#13178,10.);
#1721=VECTOR('',#13181,10.);
#1722=VECTOR('',#13182,10.);
#1723=VECTOR('',#13185,10.);
#1724=VECTOR('',#13186,10.);
#1725=VECTOR('',#13187,10.);
#1726=VECTOR('',#13188,10.);
#1727=VECTOR('',#13191,10.);
#1728=VECTOR('',#13192,10.);
#1729=VECTOR('',#13193,10.);
#1730=VECTOR('',#13194,10.);
#1731=VECTOR('',#13195,10.);
#1732=VECTOR('',#13198,10.);
#1733=VECTOR('',#13199,10.);
#1734=VECTOR('',#13202,10.);
#1735=VECTOR('',#13203,10.);
#1736=VECTOR('',#13206,10.);
#1737=VECTOR('',#13207,10.);
#1738=VECTOR('',#13208,10.);
#1739=VECTOR('',#13211,10.);
#1740=VECTOR('',#13214,10.);
#1741=VECTOR('',#13217,10.);
#1742=VECTOR('',#13218,10.);
#1743=VECTOR('',#13221,10.);
#1744=VECTOR('',#13222,10.);
#1745=VECTOR('',#13225,10.);
#1746=VECTOR('',#13230,10.);
#1747=VECTOR('',#13237,10.);
#1748=VECTOR('',#13242,10.);
#1749=VECTOR('',#13245,10.);
#1750=VECTOR('',#13254,10.);
#1751=VECTOR('',#13257,10.);
#1752=VECTOR('',#13262,10.);
#1753=VECTOR('',#13265,10.);
#1754=VECTOR('',#13268,10.);
#1755=VECTOR('',#13269,10.);
#1756=VECTOR('',#13270,10.);
#1757=VECTOR('',#13277,10.);
#1758=VECTOR('',#13280,10.);
#1759=VECTOR('',#13281,10.);
#1760=VECTOR('',#13284,10.);
#1761=VECTOR('',#13285,10.);
#1762=VECTOR('',#13286,10.);
#1763=VECTOR('',#13287,10.);
#1764=VECTOR('',#13294,10.);
#1765=VECTOR('',#13297,10.);
#1766=VECTOR('',#13298,10.);
#1767=VECTOR('',#13299,10.);
#1768=VECTOR('',#13310,10.);
#1769=VECTOR('',#13313,10.);
#1770=VECTOR('',#13316,10.);
#1771=VECTOR('',#13317,10.);
#1772=VECTOR('',#13318,10.);
#1773=VECTOR('',#13319,10.);
#1774=VECTOR('',#13320,10.);
#1775=VECTOR('',#13323,10.);
#1776=VECTOR('',#13324,10.);
#1777=VECTOR('',#13325,10.);
#1778=VECTOR('',#13326,10.);
#1779=VECTOR('',#13327,10.);
#1780=VECTOR('',#13328,10.);
#1781=VECTOR('',#13335,10.);
#1782=VECTOR('',#13338,10.);
#1783=VECTOR('',#13339,10.);
#1784=VECTOR('',#13340,10.);
#1785=VECTOR('',#13341,10.);
#1786=VECTOR('',#13344,10.);
#1787=VECTOR('',#13347,10.);
#1788=VECTOR('',#13350,10.);
#1789=VECTOR('',#13351,10.);
#1790=VECTOR('',#13352,10.);
#1791=VECTOR('',#13353,10.);
#1792=VECTOR('',#13354,10.);
#1793=VECTOR('',#13361,10.);
#1794=VECTOR('',#13364,10.);
#1795=VECTOR('',#13365,10.);
#1796=VECTOR('',#13366,10.);
#1797=VECTOR('',#13367,10.);
#1798=VECTOR('',#13370,10.);
#1799=VECTOR('',#13371,10.);
#1800=VECTOR('',#13372,10.);
#1801=VECTOR('',#13373,10.);
#1802=VECTOR('',#13374,10.);
#1803=VECTOR('',#13381,10.);
#1804=VECTOR('',#13384,10.);
#1805=VECTOR('',#13385,10.);
#1806=VECTOR('',#13386,10.);
#1807=VECTOR('',#13387,10.);
#1808=VECTOR('',#13390,10.);
#1809=VECTOR('',#13393,10.);
#1810=VECTOR('',#13396,10.);
#1811=VECTOR('',#13397,10.);
#1812=VECTOR('',#13398,10.);
#1813=VECTOR('',#13399,10.);
#1814=VECTOR('',#13404,10.);
#1815=VECTOR('',#13405,10.);
#1816=VECTOR('',#13414,10.);
#1817=VECTOR('',#13415,10.);
#1818=VECTOR('',#13432,10.);
#1819=VECTOR('',#13439,10.);
#1820=VECTOR('',#13446,10.);
#1821=VECTOR('',#13453,10.);
#1822=VECTOR('',#13476,10.2);
#1823=VECTOR('',#13481,10.);
#1824=VECTOR('',#13482,10.);
#1825=VECTOR('',#13483,10.);
#1826=VECTOR('',#13484,10.);
#1827=VECTOR('',#13487,10.);
#1828=VECTOR('',#13494,10.);
#1829=VECTOR('',#13495,10.);
#1830=VECTOR('',#13498,10.);
#1831=VECTOR('',#13499,10.);
#1832=VECTOR('',#13500,10.);
#1833=VECTOR('',#13505,10.);
#1834=VECTOR('',#13510,10.);
#1835=VECTOR('',#13511,10.);
#1836=VECTOR('',#13512,10.);
#1837=VECTOR('',#13515,10.);
#1838=VECTOR('',#13516,10.);
#1839=VECTOR('',#13517,10.);
#1840=VECTOR('',#13520,10.);
#1841=VECTOR('',#13525,10.);
#1842=VECTOR('',#13526,10.);
#1843=VECTOR('',#13529,10.);
#1844=VECTOR('',#13530,10.);
#1845=VECTOR('',#13531,10.);
#1846=VECTOR('',#13532,10.);
#1847=VECTOR('',#13535,10.);
#1848=VECTOR('',#13542,10.);
#1849=VECTOR('',#13543,10.);
#1850=VECTOR('',#13546,10.);
#1851=VECTOR('',#13547,10.);
#1852=VECTOR('',#13548,10.);
#1853=VECTOR('',#13553,10.);
#1854=VECTOR('',#13558,10.);
#1855=VECTOR('',#13559,10.);
#1856=VECTOR('',#13560,10.);
#1857=VECTOR('',#13563,10.);
#1858=VECTOR('',#13564,10.);
#1859=VECTOR('',#13565,10.);
#1860=VECTOR('',#13568,10.);
#1861=VECTOR('',#13573,10.);
#1862=VECTOR('',#13574,10.);
#1863=VECTOR('',#13607,10.);
#1864=VECTOR('',#13608,10.);
#1865=VECTOR('',#13609,10.);
#1866=VECTOR('',#13610,10.);
#1867=VECTOR('',#13613,10.);
#1868=VECTOR('',#13614,10.);
#1869=VECTOR('',#13615,10.);
#1870=VECTOR('',#13618,10.);
#1871=VECTOR('',#13619,10.);
#1872=VECTOR('',#13620,10.);
#1873=VECTOR('',#13623,10.);
#1874=VECTOR('',#13624,10.);
#1875=VECTOR('',#13625,10.);
#1876=VECTOR('',#13628,10.);
#1877=VECTOR('',#13629,10.);
#1878=VECTOR('',#13630,10.);
#1879=VECTOR('',#13633,10.);
#1880=VECTOR('',#13634,10.);
#1881=VECTOR('',#13635,10.);
#1882=VECTOR('',#13638,10.);
#1883=VECTOR('',#13639,10.);
#1884=VECTOR('',#13640,10.);
#1885=VECTOR('',#13643,10.);
#1886=VECTOR('',#13644,10.);
#1887=VECTOR('',#13645,10.);
#1888=VECTOR('',#13648,10.);
#1889=VECTOR('',#13649,10.);
#1890=VECTOR('',#13650,10.);
#1891=VECTOR('',#13653,10.);
#1892=VECTOR('',#13654,10.);
#1893=VECTOR('',#13655,10.);
#1894=VECTOR('',#13658,10.);
#1895=VECTOR('',#13659,10.);
#1896=VECTOR('',#13660,10.);
#1897=VECTOR('',#13663,10.);
#1898=VECTOR('',#13664,10.);
#1899=VECTOR('',#13669,2.);
#1900=VECTOR('',#13676,10.);
#1901=VECTOR('',#13677,10.);
#1902=VECTOR('',#13678,10.);
#1903=VECTOR('',#13679,10.);
#1904=VECTOR('',#13682,10.);
#1905=VECTOR('',#13683,10.);
#1906=VECTOR('',#13684,10.);
#1907=VECTOR('',#13687,10.);
#1908=VECTOR('',#13688,10.);
#1909=VECTOR('',#13689,10.);
#1910=VECTOR('',#13692,10.);
#1911=VECTOR('',#13693,10.);
#1912=VECTOR('',#13694,10.);
#1913=VECTOR('',#13697,10.);
#1914=VECTOR('',#13698,10.);
#1915=VECTOR('',#13699,10.);
#1916=VECTOR('',#13702,10.);
#1917=VECTOR('',#13703,10.);
#1918=VECTOR('',#13704,10.);
#1919=VECTOR('',#13707,10.);
#1920=VECTOR('',#13708,10.);
#1921=VECTOR('',#13709,10.);
#1922=VECTOR('',#13712,10.);
#1923=VECTOR('',#13713,10.);
#1924=VECTOR('',#13714,10.);
#1925=VECTOR('',#13717,10.);
#1926=VECTOR('',#13718,10.);
#1927=VECTOR('',#13719,10.);
#1928=VECTOR('',#13722,10.);
#1929=VECTOR('',#13723,10.);
#1930=VECTOR('',#13724,10.);
#1931=VECTOR('',#13727,10.);
#1932=VECTOR('',#13728,10.);
#1933=VECTOR('',#13729,10.);
#1934=VECTOR('',#13732,10.);
#1935=VECTOR('',#13733,10.);
#1936=VECTOR('',#13738,2.);
#1937=VECTOR('',#13745,10.);
#1938=VECTOR('',#13746,10.);
#1939=VECTOR('',#13747,10.);
#1940=VECTOR('',#13748,10.);
#1941=VECTOR('',#13751,10.);
#1942=VECTOR('',#13752,10.);
#1943=VECTOR('',#13753,10.);
#1944=VECTOR('',#13756,10.);
#1945=VECTOR('',#13757,10.);
#1946=VECTOR('',#13758,10.);
#1947=VECTOR('',#13761,10.);
#1948=VECTOR('',#13762,10.);
#1949=VECTOR('',#13763,10.);
#1950=VECTOR('',#13766,10.);
#1951=VECTOR('',#13767,10.);
#1952=VECTOR('',#13768,10.);
#1953=VECTOR('',#13771,10.);
#1954=VECTOR('',#13772,10.);
#1955=VECTOR('',#13773,10.);
#1956=VECTOR('',#13776,10.);
#1957=VECTOR('',#13777,10.);
#1958=VECTOR('',#13778,10.);
#1959=VECTOR('',#13781,10.);
#1960=VECTOR('',#13782,10.);
#1961=VECTOR('',#13783,10.);
#1962=VECTOR('',#13786,10.);
#1963=VECTOR('',#13787,10.);
#1964=VECTOR('',#13788,10.);
#1965=VECTOR('',#13791,10.);
#1966=VECTOR('',#13792,10.);
#1967=VECTOR('',#13793,10.);
#1968=VECTOR('',#13796,10.);
#1969=VECTOR('',#13797,10.);
#1970=VECTOR('',#13798,10.);
#1971=VECTOR('',#13801,10.);
#1972=VECTOR('',#13802,10.);
#1973=VECTOR('',#13807,2.);
#1974=VECTOR('',#13826,10.);
#1975=VECTOR('',#13827,10.);
#1976=VECTOR('',#13828,10.);
#1977=VECTOR('',#13829,10.);
#1978=VECTOR('',#13832,10.);
#1979=VECTOR('',#13833,10.);
#1980=VECTOR('',#13834,10.);
#1981=VECTOR('',#13837,10.);
#1982=VECTOR('',#13838,10.);
#1983=VECTOR('',#13839,10.);
#1984=VECTOR('',#13842,10.);
#1985=VECTOR('',#13843,10.);
#1986=VECTOR('',#13844,10.);
#1987=VECTOR('',#13847,10.);
#1988=VECTOR('',#13848,10.);
#1989=VECTOR('',#13849,10.);
#1990=VECTOR('',#13852,10.);
#1991=VECTOR('',#13853,10.);
#1992=VECTOR('',#13854,10.);
#1993=VECTOR('',#13857,10.);
#1994=VECTOR('',#13858,10.);
#1995=VECTOR('',#13859,10.);
#1996=VECTOR('',#13862,10.);
#1997=VECTOR('',#13863,10.);
#1998=VECTOR('',#13864,10.);
#1999=VECTOR('',#13867,10.);
#2000=VECTOR('',#13868,10.);
#2001=VECTOR('',#13869,10.);
#2002=VECTOR('',#13872,10.);
#2003=VECTOR('',#13873,10.);
#2004=VECTOR('',#13874,10.);
#2005=VECTOR('',#13877,10.);
#2006=VECTOR('',#13878,10.);
#2007=VECTOR('',#13879,10.);
#2008=VECTOR('',#13882,10.);
#2009=VECTOR('',#13883,10.);
#2010=VECTOR('',#13888,2.);
#2011=VECTOR('',#13895,10.);
#2012=VECTOR('',#13896,10.);
#2013=VECTOR('',#13897,10.);
#2014=VECTOR('',#13898,10.);
#2015=VECTOR('',#13901,10.);
#2016=VECTOR('',#13902,10.);
#2017=VECTOR('',#13903,10.);
#2018=VECTOR('',#13906,10.);
#2019=VECTOR('',#13907,10.);
#2020=VECTOR('',#13908,10.);
#2021=VECTOR('',#13911,10.);
#2022=VECTOR('',#13912,10.);
#2023=VECTOR('',#13913,10.);
#2024=VECTOR('',#13916,10.);
#2025=VECTOR('',#13917,10.);
#2026=VECTOR('',#13918,10.);
#2027=VECTOR('',#13921,10.);
#2028=VECTOR('',#13922,10.);
#2029=VECTOR('',#13923,10.);
#2030=VECTOR('',#13926,10.);
#2031=VECTOR('',#13927,10.);
#2032=VECTOR('',#13928,10.);
#2033=VECTOR('',#13931,10.);
#2034=VECTOR('',#13932,10.);
#2035=VECTOR('',#13933,10.);
#2036=VECTOR('',#13936,10.);
#2037=VECTOR('',#13937,10.);
#2038=VECTOR('',#13938,10.);
#2039=VECTOR('',#13941,10.);
#2040=VECTOR('',#13942,10.);
#2041=VECTOR('',#13943,10.);
#2042=VECTOR('',#13946,10.);
#2043=VECTOR('',#13947,10.);
#2044=VECTOR('',#13948,10.);
#2045=VECTOR('',#13951,10.);
#2046=VECTOR('',#13952,10.);
#2047=VECTOR('',#13957,2.);
#2048=VECTOR('',#13964,10.);
#2049=VECTOR('',#13965,10.);
#2050=VECTOR('',#13966,10.);
#2051=VECTOR('',#13967,10.);
#2052=VECTOR('',#13970,10.);
#2053=VECTOR('',#13971,10.);
#2054=VECTOR('',#13972,10.);
#2055=VECTOR('',#13975,10.);
#2056=VECTOR('',#13976,10.);
#2057=VECTOR('',#13977,10.);
#2058=VECTOR('',#13980,10.);
#2059=VECTOR('',#13981,10.);
#2060=VECTOR('',#13982,10.);
#2061=VECTOR('',#13985,10.);
#2062=VECTOR('',#13986,10.);
#2063=VECTOR('',#13987,10.);
#2064=VECTOR('',#13990,10.);
#2065=VECTOR('',#13991,10.);
#2066=VECTOR('',#13992,10.);
#2067=VECTOR('',#13995,10.);
#2068=VECTOR('',#13996,10.);
#2069=VECTOR('',#13997,10.);
#2070=VECTOR('',#14000,10.);
#2071=VECTOR('',#14001,10.);
#2072=VECTOR('',#14002,10.);
#2073=VECTOR('',#14005,10.);
#2074=VECTOR('',#14006,10.);
#2075=VECTOR('',#14007,10.);
#2076=VECTOR('',#14010,10.);
#2077=VECTOR('',#14011,10.);
#2078=VECTOR('',#14012,10.);
#2079=VECTOR('',#14015,10.);
#2080=VECTOR('',#14016,10.);
#2081=VECTOR('',#14017,10.);
#2082=VECTOR('',#14020,10.);
#2083=VECTOR('',#14021,10.);
#2084=VECTOR('',#14026,2.);
#2085=VECTOR('',#14033,10.);
#2086=VECTOR('',#14034,10.);
#2087=VECTOR('',#14035,10.);
#2088=VECTOR('',#14036,10.);
#2089=VECTOR('',#14039,10.);
#2090=VECTOR('',#14040,10.);
#2091=VECTOR('',#14041,10.);
#2092=VECTOR('',#14044,10.);
#2093=VECTOR('',#14045,10.);
#2094=VECTOR('',#14046,10.);
#2095=VECTOR('',#14049,10.);
#2096=VECTOR('',#14050,10.);
#2097=VECTOR('',#14051,10.);
#2098=VECTOR('',#14054,10.);
#2099=VECTOR('',#14055,10.);
#2100=VECTOR('',#14056,10.);
#2101=VECTOR('',#14059,10.);
#2102=VECTOR('',#14060,10.);
#2103=VECTOR('',#14061,10.);
#2104=VECTOR('',#14064,10.);
#2105=VECTOR('',#14065,10.);
#2106=VECTOR('',#14066,10.);
#2107=VECTOR('',#14069,10.);
#2108=VECTOR('',#14070,10.);
#2109=VECTOR('',#14071,10.);
#2110=VECTOR('',#14074,10.);
#2111=VECTOR('',#14075,10.);
#2112=VECTOR('',#14076,10.);
#2113=VECTOR('',#14079,10.);
#2114=VECTOR('',#14080,10.);
#2115=VECTOR('',#14081,10.);
#2116=VECTOR('',#14084,10.);
#2117=VECTOR('',#14085,10.);
#2118=VECTOR('',#14086,10.);
#2119=VECTOR('',#14089,10.);
#2120=VECTOR('',#14090,10.);
#2121=VECTOR('',#14095,2.);
#2122=VECTOR('',#14118,16.);
#2123=VECTOR('',#14129,10.);
#2124=VECTOR('',#14132,10.);
#2125=VECTOR('',#14133,10.);
#2126=VECTOR('',#14136,10.);
#2127=VECTOR('',#14137,10.);
#2128=VECTOR('',#14138,10.);
#2129=VECTOR('',#14143,10.);
#2130=VECTOR('',#14146,10.);
#2131=VECTOR('',#14147,10.);
#2132=VECTOR('',#14150,10.);
#2133=VECTOR('',#14151,10.);
#2134=VECTOR('',#14152,10.);
#2135=VECTOR('',#14155,10.);
#2136=VECTOR('',#14160,10.);
#2137=VECTOR('',#14161,10.);
#2138=VECTOR('',#14164,29.);
#2139=VECTOR('',#14169,10.);
#2140=VECTOR('',#14170,10.);
#2141=VECTOR('',#14171,10.);
#2142=VECTOR('',#14172,10.);
#2143=VECTOR('',#14179,10.);
#2144=VECTOR('',#14182,10.);
#2145=VECTOR('',#14183,10.);
#2146=VECTOR('',#14184,10.);
#2147=VECTOR('',#14191,10.);
#2148=VECTOR('',#14194,10.);
#2149=VECTOR('',#14195,10.);
#2150=VECTOR('',#14196,10.);
#2151=VECTOR('',#14203,10.);
#2152=VECTOR('',#14206,10.);
#2153=VECTOR('',#14207,10.);
#2154=VECTOR('',#14208,10.);
#2155=VECTOR('',#14209,10.);
#2156=VECTOR('',#14230,1.);
#2157=VECTOR('',#14235,10.);
#2158=VECTOR('',#14236,10.);
#2159=VECTOR('',#14237,10.);
#2160=VECTOR('',#14240,10.);
#2161=VECTOR('',#14241,10.);
#2162=VECTOR('',#14244,10.);
#2163=VECTOR('',#14245,10.);
#2164=VECTOR('',#14248,10.);
#2165=VECTOR('',#14249,10.);
#2166=VECTOR('',#14252,10.);
#2167=VECTOR('',#14253,10.);
#2168=VECTOR('',#14256,10.);
#2169=VECTOR('',#14263,0.999999999999999);
#2170=VECTOR('',#14268,10.);
#2171=VECTOR('',#14269,10.);
#2172=VECTOR('',#14270,10.);
#2173=VECTOR('',#14273,10.);
#2174=VECTOR('',#14274,10.);
#2175=VECTOR('',#14277,10.);
#2176=VECTOR('',#14278,10.);
#2177=VECTOR('',#14281,10.);
#2178=VECTOR('',#14282,10.);
#2179=VECTOR('',#14285,10.);
#2180=VECTOR('',#14286,10.);
#2181=VECTOR('',#14289,10.);
#2182=VECTOR('',#14296,0.999999999999998);
#2183=VECTOR('',#14301,10.);
#2184=VECTOR('',#14302,10.);
#2185=VECTOR('',#14303,10.);
#2186=VECTOR('',#14306,10.);
#2187=VECTOR('',#14307,10.);
#2188=VECTOR('',#14310,10.);
#2189=VECTOR('',#14311,10.);
#2190=VECTOR('',#14314,10.);
#2191=VECTOR('',#14315,10.);
#2192=VECTOR('',#14318,10.);
#2193=VECTOR('',#14319,10.);
#2194=VECTOR('',#14322,10.);
#2195=VECTOR('',#14329,1.);
#2196=VECTOR('',#14334,10.);
#2197=VECTOR('',#14335,10.);
#2198=VECTOR('',#14336,10.);
#2199=VECTOR('',#14339,10.);
#2200=VECTOR('',#14340,10.);
#2201=VECTOR('',#14343,10.);
#2202=VECTOR('',#14344,10.);
#2203=VECTOR('',#14347,10.);
#2204=VECTOR('',#14348,10.);
#2205=VECTOR('',#14351,10.);
#2206=VECTOR('',#14352,10.);
#2207=VECTOR('',#14355,10.);
#2208=VECTOR('',#14390,2.5);
#2209=VECTOR('',#14395,2.5);
#2210=VECTOR('',#14406,2.5);
#2211=VECTOR('',#14411,0.999999999999999);
#2212=VECTOR('',#14420,1.75);
#2213=VECTOR('',#14429,10.);
#2214=VECTOR('',#14432,10.);
#2215=VECTOR('',#14437,10.);
#2216=VECTOR('',#14440,10.);
#2217=VECTOR('',#14443,10.);
#2218=VECTOR('',#14444,10.);
#2219=VECTOR('',#14449,10.);
#2220=VECTOR('',#14452,10.);
#2221=VECTOR('',#14457,10.);
#2222=VECTOR('',#14460,10.);
#2223=VECTOR('',#14463,10.);
#2224=VECTOR('',#14464,10.);
#2225=VECTOR('',#14467,10.);
#2226=VECTOR('',#14468,10.);
#2227=VECTOR('',#14471,10.);
#2228=VECTOR('',#14472,10.);
#2229=VECTOR('',#14473,10.);
#2230=VECTOR('',#14478,10.);
#2231=VECTOR('',#14481,10.);
#2232=VECTOR('',#14486,10.);
#2233=VECTOR('',#14489,10.);
#2234=VECTOR('',#14490,10.);
#2235=VECTOR('',#14509,8.);
#2236=VECTOR('',#14524,34.);
#2237=VECTOR('',#14535,9.);
#2238=VECTOR('',#14540,35.);
#2239=VECTOR('',#14545,0.5);
#2240=VECTOR('',#14552,2.5);
#2241=VECTOR('',#14565,6.);
#2242=VECTOR('',#14582,9.);
#2243=VECTOR('',#14595,10.);
#2244=VECTOR('',#14600,10.);
#2245=VECTOR('',#14603,10.);
#2246=VECTOR('',#14606,10.);
#2247=VECTOR('',#14609,10.);
#2248=VECTOR('',#14612,10.);
#2249=VECTOR('',#14615,10.);
#2250=VECTOR('',#14628,10.);
#2251=VECTOR('',#14629,10.);
#2252=VECTOR('',#14632,10.);
#2253=VECTOR('',#14633,10.);
#2254=VECTOR('',#14634,10.);
#2255=VECTOR('',#14637,10.);
#2256=VECTOR('',#14638,10.);
#2257=VECTOR('',#14639,10.);
#2258=VECTOR('',#14642,10.);
#2259=VECTOR('',#14643,10.);
#2260=VECTOR('',#14644,10.);
#2261=VECTOR('',#14645,10.);
#2262=VECTOR('',#14646,10.);
#2263=VECTOR('',#14649,10.);
#2264=VECTOR('',#14650,10.);
#2265=VECTOR('',#14651,10.);
#2266=VECTOR('',#14652,10.);
#2267=VECTOR('',#14653,10.);
#2268=VECTOR('',#14654,10.);
#2269=VECTOR('',#14655,10.);
#2270=VECTOR('',#14658,10.);
#2271=VECTOR('',#14659,10.);
#2272=VECTOR('',#14660,10.);
#2273=VECTOR('',#14663,10.);
#2274=VECTOR('',#14664,10.);
#2275=VECTOR('',#14665,10.);
#2276=VECTOR('',#14668,10.);
#2277=VECTOR('',#14669,10.);
#2278=VECTOR('',#14670,10.);
#2279=VECTOR('',#14673,10.);
#2280=VECTOR('',#14674,10.);
#2281=VECTOR('',#14675,10.);
#2282=VECTOR('',#14678,10.);
#2283=VECTOR('',#14679,10.);
#2284=VECTOR('',#14680,10.);
#2285=VECTOR('',#14683,10.);
#2286=VECTOR('',#14684,10.);
#2287=VECTOR('',#14685,10.);
#2288=VECTOR('',#14688,10.);
#2289=VECTOR('',#14689,10.);
#2290=VECTOR('',#14694,10.);
#2291=VECTOR('',#14695,10.);
#2292=VECTOR('',#14696,10.);
#2293=VECTOR('',#14697,10.);
#2294=VECTOR('',#14700,10.);
#2295=VECTOR('',#14701,10.);
#2296=VECTOR('',#14702,10.);
#2297=VECTOR('',#14705,10.);
#2298=VECTOR('',#14706,10.);
#2299=VECTOR('',#14709,10.);
#2300=VECTOR('',#14710,10.);
#2301=VECTOR('',#14711,10.);
#2302=VECTOR('',#14712,10.);
#2303=VECTOR('',#14715,10.);
#2304=VECTOR('',#14716,10.);
#2305=VECTOR('',#14717,10.);
#2306=VECTOR('',#14720,10.);
#2307=VECTOR('',#14721,10.);
#2308=VECTOR('',#14722,10.);
#2309=VECTOR('',#14725,10.);
#2310=VECTOR('',#14726,10.);
#2311=VECTOR('',#14727,10.);
#2312=VECTOR('',#14730,10.);
#2313=VECTOR('',#14731,10.);
#2314=VECTOR('',#14732,10.);
#2315=VECTOR('',#14735,10.);
#2316=VECTOR('',#14736,10.);
#2317=VECTOR('',#14737,10.);
#2318=VECTOR('',#14740,10.);
#2319=VECTOR('',#14741,10.);
#2320=VECTOR('',#14742,10.);
#2321=VECTOR('',#14745,10.);
#2322=VECTOR('',#14746,10.);
#2323=VECTOR('',#14749,10.);
#2324=VECTOR('',#14750,10.);
#2325=VECTOR('',#14753,10.);
#2326=VECTOR('',#14754,10.);
#2327=VECTOR('',#14755,10.);
#2328=VECTOR('',#14758,10.);
#2329=VECTOR('',#14759,10.);
#2330=VECTOR('',#14760,10.);
#2331=VECTOR('',#14763,10.);
#2332=VECTOR('',#14764,10.);
#2333=VECTOR('',#14765,10.);
#2334=VECTOR('',#14766,10.);
#2335=VECTOR('',#14767,10.);
#2336=VECTOR('',#14768,10.);
#2337=VECTOR('',#14769,10.);
#2338=VECTOR('',#14770,10.);
#2339=VECTOR('',#14773,10.);
#2340=VECTOR('',#14774,10.);
#2341=VECTOR('',#14775,10.);
#2342=VECTOR('',#14778,10.);
#2343=VECTOR('',#14779,10.);
#2344=VECTOR('',#14780,10.);
#2345=VECTOR('',#14783,10.);
#2346=VECTOR('',#14784,10.);
#2347=VECTOR('',#14785,10.);
#2348=VECTOR('',#14786,10.);
#2349=VECTOR('',#14791,10.);
#2350=VECTOR('',#14792,10.);
#2351=VECTOR('',#14793,10.);
#2352=VECTOR('',#14794,10.);
#2353=VECTOR('',#14797,10.);
#2354=VECTOR('',#14798,10.);
#2355=VECTOR('',#14799,10.);
#2356=VECTOR('',#14802,10.);
#2357=VECTOR('',#14803,10.);
#2358=VECTOR('',#14804,10.);
#2359=VECTOR('',#14807,10.);
#2360=VECTOR('',#14808,10.);
#2361=VECTOR('',#14809,10.);
#2362=VECTOR('',#14812,10.);
#2363=VECTOR('',#14813,10.);
#2364=VECTOR('',#14814,10.);
#2365=VECTOR('',#14817,10.);
#2366=VECTOR('',#14818,10.);
#2367=VECTOR('',#14821,10.);
#2368=VECTOR('',#14822,10.);
#2369=VECTOR('',#14825,10.);
#2370=VECTOR('',#14826,10.);
#2371=VECTOR('',#14827,10.);
#2372=VECTOR('',#14830,10.);
#2373=VECTOR('',#14831,10.);
#2374=VECTOR('',#14832,10.);
#2375=VECTOR('',#14835,10.);
#2376=VECTOR('',#14836,10.);
#2377=VECTOR('',#14837,10.);
#2378=VECTOR('',#14838,10.);
#2379=VECTOR('',#14839,10.);
#2380=VECTOR('',#14840,10.);
#2381=VECTOR('',#14841,10.);
#2382=VECTOR('',#14842,10.);
#2383=VECTOR('',#14845,10.);
#2384=VECTOR('',#14846,10.);
#2385=VECTOR('',#14847,10.);
#2386=VECTOR('',#14850,10.);
#2387=VECTOR('',#14851,10.);
#2388=VECTOR('',#14852,10.);
#2389=VECTOR('',#14855,10.);
#2390=VECTOR('',#14856,10.);
#2391=VECTOR('',#14857,10.);
#2392=VECTOR('',#14860,10.);
#2393=VECTOR('',#14861,10.);
#2394=VECTOR('',#14862,10.);
#2395=VECTOR('',#14865,10.);
#2396=VECTOR('',#14866,10.);
#2397=VECTOR('',#14867,10.);
#2398=VECTOR('',#14868,10.);
#2399=VECTOR('',#14871,10.);
#2400=VECTOR('',#14872,10.);
#2401=VECTOR('',#14875,10.);
#2402=VECTOR('',#14876,10.);
#2403=VECTOR('',#14877,10.);
#2404=VECTOR('',#14880,10.);
#2405=VECTOR('',#14881,10.);
#2406=VECTOR('',#14882,10.);
#2407=VECTOR('',#14885,10.);
#2408=VECTOR('',#14886,10.);
#2409=VECTOR('',#14887,10.);
#2410=VECTOR('',#14888,10.);
#2411=VECTOR('',#14889,10.);
#2412=VECTOR('',#14892,10.);
#2413=VECTOR('',#14893,10.);
#2414=VECTOR('',#14894,10.);
#2415=VECTOR('',#14895,10.);
#2416=VECTOR('',#14896,10.);
#2417=VECTOR('',#14897,10.);
#2418=VECTOR('',#14898,10.);
#2419=VECTOR('',#14901,10.);
#2420=VECTOR('',#14902,10.);
#2421=VECTOR('',#14903,10.);
#2422=VECTOR('',#14906,10.);
#2423=VECTOR('',#14907,10.);
#2424=VECTOR('',#14908,10.);
#2425=VECTOR('',#14911,10.);
#2426=VECTOR('',#14912,10.);
#2427=VECTOR('',#14913,10.);
#2428=VECTOR('',#14916,10.);
#2429=VECTOR('',#14917,10.);
#2430=VECTOR('',#14918,10.);
#2431=VECTOR('',#14921,10.);
#2432=VECTOR('',#14922,10.);
#2433=VECTOR('',#14923,10.);
#2434=VECTOR('',#14926,10.);
#2435=VECTOR('',#14927,10.);
#2436=VECTOR('',#14928,10.);
#2437=VECTOR('',#14931,10.);
#2438=VECTOR('',#14932,10.);
#2439=VECTOR('',#14937,10.);
#2440=VECTOR('',#14938,10.);
#2441=VECTOR('',#14939,10.);
#2442=VECTOR('',#14940,10.);
#2443=VECTOR('',#14943,10.);
#2444=VECTOR('',#14944,10.);
#2445=VECTOR('',#14945,10.);
#2446=VECTOR('',#14948,10.);
#2447=VECTOR('',#14949,10.);
#2448=VECTOR('',#14950,10.);
#2449=VECTOR('',#14953,10.);
#2450=VECTOR('',#14954,10.);
#2451=VECTOR('',#14955,10.);
#2452=VECTOR('',#14958,10.);
#2453=VECTOR('',#14959,10.);
#2454=VECTOR('',#14960,10.);
#2455=VECTOR('',#14963,10.);
#2456=VECTOR('',#14964,10.);
#2457=VECTOR('',#14965,10.);
#2458=VECTOR('',#14968,10.);
#2459=VECTOR('',#14969,10.);
#2460=VECTOR('',#14970,10.);
#2461=VECTOR('',#14973,10.);
#2462=VECTOR('',#14974,10.);
#2463=VECTOR('',#14975,10.);
#2464=VECTOR('',#14978,10.);
#2465=VECTOR('',#14979,10.);
#2466=VECTOR('',#14980,10.);
#2467=VECTOR('',#14983,10.);
#2468=VECTOR('',#14984,10.);
#2469=VECTOR('',#14985,10.);
#2470=VECTOR('',#14988,10.);
#2471=VECTOR('',#14989,10.);
#2472=VECTOR('',#14990,10.);
#2473=VECTOR('',#14993,10.);
#2474=VECTOR('',#14994,10.);
#2475=VECTOR('',#15011,14.5);
#2476=VECTOR('',#15018,15.);
#2477=VECTOR('',#15033,2.5);
#2478=VECTOR('',#15036,2.5);
#2479=VECTOR('',#15039,2.5);
#2480=VECTOR('',#15042,35.);
#2481=VECTOR('',#15051,2.25);
#2482=VECTOR('',#15054,2.25);
#2483=VECTOR('',#15057,2.5);
#2484=VECTOR('',#15060,10.);
#2485=VECTOR('',#15061,10.);
#2486=VECTOR('',#15064,10.);
#2487=VECTOR('',#15067,10.);
#2488=VECTOR('',#15070,10.);
#2489=VECTOR('',#15073,10.);
#2490=VECTOR('',#15076,10.);
#2491=VECTOR('',#15079,10.);
#2492=VECTOR('',#15082,10.);
#2493=VECTOR('',#15085,10.);
#2494=VECTOR('',#15088,10.);
#2495=VECTOR('',#15091,10.);
#2496=VECTOR('',#15096,10.);
#2497=VECTOR('',#15099,10.);
#2498=VECTOR('',#15106,10.);
#2499=VECTOR('',#15107,10.);
#2500=VECTOR('',#15108,10.);
#2501=VECTOR('',#15109,10.);
#2502=VECTOR('',#15112,10.);
#2503=VECTOR('',#15113,10.);
#2504=VECTOR('',#15114,10.);
#2505=VECTOR('',#15117,10.);
#2506=VECTOR('',#15118,10.);
#2507=VECTOR('',#15119,10.);
#2508=VECTOR('',#15122,10.);
#2509=VECTOR('',#15123,10.);
#2510=VECTOR('',#15124,10.);
#2511=VECTOR('',#15127,10.);
#2512=VECTOR('',#15128,10.);
#2513=VECTOR('',#15129,10.);
#2514=VECTOR('',#15132,10.);
#2515=VECTOR('',#15133,10.);
#2516=VECTOR('',#15134,10.);
#2517=VECTOR('',#15137,10.);
#2518=VECTOR('',#15138,10.);
#2519=VECTOR('',#15139,10.);
#2520=VECTOR('',#15142,10.);
#2521=VECTOR('',#15143,10.);
#2522=VECTOR('',#15144,10.);
#2523=VECTOR('',#15147,10.);
#2524=VECTOR('',#15148,10.);
#2525=VECTOR('',#15149,10.);
#2526=VECTOR('',#15152,10.);
#2527=VECTOR('',#15153,10.);
#2528=VECTOR('',#15154,10.);
#2529=VECTOR('',#15157,10.);
#2530=VECTOR('',#15158,10.);
#2531=VECTOR('',#15159,10.);
#2532=VECTOR('',#15162,10.);
#2533=VECTOR('',#15163,10.);
#2534=VECTOR('',#15168,1.95);
#2535=VECTOR('',#15177,10.);
#2536=VECTOR('',#15178,10.);
#2537=VECTOR('',#15179,10.);
#2538=VECTOR('',#15180,10.);
#2539=VECTOR('',#15183,10.);
#2540=VECTOR('',#15184,10.);
#2541=VECTOR('',#15185,10.);
#2542=VECTOR('',#15188,10.);
#2543=VECTOR('',#15189,10.);
#2544=VECTOR('',#15190,10.);
#2545=VECTOR('',#15193,10.);
#2546=VECTOR('',#15194,10.);
#2547=VECTOR('',#15195,10.);
#2548=VECTOR('',#15198,10.);
#2549=VECTOR('',#15199,10.);
#2550=VECTOR('',#15200,10.);
#2551=VECTOR('',#15203,10.);
#2552=VECTOR('',#15204,10.);
#2553=VECTOR('',#15205,10.);
#2554=VECTOR('',#15208,10.);
#2555=VECTOR('',#15209,10.);
#2556=VECTOR('',#15210,10.);
#2557=VECTOR('',#15213,10.);
#2558=VECTOR('',#15214,10.);
#2559=VECTOR('',#15215,10.);
#2560=VECTOR('',#15218,10.);
#2561=VECTOR('',#15219,10.);
#2562=VECTOR('',#15220,10.);
#2563=VECTOR('',#15223,10.);
#2564=VECTOR('',#15224,10.);
#2565=VECTOR('',#15225,10.);
#2566=VECTOR('',#15228,10.);
#2567=VECTOR('',#15229,10.);
#2568=VECTOR('',#15230,10.);
#2569=VECTOR('',#15233,10.);
#2570=VECTOR('',#15234,10.);
#2571=VECTOR('',#15239,1.95);
#2572=VECTOR('',#15256,1.);
#2573=VECTOR('',#15267,1.);
#2574=VECTOR('',#15272,1.75);
#2575=VECTOR('',#15279,3.);
#2576=VECTOR('',#15290,2.75);
#2577=VECTOR('',#15295,10.);
#2578=VECTOR('',#15296,10.);
#2579=VECTOR('',#15297,10.);
#2580=VECTOR('',#15298,10.);
#2581=VECTOR('',#15305,10.);
#2582=VECTOR('',#15308,10.);
#2583=VECTOR('',#15309,10.);
#2584=VECTOR('',#15310,10.);
#2585=VECTOR('',#15325,3.);
#2586=VECTOR('',#15332,4.75);
#2587=PLANE('',#11611);
#2588=PLANE('',#11628);
#2589=PLANE('',#11642);
#2590=PLANE('',#11643);
#2591=PLANE('',#11651);
#2592=PLANE('',#11660);
#2593=PLANE('',#11661);
#2594=PLANE('',#11671);
#2595=PLANE('',#11676);
#2596=PLANE('',#11680);
#2597=PLANE('',#11681);
#2598=PLANE('',#11685);
#2599=PLANE('',#11686);
#2600=PLANE('',#11687);
#2601=PLANE('',#11688);
#2602=PLANE('',#11689);
#2603=PLANE('',#11690);
#2604=PLANE('',#11691);
#2605=PLANE('',#11692);
#2606=PLANE('',#11693);
#2607=PLANE('',#11694);
#2608=PLANE('',#11695);
#2609=PLANE('',#11696);
#2610=PLANE('',#11697);
#2611=PLANE('',#11701);
#2612=PLANE('',#11702);
#2613=PLANE('',#11703);
#2614=PLANE('',#11704);
#2615=PLANE('',#11705);
#2616=PLANE('',#11706);
#2617=PLANE('',#11707);
#2618=PLANE('',#11708);
#2619=PLANE('',#11709);
#2620=PLANE('',#11710);
#2621=PLANE('',#11711);
#2622=PLANE('',#11712);
#2623=PLANE('',#11713);
#2624=PLANE('',#11717);
#2625=PLANE('',#11718);
#2626=PLANE('',#11719);
#2627=PLANE('',#11720);
#2628=PLANE('',#11721);
#2629=PLANE('',#11722);
#2630=PLANE('',#11723);
#2631=PLANE('',#11724);
#2632=PLANE('',#11725);
#2633=PLANE('',#11726);
#2634=PLANE('',#11727);
#2635=PLANE('',#11728);
#2636=PLANE('',#11729);
#2637=PLANE('',#11733);
#2638=PLANE('',#11734);
#2639=PLANE('',#11735);
#2640=PLANE('',#11736);
#2641=PLANE('',#11737);
#2642=PLANE('',#11738);
#2643=PLANE('',#11739);
#2644=PLANE('',#11740);
#2645=PLANE('',#11741);
#2646=PLANE('',#11742);
#2647=PLANE('',#11743);
#2648=PLANE('',#11744);
#2649=PLANE('',#11745);
#2650=PLANE('',#11749);
#2651=PLANE('',#11750);
#2652=PLANE('',#11751);
#2653=PLANE('',#11752);
#2654=PLANE('',#11753);
#2655=PLANE('',#11754);
#2656=PLANE('',#11757);
#2657=PLANE('',#11760);
#2658=PLANE('',#11763);
#2659=PLANE('',#11768);
#2660=PLANE('',#11771);
#2661=PLANE('',#11774);
#2662=PLANE('',#11777);
#2663=PLANE('',#11778);
#2664=PLANE('',#11779);
#2665=PLANE('',#11782);
#2666=PLANE('',#11784);
#2667=PLANE('',#11786);
#2668=PLANE('',#11788);
#2669=PLANE('',#11789);
#2670=PLANE('',#11790);
#2671=PLANE('',#11791);
#2672=PLANE('',#11792);
#2673=PLANE('',#11793);
#2674=PLANE('',#11794);
#2675=PLANE('',#11795);
#2676=PLANE('',#11796);
#2677=PLANE('',#11797);
#2678=PLANE('',#11798);
#2679=PLANE('',#11799);
#2680=PLANE('',#11800);
#2681=PLANE('',#11804);
#2682=PLANE('',#11811);
#2683=PLANE('',#11812);
#2684=PLANE('',#11813);
#2685=PLANE('',#11814);
#2686=PLANE('',#11815);
#2687=PLANE('',#11816);
#2688=PLANE('',#11817);
#2689=PLANE('',#11818);
#2690=PLANE('',#11819);
#2691=PLANE('',#11820);
#2692=PLANE('',#11821);
#2693=PLANE('',#11822);
#2694=PLANE('',#11823);
#2695=PLANE('',#11824);
#2696=PLANE('',#11825);
#2697=PLANE('',#11830);
#2698=PLANE('',#11833);
#2699=PLANE('',#11841);
#2700=PLANE('',#11845);
#2701=PLANE('',#11846);
#2702=PLANE('',#11850);
#2703=PLANE('',#11857);
#2704=PLANE('',#11858);
#2705=PLANE('',#11862);
#2706=PLANE('',#11865);
#2707=PLANE('',#11869);
#2708=PLANE('',#11870);
#2709=PLANE('',#11874);
#2710=PLANE('',#11877);
#2711=PLANE('',#11878);
#2712=PLANE('',#11886);
#2713=PLANE('',#11890);
#2714=PLANE('',#11893);
#2715=PLANE('',#11896);
#2716=PLANE('',#11899);
#2717=PLANE('',#11902);
#2718=PLANE('',#11903);
#2719=PLANE('',#11905);
#2720=PLANE('',#11907);
#2721=PLANE('',#11909);
#2722=PLANE('',#11913);
#2723=PLANE('',#11917);
#2724=PLANE('',#11918);
#2725=PLANE('',#11922);
#2726=PLANE('',#11923);
#2727=PLANE('',#11926);
#2728=PLANE('',#11927);
#2729=PLANE('',#11931);
#2730=PLANE('',#11932);
#2731=PLANE('',#11936);
#2732=PLANE('',#11937);
#2733=PLANE('',#11940);
#2734=PLANE('',#11941);
#2735=PLANE('',#11948);
#2736=PLANE('',#11950);
#2737=PLANE('',#11952);
#2738=PLANE('',#11954);
#2739=PLANE('',#11956);
#2740=PLANE('',#11957);
#2741=PLANE('',#11958);
#2742=PLANE('',#11959);
#2743=PLANE('',#11960);
#2744=PLANE('',#11961);
#2745=PLANE('',#11962);
#2746=PLANE('',#11963);
#2747=PLANE('',#11964);
#2748=PLANE('',#11965);
#2749=PLANE('',#11966);
#2750=PLANE('',#11967);
#2751=PLANE('',#11971);
#2752=PLANE('',#11972);
#2753=PLANE('',#11973);
#2754=PLANE('',#11974);
#2755=PLANE('',#11975);
#2756=PLANE('',#11976);
#2757=PLANE('',#11977);
#2758=PLANE('',#11978);
#2759=PLANE('',#11979);
#2760=PLANE('',#11980);
#2761=PLANE('',#11981);
#2762=PLANE('',#11982);
#2763=PLANE('',#11983);
#2764=PLANE('',#11987);
#2765=PLANE('',#11988);
#2766=PLANE('',#11989);
#2767=PLANE('',#11990);
#2768=PLANE('',#11991);
#2769=PLANE('',#11992);
#2770=PLANE('',#11993);
#2771=PLANE('',#11994);
#2772=PLANE('',#11995);
#2773=PLANE('',#11996);
#2774=PLANE('',#11997);
#2775=PLANE('',#11998);
#2776=PLANE('',#11999);
#2777=PLANE('',#12003);
#2778=PLANE('',#12004);
#2779=PLANE('',#12006);
#2780=PLANE('',#12008);
#2781=PLANE('',#12010);
#2782=PLANE('',#12011);
#2783=PLANE('',#12012);
#2784=PLANE('',#12013);
#2785=PLANE('',#12014);
#2786=PLANE('',#12015);
#2787=PLANE('',#12016);
#2788=PLANE('',#12017);
#2789=PLANE('',#12018);
#2790=PLANE('',#12019);
#2791=PLANE('',#12020);
#2792=PLANE('',#12021);
#2793=PLANE('',#12025);
#2794=PLANE('',#12026);
#2795=PLANE('',#12027);
#2796=PLANE('',#12028);
#2797=PLANE('',#12029);
#2798=PLANE('',#12030);
#2799=PLANE('',#12031);
#2800=PLANE('',#12032);
#2801=PLANE('',#12033);
#2802=PLANE('',#12034);
#2803=PLANE('',#12035);
#2804=PLANE('',#12036);
#2805=PLANE('',#12037);
#2806=PLANE('',#12041);
#2807=PLANE('',#12042);
#2808=PLANE('',#12043);
#2809=PLANE('',#12044);
#2810=PLANE('',#12045);
#2811=PLANE('',#12046);
#2812=PLANE('',#12047);
#2813=PLANE('',#12048);
#2814=PLANE('',#12049);
#2815=PLANE('',#12050);
#2816=PLANE('',#12051);
#2817=PLANE('',#12052);
#2818=PLANE('',#12053);
#2819=PLANE('',#12057);
#2820=PLANE('',#12058);
#2821=PLANE('',#12059);
#2822=PLANE('',#12060);
#2823=PLANE('',#12061);
#2824=PLANE('',#12062);
#2825=PLANE('',#12063);
#2826=PLANE('',#12064);
#2827=PLANE('',#12065);
#2828=PLANE('',#12066);
#2829=PLANE('',#12067);
#2830=PLANE('',#12068);
#2831=PLANE('',#12069);
#2832=PLANE('',#12073);
#2833=PLANE('',#12074);
#2834=PLANE('',#12076);
#2835=PLANE('',#12078);
#2836=PLANE('',#12080);
#2837=PLANE('',#12086);
#2838=PLANE('',#12087);
#2839=PLANE('',#12088);
#2840=PLANE('',#12089);
#2841=PLANE('',#12090);
#2842=PLANE('',#12093);
#2843=PLANE('',#12096);
#2844=PLANE('',#12099);
#2845=PLANE('',#12103);
#2846=PLANE('',#12107);
#2847=PLANE('',#12111);
#2848=PLANE('',#12115);
#2849=PLANE('',#12119);
#2850=PLANE('',#12123);
#2851=PLANE('',#12124);
#2852=PLANE('',#12125);
#2853=PLANE('',#12126);
#2854=PLANE('',#12127);
#2855=PLANE('',#12128);
#2856=PLANE('',#12129);
#2857=PLANE('',#12133);
#2858=PLANE('',#12134);
#2859=PLANE('',#12135);
#2860=PLANE('',#12136);
#2861=PLANE('',#12137);
#2862=PLANE('',#12138);
#2863=PLANE('',#12139);
#2864=PLANE('',#12143);
#2865=PLANE('',#12144);
#2866=PLANE('',#12145);
#2867=PLANE('',#12146);
#2868=PLANE('',#12147);
#2869=PLANE('',#12148);
#2870=PLANE('',#12149);
#2871=PLANE('',#12153);
#2872=PLANE('',#12154);
#2873=PLANE('',#12155);
#2874=PLANE('',#12156);
#2875=PLANE('',#12157);
#2876=PLANE('',#12158);
#2877=PLANE('',#12159);
#2878=PLANE('',#12160);
#2879=PLANE('',#12161);
#2880=PLANE('',#12162);
#2881=PLANE('',#12163);
#2882=PLANE('',#12164);
#2883=PLANE('',#12170);
#2884=PLANE('',#12171);
#2885=PLANE('',#12172);
#2886=PLANE('',#12173);
#2887=PLANE('',#12186);
#2888=PLANE('',#12190);
#2889=PLANE('',#12197);
#2890=PLANE('',#12204);
#2891=PLANE('',#12205);
#2892=PLANE('',#12207);
#2893=PLANE('',#12209);
#2894=PLANE('',#12212);
#2895=PLANE('',#12215);
#2896=PLANE('',#12217);
#2897=PLANE('',#12218);
#2898=PLANE('',#12223);
#2899=PLANE('',#12225);
#2900=PLANE('',#12230);
#2901=PLANE('',#12242);
#2902=PLANE('',#12243);
#2903=PLANE('',#12247);
#2904=PLANE('',#12248);
#2905=PLANE('',#12251);
#2906=PLANE('',#12258);
#2907=PLANE('',#12259);
#2908=PLANE('',#12274);
#2909=PLANE('',#12275);
#2910=PLANE('',#12276);
#2911=PLANE('',#12277);
#2912=PLANE('',#12278);
#2913=PLANE('',#12279);
#2914=PLANE('',#12280);
#2915=PLANE('',#12281);
#2916=PLANE('',#12282);
#2917=PLANE('',#12283);
#2918=PLANE('',#12284);
#2919=PLANE('',#12285);
#2920=PLANE('',#12286);
#2921=PLANE('',#12287);
#2922=PLANE('',#12288);
#2923=PLANE('',#12289);
#2924=PLANE('',#12290);
#2925=PLANE('',#12291);
#2926=PLANE('',#12292);
#2927=PLANE('',#12293);
#2928=PLANE('',#12294);
#2929=PLANE('',#12295);
#2930=PLANE('',#12296);
#2931=PLANE('',#12297);
#2932=PLANE('',#12298);
#2933=PLANE('',#12299);
#2934=PLANE('',#12300);
#2935=PLANE('',#12301);
#2936=PLANE('',#12302);
#2937=PLANE('',#12303);
#2938=PLANE('',#12304);
#2939=PLANE('',#12305);
#2940=PLANE('',#12306);
#2941=PLANE('',#12307);
#2942=PLANE('',#12308);
#2943=PLANE('',#12309);
#2944=PLANE('',#12310);
#2945=PLANE('',#12311);
#2946=PLANE('',#12312);
#2947=PLANE('',#12313);
#2948=PLANE('',#12314);
#2949=PLANE('',#12315);
#2950=PLANE('',#12316);
#2951=PLANE('',#12317);
#2952=PLANE('',#12318);
#2953=PLANE('',#12319);
#2954=PLANE('',#12320);
#2955=PLANE('',#12321);
#2956=PLANE('',#12322);
#2957=PLANE('',#12323);
#2958=PLANE('',#12324);
#2959=PLANE('',#12325);
#2960=PLANE('',#12326);
#2961=PLANE('',#12327);
#2962=PLANE('',#12328);
#2963=PLANE('',#12329);
#2964=PLANE('',#12330);
#2965=PLANE('',#12331);
#2966=PLANE('',#12332);
#2967=PLANE('',#12333);
#2968=PLANE('',#12334);
#2969=PLANE('',#12335);
#2970=PLANE('',#12336);
#2971=PLANE('',#12337);
#2972=PLANE('',#12338);
#2973=PLANE('',#12339);
#2974=PLANE('',#12340);
#2975=PLANE('',#12341);
#2976=PLANE('',#12342);
#2977=PLANE('',#12343);
#2978=PLANE('',#12344);
#2979=PLANE('',#12345);
#2980=PLANE('',#12346);
#2981=PLANE('',#12348);
#2982=PLANE('',#12349);
#2983=PLANE('',#12350);
#2984=PLANE('',#12351);
#2985=PLANE('',#12357);
#2986=PLANE('',#12358);
#2987=PLANE('',#12366);
#2988=PLANE('',#12367);
#2989=PLANE('',#12368);
#2990=PLANE('',#12372);
#2991=PLANE('',#12374);
#2992=PLANE('',#12376);
#2993=PLANE('',#12378);
#2994=PLANE('',#12380);
#2995=PLANE('',#12382);
#2996=PLANE('',#12385);
#2997=PLANE('',#12387);
#2998=PLANE('',#12388);
#2999=PLANE('',#12389);
#3000=PLANE('',#12390);
#3001=PLANE('',#12391);
#3002=PLANE('',#12392);
#3003=PLANE('',#12393);
#3004=PLANE('',#12394);
#3005=PLANE('',#12395);
#3006=PLANE('',#12396);
#3007=PLANE('',#12397);
#3008=PLANE('',#12398);
#3009=PLANE('',#12399);
#3010=PLANE('',#12403);
#3011=PLANE('',#12404);
#3012=PLANE('',#12405);
#3013=PLANE('',#12406);
#3014=PLANE('',#12407);
#3015=PLANE('',#12408);
#3016=PLANE('',#12409);
#3017=PLANE('',#12410);
#3018=PLANE('',#12411);
#3019=PLANE('',#12412);
#3020=PLANE('',#12413);
#3021=PLANE('',#12414);
#3022=PLANE('',#12415);
#3023=PLANE('',#12416);
#3024=PLANE('',#12420);
#3025=PLANE('',#12421);
#3026=PLANE('',#12438);
#3027=PLANE('',#12439);
#3028=PLANE('',#12443);
#3029=PLANE('',#12447);
#3030=PLANE('',#12451);
#3031=PLANE('',#12452);
#3032=PLANE('',#12459);
#3033=PLANE('',#12460);
#3034=FACE_OUTER_BOUND('',#3635,.T.);
#3035=FACE_OUTER_BOUND('',#3636,.T.);
#3036=FACE_OUTER_BOUND('',#3641,.T.);
#3037=FACE_OUTER_BOUND('',#3642,.T.);
#3038=FACE_OUTER_BOUND('',#3643,.T.);
#3039=FACE_OUTER_BOUND('',#3644,.T.);
#3040=FACE_OUTER_BOUND('',#3645,.T.);
#3041=FACE_OUTER_BOUND('',#3646,.T.);
#3042=FACE_OUTER_BOUND('',#3647,.T.);
#3043=FACE_OUTER_BOUND('',#3648,.T.);
#3044=FACE_OUTER_BOUND('',#3649,.T.);
#3045=FACE_OUTER_BOUND('',#3650,.T.);
#3046=FACE_OUTER_BOUND('',#3651,.T.);
#3047=FACE_OUTER_BOUND('',#3652,.T.);
#3048=FACE_OUTER_BOUND('',#3653,.T.);
#3049=FACE_OUTER_BOUND('',#3654,.T.);
#3050=FACE_OUTER_BOUND('',#3655,.T.);
#3051=FACE_OUTER_BOUND('',#3656,.T.);
#3052=FACE_OUTER_BOUND('',#3657,.T.);
#3053=FACE_OUTER_BOUND('',#3658,.T.);
#3054=FACE_OUTER_BOUND('',#3659,.T.);
#3055=FACE_OUTER_BOUND('',#3660,.T.);
#3056=FACE_OUTER_BOUND('',#3661,.T.);
#3057=FACE_OUTER_BOUND('',#3662,.T.);
#3058=FACE_OUTER_BOUND('',#3663,.T.);
#3059=FACE_OUTER_BOUND('',#3664,.T.);
#3060=FACE_OUTER_BOUND('',#3665,.T.);
#3061=FACE_OUTER_BOUND('',#3666,.T.);
#3062=FACE_OUTER_BOUND('',#3667,.T.);
#3063=FACE_OUTER_BOUND('',#3668,.T.);
#3064=FACE_OUTER_BOUND('',#3669,.T.);
#3065=FACE_OUTER_BOUND('',#3670,.T.);
#3066=FACE_OUTER_BOUND('',#3671,.T.);
#3067=FACE_OUTER_BOUND('',#3672,.T.);
#3068=FACE_OUTER_BOUND('',#3673,.T.);
#3069=FACE_OUTER_BOUND('',#3674,.T.);
#3070=FACE_OUTER_BOUND('',#3675,.T.);
#3071=FACE_OUTER_BOUND('',#3676,.T.);
#3072=FACE_OUTER_BOUND('',#3677,.T.);
#3073=FACE_OUTER_BOUND('',#3678,.T.);
#3074=FACE_OUTER_BOUND('',#3679,.T.);
#3075=FACE_OUTER_BOUND('',#3680,.T.);
#3076=FACE_OUTER_BOUND('',#3681,.T.);
#3077=FACE_OUTER_BOUND('',#3682,.T.);
#3078=FACE_OUTER_BOUND('',#3683,.T.);
#3079=FACE_OUTER_BOUND('',#3684,.T.);
#3080=FACE_OUTER_BOUND('',#3685,.T.);
#3081=FACE_OUTER_BOUND('',#3686,.T.);
#3082=FACE_OUTER_BOUND('',#3688,.T.);
#3083=FACE_OUTER_BOUND('',#3689,.T.);
#3084=FACE_OUTER_BOUND('',#3690,.T.);
#3085=FACE_OUTER_BOUND('',#3691,.T.);
#3086=FACE_OUTER_BOUND('',#3692,.T.);
#3087=FACE_OUTER_BOUND('',#3693,.T.);
#3088=FACE_OUTER_BOUND('',#3694,.T.);
#3089=FACE_OUTER_BOUND('',#3695,.T.);
#3090=FACE_OUTER_BOUND('',#3696,.T.);
#3091=FACE_OUTER_BOUND('',#3697,.T.);
#3092=FACE_OUTER_BOUND('',#3698,.T.);
#3093=FACE_OUTER_BOUND('',#3699,.T.);
#3094=FACE_OUTER_BOUND('',#3700,.T.);
#3095=FACE_OUTER_BOUND('',#3701,.T.);
#3096=FACE_OUTER_BOUND('',#3703,.T.);
#3097=FACE_OUTER_BOUND('',#3704,.T.);
#3098=FACE_OUTER_BOUND('',#3705,.T.);
#3099=FACE_OUTER_BOUND('',#3706,.T.);
#3100=FACE_OUTER_BOUND('',#3707,.T.);
#3101=FACE_OUTER_BOUND('',#3708,.T.);
#3102=FACE_OUTER_BOUND('',#3709,.T.);
#3103=FACE_OUTER_BOUND('',#3710,.T.);
#3104=FACE_OUTER_BOUND('',#3711,.T.);
#3105=FACE_OUTER_BOUND('',#3712,.T.);
#3106=FACE_OUTER_BOUND('',#3713,.T.);
#3107=FACE_OUTER_BOUND('',#3714,.T.);
#3108=FACE_OUTER_BOUND('',#3715,.T.);
#3109=FACE_OUTER_BOUND('',#3716,.T.);
#3110=FACE_OUTER_BOUND('',#3718,.T.);
#3111=FACE_OUTER_BOUND('',#3719,.T.);
#3112=FACE_OUTER_BOUND('',#3720,.T.);
#3113=FACE_OUTER_BOUND('',#3721,.T.);
#3114=FACE_OUTER_BOUND('',#3722,.T.);
#3115=FACE_OUTER_BOUND('',#3723,.T.);
#3116=FACE_OUTER_BOUND('',#3724,.T.);
#3117=FACE_OUTER_BOUND('',#3725,.T.);
#3118=FACE_OUTER_BOUND('',#3726,.T.);
#3119=FACE_OUTER_BOUND('',#3727,.T.);
#3120=FACE_OUTER_BOUND('',#3728,.T.);
#3121=FACE_OUTER_BOUND('',#3729,.T.);
#3122=FACE_OUTER_BOUND('',#3730,.T.);
#3123=FACE_OUTER_BOUND('',#3731,.T.);
#3124=FACE_OUTER_BOUND('',#3733,.T.);
#3125=FACE_OUTER_BOUND('',#3734,.T.);
#3126=FACE_OUTER_BOUND('',#3735,.T.);
#3127=FACE_OUTER_BOUND('',#3736,.T.);
#3128=FACE_OUTER_BOUND('',#3737,.T.);
#3129=FACE_OUTER_BOUND('',#3738,.T.);
#3130=FACE_OUTER_BOUND('',#3739,.T.);
#3131=FACE_OUTER_BOUND('',#3740,.T.);
#3132=FACE_OUTER_BOUND('',#3741,.T.);
#3133=FACE_OUTER_BOUND('',#3742,.T.);
#3134=FACE_OUTER_BOUND('',#3743,.T.);
#3135=FACE_OUTER_BOUND('',#3744,.T.);
#3136=FACE_OUTER_BOUND('',#3745,.T.);
#3137=FACE_OUTER_BOUND('',#3746,.T.);
#3138=FACE_OUTER_BOUND('',#3747,.T.);
#3139=FACE_OUTER_BOUND('',#3748,.T.);
#3140=FACE_OUTER_BOUND('',#3749,.T.);
#3141=FACE_OUTER_BOUND('',#3754,.T.);
#3142=FACE_OUTER_BOUND('',#3755,.T.);
#3143=FACE_OUTER_BOUND('',#3756,.T.);
#3144=FACE_OUTER_BOUND('',#3757,.T.);
#3145=FACE_OUTER_BOUND('',#3758,.T.);
#3146=FACE_OUTER_BOUND('',#3759,.T.);
#3147=FACE_OUTER_BOUND('',#3760,.T.);
#3148=FACE_OUTER_BOUND('',#3761,.T.);
#3149=FACE_OUTER_BOUND('',#3762,.T.);
#3150=FACE_OUTER_BOUND('',#3763,.T.);
#3151=FACE_OUTER_BOUND('',#3764,.T.);
#3152=FACE_OUTER_BOUND('',#3765,.T.);
#3153=FACE_OUTER_BOUND('',#3766,.T.);
#3154=FACE_OUTER_BOUND('',#3767,.T.);
#3155=FACE_OUTER_BOUND('',#3768,.T.);
#3156=FACE_OUTER_BOUND('',#3769,.T.);
#3157=FACE_OUTER_BOUND('',#3770,.T.);
#3158=FACE_OUTER_BOUND('',#3771,.T.);
#3159=FACE_OUTER_BOUND('',#3772,.T.);
#3160=FACE_OUTER_BOUND('',#3774,.T.);
#3161=FACE_OUTER_BOUND('',#3775,.T.);
#3162=FACE_OUTER_BOUND('',#3776,.T.);
#3163=FACE_OUTER_BOUND('',#3777,.T.);
#3164=FACE_OUTER_BOUND('',#3779,.T.);
#3165=FACE_OUTER_BOUND('',#3780,.T.);
#3166=FACE_OUTER_BOUND('',#3781,.T.);
#3167=FACE_OUTER_BOUND('',#3782,.T.);
#3168=FACE_OUTER_BOUND('',#3784,.T.);
#3169=FACE_OUTER_BOUND('',#3785,.T.);
#3170=FACE_OUTER_BOUND('',#3786,.T.);
#3171=FACE_OUTER_BOUND('',#3788,.T.);
#3172=FACE_OUTER_BOUND('',#3789,.T.);
#3173=FACE_OUTER_BOUND('',#3790,.T.);
#3174=FACE_OUTER_BOUND('',#3791,.T.);
#3175=FACE_OUTER_BOUND('',#3793,.T.);
#3176=FACE_OUTER_BOUND('',#3794,.T.);
#3177=FACE_OUTER_BOUND('',#3795,.T.);
#3178=FACE_OUTER_BOUND('',#3796,.T.);
#3179=FACE_OUTER_BOUND('',#3797,.T.);
#3180=FACE_OUTER_BOUND('',#3798,.T.);
#3181=FACE_OUTER_BOUND('',#3799,.T.);
#3182=FACE_OUTER_BOUND('',#3800,.T.);
#3183=FACE_OUTER_BOUND('',#3801,.T.);
#3184=FACE_OUTER_BOUND('',#3802,.T.);
#3185=FACE_OUTER_BOUND('',#3803,.T.);
#3186=FACE_OUTER_BOUND('',#3804,.T.);
#3187=FACE_OUTER_BOUND('',#3805,.T.);
#3188=FACE_OUTER_BOUND('',#3806,.T.);
#3189=FACE_OUTER_BOUND('',#3807,.T.);
#3190=FACE_OUTER_BOUND('',#3808,.T.);
#3191=FACE_OUTER_BOUND('',#3809,.T.);
#3192=FACE_OUTER_BOUND('',#3810,.T.);
#3193=FACE_OUTER_BOUND('',#3811,.T.);
#3194=FACE_OUTER_BOUND('',#3812,.T.);
#3195=FACE_OUTER_BOUND('',#3813,.T.);
#3196=FACE_OUTER_BOUND('',#3814,.T.);
#3197=FACE_OUTER_BOUND('',#3815,.T.);
#3198=FACE_OUTER_BOUND('',#3816,.T.);
#3199=FACE_OUTER_BOUND('',#3817,.T.);
#3200=FACE_OUTER_BOUND('',#3818,.T.);
#3201=FACE_OUTER_BOUND('',#3819,.T.);
#3202=FACE_OUTER_BOUND('',#3826,.T.);
#3203=FACE_OUTER_BOUND('',#3827,.T.);
#3204=FACE_OUTER_BOUND('',#3828,.T.);
#3205=FACE_OUTER_BOUND('',#3829,.T.);
#3206=FACE_OUTER_BOUND('',#3830,.T.);
#3207=FACE_OUTER_BOUND('',#3831,.T.);
#3208=FACE_OUTER_BOUND('',#3832,.T.);
#3209=FACE_OUTER_BOUND('',#3833,.T.);
#3210=FACE_OUTER_BOUND('',#3834,.T.);
#3211=FACE_OUTER_BOUND('',#3835,.T.);
#3212=FACE_OUTER_BOUND('',#3836,.T.);
#3213=FACE_OUTER_BOUND('',#3837,.T.);
#3214=FACE_OUTER_BOUND('',#3838,.T.);
#3215=FACE_OUTER_BOUND('',#3839,.T.);
#3216=FACE_OUTER_BOUND('',#3840,.T.);
#3217=FACE_OUTER_BOUND('',#3841,.T.);
#3218=FACE_OUTER_BOUND('',#3842,.T.);
#3219=FACE_OUTER_BOUND('',#3843,.T.);
#3220=FACE_OUTER_BOUND('',#3844,.T.);
#3221=FACE_OUTER_BOUND('',#3845,.T.);
#3222=FACE_OUTER_BOUND('',#3846,.T.);
#3223=FACE_OUTER_BOUND('',#3847,.T.);
#3224=FACE_OUTER_BOUND('',#3848,.T.);
#3225=FACE_OUTER_BOUND('',#3849,.T.);
#3226=FACE_OUTER_BOUND('',#3850,.T.);
#3227=FACE_OUTER_BOUND('',#3851,.T.);
#3228=FACE_OUTER_BOUND('',#3852,.T.);
#3229=FACE_OUTER_BOUND('',#3853,.T.);
#3230=FACE_OUTER_BOUND('',#3854,.T.);
#3231=FACE_OUTER_BOUND('',#3855,.T.);
#3232=FACE_OUTER_BOUND('',#3857,.T.);
#3233=FACE_OUTER_BOUND('',#3858,.T.);
#3234=FACE_OUTER_BOUND('',#3859,.T.);
#3235=FACE_OUTER_BOUND('',#3860,.T.);
#3236=FACE_OUTER_BOUND('',#3861,.T.);
#3237=FACE_OUTER_BOUND('',#3862,.T.);
#3238=FACE_OUTER_BOUND('',#3863,.T.);
#3239=FACE_OUTER_BOUND('',#3864,.T.);
#3240=FACE_OUTER_BOUND('',#3865,.T.);
#3241=FACE_OUTER_BOUND('',#3866,.T.);
#3242=FACE_OUTER_BOUND('',#3867,.T.);
#3243=FACE_OUTER_BOUND('',#3868,.T.);
#3244=FACE_OUTER_BOUND('',#3869,.T.);
#3245=FACE_OUTER_BOUND('',#3870,.T.);
#3246=FACE_OUTER_BOUND('',#3871,.T.);
#3247=FACE_OUTER_BOUND('',#3872,.T.);
#3248=FACE_OUTER_BOUND('',#3873,.T.);
#3249=FACE_OUTER_BOUND('',#3874,.T.);
#3250=FACE_OUTER_BOUND('',#3876,.T.);
#3251=FACE_OUTER_BOUND('',#3877,.T.);
#3252=FACE_OUTER_BOUND('',#3878,.T.);
#3253=FACE_OUTER_BOUND('',#3879,.T.);
#3254=FACE_OUTER_BOUND('',#3880,.T.);
#3255=FACE_OUTER_BOUND('',#3881,.T.);
#3256=FACE_OUTER_BOUND('',#3882,.T.);
#3257=FACE_OUTER_BOUND('',#3883,.T.);
#3258=FACE_OUTER_BOUND('',#3884,.T.);
#3259=FACE_OUTER_BOUND('',#3885,.T.);
#3260=FACE_OUTER_BOUND('',#3886,.T.);
#3261=FACE_OUTER_BOUND('',#3887,.T.);
#3262=FACE_OUTER_BOUND('',#3888,.T.);
#3263=FACE_OUTER_BOUND('',#3889,.T.);
#3264=FACE_OUTER_BOUND('',#3891,.T.);
#3265=FACE_OUTER_BOUND('',#3892,.T.);
#3266=FACE_OUTER_BOUND('',#3893,.T.);
#3267=FACE_OUTER_BOUND('',#3894,.T.);
#3268=FACE_OUTER_BOUND('',#3895,.T.);
#3269=FACE_OUTER_BOUND('',#3896,.T.);
#3270=FACE_OUTER_BOUND('',#3897,.T.);
#3271=FACE_OUTER_BOUND('',#3898,.T.);
#3272=FACE_OUTER_BOUND('',#3899,.T.);
#3273=FACE_OUTER_BOUND('',#3900,.T.);
#3274=FACE_OUTER_BOUND('',#3901,.T.);
#3275=FACE_OUTER_BOUND('',#3902,.T.);
#3276=FACE_OUTER_BOUND('',#3903,.T.);
#3277=FACE_OUTER_BOUND('',#3904,.T.);
#3278=FACE_OUTER_BOUND('',#3906,.T.);
#3279=FACE_OUTER_BOUND('',#3908,.T.);
#3280=FACE_OUTER_BOUND('',#3910,.T.);
#3281=FACE_OUTER_BOUND('',#3912,.T.);
#3282=FACE_OUTER_BOUND('',#3913,.T.);
#3283=FACE_OUTER_BOUND('',#3914,.T.);
#3284=FACE_OUTER_BOUND('',#3915,.T.);
#3285=FACE_OUTER_BOUND('',#3916,.T.);
#3286=FACE_OUTER_BOUND('',#3917,.T.);
#3287=FACE_OUTER_BOUND('',#3918,.T.);
#3288=FACE_OUTER_BOUND('',#3919,.T.);
#3289=FACE_OUTER_BOUND('',#3920,.T.);
#3290=FACE_OUTER_BOUND('',#3921,.T.);
#3291=FACE_OUTER_BOUND('',#3922,.T.);
#3292=FACE_OUTER_BOUND('',#3923,.T.);
#3293=FACE_OUTER_BOUND('',#3924,.T.);
#3294=FACE_OUTER_BOUND('',#3925,.T.);
#3295=FACE_OUTER_BOUND('',#3927,.T.);
#3296=FACE_OUTER_BOUND('',#3928,.T.);
#3297=FACE_OUTER_BOUND('',#3929,.T.);
#3298=FACE_OUTER_BOUND('',#3930,.T.);
#3299=FACE_OUTER_BOUND('',#3931,.T.);
#3300=FACE_OUTER_BOUND('',#3932,.T.);
#3301=FACE_OUTER_BOUND('',#3933,.T.);
#3302=FACE_OUTER_BOUND('',#3934,.T.);
#3303=FACE_OUTER_BOUND('',#3935,.T.);
#3304=FACE_OUTER_BOUND('',#3936,.T.);
#3305=FACE_OUTER_BOUND('',#3937,.T.);
#3306=FACE_OUTER_BOUND('',#3938,.T.);
#3307=FACE_OUTER_BOUND('',#3939,.T.);
#3308=FACE_OUTER_BOUND('',#3940,.T.);
#3309=FACE_OUTER_BOUND('',#3942,.T.);
#3310=FACE_OUTER_BOUND('',#3943,.T.);
#3311=FACE_OUTER_BOUND('',#3944,.T.);
#3312=FACE_OUTER_BOUND('',#3945,.T.);
#3313=FACE_OUTER_BOUND('',#3946,.T.);
#3314=FACE_OUTER_BOUND('',#3947,.T.);
#3315=FACE_OUTER_BOUND('',#3948,.T.);
#3316=FACE_OUTER_BOUND('',#3949,.T.);
#3317=FACE_OUTER_BOUND('',#3950,.T.);
#3318=FACE_OUTER_BOUND('',#3951,.T.);
#3319=FACE_OUTER_BOUND('',#3952,.T.);
#3320=FACE_OUTER_BOUND('',#3953,.T.);
#3321=FACE_OUTER_BOUND('',#3954,.T.);
#3322=FACE_OUTER_BOUND('',#3955,.T.);
#3323=FACE_OUTER_BOUND('',#3957,.T.);
#3324=FACE_OUTER_BOUND('',#3958,.T.);
#3325=FACE_OUTER_BOUND('',#3959,.T.);
#3326=FACE_OUTER_BOUND('',#3960,.T.);
#3327=FACE_OUTER_BOUND('',#3961,.T.);
#3328=FACE_OUTER_BOUND('',#3962,.T.);
#3329=FACE_OUTER_BOUND('',#3963,.T.);
#3330=FACE_OUTER_BOUND('',#3964,.T.);
#3331=FACE_OUTER_BOUND('',#3965,.T.);
#3332=FACE_OUTER_BOUND('',#3966,.T.);
#3333=FACE_OUTER_BOUND('',#3967,.T.);
#3334=FACE_OUTER_BOUND('',#3968,.T.);
#3335=FACE_OUTER_BOUND('',#3969,.T.);
#3336=FACE_OUTER_BOUND('',#3970,.T.);
#3337=FACE_OUTER_BOUND('',#3972,.T.);
#3338=FACE_OUTER_BOUND('',#3974,.T.);
#3339=FACE_OUTER_BOUND('',#3976,.T.);
#3340=FACE_OUTER_BOUND('',#3978,.T.);
#3341=FACE_OUTER_BOUND('',#3980,.T.);
#3342=FACE_OUTER_BOUND('',#3981,.T.);
#3343=FACE_OUTER_BOUND('',#3982,.T.);
#3344=FACE_OUTER_BOUND('',#3983,.T.);
#3345=FACE_OUTER_BOUND('',#3984,.T.);
#3346=FACE_OUTER_BOUND('',#3985,.T.);
#3347=FACE_OUTER_BOUND('',#3986,.T.);
#3348=FACE_OUTER_BOUND('',#3987,.T.);
#3349=FACE_OUTER_BOUND('',#3988,.T.);
#3350=FACE_OUTER_BOUND('',#3989,.T.);
#3351=FACE_OUTER_BOUND('',#3990,.T.);
#3352=FACE_OUTER_BOUND('',#3991,.T.);
#3353=FACE_OUTER_BOUND('',#3992,.T.);
#3354=FACE_OUTER_BOUND('',#3993,.T.);
#3355=FACE_OUTER_BOUND('',#3994,.T.);
#3356=FACE_OUTER_BOUND('',#3995,.T.);
#3357=FACE_OUTER_BOUND('',#3996,.T.);
#3358=FACE_OUTER_BOUND('',#3997,.T.);
#3359=FACE_OUTER_BOUND('',#3998,.T.);
#3360=FACE_OUTER_BOUND('',#4000,.T.);
#3361=FACE_OUTER_BOUND('',#4001,.T.);
#3362=FACE_OUTER_BOUND('',#4002,.T.);
#3363=FACE_OUTER_BOUND('',#4003,.T.);
#3364=FACE_OUTER_BOUND('',#4004,.T.);
#3365=FACE_OUTER_BOUND('',#4005,.T.);
#3366=FACE_OUTER_BOUND('',#4006,.T.);
#3367=FACE_OUTER_BOUND('',#4007,.T.);
#3368=FACE_OUTER_BOUND('',#4008,.T.);
#3369=FACE_OUTER_BOUND('',#4009,.T.);
#3370=FACE_OUTER_BOUND('',#4010,.T.);
#3371=FACE_OUTER_BOUND('',#4011,.T.);
#3372=FACE_OUTER_BOUND('',#4013,.T.);
#3373=FACE_OUTER_BOUND('',#4014,.T.);
#3374=FACE_OUTER_BOUND('',#4015,.T.);
#3375=FACE_OUTER_BOUND('',#4016,.T.);
#3376=FACE_OUTER_BOUND('',#4017,.T.);
#3377=FACE_OUTER_BOUND('',#4018,.T.);
#3378=FACE_OUTER_BOUND('',#4019,.T.);
#3379=FACE_OUTER_BOUND('',#4020,.T.);
#3380=FACE_OUTER_BOUND('',#4022,.T.);
#3381=FACE_OUTER_BOUND('',#4023,.T.);
#3382=FACE_OUTER_BOUND('',#4024,.T.);
#3383=FACE_OUTER_BOUND('',#4025,.T.);
#3384=FACE_OUTER_BOUND('',#4026,.T.);
#3385=FACE_OUTER_BOUND('',#4027,.T.);
#3386=FACE_OUTER_BOUND('',#4028,.T.);
#3387=FACE_OUTER_BOUND('',#4029,.T.);
#3388=FACE_OUTER_BOUND('',#4031,.T.);
#3389=FACE_OUTER_BOUND('',#4032,.T.);
#3390=FACE_OUTER_BOUND('',#4033,.T.);
#3391=FACE_OUTER_BOUND('',#4034,.T.);
#3392=FACE_OUTER_BOUND('',#4035,.T.);
#3393=FACE_OUTER_BOUND('',#4036,.T.);
#3394=FACE_OUTER_BOUND('',#4037,.T.);
#3395=FACE_OUTER_BOUND('',#4038,.T.);
#3396=FACE_OUTER_BOUND('',#4040,.T.);
#3397=FACE_OUTER_BOUND('',#4041,.T.);
#3398=FACE_OUTER_BOUND('',#4042,.T.);
#3399=FACE_OUTER_BOUND('',#4043,.T.);
#3400=FACE_OUTER_BOUND('',#4044,.T.);
#3401=FACE_OUTER_BOUND('',#4048,.T.);
#3402=FACE_OUTER_BOUND('',#4049,.T.);
#3403=FACE_OUTER_BOUND('',#4050,.T.);
#3404=FACE_OUTER_BOUND('',#4051,.T.);
#3405=FACE_OUTER_BOUND('',#4052,.T.);
#3406=FACE_OUTER_BOUND('',#4053,.T.);
#3407=FACE_OUTER_BOUND('',#4054,.T.);
#3408=FACE_OUTER_BOUND('',#4055,.T.);
#3409=FACE_OUTER_BOUND('',#4056,.T.);
#3410=FACE_OUTER_BOUND('',#4057,.T.);
#3411=FACE_OUTER_BOUND('',#4058,.T.);
#3412=FACE_OUTER_BOUND('',#4059,.T.);
#3413=FACE_OUTER_BOUND('',#4060,.T.);
#3414=FACE_OUTER_BOUND('',#4061,.T.);
#3415=FACE_OUTER_BOUND('',#4062,.T.);
#3416=FACE_OUTER_BOUND('',#4063,.T.);
#3417=FACE_OUTER_BOUND('',#4064,.T.);
#3418=FACE_OUTER_BOUND('',#4065,.T.);
#3419=FACE_OUTER_BOUND('',#4066,.T.);
#3420=FACE_OUTER_BOUND('',#4067,.T.);
#3421=FACE_OUTER_BOUND('',#4068,.T.);
#3422=FACE_OUTER_BOUND('',#4069,.T.);
#3423=FACE_OUTER_BOUND('',#4070,.T.);
#3424=FACE_OUTER_BOUND('',#4071,.T.);
#3425=FACE_OUTER_BOUND('',#4072,.T.);
#3426=FACE_OUTER_BOUND('',#4073,.T.);
#3427=FACE_OUTER_BOUND('',#4074,.T.);
#3428=FACE_OUTER_BOUND('',#4076,.T.);
#3429=FACE_OUTER_BOUND('',#4077,.T.);
#3430=FACE_OUTER_BOUND('',#4079,.T.);
#3431=FACE_OUTER_BOUND('',#4081,.T.);
#3432=FACE_OUTER_BOUND('',#4082,.T.);
#3433=FACE_OUTER_BOUND('',#4084,.T.);
#3434=FACE_OUTER_BOUND('',#4086,.T.);
#3435=FACE_OUTER_BOUND('',#4087,.T.);
#3436=FACE_OUTER_BOUND('',#4089,.T.);
#3437=FACE_OUTER_BOUND('',#4090,.T.);
#3438=FACE_OUTER_BOUND('',#4093,.T.);
#3439=FACE_OUTER_BOUND('',#4094,.T.);
#3440=FACE_OUTER_BOUND('',#4095,.T.);
#3441=FACE_OUTER_BOUND('',#4097,.T.);
#3442=FACE_OUTER_BOUND('',#4099,.T.);
#3443=FACE_OUTER_BOUND('',#4100,.T.);
#3444=FACE_OUTER_BOUND('',#4101,.T.);
#3445=FACE_OUTER_BOUND('',#4102,.T.);
#3446=FACE_OUTER_BOUND('',#4103,.T.);
#3447=FACE_OUTER_BOUND('',#4104,.T.);
#3448=FACE_OUTER_BOUND('',#4106,.T.);
#3449=FACE_OUTER_BOUND('',#4113,.T.);
#3450=FACE_OUTER_BOUND('',#4114,.T.);
#3451=FACE_OUTER_BOUND('',#4115,.T.);
#3452=FACE_OUTER_BOUND('',#4116,.T.);
#3453=FACE_OUTER_BOUND('',#4117,.T.);
#3454=FACE_OUTER_BOUND('',#4118,.T.);
#3455=FACE_OUTER_BOUND('',#4119,.T.);
#3456=FACE_OUTER_BOUND('',#4120,.T.);
#3457=FACE_OUTER_BOUND('',#4121,.T.);
#3458=FACE_OUTER_BOUND('',#4122,.T.);
#3459=FACE_OUTER_BOUND('',#4123,.T.);
#3460=FACE_OUTER_BOUND('',#4124,.T.);
#3461=FACE_OUTER_BOUND('',#4125,.T.);
#3462=FACE_OUTER_BOUND('',#4126,.T.);
#3463=FACE_OUTER_BOUND('',#4127,.T.);
#3464=FACE_OUTER_BOUND('',#4128,.T.);
#3465=FACE_OUTER_BOUND('',#4129,.T.);
#3466=FACE_OUTER_BOUND('',#4130,.T.);
#3467=FACE_OUTER_BOUND('',#4131,.T.);
#3468=FACE_OUTER_BOUND('',#4133,.T.);
#3469=FACE_OUTER_BOUND('',#4134,.T.);
#3470=FACE_OUTER_BOUND('',#4135,.T.);
#3471=FACE_OUTER_BOUND('',#4136,.T.);
#3472=FACE_OUTER_BOUND('',#4137,.T.);
#3473=FACE_OUTER_BOUND('',#4138,.T.);
#3474=FACE_OUTER_BOUND('',#4139,.T.);
#3475=FACE_OUTER_BOUND('',#4140,.T.);
#3476=FACE_OUTER_BOUND('',#4141,.T.);
#3477=FACE_OUTER_BOUND('',#4142,.T.);
#3478=FACE_OUTER_BOUND('',#4143,.T.);
#3479=FACE_OUTER_BOUND('',#4144,.T.);
#3480=FACE_OUTER_BOUND('',#4146,.T.);
#3481=FACE_OUTER_BOUND('',#4147,.T.);
#3482=FACE_OUTER_BOUND('',#4148,.T.);
#3483=FACE_OUTER_BOUND('',#4149,.T.);
#3484=FACE_OUTER_BOUND('',#4150,.T.);
#3485=FACE_OUTER_BOUND('',#4151,.T.);
#3486=FACE_OUTER_BOUND('',#4152,.T.);
#3487=FACE_OUTER_BOUND('',#4153,.T.);
#3488=FACE_OUTER_BOUND('',#4154,.T.);
#3489=FACE_OUTER_BOUND('',#4155,.T.);
#3490=FACE_OUTER_BOUND('',#4156,.T.);
#3491=FACE_OUTER_BOUND('',#4157,.T.);
#3492=FACE_OUTER_BOUND('',#4158,.T.);
#3493=FACE_OUTER_BOUND('',#4159,.T.);
#3494=FACE_OUTER_BOUND('',#4160,.T.);
#3495=FACE_OUTER_BOUND('',#4162,.T.);
#3496=FACE_OUTER_BOUND('',#4163,.T.);
#3497=FACE_OUTER_BOUND('',#4164,.T.);
#3498=FACE_OUTER_BOUND('',#4165,.T.);
#3499=FACE_OUTER_BOUND('',#4166,.T.);
#3500=FACE_OUTER_BOUND('',#4167,.T.);
#3501=FACE_OUTER_BOUND('',#4168,.T.);
#3502=FACE_OUTER_BOUND('',#4169,.T.);
#3503=FACE_OUTER_BOUND('',#4170,.T.);
#3504=FACE_OUTER_BOUND('',#4171,.T.);
#3505=FACE_OUTER_BOUND('',#4172,.T.);
#3506=FACE_OUTER_BOUND('',#4173,.T.);
#3507=FACE_OUTER_BOUND('',#4174,.T.);
#3508=FACE_OUTER_BOUND('',#4175,.T.);
#3509=FACE_OUTER_BOUND('',#4176,.T.);
#3510=FACE_OUTER_BOUND('',#4177,.T.);
#3511=FACE_OUTER_BOUND('',#4178,.T.);
#3512=FACE_OUTER_BOUND('',#4179,.T.);
#3513=FACE_OUTER_BOUND('',#4180,.T.);
#3514=FACE_OUTER_BOUND('',#4181,.T.);
#3515=FACE_OUTER_BOUND('',#4182,.T.);
#3516=FACE_OUTER_BOUND('',#4183,.T.);
#3517=FACE_OUTER_BOUND('',#4184,.T.);
#3518=FACE_OUTER_BOUND('',#4185,.T.);
#3519=FACE_OUTER_BOUND('',#4187,.T.);
#3520=FACE_OUTER_BOUND('',#4188,.T.);
#3521=FACE_OUTER_BOUND('',#4189,.T.);
#3522=FACE_OUTER_BOUND('',#4190,.T.);
#3523=FACE_OUTER_BOUND('',#4191,.T.);
#3524=FACE_OUTER_BOUND('',#4192,.T.);
#3525=FACE_OUTER_BOUND('',#4193,.T.);
#3526=FACE_OUTER_BOUND('',#4194,.T.);
#3527=FACE_OUTER_BOUND('',#4195,.T.);
#3528=FACE_OUTER_BOUND('',#4196,.T.);
#3529=FACE_OUTER_BOUND('',#4197,.T.);
#3530=FACE_OUTER_BOUND('',#4198,.T.);
#3531=FACE_OUTER_BOUND('',#4199,.T.);
#3532=FACE_OUTER_BOUND('',#4200,.T.);
#3533=FACE_OUTER_BOUND('',#4201,.T.);
#3534=FACE_OUTER_BOUND('',#4202,.T.);
#3535=FACE_OUTER_BOUND('',#4203,.T.);
#3536=FACE_OUTER_BOUND('',#4204,.T.);
#3537=FACE_OUTER_BOUND('',#4205,.T.);
#3538=FACE_OUTER_BOUND('',#4207,.T.);
#3539=FACE_OUTER_BOUND('',#4208,.T.);
#3540=FACE_OUTER_BOUND('',#4209,.T.);
#3541=FACE_OUTER_BOUND('',#4210,.T.);
#3542=FACE_OUTER_BOUND('',#4211,.T.);
#3543=FACE_OUTER_BOUND('',#4212,.T.);
#3544=FACE_OUTER_BOUND('',#4213,.T.);
#3545=FACE_OUTER_BOUND('',#4214,.T.);
#3546=FACE_OUTER_BOUND('',#4215,.T.);
#3547=FACE_OUTER_BOUND('',#4216,.T.);
#3548=FACE_OUTER_BOUND('',#4217,.T.);
#3549=FACE_OUTER_BOUND('',#4218,.T.);
#3550=FACE_OUTER_BOUND('',#4219,.T.);
#3551=FACE_OUTER_BOUND('',#4220,.T.);
#3552=FACE_OUTER_BOUND('',#4228,.T.);
#3553=FACE_OUTER_BOUND('',#4229,.T.);
#3554=FACE_OUTER_BOUND('',#4230,.T.);
#3555=FACE_OUTER_BOUND('',#4231,.T.);
#3556=FACE_OUTER_BOUND('',#4232,.T.);
#3557=FACE_OUTER_BOUND('',#4233,.T.);
#3558=FACE_OUTER_BOUND('',#4234,.T.);
#3559=FACE_OUTER_BOUND('',#4236,.T.);
#3560=FACE_OUTER_BOUND('',#4241,.T.);
#3561=FACE_OUTER_BOUND('',#4242,.T.);
#3562=FACE_OUTER_BOUND('',#4243,.T.);
#3563=FACE_OUTER_BOUND('',#4244,.T.);
#3564=FACE_OUTER_BOUND('',#4245,.T.);
#3565=FACE_OUTER_BOUND('',#4246,.T.);
#3566=FACE_OUTER_BOUND('',#4247,.T.);
#3567=FACE_OUTER_BOUND('',#4248,.T.);
#3568=FACE_OUTER_BOUND('',#4249,.T.);
#3569=FACE_OUTER_BOUND('',#4250,.T.);
#3570=FACE_OUTER_BOUND('',#4251,.T.);
#3571=FACE_OUTER_BOUND('',#4252,.T.);
#3572=FACE_OUTER_BOUND('',#4253,.T.);
#3573=FACE_OUTER_BOUND('',#4254,.T.);
#3574=FACE_OUTER_BOUND('',#4255,.T.);
#3575=FACE_OUTER_BOUND('',#4256,.T.);
#3576=FACE_OUTER_BOUND('',#4257,.T.);
#3577=FACE_OUTER_BOUND('',#4258,.T.);
#3578=FACE_OUTER_BOUND('',#4259,.T.);
#3579=FACE_OUTER_BOUND('',#4260,.T.);
#3580=FACE_OUTER_BOUND('',#4261,.T.);
#3581=FACE_OUTER_BOUND('',#4262,.T.);
#3582=FACE_OUTER_BOUND('',#4263,.T.);
#3583=FACE_OUTER_BOUND('',#4264,.T.);
#3584=FACE_OUTER_BOUND('',#4265,.T.);
#3585=FACE_OUTER_BOUND('',#4266,.T.);
#3586=FACE_OUTER_BOUND('',#4267,.T.);
#3587=FACE_OUTER_BOUND('',#4268,.T.);
#3588=FACE_OUTER_BOUND('',#4269,.T.);
#3589=FACE_OUTER_BOUND('',#4270,.T.);
#3590=FACE_OUTER_BOUND('',#4271,.T.);
#3591=FACE_OUTER_BOUND('',#4272,.T.);
#3592=FACE_OUTER_BOUND('',#4273,.T.);
#3593=FACE_OUTER_BOUND('',#4274,.T.);
#3594=FACE_OUTER_BOUND('',#4275,.T.);
#3595=FACE_OUTER_BOUND('',#4276,.T.);
#3596=FACE_OUTER_BOUND('',#4277,.T.);
#3597=FACE_OUTER_BOUND('',#4278,.T.);
#3598=FACE_OUTER_BOUND('',#4279,.T.);
#3599=FACE_OUTER_BOUND('',#4280,.T.);
#3600=FACE_OUTER_BOUND('',#4282,.T.);
#3601=FACE_OUTER_BOUND('',#4284,.T.);
#3602=FACE_OUTER_BOUND('',#4285,.T.);
#3603=FACE_OUTER_BOUND('',#4286,.T.);
#3604=FACE_OUTER_BOUND('',#4287,.T.);
#3605=FACE_OUTER_BOUND('',#4288,.T.);
#3606=FACE_OUTER_BOUND('',#4289,.T.);
#3607=FACE_OUTER_BOUND('',#4290,.T.);
#3608=FACE_OUTER_BOUND('',#4291,.T.);
#3609=FACE_OUTER_BOUND('',#4292,.T.);
#3610=FACE_OUTER_BOUND('',#4293,.T.);
#3611=FACE_OUTER_BOUND('',#4294,.T.);
#3612=FACE_OUTER_BOUND('',#4295,.T.);
#3613=FACE_OUTER_BOUND('',#4296,.T.);
#3614=FACE_OUTER_BOUND('',#4297,.T.);
#3615=FACE_OUTER_BOUND('',#4299,.T.);
#3616=FACE_OUTER_BOUND('',#4301,.T.);
#3617=FACE_OUTER_BOUND('',#4302,.T.);
#3618=FACE_OUTER_BOUND('',#4303,.T.);
#3619=FACE_OUTER_BOUND('',#4304,.T.);
#3620=FACE_OUTER_BOUND('',#4305,.T.);
#3621=FACE_OUTER_BOUND('',#4306,.T.);
#3622=FACE_OUTER_BOUND('',#4307,.T.);
#3623=FACE_OUTER_BOUND('',#4309,.T.);
#3624=FACE_OUTER_BOUND('',#4311,.T.);
#3625=FACE_OUTER_BOUND('',#4312,.T.);
#3626=FACE_OUTER_BOUND('',#4313,.T.);
#3627=FACE_OUTER_BOUND('',#4314,.T.);
#3628=FACE_OUTER_BOUND('',#4315,.T.);
#3629=FACE_OUTER_BOUND('',#4316,.T.);
#3630=FACE_OUTER_BOUND('',#4318,.T.);
#3631=FACE_OUTER_BOUND('',#4320,.T.);
#3632=FACE_OUTER_BOUND('',#4321,.T.);
#3633=FACE_OUTER_BOUND('',#4322,.T.);
#3634=FACE_OUTER_BOUND('',#4324,.T.);
#3635=EDGE_LOOP('',(#7273,#7274,#7275,#7276));
#3636=EDGE_LOOP('',(#7277,#7278,#7279,#7280,#7281,#7282,#7283,#7284,#7285,
#7286,#7287,#7288,#7289,#7290,#7291,#7292,#7293,#7294,#7295,#7296,#7297,
#7298,#7299,#7300,#7301,#7302,#7303,#7304,#7305,#7306,#7307,#7308));
#3637=EDGE_LOOP('',(#7309,#7310,#7311,#7312,#7313,#7314));
#3638=EDGE_LOOP('',(#7315,#7316,#7317,#7318,#7319,#7320));
#3639=EDGE_LOOP('',(#7321,#7322,#7323,#7324,#7325,#7326));
#3640=EDGE_LOOP('',(#7327,#7328,#7329,#7330,#7331,#7332));
#3641=EDGE_LOOP('',(#7333,#7334,#7335,#7336));
#3642=EDGE_LOOP('',(#7337,#7338,#7339,#7340,#7341,#7342,#7343,#7344,#7345,
#7346));
#3643=EDGE_LOOP('',(#7347,#7348,#7349,#7350));
#3644=EDGE_LOOP('',(#7351,#7352,#7353,#7354));
#3645=EDGE_LOOP('',(#7355,#7356,#7357,#7358));
#3646=EDGE_LOOP('',(#7359,#7360,#7361,#7362));
#3647=EDGE_LOOP('',(#7363,#7364,#7365,#7366));
#3648=EDGE_LOOP('',(#7367,#7368,#7369,#7370));
#3649=EDGE_LOOP('',(#7371,#7372,#7373,#7374,#7375,#7376,#7377,#7378,#7379,
#7380));
#3650=EDGE_LOOP('',(#7381,#7382,#7383,#7384));
#3651=EDGE_LOOP('',(#7385,#7386,#7387,#7388));
#3652=EDGE_LOOP('',(#7389,#7390,#7391,#7392));
#3653=EDGE_LOOP('',(#7393,#7394,#7395,#7396));
#3654=EDGE_LOOP('',(#7397,#7398,#7399,#7400,#7401,#7402,#7403,#7404,#7405,
#7406,#7407,#7408));
#3655=EDGE_LOOP('',(#7409,#7410,#7411,#7412));
#3656=EDGE_LOOP('',(#7413,#7414,#7415,#7416));
#3657=EDGE_LOOP('',(#7417,#7418,#7419,#7420));
#3658=EDGE_LOOP('',(#7421,#7422,#7423,#7424,#7425,#7426,#7427,#7428,#7429,
#7430));
#3659=EDGE_LOOP('',(#7431,#7432,#7433,#7434));
#3660=EDGE_LOOP('',(#7435,#7436,#7437,#7438));
#3661=EDGE_LOOP('',(#7439,#7440,#7441,#7442));
#3662=EDGE_LOOP('',(#7443,#7444,#7445,#7446));
#3663=EDGE_LOOP('',(#7447,#7448,#7449,#7450));
#3664=EDGE_LOOP('',(#7451,#7452,#7453,#7454,#7455,#7456,#7457,#7458,#7459,
#7460));
#3665=EDGE_LOOP('',(#7461,#7462,#7463,#7464));
#3666=EDGE_LOOP('',(#7465,#7466,#7467,#7468));
#3667=EDGE_LOOP('',(#7469,#7470,#7471,#7472,#7473,#7474,#7475,#7476,#7477,
#7478));
#3668=EDGE_LOOP('',(#7479,#7480,#7481,#7482));
#3669=EDGE_LOOP('',(#7483,#7484,#7485,#7486,#7487,#7488,#7489,#7490,#7491,
#7492));
#3670=EDGE_LOOP('',(#7493,#7494,#7495,#7496));
#3671=EDGE_LOOP('',(#7497,#7498,#7499,#7500));
#3672=EDGE_LOOP('',(#7501));
#3673=EDGE_LOOP('',(#7502,#7503,#7504,#7505));
#3674=EDGE_LOOP('',(#7506,#7507,#7508,#7509));
#3675=EDGE_LOOP('',(#7510,#7511,#7512,#7513));
#3676=EDGE_LOOP('',(#7514,#7515,#7516,#7517));
#3677=EDGE_LOOP('',(#7518,#7519,#7520,#7521));
#3678=EDGE_LOOP('',(#7522,#7523,#7524,#7525));
#3679=EDGE_LOOP('',(#7526,#7527,#7528,#7529));
#3680=EDGE_LOOP('',(#7530,#7531,#7532,#7533));
#3681=EDGE_LOOP('',(#7534,#7535,#7536,#7537));
#3682=EDGE_LOOP('',(#7538,#7539,#7540,#7541));
#3683=EDGE_LOOP('',(#7542,#7543,#7544,#7545));
#3684=EDGE_LOOP('',(#7546,#7547,#7548,#7549));
#3685=EDGE_LOOP('',(#7550,#7551,#7552,#7553));
#3686=EDGE_LOOP('',(#7554));
#3687=EDGE_LOOP('',(#7555,#7556,#7557,#7558,#7559,#7560,#7561,#7562,#7563,
#7564,#7565,#7566));
#3688=EDGE_LOOP('',(#7567,#7568,#7569,#7570));
#3689=EDGE_LOOP('',(#7571,#7572,#7573,#7574));
#3690=EDGE_LOOP('',(#7575,#7576,#7577,#7578));
#3691=EDGE_LOOP('',(#7579,#7580,#7581,#7582));
#3692=EDGE_LOOP('',(#7583,#7584,#7585,#7586));
#3693=EDGE_LOOP('',(#7587,#7588,#7589,#7590));
#3694=EDGE_LOOP('',(#7591,#7592,#7593,#7594));
#3695=EDGE_LOOP('',(#7595,#7596,#7597,#7598));
#3696=EDGE_LOOP('',(#7599,#7600,#7601,#7602));
#3697=EDGE_LOOP('',(#7603,#7604,#7605,#7606));
#3698=EDGE_LOOP('',(#7607,#7608,#7609,#7610));
#3699=EDGE_LOOP('',(#7611,#7612,#7613,#7614));
#3700=EDGE_LOOP('',(#7615,#7616,#7617,#7618));
#3701=EDGE_LOOP('',(#7619));
#3702=EDGE_LOOP('',(#7620,#7621,#7622,#7623,#7624,#7625,#7626,#7627,#7628,
#7629,#7630,#7631));
#3703=EDGE_LOOP('',(#7632,#7633,#7634,#7635));
#3704=EDGE_LOOP('',(#7636,#7637,#7638,#7639));
#3705=EDGE_LOOP('',(#7640,#7641,#7642,#7643));
#3706=EDGE_LOOP('',(#7644,#7645,#7646,#7647));
#3707=EDGE_LOOP('',(#7648,#7649,#7650,#7651));
#3708=EDGE_LOOP('',(#7652,#7653,#7654,#7655));
#3709=EDGE_LOOP('',(#7656,#7657,#7658,#7659));
#3710=EDGE_LOOP('',(#7660,#7661,#7662,#7663));
#3711=EDGE_LOOP('',(#7664,#7665,#7666,#7667));
#3712=EDGE_LOOP('',(#7668,#7669,#7670,#7671));
#3713=EDGE_LOOP('',(#7672,#7673,#7674,#7675));
#3714=EDGE_LOOP('',(#7676,#7677,#7678,#7679));
#3715=EDGE_LOOP('',(#7680,#7681,#7682,#7683));
#3716=EDGE_LOOP('',(#7684));
#3717=EDGE_LOOP('',(#7685,#7686,#7687,#7688,#7689,#7690,#7691,#7692,#7693,
#7694,#7695,#7696));
#3718=EDGE_LOOP('',(#7697,#7698,#7699,#7700));
#3719=EDGE_LOOP('',(#7701,#7702,#7703,#7704));
#3720=EDGE_LOOP('',(#7705,#7706,#7707,#7708));
#3721=EDGE_LOOP('',(#7709,#7710,#7711,#7712));
#3722=EDGE_LOOP('',(#7713,#7714,#7715,#7716));
#3723=EDGE_LOOP('',(#7717,#7718,#7719,#7720));
#3724=EDGE_LOOP('',(#7721,#7722,#7723,#7724));
#3725=EDGE_LOOP('',(#7725,#7726,#7727,#7728));
#3726=EDGE_LOOP('',(#7729,#7730,#7731,#7732));
#3727=EDGE_LOOP('',(#7733,#7734,#7735,#7736));
#3728=EDGE_LOOP('',(#7737,#7738,#7739,#7740));
#3729=EDGE_LOOP('',(#7741,#7742,#7743,#7744));
#3730=EDGE_LOOP('',(#7745,#7746,#7747,#7748));
#3731=EDGE_LOOP('',(#7749));
#3732=EDGE_LOOP('',(#7750,#7751,#7752,#7753,#7754,#7755,#7756,#7757,#7758,
#7759,#7760,#7761));
#3733=EDGE_LOOP('',(#7762,#7763,#7764,#7765,#7766,#7767,#7768,#7769,#7770,
#7771,#7772,#7773));
#3734=EDGE_LOOP('',(#7774,#7775,#7776,#7777,#7778,#7779,#7780,#7781,#7782,
#7783,#7784,#7785));
#3735=EDGE_LOOP('',(#7786,#7787,#7788,#7789,#7790,#7791,#7792,#7793,#7794,
#7795,#7796,#7797));
#3736=EDGE_LOOP('',(#7798,#7799,#7800,#7801,#7802,#7803,#7804,#7805,#7806,
#7807,#7808,#7809));
#3737=EDGE_LOOP('',(#7810,#7811,#7812,#7813));
#3738=EDGE_LOOP('',(#7814,#7815,#7816,#7817));
#3739=EDGE_LOOP('',(#7818,#7819,#7820,#7821));
#3740=EDGE_LOOP('',(#7822,#7823,#7824,#7825));
#3741=EDGE_LOOP('',(#7826,#7827,#7828,#7829));
#3742=EDGE_LOOP('',(#7830,#7831,#7832,#7833,#7834,#7835));
#3743=EDGE_LOOP('',(#7836,#7837,#7838,#7839));
#3744=EDGE_LOOP('',(#7840,#7841,#7842,#7843,#7844,#7845));
#3745=EDGE_LOOP('',(#7846,#7847,#7848,#7849));
#3746=EDGE_LOOP('',(#7850,#7851,#7852,#7853,#7854,#7855));
#3747=EDGE_LOOP('',(#7856,#7857,#7858,#7859));
#3748=EDGE_LOOP('',(#7860,#7861,#7862,#7863,#7864,#7865));
#3749=EDGE_LOOP('',(#7866,#7867,#7868,#7869,#7870,#7871,#7872,#7873));
#3750=EDGE_LOOP('',(#7874));
#3751=EDGE_LOOP('',(#7875));
#3752=EDGE_LOOP('',(#7876));
#3753=EDGE_LOOP('',(#7877));
#3754=EDGE_LOOP('',(#7878,#7879,#7880));
#3755=EDGE_LOOP('',(#7881,#7882));
#3756=EDGE_LOOP('',(#7883,#7884));
#3757=EDGE_LOOP('',(#7885,#7886));
#3758=EDGE_LOOP('',(#7887,#7888,#7889,#7890));
#3759=EDGE_LOOP('',(#7891,#7892,#7893,#7894));
#3760=EDGE_LOOP('',(#7895,#7896,#7897,#7898));
#3761=EDGE_LOOP('',(#7899,#7900,#7901,#7902));
#3762=EDGE_LOOP('',(#7903,#7904,#7905,#7906));
#3763=EDGE_LOOP('',(#7907,#7908,#7909,#7910));
#3764=EDGE_LOOP('',(#7911,#7912,#7913,#7914));
#3765=EDGE_LOOP('',(#7915,#7916,#7917,#7918));
#3766=EDGE_LOOP('',(#7919,#7920,#7921,#7922));
#3767=EDGE_LOOP('',(#7923,#7924,#7925,#7926));
#3768=EDGE_LOOP('',(#7927,#7928,#7929,#7930));
#3769=EDGE_LOOP('',(#7931,#7932,#7933,#7934));
#3770=EDGE_LOOP('',(#7935,#7936,#7937,#7938,#7939,#7940,#7941,#7942,#7943,
#7944,#7945,#7946));
#3771=EDGE_LOOP('',(#7947,#7948,#7949,#7950));
#3772=EDGE_LOOP('',(#7951));
#3773=EDGE_LOOP('',(#7952,#7953,#7954,#7955,#7956,#7957,#7958,#7959,#7960,
#7961,#7962,#7963));
#3774=EDGE_LOOP('',(#7964,#7965,#7966,#7967));
#3775=EDGE_LOOP('',(#7968,#7969,#7970,#7971));
#3776=EDGE_LOOP('',(#7972,#7973,#7974,#7975));
#3777=EDGE_LOOP('',(#7976,#7977,#7978,#7979,#7980,#7981));
#3778=EDGE_LOOP('',(#7982));
#3779=EDGE_LOOP('',(#7983,#7984,#7985,#7986));
#3780=EDGE_LOOP('',(#7987,#7988,#7989,#7990));
#3781=EDGE_LOOP('',(#7991,#7992,#7993,#7994));
#3782=EDGE_LOOP('',(#7995,#7996,#7997,#7998,#7999,#8000));
#3783=EDGE_LOOP('',(#8001));
#3784=EDGE_LOOP('',(#8002,#8003,#8004,#8005));
#3785=EDGE_LOOP('',(#8006,#8007,#8008,#8009));
#3786=EDGE_LOOP('',(#8010,#8011,#8012,#8013,#8014,#8015));
#3787=EDGE_LOOP('',(#8016));
#3788=EDGE_LOOP('',(#8017,#8018,#8019,#8020));
#3789=EDGE_LOOP('',(#8021,#8022,#8023,#8024));
#3790=EDGE_LOOP('',(#8025,#8026,#8027,#8028));
#3791=EDGE_LOOP('',(#8029,#8030,#8031,#8032,#8033,#8034));
#3792=EDGE_LOOP('',(#8035));
#3793=EDGE_LOOP('',(#8036,#8037,#8038,#8039));
#3794=EDGE_LOOP('',(#8040,#8041,#8042,#8043,#8044,#8045));
#3795=EDGE_LOOP('',(#8046,#8047,#8048,#8049));
#3796=EDGE_LOOP('',(#8050,#8051,#8052,#8053,#8054,#8055));
#3797=EDGE_LOOP('',(#8056,#8057,#8058,#8059));
#3798=EDGE_LOOP('',(#8060,#8061,#8062,#8063));
#3799=EDGE_LOOP('',(#8064,#8065,#8066,#8067));
#3800=EDGE_LOOP('',(#8068,#8069,#8070,#8071));
#3801=EDGE_LOOP('',(#8072,#8073,#8074,#8075));
#3802=EDGE_LOOP('',(#8076,#8077,#8078,#8079));
#3803=EDGE_LOOP('',(#8080,#8081,#8082,#8083));
#3804=EDGE_LOOP('',(#8084,#8085,#8086,#8087));
#3805=EDGE_LOOP('',(#8088,#8089,#8090,#8091));
#3806=EDGE_LOOP('',(#8092,#8093,#8094,#8095,#8096,#8097));
#3807=EDGE_LOOP('',(#8098,#8099,#8100,#8101,#8102,#8103));
#3808=EDGE_LOOP('',(#8104,#8105,#8106,#8107));
#3809=EDGE_LOOP('',(#8108,#8109,#8110,#8111,#8112,#8113));
#3810=EDGE_LOOP('',(#8114,#8115,#8116,#8117));
#3811=EDGE_LOOP('',(#8118,#8119,#8120,#8121,#8122,#8123));
#3812=EDGE_LOOP('',(#8124,#8125,#8126,#8127));
#3813=EDGE_LOOP('',(#8128,#8129,#8130,#8131,#8132,#8133));
#3814=EDGE_LOOP('',(#8134,#8135,#8136,#8137,#8138,#8139));
#3815=EDGE_LOOP('',(#8140,#8141,#8142,#8143));
#3816=EDGE_LOOP('',(#8144,#8145,#8146,#8147,#8148,#8149));
#3817=EDGE_LOOP('',(#8150,#8151,#8152,#8153));
#3818=EDGE_LOOP('',(#8154,#8155,#8156,#8157,#8158,#8159));
#3819=EDGE_LOOP('',(#8160,#8161,#8162,#8163,#8164,#8165,#8166,#8167,#8168,
#8169,#8170,#8171,#8172,#8173,#8174,#8175,#8176,#8177,#8178,#8179,#8180,
#8181,#8182,#8183,#8184));
#3820=EDGE_LOOP('',(#8185));
#3821=EDGE_LOOP('',(#8186));
#3822=EDGE_LOOP('',(#8187,#8188,#8189,#8190));
#3823=EDGE_LOOP('',(#8191,#8192,#8193,#8194));
#3824=EDGE_LOOP('',(#8195,#8196,#8197,#8198));
#3825=EDGE_LOOP('',(#8199,#8200,#8201,#8202));
#3826=EDGE_LOOP('',(#8203,#8204,#8205,#8206,#8207));
#3827=EDGE_LOOP('',(#8208,#8209,#8210,#8211));
#3828=EDGE_LOOP('',(#8212,#8213,#8214,#8215));
#3829=EDGE_LOOP('',(#8216,#8217,#8218,#8219));
#3830=EDGE_LOOP('',(#8220,#8221,#8222,#8223));
#3831=EDGE_LOOP('',(#8224,#8225,#8226,#8227));
#3832=EDGE_LOOP('',(#8228,#8229,#8230,#8231));
#3833=EDGE_LOOP('',(#8232,#8233,#8234,#8235));
#3834=EDGE_LOOP('',(#8236,#8237,#8238,#8239));
#3835=EDGE_LOOP('',(#8240,#8241,#8242,#8243));
#3836=EDGE_LOOP('',(#8244,#8245,#8246,#8247,#8248,#8249,#8250,#8251,#8252,
#8253,#8254,#8255));
#3837=EDGE_LOOP('',(#8256,#8257,#8258,#8259));
#3838=EDGE_LOOP('',(#8260,#8261,#8262,#8263,#8264));
#3839=EDGE_LOOP('',(#8265,#8266,#8267,#8268,#8269));
#3840=EDGE_LOOP('',(#8270,#8271,#8272,#8273,#8274));
#3841=EDGE_LOOP('',(#8275,#8276,#8277,#8278,#8279));
#3842=EDGE_LOOP('',(#8280,#8281,#8282,#8283));
#3843=EDGE_LOOP('',(#8284,#8285,#8286,#8287));
#3844=EDGE_LOOP('',(#8288,#8289,#8290,#8291,#8292,#8293));
#3845=EDGE_LOOP('',(#8294,#8295,#8296,#8297));
#3846=EDGE_LOOP('',(#8298,#8299,#8300,#8301));
#3847=EDGE_LOOP('',(#8302,#8303,#8304,#8305,#8306));
#3848=EDGE_LOOP('',(#8307,#8308,#8309,#8310,#8311));
#3849=EDGE_LOOP('',(#8312,#8313,#8314,#8315,#8316));
#3850=EDGE_LOOP('',(#8317,#8318,#8319,#8320,#8321));
#3851=EDGE_LOOP('',(#8322,#8323,#8324,#8325));
#3852=EDGE_LOOP('',(#8326,#8327,#8328,#8329));
#3853=EDGE_LOOP('',(#8330,#8331,#8332,#8333,#8334,#8335));
#3854=EDGE_LOOP('',(#8336,#8337,#8338,#8339));
#3855=EDGE_LOOP('',(#8340,#8341,#8342,#8343,#8344,#8345,#8346,#8347,#8348,
#8349,#8350,#8351,#8352,#8353,#8354,#8355,#8356,#8357,#8358,#8359,#8360,
#8361,#8362,#8363));
#3856=EDGE_LOOP('',(#8364));
#3857=EDGE_LOOP('',(#8365,#8366,#8367,#8368));
#3858=EDGE_LOOP('',(#8369,#8370,#8371,#8372));
#3859=EDGE_LOOP('',(#8373,#8374,#8375,#8376));
#3860=EDGE_LOOP('',(#8377,#8378,#8379,#8380));
#3861=EDGE_LOOP('',(#8381,#8382,#8383,#8384));
#3862=EDGE_LOOP('',(#8385,#8386,#8387,#8388));
#3863=EDGE_LOOP('',(#8389,#8390,#8391,#8392));
#3864=EDGE_LOOP('',(#8393,#8394,#8395,#8396));
#3865=EDGE_LOOP('',(#8397,#8398,#8399,#8400));
#3866=EDGE_LOOP('',(#8401,#8402,#8403,#8404));
#3867=EDGE_LOOP('',(#8405,#8406,#8407,#8408));
#3868=EDGE_LOOP('',(#8409,#8410,#8411,#8412));
#3869=EDGE_LOOP('',(#8413,#8414,#8415,#8416));
#3870=EDGE_LOOP('',(#8417,#8418,#8419,#8420));
#3871=EDGE_LOOP('',(#8421,#8422,#8423,#8424));
#3872=EDGE_LOOP('',(#8425,#8426,#8427,#8428));
#3873=EDGE_LOOP('',(#8429,#8430,#8431,#8432));
#3874=EDGE_LOOP('',(#8433));
#3875=EDGE_LOOP('',(#8434,#8435,#8436,#8437,#8438,#8439,#8440,#8441,#8442,
#8443,#8444,#8445));
#3876=EDGE_LOOP('',(#8446,#8447,#8448,#8449));
#3877=EDGE_LOOP('',(#8450,#8451,#8452,#8453));
#3878=EDGE_LOOP('',(#8454,#8455,#8456,#8457));
#3879=EDGE_LOOP('',(#8458,#8459,#8460,#8461));
#3880=EDGE_LOOP('',(#8462,#8463,#8464,#8465));
#3881=EDGE_LOOP('',(#8466,#8467,#8468,#8469));
#3882=EDGE_LOOP('',(#8470,#8471,#8472,#8473));
#3883=EDGE_LOOP('',(#8474,#8475,#8476,#8477));
#3884=EDGE_LOOP('',(#8478,#8479,#8480,#8481));
#3885=EDGE_LOOP('',(#8482,#8483,#8484,#8485));
#3886=EDGE_LOOP('',(#8486,#8487,#8488,#8489));
#3887=EDGE_LOOP('',(#8490,#8491,#8492,#8493));
#3888=EDGE_LOOP('',(#8494,#8495,#8496,#8497));
#3889=EDGE_LOOP('',(#8498));
#3890=EDGE_LOOP('',(#8499,#8500,#8501,#8502,#8503,#8504,#8505,#8506,#8507,
#8508,#8509,#8510));
#3891=EDGE_LOOP('',(#8511,#8512,#8513,#8514));
#3892=EDGE_LOOP('',(#8515,#8516,#8517,#8518));
#3893=EDGE_LOOP('',(#8519,#8520,#8521,#8522));
#3894=EDGE_LOOP('',(#8523,#8524,#8525,#8526));
#3895=EDGE_LOOP('',(#8527,#8528,#8529,#8530));
#3896=EDGE_LOOP('',(#8531,#8532,#8533,#8534));
#3897=EDGE_LOOP('',(#8535,#8536,#8537,#8538));
#3898=EDGE_LOOP('',(#8539,#8540,#8541,#8542));
#3899=EDGE_LOOP('',(#8543,#8544,#8545,#8546));
#3900=EDGE_LOOP('',(#8547,#8548,#8549,#8550));
#3901=EDGE_LOOP('',(#8551,#8552,#8553,#8554));
#3902=EDGE_LOOP('',(#8555,#8556,#8557,#8558));
#3903=EDGE_LOOP('',(#8559,#8560,#8561,#8562));
#3904=EDGE_LOOP('',(#8563));
#3905=EDGE_LOOP('',(#8564,#8565,#8566,#8567,#8568,#8569,#8570,#8571,#8572,
#8573,#8574,#8575));
#3906=EDGE_LOOP('',(#8576));
#3907=EDGE_LOOP('',(#8577));
#3908=EDGE_LOOP('',(#8578));
#3909=EDGE_LOOP('',(#8579));
#3910=EDGE_LOOP('',(#8580));
#3911=EDGE_LOOP('',(#8581));
#3912=EDGE_LOOP('',(#8582,#8583,#8584,#8585));
#3913=EDGE_LOOP('',(#8586,#8587,#8588,#8589));
#3914=EDGE_LOOP('',(#8590,#8591,#8592,#8593));
#3915=EDGE_LOOP('',(#8594,#8595,#8596,#8597));
#3916=EDGE_LOOP('',(#8598,#8599,#8600,#8601));
#3917=EDGE_LOOP('',(#8602,#8603,#8604,#8605));
#3918=EDGE_LOOP('',(#8606,#8607,#8608,#8609));
#3919=EDGE_LOOP('',(#8610,#8611,#8612,#8613));
#3920=EDGE_LOOP('',(#8614,#8615,#8616,#8617));
#3921=EDGE_LOOP('',(#8618,#8619,#8620,#8621));
#3922=EDGE_LOOP('',(#8622,#8623,#8624,#8625));
#3923=EDGE_LOOP('',(#8626,#8627,#8628,#8629));
#3924=EDGE_LOOP('',(#8630,#8631,#8632,#8633));
#3925=EDGE_LOOP('',(#8634));
#3926=EDGE_LOOP('',(#8635,#8636,#8637,#8638,#8639,#8640,#8641,#8642,#8643,
#8644,#8645,#8646));
#3927=EDGE_LOOP('',(#8647,#8648,#8649,#8650));
#3928=EDGE_LOOP('',(#8651,#8652,#8653,#8654));
#3929=EDGE_LOOP('',(#8655,#8656,#8657,#8658));
#3930=EDGE_LOOP('',(#8659,#8660,#8661,#8662));
#3931=EDGE_LOOP('',(#8663,#8664,#8665,#8666));
#3932=EDGE_LOOP('',(#8667,#8668,#8669,#8670));
#3933=EDGE_LOOP('',(#8671,#8672,#8673,#8674));
#3934=EDGE_LOOP('',(#8675,#8676,#8677,#8678));
#3935=EDGE_LOOP('',(#8679,#8680,#8681,#8682));
#3936=EDGE_LOOP('',(#8683,#8684,#8685,#8686));
#3937=EDGE_LOOP('',(#8687,#8688,#8689,#8690));
#3938=EDGE_LOOP('',(#8691,#8692,#8693,#8694));
#3939=EDGE_LOOP('',(#8695,#8696,#8697,#8698));
#3940=EDGE_LOOP('',(#8699));
#3941=EDGE_LOOP('',(#8700,#8701,#8702,#8703,#8704,#8705,#8706,#8707,#8708,
#8709,#8710,#8711));
#3942=EDGE_LOOP('',(#8712,#8713,#8714,#8715));
#3943=EDGE_LOOP('',(#8716,#8717,#8718,#8719));
#3944=EDGE_LOOP('',(#8720,#8721,#8722,#8723));
#3945=EDGE_LOOP('',(#8724,#8725,#8726,#8727));
#3946=EDGE_LOOP('',(#8728,#8729,#8730,#8731));
#3947=EDGE_LOOP('',(#8732,#8733,#8734,#8735));
#3948=EDGE_LOOP('',(#8736,#8737,#8738,#8739));
#3949=EDGE_LOOP('',(#8740,#8741,#8742,#8743));
#3950=EDGE_LOOP('',(#8744,#8745,#8746,#8747));
#3951=EDGE_LOOP('',(#8748,#8749,#8750,#8751));
#3952=EDGE_LOOP('',(#8752,#8753,#8754,#8755));
#3953=EDGE_LOOP('',(#8756,#8757,#8758,#8759));
#3954=EDGE_LOOP('',(#8760,#8761,#8762,#8763));
#3955=EDGE_LOOP('',(#8764));
#3956=EDGE_LOOP('',(#8765,#8766,#8767,#8768,#8769,#8770,#8771,#8772,#8773,
#8774,#8775,#8776));
#3957=EDGE_LOOP('',(#8777,#8778,#8779,#8780));
#3958=EDGE_LOOP('',(#8781,#8782,#8783,#8784));
#3959=EDGE_LOOP('',(#8785,#8786,#8787,#8788));
#3960=EDGE_LOOP('',(#8789,#8790,#8791,#8792));
#3961=EDGE_LOOP('',(#8793,#8794,#8795,#8796));
#3962=EDGE_LOOP('',(#8797,#8798,#8799,#8800));
#3963=EDGE_LOOP('',(#8801,#8802,#8803,#8804));
#3964=EDGE_LOOP('',(#8805,#8806,#8807,#8808));
#3965=EDGE_LOOP('',(#8809,#8810,#8811,#8812));
#3966=EDGE_LOOP('',(#8813,#8814,#8815,#8816));
#3967=EDGE_LOOP('',(#8817,#8818,#8819,#8820));
#3968=EDGE_LOOP('',(#8821,#8822,#8823,#8824));
#3969=EDGE_LOOP('',(#8825,#8826,#8827,#8828));
#3970=EDGE_LOOP('',(#8829));
#3971=EDGE_LOOP('',(#8830,#8831,#8832,#8833,#8834,#8835,#8836,#8837,#8838,
#8839,#8840,#8841));
#3972=EDGE_LOOP('',(#8842));
#3973=EDGE_LOOP('',(#8843));
#3974=EDGE_LOOP('',(#8844));
#3975=EDGE_LOOP('',(#8845));
#3976=EDGE_LOOP('',(#8846));
#3977=EDGE_LOOP('',(#8847));
#3978=EDGE_LOOP('',(#8848));
#3979=EDGE_LOOP('',(#8849));
#3980=EDGE_LOOP('',(#8850,#8851,#8852,#8853,#8854,#8855,#8856,#8857,#8858,
#8859,#8860,#8861,#8862,#8863,#8864,#8865,#8866,#8867,#8868,#8869,#8870,
#8871,#8872,#8873,#8874,#8875,#8876,#8877,#8878,#8879,#8880,#8881,#8882,
#8883,#8884,#8885,#8886,#8887,#8888,#8889,#8890,#8891,#8892,#8893,#8894,
#8895));
#3981=EDGE_LOOP('',(#8896,#8897,#8898,#8899));
#3982=EDGE_LOOP('',(#8900,#8901));
#3983=EDGE_LOOP('',(#8902,#8903,#8904,#8905));
#3984=EDGE_LOOP('',(#8906,#8907,#8908,#8909));
#3985=EDGE_LOOP('',(#8910,#8911,#8912,#8913,#8914,#8915,#8916,#8917));
#3986=EDGE_LOOP('',(#8918,#8919,#8920,#8921,#8922,#8923));
#3987=EDGE_LOOP('',(#8924,#8925,#8926,#8927));
#3988=EDGE_LOOP('',(#8928,#8929,#8930,#8931,#8932,#8933,#8934,#8935,#8936,
#8937,#8938,#8939));
#3989=EDGE_LOOP('',(#8940,#8941,#8942,#8943,#8944,#8945,#8946,#8947,#8948,
#8949,#8950,#8951));
#3990=EDGE_LOOP('',(#8952,#8953,#8954,#8955));
#3991=EDGE_LOOP('',(#8956,#8957,#8958,#8959));
#3992=EDGE_LOOP('',(#8960,#8961,#8962,#8963));
#3993=EDGE_LOOP('',(#8964,#8965,#8966,#8967));
#3994=EDGE_LOOP('',(#8968,#8969,#8970,#8971));
#3995=EDGE_LOOP('',(#8972,#8973,#8974,#8975));
#3996=EDGE_LOOP('',(#8976,#8977,#8978,#8979,#8980,#8981));
#3997=EDGE_LOOP('',(#8982,#8983,#8984,#8985));
#3998=EDGE_LOOP('',(#8986,#8987,#8988,#8989,#8990,#8991,#8992,#8993,#8994,
#8995,#8996));
#3999=EDGE_LOOP('',(#8997));
#4000=EDGE_LOOP('',(#8998,#8999,#9000,#9001));
#4001=EDGE_LOOP('',(#9002,#9003,#9004,#9005));
#4002=EDGE_LOOP('',(#9006,#9007,#9008,#9009));
#4003=EDGE_LOOP('',(#9010,#9011,#9012,#9013));
#4004=EDGE_LOOP('',(#9014,#9015,#9016,#9017));
#4005=EDGE_LOOP('',(#9018,#9019,#9020,#9021));
#4006=EDGE_LOOP('',(#9022,#9023,#9024,#9025));
#4007=EDGE_LOOP('',(#9026,#9027,#9028,#9029));
#4008=EDGE_LOOP('',(#9030,#9031,#9032,#9033));
#4009=EDGE_LOOP('',(#9034,#9035,#9036,#9037));
#4010=EDGE_LOOP('',(#9038,#9039,#9040,#9041));
#4011=EDGE_LOOP('',(#9042,#9043,#9044,#9045,#9046,#9047));
#4012=EDGE_LOOP('',(#9048));
#4013=EDGE_LOOP('',(#9049,#9050,#9051,#9052));
#4014=EDGE_LOOP('',(#9053,#9054,#9055,#9056));
#4015=EDGE_LOOP('',(#9057,#9058,#9059,#9060));
#4016=EDGE_LOOP('',(#9061,#9062,#9063,#9064));
#4017=EDGE_LOOP('',(#9065,#9066,#9067,#9068));
#4018=EDGE_LOOP('',(#9069,#9070,#9071,#9072));
#4019=EDGE_LOOP('',(#9073,#9074,#9075,#9076));
#4020=EDGE_LOOP('',(#9077,#9078,#9079,#9080,#9081,#9082));
#4021=EDGE_LOOP('',(#9083));
#4022=EDGE_LOOP('',(#9084,#9085,#9086,#9087));
#4023=EDGE_LOOP('',(#9088,#9089,#9090,#9091));
#4024=EDGE_LOOP('',(#9092,#9093,#9094,#9095));
#4025=EDGE_LOOP('',(#9096,#9097,#9098,#9099));
#4026=EDGE_LOOP('',(#9100,#9101,#9102,#9103));
#4027=EDGE_LOOP('',(#9104,#9105,#9106,#9107));
#4028=EDGE_LOOP('',(#9108,#9109,#9110,#9111));
#4029=EDGE_LOOP('',(#9112,#9113,#9114,#9115,#9116,#9117));
#4030=EDGE_LOOP('',(#9118));
#4031=EDGE_LOOP('',(#9119,#9120,#9121,#9122));
#4032=EDGE_LOOP('',(#9123,#9124,#9125,#9126));
#4033=EDGE_LOOP('',(#9127,#9128,#9129,#9130));
#4034=EDGE_LOOP('',(#9131,#9132,#9133,#9134));
#4035=EDGE_LOOP('',(#9135,#9136,#9137,#9138));
#4036=EDGE_LOOP('',(#9139,#9140,#9141,#9142));
#4037=EDGE_LOOP('',(#9143,#9144,#9145,#9146));
#4038=EDGE_LOOP('',(#9147,#9148,#9149,#9150,#9151,#9152));
#4039=EDGE_LOOP('',(#9153));
#4040=EDGE_LOOP('',(#9154));
#4041=EDGE_LOOP('',(#9155));
#4042=EDGE_LOOP('',(#9156));
#4043=EDGE_LOOP('',(#9157));
#4044=EDGE_LOOP('',(#9158,#9159,#9160,#9161,#9162,#9163,#9164,#9165,#9166,
#9167,#9168,#9169,#9170,#9171,#9172,#9173));
#4045=EDGE_LOOP('',(#9174,#9175,#9176,#9177,#9178,#9179,#9180,#9181));
#4046=EDGE_LOOP('',(#9182));
#4047=EDGE_LOOP('',(#9183));
#4048=EDGE_LOOP('',(#9184,#9185,#9186,#9187,#9188,#9189,#9190,#9191,#9192,
#9193,#9194,#9195));
#4049=EDGE_LOOP('',(#9196,#9197,#9198,#9199,#9200,#9201,#9202,#9203,#9204,
#9205,#9206,#9207));
#4050=EDGE_LOOP('',(#9208,#9209,#9210,#9211,#9212,#9213,#9214,#9215,#9216,
#9217,#9218,#9219));
#4051=EDGE_LOOP('',(#9220,#9221,#9222,#9223,#9224,#9225,#9226,#9227,#9228,
#9229,#9230,#9231));
#4052=EDGE_LOOP('',(#9232,#9233,#9234,#9235));
#4053=EDGE_LOOP('',(#9236,#9237,#9238,#9239));
#4054=EDGE_LOOP('',(#9240,#9241,#9242,#9243));
#4055=EDGE_LOOP('',(#9244,#9245,#9246,#9247));
#4056=EDGE_LOOP('',(#9248,#9249,#9250,#9251));
#4057=EDGE_LOOP('',(#9252,#9253,#9254,#9255));
#4058=EDGE_LOOP('',(#9256,#9257,#9258,#9259));
#4059=EDGE_LOOP('',(#9260));
#4060=EDGE_LOOP('',(#9261,#9262,#9263,#9264));
#4061=EDGE_LOOP('',(#9265));
#4062=EDGE_LOOP('',(#9266,#9267,#9268,#9269));
#4063=EDGE_LOOP('',(#9270,#9271,#9272,#9273));
#4064=EDGE_LOOP('',(#9274,#9275,#9276,#9277));
#4065=EDGE_LOOP('',(#9278,#9279,#9280,#9281));
#4066=EDGE_LOOP('',(#9282,#9283,#9284,#9285));
#4067=EDGE_LOOP('',(#9286,#9287,#9288,#9289));
#4068=EDGE_LOOP('',(#9290,#9291,#9292,#9293,#9294,#9295,#9296,#9297,#9298,
#9299,#9300,#9301));
#4069=EDGE_LOOP('',(#9302,#9303,#9304,#9305));
#4070=EDGE_LOOP('',(#9306,#9307,#9308,#9309));
#4071=EDGE_LOOP('',(#9310,#9311,#9312,#9313));
#4072=EDGE_LOOP('',(#9314,#9315,#9316,#9317,#9318,#9319,#9320,#9321,#9322,
#9323,#9324,#9325));
#4073=EDGE_LOOP('',(#9326,#9327,#9328,#9329));
#4074=EDGE_LOOP('',(#9330,#9331,#9332,#9333));
#4075=EDGE_LOOP('',(#9334));
#4076=EDGE_LOOP('',(#9335,#9336,#9337,#9338));
#4077=EDGE_LOOP('',(#9339));
#4078=EDGE_LOOP('',(#9340));
#4079=EDGE_LOOP('',(#9341));
#4080=EDGE_LOOP('',(#9342));
#4081=EDGE_LOOP('',(#9343,#9344,#9345,#9346));
#4082=EDGE_LOOP('',(#9347));
#4083=EDGE_LOOP('',(#9348));
#4084=EDGE_LOOP('',(#9349));
#4085=EDGE_LOOP('',(#9350));
#4086=EDGE_LOOP('',(#9351,#9352,#9353,#9354));
#4087=EDGE_LOOP('',(#9355));
#4088=EDGE_LOOP('',(#9356));
#4089=EDGE_LOOP('',(#9357,#9358,#9359,#9360));
#4090=EDGE_LOOP('',(#9361,#9362,#9363,#9364));
#4091=EDGE_LOOP('',(#9365,#9366,#9367,#9368));
#4092=EDGE_LOOP('',(#9369));
#4093=EDGE_LOOP('',(#9370,#9371,#9372,#9373));
#4094=EDGE_LOOP('',(#9374,#9375,#9376,#9377));
#4095=EDGE_LOOP('',(#9378));
#4096=EDGE_LOOP('',(#9379));
#4097=EDGE_LOOP('',(#9380));
#4098=EDGE_LOOP('',(#9381));
#4099=EDGE_LOOP('',(#9382,#9383,#9384,#9385));
#4100=EDGE_LOOP('',(#9386));
#4101=EDGE_LOOP('',(#9387,#9388));
#4102=EDGE_LOOP('',(#9389,#9390));
#4103=EDGE_LOOP('',(#9391,#9392,#9393,#9394,#9395,#9396,#9397,#9398));
#4104=EDGE_LOOP('',(#9399));
#4105=EDGE_LOOP('',(#9400));
#4106=EDGE_LOOP('',(#9401,#9402,#9403,#9404,#9405,#9406,#9407,#9408,#9409,
#9410,#9411,#9412,#9413,#9414,#9415,#9416));
#4107=EDGE_LOOP('',(#9417));
#4108=EDGE_LOOP('',(#9418));
#4109=EDGE_LOOP('',(#9419));
#4110=EDGE_LOOP('',(#9420,#9421,#9422,#9423,#9424,#9425,#9426));
#4111=EDGE_LOOP('',(#9427));
#4112=EDGE_LOOP('',(#9428));
#4113=EDGE_LOOP('',(#9429,#9430,#9431,#9432));
#4114=EDGE_LOOP('',(#9433,#9434,#9435,#9436));
#4115=EDGE_LOOP('',(#9437,#9438,#9439,#9440));
#4116=EDGE_LOOP('',(#9441,#9442,#9443,#9444));
#4117=EDGE_LOOP('',(#9445,#9446,#9447,#9448));
#4118=EDGE_LOOP('',(#9449,#9450,#9451,#9452));
#4119=EDGE_LOOP('',(#9453,#9454,#9455,#9456));
#4120=EDGE_LOOP('',(#9457,#9458,#9459,#9460));
#4121=EDGE_LOOP('',(#9461,#9462,#9463,#9464));
#4122=EDGE_LOOP('',(#9465,#9466,#9467,#9468));
#4123=EDGE_LOOP('',(#9469,#9470,#9471,#9472));
#4124=EDGE_LOOP('',(#9473,#9474,#9475,#9476));
#4125=EDGE_LOOP('',(#9477,#9478,#9479,#9480));
#4126=EDGE_LOOP('',(#9481,#9482,#9483,#9484));
#4127=EDGE_LOOP('',(#9485,#9486,#9487,#9488));
#4128=EDGE_LOOP('',(#9489,#9490,#9491,#9492));
#4129=EDGE_LOOP('',(#9493,#9494,#9495,#9496));
#4130=EDGE_LOOP('',(#9497,#9498,#9499,#9500));
#4131=EDGE_LOOP('',(#9501,#9502,#9503,#9504,#9505,#9506,#9507,#9508,#9509,
#9510,#9511));
#4132=EDGE_LOOP('',(#9512,#9513,#9514,#9515,#9516,#9517,#9518));
#4133=EDGE_LOOP('',(#9519,#9520,#9521,#9522));
#4134=EDGE_LOOP('',(#9523,#9524,#9525,#9526));
#4135=EDGE_LOOP('',(#9527,#9528,#9529,#9530));
#4136=EDGE_LOOP('',(#9531,#9532,#9533,#9534));
#4137=EDGE_LOOP('',(#9535,#9536,#9537,#9538));
#4138=EDGE_LOOP('',(#9539,#9540,#9541,#9542));
#4139=EDGE_LOOP('',(#9543,#9544,#9545,#9546));
#4140=EDGE_LOOP('',(#9547,#9548,#9549,#9550));
#4141=EDGE_LOOP('',(#9551,#9552,#9553,#9554));
#4142=EDGE_LOOP('',(#9555,#9556,#9557,#9558));
#4143=EDGE_LOOP('',(#9559,#9560,#9561,#9562));
#4144=EDGE_LOOP('',(#9563,#9564,#9565,#9566,#9567,#9568,#9569,#9570));
#4145=EDGE_LOOP('',(#9571,#9572,#9573));
#4146=EDGE_LOOP('',(#9574,#9575,#9576,#9577));
#4147=EDGE_LOOP('',(#9578,#9579,#9580,#9581));
#4148=EDGE_LOOP('',(#9582,#9583,#9584,#9585));
#4149=EDGE_LOOP('',(#9586,#9587,#9588,#9589));
#4150=EDGE_LOOP('',(#9590,#9591,#9592,#9593));
#4151=EDGE_LOOP('',(#9594,#9595,#9596,#9597));
#4152=EDGE_LOOP('',(#9598,#9599,#9600,#9601));
#4153=EDGE_LOOP('',(#9602,#9603,#9604,#9605));
#4154=EDGE_LOOP('',(#9606,#9607,#9608,#9609));
#4155=EDGE_LOOP('',(#9610,#9611,#9612,#9613));
#4156=EDGE_LOOP('',(#9614,#9615,#9616,#9617));
#4157=EDGE_LOOP('',(#9618,#9619,#9620,#9621));
#4158=EDGE_LOOP('',(#9622,#9623,#9624,#9625));
#4159=EDGE_LOOP('',(#9626,#9627,#9628,#9629));
#4160=EDGE_LOOP('',(#9630,#9631,#9632,#9633,#9634,#9635,#9636));
#4161=EDGE_LOOP('',(#9637,#9638,#9639,#9640,#9641,#9642,#9643));
#4162=EDGE_LOOP('',(#9644,#9645,#9646,#9647));
#4163=EDGE_LOOP('',(#9648,#9649,#9650,#9651));
#4164=EDGE_LOOP('',(#9652,#9653,#9654,#9655));
#4165=EDGE_LOOP('',(#9656,#9657,#9658,#9659));
#4166=EDGE_LOOP('',(#9660,#9661,#9662,#9663));
#4167=EDGE_LOOP('',(#9664,#9665,#9666,#9667));
#4168=EDGE_LOOP('',(#9668,#9669,#9670,#9671,#9672,#9673));
#4169=EDGE_LOOP('',(#9674,#9675,#9676,#9677));
#4170=EDGE_LOOP('',(#9678,#9679,#9680,#9681));
#4171=EDGE_LOOP('',(#9682,#9683,#9684,#9685));
#4172=EDGE_LOOP('',(#9686,#9687,#9688,#9689));
#4173=EDGE_LOOP('',(#9690,#9691,#9692,#9693));
#4174=EDGE_LOOP('',(#9694,#9695,#9696,#9697));
#4175=EDGE_LOOP('',(#9698,#9699,#9700,#9701));
#4176=EDGE_LOOP('',(#9702,#9703,#9704,#9705));
#4177=EDGE_LOOP('',(#9706,#9707,#9708,#9709));
#4178=EDGE_LOOP('',(#9710,#9711,#9712,#9713));
#4179=EDGE_LOOP('',(#9714,#9715,#9716,#9717));
#4180=EDGE_LOOP('',(#9718,#9719,#9720,#9721));
#4181=EDGE_LOOP('',(#9722,#9723,#9724,#9725));
#4182=EDGE_LOOP('',(#9726,#9727,#9728,#9729));
#4183=EDGE_LOOP('',(#9730,#9731,#9732,#9733));
#4184=EDGE_LOOP('',(#9734,#9735,#9736,#9737));
#4185=EDGE_LOOP('',(#9738,#9739,#9740,#9741,#9742,#9743,#9744,#9745,#9746));
#4186=EDGE_LOOP('',(#9747,#9748,#9749,#9750,#9751,#9752,#9753));
#4187=EDGE_LOOP('',(#9754,#9755,#9756,#9757));
#4188=EDGE_LOOP('',(#9758,#9759,#9760,#9761));
#4189=EDGE_LOOP('',(#9762,#9763,#9764,#9765));
#4190=EDGE_LOOP('',(#9766,#9767,#9768,#9769));
#4191=EDGE_LOOP('',(#9770,#9771,#9772,#9773));
#4192=EDGE_LOOP('',(#9774,#9775,#9776,#9777));
#4193=EDGE_LOOP('',(#9778,#9779,#9780,#9781));
#4194=EDGE_LOOP('',(#9782,#9783,#9784,#9785));
#4195=EDGE_LOOP('',(#9786,#9787,#9788,#9789));
#4196=EDGE_LOOP('',(#9790,#9791,#9792,#9793));
#4197=EDGE_LOOP('',(#9794,#9795,#9796,#9797));
#4198=EDGE_LOOP('',(#9798,#9799,#9800,#9801));
#4199=EDGE_LOOP('',(#9802,#9803,#9804,#9805));
#4200=EDGE_LOOP('',(#9806,#9807,#9808,#9809));
#4201=EDGE_LOOP('',(#9810,#9811,#9812,#9813));
#4202=EDGE_LOOP('',(#9814,#9815,#9816,#9817));
#4203=EDGE_LOOP('',(#9818,#9819,#9820,#9821));
#4204=EDGE_LOOP('',(#9822,#9823,#9824,#9825));
#4205=EDGE_LOOP('',(#9826,#9827,#9828,#9829,#9830,#9831,#9832,#9833,#9834,
#9835,#9836));
#4206=EDGE_LOOP('',(#9837,#9838,#9839,#9840,#9841,#9842,#9843));
#4207=EDGE_LOOP('',(#9844,#9845,#9846,#9847));
#4208=EDGE_LOOP('',(#9848,#9849,#9850,#9851));
#4209=EDGE_LOOP('',(#9852,#9853,#9854,#9855));
#4210=EDGE_LOOP('',(#9856,#9857,#9858,#9859));
#4211=EDGE_LOOP('',(#9860,#9861,#9862,#9863));
#4212=EDGE_LOOP('',(#9864,#9865,#9866,#9867));
#4213=EDGE_LOOP('',(#9868,#9869,#9870,#9871));
#4214=EDGE_LOOP('',(#9872,#9873,#9874,#9875));
#4215=EDGE_LOOP('',(#9876,#9877,#9878,#9879));
#4216=EDGE_LOOP('',(#9880,#9881,#9882,#9883));
#4217=EDGE_LOOP('',(#9884,#9885,#9886,#9887));
#4218=EDGE_LOOP('',(#9888,#9889,#9890,#9891));
#4219=EDGE_LOOP('',(#9892,#9893,#9894,#9895,#9896,#9897,#9898,#9899,#9900,
#9901,#9902,#9903));
#4220=EDGE_LOOP('',(#9904));
#4221=EDGE_LOOP('',(#9905,#9906,#9907,#9908,#9909,#9910,#9911,#9912,#9913,
#9914,#9915,#9916));
#4222=EDGE_LOOP('',(#9917,#9918,#9919,#9920,#9921,#9922,#9923,#9924,#9925,
#9926,#9927));
#4223=EDGE_LOOP('',(#9928,#9929,#9930,#9931,#9932,#9933,#9934,#9935,#9936));
#4224=EDGE_LOOP('',(#9937,#9938,#9939,#9940,#9941,#9942));
#4225=EDGE_LOOP('',(#9943,#9944,#9945,#9946,#9947,#9948,#9949));
#4226=EDGE_LOOP('',(#9950,#9951,#9952,#9953,#9954,#9955,#9956,#9957));
#4227=EDGE_LOOP('',(#9958,#9959,#9960,#9961,#9962,#9963,#9964,#9965,#9966,
#9967,#9968));
#4228=EDGE_LOOP('',(#9969,#9970,#9971,#9972,#9973,#9974,#9975));
#4229=EDGE_LOOP('',(#9976,#9977,#9978,#9979,#9980,#9981,#9982));
#4230=EDGE_LOOP('',(#9983,#9984,#9985,#9986,#9987,#9988,#9989));
#4231=EDGE_LOOP('',(#9990,#9991,#9992));
#4232=EDGE_LOOP('',(#9993,#9994,#9995,#9996));
#4233=EDGE_LOOP('',(#9997,#9998,#9999,#10000));
#4234=EDGE_LOOP('',(#10001));
#4235=EDGE_LOOP('',(#10002));
#4236=EDGE_LOOP('',(#10003));
#4237=EDGE_LOOP('',(#10004));
#4238=EDGE_LOOP('',(#10005));
#4239=EDGE_LOOP('',(#10006));
#4240=EDGE_LOOP('',(#10007));
#4241=EDGE_LOOP('',(#10008,#10009,#10010,#10011));
#4242=EDGE_LOOP('',(#10012,#10013,#10014,#10015));
#4243=EDGE_LOOP('',(#10016,#10017,#10018,#10019));
#4244=EDGE_LOOP('',(#10020,#10021,#10022,#10023));
#4245=EDGE_LOOP('',(#10024,#10025,#10026,#10027,#10028,#10029,#10030));
#4246=EDGE_LOOP('',(#10031,#10032,#10033,#10034,#10035,#10036,#10037,#10038,
#10039,#10040,#10041,#10042));
#4247=EDGE_LOOP('',(#10043,#10044,#10045,#10046,#10047,#10048,#10049,#10050,
#10051,#10052,#10053,#10054));
#4248=EDGE_LOOP('',(#10055,#10056,#10057,#10058,#10059,#10060));
#4249=EDGE_LOOP('',(#10061,#10062,#10063,#10064,#10065,#10066));
#4250=EDGE_LOOP('',(#10067,#10068,#10069,#10070));
#4251=EDGE_LOOP('',(#10071,#10072,#10073,#10074));
#4252=EDGE_LOOP('',(#10075,#10076,#10077,#10078));
#4253=EDGE_LOOP('',(#10079,#10080,#10081,#10082));
#4254=EDGE_LOOP('',(#10083,#10084,#10085,#10086));
#4255=EDGE_LOOP('',(#10087,#10088,#10089,#10090));
#4256=EDGE_LOOP('',(#10091,#10092,#10093,#10094));
#4257=EDGE_LOOP('',(#10095,#10096,#10097,#10098));
#4258=EDGE_LOOP('',(#10099,#10100,#10101,#10102));
#4259=EDGE_LOOP('',(#10103,#10104,#10105,#10106));
#4260=EDGE_LOOP('',(#10107,#10108,#10109,#10110));
#4261=EDGE_LOOP('',(#10111,#10112,#10113,#10114));
#4262=EDGE_LOOP('',(#10115,#10116,#10117,#10118));
#4263=EDGE_LOOP('',(#10119,#10120,#10121,#10122));
#4264=EDGE_LOOP('',(#10123,#10124,#10125,#10126,#10127,#10128));
#4265=EDGE_LOOP('',(#10129,#10130,#10131,#10132));
#4266=EDGE_LOOP('',(#10133,#10134,#10135,#10136,#10137,#10138,#10139,#10140,
#10141,#10142,#10143,#10144));
#4267=EDGE_LOOP('',(#10145,#10146,#10147,#10148));
#4268=EDGE_LOOP('',(#10149,#10150,#10151,#10152));
#4269=EDGE_LOOP('',(#10153,#10154,#10155,#10156));
#4270=EDGE_LOOP('',(#10157,#10158,#10159,#10160));
#4271=EDGE_LOOP('',(#10161,#10162,#10163,#10164));
#4272=EDGE_LOOP('',(#10165,#10166,#10167,#10168));
#4273=EDGE_LOOP('',(#10169,#10170,#10171,#10172));
#4274=EDGE_LOOP('',(#10173,#10174,#10175,#10176));
#4275=EDGE_LOOP('',(#10177,#10178,#10179,#10180));
#4276=EDGE_LOOP('',(#10181,#10182,#10183,#10184));
#4277=EDGE_LOOP('',(#10185,#10186,#10187,#10188));
#4278=EDGE_LOOP('',(#10189,#10190,#10191,#10192));
#4279=EDGE_LOOP('',(#10193,#10194,#10195,#10196));
#4280=EDGE_LOOP('',(#10197));
#4281=EDGE_LOOP('',(#10198,#10199,#10200,#10201,#10202,#10203,#10204,#10205,
#10206,#10207,#10208,#10209));
#4282=EDGE_LOOP('',(#10210));
#4283=EDGE_LOOP('',(#10211,#10212,#10213,#10214,#10215,#10216,#10217,#10218,
#10219,#10220,#10221,#10222));
#4284=EDGE_LOOP('',(#10223,#10224,#10225,#10226));
#4285=EDGE_LOOP('',(#10227,#10228,#10229,#10230));
#4286=EDGE_LOOP('',(#10231,#10232,#10233,#10234));
#4287=EDGE_LOOP('',(#10235,#10236,#10237,#10238));
#4288=EDGE_LOOP('',(#10239,#10240,#10241,#10242));
#4289=EDGE_LOOP('',(#10243,#10244,#10245,#10246));
#4290=EDGE_LOOP('',(#10247,#10248,#10249,#10250));
#4291=EDGE_LOOP('',(#10251,#10252,#10253,#10254));
#4292=EDGE_LOOP('',(#10255,#10256,#10257,#10258));
#4293=EDGE_LOOP('',(#10259,#10260,#10261,#10262));
#4294=EDGE_LOOP('',(#10263,#10264,#10265,#10266));
#4295=EDGE_LOOP('',(#10267,#10268,#10269,#10270));
#4296=EDGE_LOOP('',(#10271,#10272,#10273,#10274));
#4297=EDGE_LOOP('',(#10275));
#4298=EDGE_LOOP('',(#10276,#10277,#10278,#10279,#10280,#10281,#10282,#10283,
#10284,#10285,#10286,#10287));
#4299=EDGE_LOOP('',(#10288));
#4300=EDGE_LOOP('',(#10289,#10290,#10291,#10292,#10293,#10294,#10295,#10296,
#10297,#10298,#10299,#10300));
#4301=EDGE_LOOP('',(#10301,#10302,#10303,#10304));
#4302=EDGE_LOOP('',(#10305,#10306,#10307,#10308));
#4303=EDGE_LOOP('',(#10309,#10310,#10311,#10312));
#4304=EDGE_LOOP('',(#10313,#10314,#10315,#10316));
#4305=EDGE_LOOP('',(#10317,#10318,#10319,#10320));
#4306=EDGE_LOOP('',(#10321,#10322,#10323,#10324));
#4307=EDGE_LOOP('',(#10325));
#4308=EDGE_LOOP('',(#10326));
#4309=EDGE_LOOP('',(#10327));
#4310=EDGE_LOOP('',(#10328));
#4311=EDGE_LOOP('',(#10329,#10330,#10331,#10332));
#4312=EDGE_LOOP('',(#10333,#10334,#10335,#10336));
#4313=EDGE_LOOP('',(#10337,#10338,#10339,#10340));
#4314=EDGE_LOOP('',(#10341,#10342,#10343,#10344));
#4315=EDGE_LOOP('',(#10345,#10346,#10347,#10348));
#4316=EDGE_LOOP('',(#10349,#10350,#10351,#10352));
#4317=EDGE_LOOP('',(#10353));
#4318=EDGE_LOOP('',(#10354,#10355,#10356,#10357));
#4319=EDGE_LOOP('',(#10358));
#4320=EDGE_LOOP('',(#10359,#10360,#10361,#10362));
#4321=EDGE_LOOP('',(#10363,#10364,#10365,#10366));
#4322=EDGE_LOOP('',(#10367));
#4323=EDGE_LOOP('',(#10368));
#4324=EDGE_LOOP('',(#10369));
#4325=EDGE_LOOP('',(#10370));
#4326=CIRCLE('',#11609,2.9);
#4327=CIRCLE('',#11610,3.);
#4328=CIRCLE('',#11612,3.5);
#4329=CIRCLE('',#11613,35.14);
#4330=CIRCLE('',#11614,3.5);
#4331=CIRCLE('',#11615,35.14);
#4332=CIRCLE('',#11616,3.5);
#4333=CIRCLE('',#11617,35.14);
#4334=CIRCLE('',#11618,3.5);
#4335=CIRCLE('',#11619,2.9);
#4336=CIRCLE('',#11620,33.1400000000121);
#4337=CIRCLE('',#11621,2.9);
#4338=CIRCLE('',#11622,33.1400000000121);
#4339=CIRCLE('',#11623,2.9);
#4340=CIRCLE('',#11624,33.1400000000121);
#4341=CIRCLE('',#11626,3.1);
#4342=CIRCLE('',#11627,3.);
#4343=CIRCLE('',#11631,4.);
#4344=CIRCLE('',#11632,3.9);
#4345=CIRCLE('',#11634,4.);
#4346=CIRCLE('',#11636,4.1);
#4347=CIRCLE('',#11638,3.);
#4348=CIRCLE('',#11640,3.1);
#4349=CIRCLE('',#11641,3.);
#4350=CIRCLE('',#11644,3.9);
#4351=CIRCLE('',#11646,4.);
#4352=CIRCLE('',#11648,4.);
#4353=CIRCLE('',#11650,4.1);
#4354=CIRCLE('',#11653,4.);
#4355=CIRCLE('',#11654,3.9);
#4356=CIRCLE('',#11656,4.);
#4357=CIRCLE('',#11658,3.1);
#4358=CIRCLE('',#11659,3.);
#4359=CIRCLE('',#11662,3.9);
#4360=CIRCLE('',#11664,3.);
#4361=CIRCLE('',#11666,4.);
#4362=CIRCLE('',#11668,4.);
#4363=CIRCLE('',#11670,4.1);
#4364=CIRCLE('',#11673,3.);
#4365=CIRCLE('',#11675,4.1);
#4366=CIRCLE('',#11678,3.1);
#4367=CIRCLE('',#11679,3.);
#4368=CIRCLE('',#11683,3.75);
#4369=CIRCLE('',#11684,3.75);
#4370=CIRCLE('',#11699,1.5);
#4371=CIRCLE('',#11700,1.5);
#4372=CIRCLE('',#11715,1.5);
#4373=CIRCLE('',#11716,1.5);
#4374=CIRCLE('',#11731,1.5);
#4375=CIRCLE('',#11732,1.5);
#4376=CIRCLE('',#11747,1.5);
#4377=CIRCLE('',#11748,1.5);
#4378=CIRCLE('',#11755,29.);
#4379=CIRCLE('',#11756,5.5);
#4380=CIRCLE('',#11758,29.);
#4381=CIRCLE('',#11759,5.5);
#4382=CIRCLE('',#11761,29.);
#4383=CIRCLE('',#11762,5.5);
#4384=CIRCLE('',#11764,29.);
#4385=CIRCLE('',#11765,5.5);
#4386=CIRCLE('',#11767,5.5);
#4387=CIRCLE('',#11770,5.5);
#4388=CIRCLE('',#11773,5.5);
#4389=CIRCLE('',#11776,5.5);
#4390=CIRCLE('',#11780,29.);
#4391=CIRCLE('',#11781,29.);
#4392=CIRCLE('',#11783,29.);
#4393=CIRCLE('',#11785,29.);
#4394=CIRCLE('',#11787,29.);
#4395=CIRCLE('',#11802,1.5);
#4396=CIRCLE('',#11803,1.5);
#4397=CIRCLE('',#11806,0.4);
#4398=CIRCLE('',#11807,0.4);
#4399=CIRCLE('',#11809,0.4);
#4400=CIRCLE('',#11810,0.4);
#4401=CIRCLE('',#11826,10.2);
#4402=CIRCLE('',#11827,14.);
#4403=CIRCLE('',#11828,14.);
#4404=CIRCLE('',#11829,14.);
#4405=CIRCLE('',#11831,14.);
#4406=CIRCLE('',#11832,10.2);
#4407=CIRCLE('',#11834,14.);
#4408=CIRCLE('',#11835,14.);
#4409=CIRCLE('',#11836,14.);
#4410=CIRCLE('',#11837,10.2);
#4411=CIRCLE('',#11839,3.95);
#4412=CIRCLE('',#11840,3.95);
#4413=CIRCLE('',#11843,5.15);
#4414=CIRCLE('',#11844,5.15);
#4415=CIRCLE('',#11848,3.95);
#4416=CIRCLE('',#11849,3.95);
#4417=CIRCLE('',#11852,5.15);
#4418=CIRCLE('',#11853,5.15);
#4419=CIRCLE('',#11855,5.65);
#4420=CIRCLE('',#11856,5.65);
#4421=CIRCLE('',#11860,5.65);
#4422=CIRCLE('',#11861,5.65);
#4423=CIRCLE('',#11864,14.);
#4424=CIRCLE('',#11867,5.65);
#4425=CIRCLE('',#11868,5.65);
#4426=CIRCLE('',#11872,5.65);
#4427=CIRCLE('',#11873,5.65);
#4428=CIRCLE('',#11876,14.);
#4429=CIRCLE('',#11879,16.);
#4430=CIRCLE('',#11880,16.);
#4431=CIRCLE('',#11881,16.);
#4432=CIRCLE('',#11882,16.);
#4433=CIRCLE('',#11883,16.);
#4434=CIRCLE('',#11884,16.);
#4435=CIRCLE('',#11885,16.);
#4436=CIRCLE('',#11887,14.);
#4437=CIRCLE('',#11888,10.2);
#4438=CIRCLE('',#11889,10.2);
#4439=CIRCLE('',#11891,16.);
#4440=CIRCLE('',#11892,14.);
#4441=CIRCLE('',#11894,14.);
#4442=CIRCLE('',#11895,16.);
#4443=CIRCLE('',#11897,16.);
#4444=CIRCLE('',#11898,14.);
#4445=CIRCLE('',#11900,14.);
#4446=CIRCLE('',#11901,16.);
#4447=CIRCLE('',#11904,10.2);
#4448=CIRCLE('',#11906,10.2);
#4449=CIRCLE('',#11908,10.2);
#4450=CIRCLE('',#11910,10.2);
#4451=CIRCLE('',#11912,10.2);
#4452=CIRCLE('',#11915,14.);
#4453=CIRCLE('',#11916,14.);
#4454=CIRCLE('',#11920,14.);
#4455=CIRCLE('',#11921,14.);
#4456=CIRCLE('',#11925,14.);
#4457=CIRCLE('',#11929,14.);
#4458=CIRCLE('',#11930,14.);
#4459=CIRCLE('',#11934,14.);
#4460=CIRCLE('',#11935,14.);
#4461=CIRCLE('',#11939,14.);
#4462=CIRCLE('',#11942,16.);
#4463=CIRCLE('',#11943,16.);
#4464=CIRCLE('',#11944,16.);
#4465=CIRCLE('',#11945,16.);
#4466=CIRCLE('',#11946,16.);
#4467=CIRCLE('',#11947,16.);
#4468=CIRCLE('',#11949,16.);
#4469=CIRCLE('',#11951,16.);
#4470=CIRCLE('',#11953,16.);
#4471=CIRCLE('',#11955,16.);
#4472=CIRCLE('',#11969,2.);
#4473=CIRCLE('',#11970,2.);
#4474=CIRCLE('',#11985,2.);
#4475=CIRCLE('',#11986,2.);
#4476=CIRCLE('',#12001,2.);
#4477=CIRCLE('',#12002,2.);
#4478=CIRCLE('',#12005,2.5);
#4479=CIRCLE('',#12007,2.5);
#4480=CIRCLE('',#12009,2.5);
#4481=CIRCLE('',#12023,2.);
#4482=CIRCLE('',#12024,2.);
#4483=CIRCLE('',#12039,2.);
#4484=CIRCLE('',#12040,2.);
#4485=CIRCLE('',#12055,2.);
#4486=CIRCLE('',#12056,2.);
#4487=CIRCLE('',#12071,2.);
#4488=CIRCLE('',#12072,2.);
#4489=CIRCLE('',#12075,2.5);
#4490=CIRCLE('',#12077,2.5);
#4491=CIRCLE('',#12079,2.5);
#4492=CIRCLE('',#12081,2.5);
#4493=CIRCLE('',#12083,16.);
#4494=CIRCLE('',#12084,16.);
#4495=CIRCLE('',#12085,16.);
#4496=CIRCLE('',#12091,14.0000000000121);
#4497=CIRCLE('',#12092,16.);
#4498=CIRCLE('',#12095,14.0000000000121);
#4499=CIRCLE('',#12098,29.);
#4500=CIRCLE('',#12101,33.);
#4501=CIRCLE('',#12102,33.);
#4502=CIRCLE('',#12105,33.);
#4503=CIRCLE('',#12106,33.);
#4504=CIRCLE('',#12109,33.);
#4505=CIRCLE('',#12110,33.);
#4506=CIRCLE('',#12113,33.);
#4507=CIRCLE('',#12114,33.);
#4508=CIRCLE('',#12121,1.);
#4509=CIRCLE('',#12122,1.);
#4510=CIRCLE('',#12131,0.999999999999999);
#4511=CIRCLE('',#12132,0.999999999999999);
#4512=CIRCLE('',#12141,0.999999999999998);
#4513=CIRCLE('',#12142,0.999999999999998);
#4514=CIRCLE('',#12151,1.);
#4515=CIRCLE('',#12152,1.);
#4516=CIRCLE('',#12165,33.1400000000121);
#4517=CIRCLE('',#12166,33.1400000000121);
#4518=CIRCLE('',#12167,33.1400000000121);
#4519=CIRCLE('',#12168,2.25);
#4520=CIRCLE('',#12169,2.25);
#4521=CIRCLE('',#12175,2.5);
#4522=CIRCLE('',#12177,2.5);
#4523=CIRCLE('',#12182,2.5);
#4524=CIRCLE('',#12184,0.999999999999999);
#4525=CIRCLE('',#12185,0.999999999999999);
#4526=CIRCLE('',#12188,1.75);
#4527=CIRCLE('',#12189,1.75);
#4528=CIRCLE('',#12192,6.68175675675677);
#4529=CIRCLE('',#12193,6.68175675675677);
#4530=CIRCLE('',#12195,7.18175675675677);
#4531=CIRCLE('',#12196,7.18175675675677);
#4532=CIRCLE('',#12199,6.68175675675676);
#4533=CIRCLE('',#12200,6.68175675675676);
#4534=CIRCLE('',#12202,7.18175675675676);
#4535=CIRCLE('',#12203,7.18175675675676);
#4536=CIRCLE('',#12206,35.);
#4537=CIRCLE('',#12208,7.68175675675676);
#4538=CIRCLE('',#12210,7.68175675675677);
#4539=CIRCLE('',#12213,35.);
#4540=CIRCLE('',#12219,9.);
#4541=CIRCLE('',#12220,8.);
#4542=CIRCLE('',#12222,8.);
#4543=CIRCLE('',#12224,9.);
#4544=CIRCLE('',#12226,35.);
#4545=CIRCLE('',#12227,34.);
#4546=CIRCLE('',#12229,34.);
#4547=CIRCLE('',#12231,35.);
#4548=CIRCLE('',#12233,9.);
#4549=CIRCLE('',#12235,35.);
#4550=CIRCLE('',#12237,0.5);
#4551=CIRCLE('',#12238,0.5);
#4552=CIRCLE('',#12240,2.5);
#4553=CIRCLE('',#12241,2.5);
#4554=CIRCLE('',#12244,6.);
#4555=CIRCLE('',#12246,6.);
#4556=CIRCLE('',#12249,2.25);
#4557=CIRCLE('',#12250,9.);
#4558=CIRCLE('',#12252,2.25);
#4559=CIRCLE('',#12253,9.);
#4560=CIRCLE('',#12255,9.);
#4561=CIRCLE('',#12256,9.);
#4562=CIRCLE('',#12257,9.);
#4563=CIRCLE('',#12260,3.5);
#4564=CIRCLE('',#12261,16.);
#4565=CIRCLE('',#12262,3.5);
#4566=CIRCLE('',#12263,35.14);
#4567=CIRCLE('',#12264,3.5);
#4568=CIRCLE('',#12265,35.14);
#4569=CIRCLE('',#12266,3.5);
#4570=CIRCLE('',#12267,35.14);
#4571=CIRCLE('',#12268,35.);
#4572=CIRCLE('',#12269,2.5);
#4573=CIRCLE('',#12270,2.25);
#4574=CIRCLE('',#12271,2.25);
#4575=CIRCLE('',#12272,2.25);
#4576=CIRCLE('',#12273,2.25);
#4577=CIRCLE('',#12347,14.5);
#4578=CIRCLE('',#12353,14.5);
#4579=CIRCLE('',#12355,15.);
#4580=CIRCLE('',#12356,15.);
#4581=CIRCLE('',#12359,2.5);
#4582=CIRCLE('',#12360,2.5);
#4583=CIRCLE('',#12361,2.5);
#4584=CIRCLE('',#12401,1.95);
#4585=CIRCLE('',#12402,1.95);
#4586=CIRCLE('',#12418,1.95);
#4587=CIRCLE('',#12419,1.95);
#4588=CIRCLE('',#12423,1.);
#4589=CIRCLE('',#12424,7.99999999999999);
#4590=CIRCLE('',#12425,1.);
#4591=CIRCLE('',#12427,1.);
#4592=CIRCLE('',#12429,34.);
#4593=CIRCLE('',#12430,1.);
#4594=CIRCLE('',#12433,1.75);
#4595=CIRCLE('',#12434,1.75);
#4596=CIRCLE('',#12436,3.);
#4597=CIRCLE('',#12437,3.);
#4598=CIRCLE('',#12441,2.75);
#4599=CIRCLE('',#12442,2.75);
#4600=CIRCLE('',#12445,4.);
#4601=CIRCLE('',#12446,4.);
#4602=CIRCLE('',#12449,4.);
#4603=CIRCLE('',#12450,4.);
#4604=CIRCLE('',#12454,3.);
#4605=CIRCLE('',#12455,3.);
#4606=CIRCLE('',#12457,4.75);
#4607=CIRCLE('',#12458,4.75);
#4608=B_SPLINE_CURVE_WITH_KNOTS('',3,(#15343,#15344,#15345,#15346,#15347,
#15348,#15349,#15350,#15351,#15352),.UNSPECIFIED.,.F.,.F.,(4,2,2,2,4),(0.0482976881604591,
0.0528259149510205,0.0569983556915428,0.0608021567475421,0.0643313907978774),
 .UNSPECIFIED.);
#4609=B_SPLINE_CURVE_WITH_KNOTS('',3,(#15356,#15357,#15358,#15359,#15360,
#15361,#15362,#15363,#15364,#15365),.UNSPECIFIED.,.F.,.F.,(4,2,2,2,4),(0.,
0.00352923405033729,0.00733303510633533,0.0115054758468517,0.0160337026374024),
 .UNSPECIFIED.);
#4610=B_SPLINE_CURVE_WITH_KNOTS('',3,(#15480,#15481,#15482,#15483,#15484,
#15485,#15486,#15487,#15488,#15489),.UNSPECIFIED.,.F.,.F.,(4,3,3,4),(0.0158475093422991,
0.0239700438874991,0.0306964317816224,0.0317696479291729),.UNSPECIFIED.);
#4611=B_SPLINE_CURVE_WITH_KNOTS('',3,(#15493,#15494,#15495,#15496,#15497,
#15498,#15499,#15500,#15501,#15502),.UNSPECIFIED.,.F.,.F.,(4,3,3,4),(0.0317696479292004,
0.0387803454574659,0.0462332297190726,0.0476917865160885),.UNSPECIFIED.);
#4612=B_SPLINE_CURVE_WITH_KNOTS('',3,(#15511,#15512,#15513,#15514,#15515,
#15516,#15517,#15518,#15519,#15520),.UNSPECIFIED.,.F.,.F.,(4,3,3,4),(0.0153533200896616,
0.0223126054446283,0.0297552514350744,0.0307328362260006),.UNSPECIFIED.);
#4613=B_SPLINE_CURVE_WITH_KNOTS('',3,(#15524,#15525,#15526,#15527,#15528,
#15529,#15530),.UNSPECIFIED.,.F.,.F.,(4,3,4),(0.,0.00733095330557353,0.0154175301199588),
 .UNSPECIFIED.);
#4614=B_SPLINE_CURVE_WITH_KNOTS('',3,(#15538,#15539,#15540,#15541,#15542,
#15543,#15544,#15545,#15546,#15547),.UNSPECIFIED.,.F.,.F.,(4,3,3,4),(0.0463151768397961,
0.0490330730232593,0.057089388009054,0.061732706959762),.UNSPECIFIED.);
#4615=B_SPLINE_CURVE_WITH_KNOTS('',3,(#15556,#15557,#15558,#15559,#15560,
#15561,#15562,#15563,#15564,#15565),.UNSPECIFIED.,.F.,.F.,(4,3,3,4),(0.0307328362260138,
0.0378442707279735,0.0448504418291875,0.0461123523623599),.UNSPECIFIED.);
#4616=B_SPLINE_CURVE_WITH_KNOTS('',3,(#15568,#15569,#15570,#15571,#15572,
#15573,#15574,#15575,#15576,#15577),.UNSPECIFIED.,.F.,.F.,(4,2,2,2,4),(0.0482976881598887,
0.0528259149503287,0.0569983556907854,0.0608021567467707,0.0643313907971289),
 .UNSPECIFIED.);
#4617=B_SPLINE_CURVE_WITH_KNOTS('',3,(#15579,#15580,#15581,#15582,#15583,
#15584,#15585,#15586,#15587,#15588),.UNSPECIFIED.,.F.,.F.,(4,2,2,2,4),(0.,
0.00352923405036131,0.00733303510634466,0.0115054758467918,0.0160337026372152),
 .UNSPECIFIED.);
#4618=B_SPLINE_CURVE_WITH_KNOTS('',3,(#15593,#15594,#15595,#15596,#15597,
#15598,#15599,#15600,#15601,#15602),.UNSPECIFIED.,.F.,.F.,(4,3,3,4),(0.0158475093421457,
0.0239700438873935,0.0306964317813186,0.0317696479288527),.UNSPECIFIED.);
#4619=B_SPLINE_CURVE_WITH_KNOTS('',3,(#15606,#15607,#15608,#15609,#15610,
#15611,#15612,#15613,#15614,#15615),.UNSPECIFIED.,.F.,.F.,(4,3,3,4),(0.0317696479288956,
0.0387803454571889,0.0462332297186678,0.0476917865156248),.UNSPECIFIED.);
#4620=B_SPLINE_CURVE_WITH_KNOTS('',3,(#15621,#15622,#15623,#15624,#15625,
#15626,#15627,#15628,#15629,#15630),.UNSPECIFIED.,.F.,.F.,(4,3,3,4),(0.046315176839551,
0.0490330730227063,0.0570893880089621,0.0617327069594385),.UNSPECIFIED.);
#4621=B_SPLINE_CURVE_WITH_KNOTS('',3,(#15634,#15635,#15636,#15637,#15638,
#15639,#15640,#15641,#15642,#15643),.UNSPECIFIED.,.F.,.F.,(4,3,3,4),(0.0307328362258713,
0.0378442707278412,0.0448504418290019,0.0461123523621442),.UNSPECIFIED.);
#4622=B_SPLINE_CURVE_WITH_KNOTS('',3,(#15654,#15655,#15656,#15657,#15658,
#15659,#15660),.UNSPECIFIED.,.F.,.F.,(4,3,4),(0.,0.00733095330561771,0.015417530119876),
 .UNSPECIFIED.);
#4623=B_SPLINE_CURVE_WITH_KNOTS('',3,(#15668,#15669,#15670,#15671,#15672,
#15673,#15674,#15675,#15676,#15677),.UNSPECIFIED.,.F.,.F.,(4,3,3,4),(0.0153533200895886,
0.0223126054446058,0.02975525143493,0.0307328362258509),.UNSPECIFIED.);
#4624=B_SPLINE_CURVE_WITH_KNOTS('',3,(#15691,#15692,#15693,#15694,#15695,
#15696,#15697),.UNSPECIFIED.,.F.,.F.,(4,3,4),(0.,0.00733095330559276,0.0154175301199198),
 .UNSPECIFIED.);
#4625=B_SPLINE_CURVE_WITH_KNOTS('',3,(#15701,#15702,#15703,#15704,#15705,
#15706,#15707,#15708,#15709,#15710),.UNSPECIFIED.,.F.,.F.,(4,3,3,4),(0.0463151768396455,
0.0490330730229561,0.0570893880089471,0.0617327069595631),.UNSPECIFIED.);
#4626=B_SPLINE_CURVE_WITH_KNOTS('',3,(#15721,#15722,#15723,#15724,#15725,
#15726,#15727,#15728,#15729,#15730),.UNSPECIFIED.,.F.,.F.,(4,3,3,4),(0.0158475093422839,
0.0239700438874765,0.030696431781592,0.0317696479291413),.UNSPECIFIED.);
#4627=B_SPLINE_CURVE_WITH_KNOTS('',3,(#15734,#15735,#15736,#15737,#15738,
#15739,#15740,#15741,#15742,#15743),.UNSPECIFIED.,.F.,.F.,(4,3,3,4),(0.0317696479290546,
0.0387803454573328,0.0462332297188848,0.0476917865158669),.UNSPECIFIED.);
#4628=B_SPLINE_CURVE_WITH_KNOTS('',3,(#15749,#15750,#15751,#15752,#15753,
#15754,#15755,#15756,#15757,#15758),.UNSPECIFIED.,.F.,.F.,(4,3,3,4),(0.0463151768396791,
0.0490330730230342,0.0570893880089792,0.0617327069596075),.UNSPECIFIED.);
#4629=B_SPLINE_CURVE_WITH_KNOTS('',3,(#15762,#15763,#15764,#15765,#15766,
#15767,#15768,#15769,#15770,#15771),.UNSPECIFIED.,.F.,.F.,(4,3,3,4),(0.0307328362259453,
0.0378442707279053,0.0448504418291003,0.0461123523622561),.UNSPECIFIED.);
#4630=B_SPLINE_CURVE_WITH_KNOTS('',3,(#15776,#15777,#15778,#15779,#15780,
#15781,#15782,#15783,#15784,#15785),.UNSPECIFIED.,.F.,.F.,(4,2,2,2,4),(0.0482976881601865,
0.0528259149506896,0.0569983556911807,0.0608021567471735,0.0643313907975197),
 .UNSPECIFIED.);
#4631=B_SPLINE_CURVE_WITH_KNOTS('',3,(#15793,#15794,#15795,#15796,#15797,
#15798,#15799,#15800,#15801,#15802),.UNSPECIFIED.,.F.,.F.,(4,2,2,2,4),(0.,
0.00352923405033971,0.00733303510633617,0.0115054758468458,0.016033702637384),
 .UNSPECIFIED.);
#4632=B_SPLINE_CURVE_WITH_KNOTS('',3,(#15806,#15807,#15808,#15809,#15810,
#15811,#15812),.UNSPECIFIED.,.F.,.F.,(4,3,4),(0.,0.00733095330558192,0.0154175301199503),
 .UNSPECIFIED.);
#4633=B_SPLINE_CURVE_WITH_KNOTS('',3,(#15820,#15821,#15822,#15823,#15824,
#15825,#15826,#15827,#15828,#15829),.UNSPECIFIED.,.F.,.F.,(4,3,3,4),(0.0153533200896541,
0.0223126054446238,0.0297552514350576,0.0307328362259859),.UNSPECIFIED.);
#4634=B_SPLINE_CURVE_WITH_KNOTS('',3,(#15838,#15839,#15840,#15841,#15842,
#15843,#15844,#15845,#15846,#15847),.UNSPECIFIED.,.F.,.F.,(4,2,2,2,4),(0.048297688160108,
0.0528259149505949,0.0569983556910766,0.0608021567470672,0.0643313907974166),
 .UNSPECIFIED.);
#4635=B_SPLINE_CURVE_WITH_KNOTS('',3,(#15849,#15850,#15851,#15852,#15853,
#15854,#15855,#15856,#15857,#15858),.UNSPECIFIED.,.F.,.F.,(4,2,2,2,4),(0.,
0.00352923405034851,0.00733303510633972,0.0115054758468231,0.0160337026373135),
 .UNSPECIFIED.);
#4636=B_SPLINE_CURVE_WITH_KNOTS('',3,(#15862,#15863,#15864,#15865,#15866,
#15867,#15868,#15869,#15870,#15871),.UNSPECIFIED.,.F.,.F.,(4,3,3,4),(0.0153533200896268,
0.0223126054446143,0.0297552514350035,0.0307328362259296),.UNSPECIFIED.);
#4637=B_SPLINE_CURVE_WITH_KNOTS('',3,(#15874,#15875,#15876,#15877,#15878,
#15879,#15880,#15881,#15882,#15883),.UNSPECIFIED.,.F.,.F.,(4,3,3,4),(0.0307328362259258,
0.0378442707279012,0.0448504418290756,0.0461123523622269),.UNSPECIFIED.);
#4638=B_SPLINE_CURVE_WITH_KNOTS('',3,(#15888,#15889,#15890,#15891,#15892,
#15893,#15894,#15895,#15896,#15897),.UNSPECIFIED.,.F.,.F.,(4,3,3,4),(0.0158475093422266,
0.0239700438874419,0.0306964317814772,0.0317696479290213),.UNSPECIFIED.);
#4639=B_SPLINE_CURVE_WITH_KNOTS('',3,(#15906,#15907,#15908,#15909,#15910,
#15911,#15912,#15913,#15914,#15915),.UNSPECIFIED.,.F.,.F.,(4,3,3,4),(0.0317696479290129,
0.0387803454572963,0.0462332297188238,0.0476917865158036),.UNSPECIFIED.);
#4640=B_SPLINE_CURVE_WITH_KNOTS('',3,(#17774,#17775,#17776,#17777,#17778,
#17779,#17780,#17781,#17782,#17783,#17784,#17785,#17786,#17787,#17788,#17789),
 .UNSPECIFIED.,.F.,.F.,(4,3,3,3,3,4),(2.04177382309259,2.30981013140444,
2.53337103426755,2.72685109411822,2.9916849891798,3.20405374285689),
 .UNSPECIFIED.);
#4641=B_SPLINE_CURVE_WITH_KNOTS('',3,(#17797,#17798,#17799,#17800,#17801,
#17802,#17803,#17804,#17805,#17806,#17807,#17808,#17809,#17810,#17811,#17812,
#17813,#17814,#17815),.UNSPECIFIED.,.F.,.F.,(4,3,3,3,3,3,4),(-0.525752084004228,
-0.300652017547376,-0.0776129745065875,0.0113226956633995,0.236666879358452,
0.462773588142869,0.525752084004228),.UNSPECIFIED.);
#4642=B_SPLINE_CURVE_WITH_KNOTS('',3,(#17836,#17837,#17838,#17839,#17840,
#17841,#17842,#17843,#17844,#17845,#17846,#17847,#17848,#17849,#17850,#17851,
#17852,#17853,#17854,#17855,#17856,#17857,#17858,#17859,#17860,#17861,#17862,
#17863,#17864,#17865,#17866,#17867,#17868,#17869,#17870,#17871,#17872,#17873,
#17874,#17875,#17876,#17877,#17878,#17879,#17880,#17881,#17882,#17883,#17884,
#17885,#17886,#17887,#17888,#17889,#17890,#17891,#17892,#17893,#17894,#17895,
#17896,#17897,#17898,#17899,#17900,#17901,#17902,#17903,#17904,#17905,#17906,
#17907,#17908),.UNSPECIFIED.,.T.,.F.,(4,3,3,3,3,3,3,3,3,3,3,3,3,3,3,3,3,
3,3,3,3,3,3,3,4),(0.,0.131938753836003,0.232556553066612,0.292763137149251,
0.575341771497279,0.688448085384177,0.753884620655302,0.819558703334813,
1.03663070202141,1.1346365060391,1.22532905874875,1.35116337800885,1.45002121320878,
1.53721410618495,1.66632572759847,1.73009419799853,1.80075723352001,2.01942363585423,
2.114461276238,2.20970608885346,2.45549385050153,2.61266321520115,2.67024813706883,
2.80777504370836,2.91862714630524),.UNSPECIFIED.);
#4643=B_SPLINE_CURVE_WITH_KNOTS('',1,(#17910,#17911),.UNSPECIFIED.,.F.,
 .F.,(2,2),(3.15894747370527,6.31578947368421),.UNSPECIFIED.);
#4644=B_SPLINE_CURVE_WITH_KNOTS('',2,(#18034,#18035,#18036,#18037),
 .UNSPECIFIED.,.F.,.F.,(3,1,3),(0.,1.,2.),.UNSPECIFIED.);
#4645=B_SPLINE_CURVE_WITH_KNOTS('',2,(#18041,#18042,#18043,#18044),
 .UNSPECIFIED.,.F.,.F.,(3,1,3),(0.,1.,2.),.UNSPECIFIED.);
#4646=B_SPLINE_CURVE_WITH_KNOTS('',2,(#18073,#18074,#18075,#18076),
 .UNSPECIFIED.,.F.,.F.,(3,1,3),(0.,1.,2.),.UNSPECIFIED.);
#4647=B_SPLINE_CURVE_WITH_KNOTS('',2,(#18078,#18079,#18080,#18081),
 .UNSPECIFIED.,.F.,.F.,(3,1,3),(0.,1.,2.),.UNSPECIFIED.);
#4648=B_SPLINE_CURVE_WITH_KNOTS('',2,(#18092,#18093,#18094,#18095),
 .UNSPECIFIED.,.F.,.F.,(3,1,3),(0.,1.,2.),.UNSPECIFIED.);
#4649=B_SPLINE_CURVE_WITH_KNOTS('',2,(#18097,#18098,#18099,#18100),
 .UNSPECIFIED.,.F.,.F.,(3,1,3),(0.,1.,2.),.UNSPECIFIED.);
#4650=B_SPLINE_CURVE_WITH_KNOTS('',2,(#18110,#18111,#18112,#18113),
 .UNSPECIFIED.,.F.,.F.,(3,1,3),(0.,1.,2.),.UNSPECIFIED.);
#4651=B_SPLINE_CURVE_WITH_KNOTS('',2,(#18114,#18115,#18116,#18117),
 .UNSPECIFIED.,.F.,.F.,(3,1,3),(0.,1.,2.),.UNSPECIFIED.);
#4652=B_SPLINE_CURVE_WITH_KNOTS('',2,(#18136,#18137,#18138,#18139),
 .UNSPECIFIED.,.F.,.F.,(3,1,3),(0.,1.,2.),.UNSPECIFIED.);
#4653=B_SPLINE_CURVE_WITH_KNOTS('',2,(#18142,#18143,#18144,#18145),
 .UNSPECIFIED.,.F.,.F.,(3,1,3),(0.,1.,2.),.UNSPECIFIED.);
#4654=B_SPLINE_CURVE_WITH_KNOTS('',2,(#18155,#18156,#18157,#18158),
 .UNSPECIFIED.,.F.,.F.,(3,1,3),(0.,1.,2.),.UNSPECIFIED.);
#4655=B_SPLINE_CURVE_WITH_KNOTS('',2,(#18161,#18162,#18163,#18164),
 .UNSPECIFIED.,.F.,.F.,(3,1,3),(0.,1.,2.),.UNSPECIFIED.);
#4656=B_SPLINE_CURVE_WITH_KNOTS('',2,(#18174,#18175,#18176,#18177),
 .UNSPECIFIED.,.F.,.F.,(3,1,3),(0.,1.,2.),.UNSPECIFIED.);
#4657=B_SPLINE_CURVE_WITH_KNOTS('',2,(#18180,#18181,#18182,#18183),
 .UNSPECIFIED.,.F.,.F.,(3,1,3),(0.,1.,2.),.UNSPECIFIED.);
#4658=B_SPLINE_CURVE_WITH_KNOTS('',2,(#18301,#18302,#18303,#18304),
 .UNSPECIFIED.,.F.,.F.,(3,1,3),(0.,1.,2.),.UNSPECIFIED.);
#4659=B_SPLINE_CURVE_WITH_KNOTS('',2,(#18308,#18309,#18310,#18311),
 .UNSPECIFIED.,.F.,.F.,(3,1,3),(0.,1.,2.),.UNSPECIFIED.);
#4660=B_SPLINE_CURVE_WITH_KNOTS('',2,(#18340,#18341,#18342,#18343),
 .UNSPECIFIED.,.F.,.F.,(3,1,3),(0.,1.,2.),.UNSPECIFIED.);
#4661=B_SPLINE_CURVE_WITH_KNOTS('',2,(#18345,#18346,#18347,#18348),
 .UNSPECIFIED.,.F.,.F.,(3,1,3),(0.,1.,2.),.UNSPECIFIED.);
#4662=B_SPLINE_CURVE_WITH_KNOTS('',2,(#18359,#18360,#18361,#18362),
 .UNSPECIFIED.,.F.,.F.,(3,1,3),(0.,1.,2.),.UNSPECIFIED.);
#4663=B_SPLINE_CURVE_WITH_KNOTS('',2,(#18364,#18365,#18366,#18367),
 .UNSPECIFIED.,.F.,.F.,(3,1,3),(0.,1.,2.),.UNSPECIFIED.);
#4664=B_SPLINE_CURVE_WITH_KNOTS('',2,(#18377,#18378,#18379,#18380),
 .UNSPECIFIED.,.F.,.F.,(3,1,3),(0.,1.,2.),.UNSPECIFIED.);
#4665=B_SPLINE_CURVE_WITH_KNOTS('',2,(#18381,#18382,#18383,#18384),
 .UNSPECIFIED.,.F.,.F.,(3,1,3),(0.,1.,2.),.UNSPECIFIED.);
#4666=B_SPLINE_CURVE_WITH_KNOTS('',2,(#18395,#18396,#18397,#18398),
 .UNSPECIFIED.,.F.,.F.,(3,1,3),(0.,1.,2.),.UNSPECIFIED.);
#4667=B_SPLINE_CURVE_WITH_KNOTS('',2,(#18402,#18403,#18404,#18405),
 .UNSPECIFIED.,.F.,.F.,(3,1,3),(0.,1.,2.),.UNSPECIFIED.);
#4668=B_SPLINE_CURVE_WITH_KNOTS('',2,(#18416,#18417,#18418,#18419),
 .UNSPECIFIED.,.F.,.F.,(3,1,3),(0.,1.,2.),.UNSPECIFIED.);
#4669=B_SPLINE_CURVE_WITH_KNOTS('',2,(#18422,#18423,#18424,#18425),
 .UNSPECIFIED.,.F.,.F.,(3,1,3),(0.,1.,2.),.UNSPECIFIED.);
#4670=B_SPLINE_CURVE_WITH_KNOTS('',2,(#18453,#18454,#18455,#18456),
 .UNSPECIFIED.,.F.,.F.,(3,1,3),(0.,1.,2.),.UNSPECIFIED.);
#4671=B_SPLINE_CURVE_WITH_KNOTS('',2,(#18459,#18460,#18461,#18462),
 .UNSPECIFIED.,.F.,.F.,(3,1,3),(0.,1.,2.),.UNSPECIFIED.);
#4672=B_SPLINE_CURVE_WITH_KNOTS('',2,(#18471,#18472,#18473,#18474),
 .UNSPECIFIED.,.F.,.F.,(3,1,3),(0.,1.,2.),.UNSPECIFIED.);
#4673=B_SPLINE_CURVE_WITH_KNOTS('',2,(#18475,#18476,#18477,#18478),
 .UNSPECIFIED.,.F.,.F.,(3,1,3),(0.,1.,2.),.UNSPECIFIED.);
#4674=B_SPLINE_CURVE_WITH_KNOTS('',2,(#18527,#18528,#18529,#18530),
 .UNSPECIFIED.,.F.,.F.,(3,1,3),(0.,1.,2.),.UNSPECIFIED.);
#4675=B_SPLINE_CURVE_WITH_KNOTS('',2,(#18534,#18535,#18536,#18537),
 .UNSPECIFIED.,.F.,.F.,(3,1,3),(0.,1.,2.),.UNSPECIFIED.);
#4676=B_SPLINE_CURVE_WITH_KNOTS('',2,(#18566,#18567,#18568,#18569),
 .UNSPECIFIED.,.F.,.F.,(3,1,3),(0.,1.,2.),.UNSPECIFIED.);
#4677=B_SPLINE_CURVE_WITH_KNOTS('',2,(#18571,#18572,#18573,#18574),
 .UNSPECIFIED.,.F.,.F.,(3,1,3),(0.,1.,2.),.UNSPECIFIED.);
#4678=B_SPLINE_CURVE_WITH_KNOTS('',2,(#18585,#18586,#18587,#18588),
 .UNSPECIFIED.,.F.,.F.,(3,1,3),(0.,1.,2.),.UNSPECIFIED.);
#4679=B_SPLINE_CURVE_WITH_KNOTS('',2,(#18590,#18591,#18592,#18593),
 .UNSPECIFIED.,.F.,.F.,(3,1,3),(0.,1.,2.),.UNSPECIFIED.);
#4680=B_SPLINE_CURVE_WITH_KNOTS('',2,(#18603,#18604,#18605,#18606),
 .UNSPECIFIED.,.F.,.F.,(3,1,3),(0.,1.,2.),.UNSPECIFIED.);
#4681=B_SPLINE_CURVE_WITH_KNOTS('',2,(#18607,#18608,#18609,#18610),
 .UNSPECIFIED.,.F.,.F.,(3,1,3),(0.,1.,2.),.UNSPECIFIED.);
#4682=B_SPLINE_CURVE_WITH_KNOTS('',2,(#18621,#18622,#18623,#18624),
 .UNSPECIFIED.,.F.,.F.,(3,1,3),(0.,1.,2.),.UNSPECIFIED.);
#4683=B_SPLINE_CURVE_WITH_KNOTS('',2,(#18628,#18629,#18630,#18631),
 .UNSPECIFIED.,.F.,.F.,(3,1,3),(0.,1.,2.),.UNSPECIFIED.);
#4684=B_SPLINE_CURVE_WITH_KNOTS('',2,(#18642,#18643,#18644,#18645),
 .UNSPECIFIED.,.F.,.F.,(3,1,3),(0.,1.,2.),.UNSPECIFIED.);
#4685=B_SPLINE_CURVE_WITH_KNOTS('',2,(#18648,#18649,#18650,#18651),
 .UNSPECIFIED.,.F.,.F.,(3,1,3),(0.,1.,2.),.UNSPECIFIED.);
#4686=B_SPLINE_CURVE_WITH_KNOTS('',2,(#18691,#18692,#18693,#18694),
 .UNSPECIFIED.,.F.,.F.,(3,1,3),(0.,1.,2.),.UNSPECIFIED.);
#4687=B_SPLINE_CURVE_WITH_KNOTS('',2,(#18697,#18698,#18699,#18700),
 .UNSPECIFIED.,.F.,.F.,(3,1,3),(0.,1.,2.),.UNSPECIFIED.);
#4688=B_SPLINE_CURVE_WITH_KNOTS('',2,(#18709,#18710,#18711,#18712),
 .UNSPECIFIED.,.F.,.F.,(3,1,3),(0.,1.,2.),.UNSPECIFIED.);
#4689=B_SPLINE_CURVE_WITH_KNOTS('',2,(#18713,#18714,#18715,#18716),
 .UNSPECIFIED.,.F.,.F.,(3,1,3),(0.,1.,2.),.UNSPECIFIED.);
#4690=B_SPLINE_CURVE_WITH_KNOTS('',2,(#18728,#18729,#18730,#18731),
 .UNSPECIFIED.,.F.,.F.,(3,1,3),(0.,1.,2.),.UNSPECIFIED.);
#4691=B_SPLINE_CURVE_WITH_KNOTS('',2,(#18735,#18736,#18737,#18738),
 .UNSPECIFIED.,.F.,.F.,(3,1,3),(0.,1.,2.),.UNSPECIFIED.);
#4692=B_SPLINE_CURVE_WITH_KNOTS('',2,(#18767,#18768,#18769,#18770),
 .UNSPECIFIED.,.F.,.F.,(3,1,3),(0.,1.,2.),.UNSPECIFIED.);
#4693=B_SPLINE_CURVE_WITH_KNOTS('',2,(#18772,#18773,#18774,#18775),
 .UNSPECIFIED.,.F.,.F.,(3,1,3),(0.,1.,2.),.UNSPECIFIED.);
#4694=B_SPLINE_CURVE_WITH_KNOTS('',2,(#18786,#18787,#18788,#18789),
 .UNSPECIFIED.,.F.,.F.,(3,1,3),(0.,1.,2.),.UNSPECIFIED.);
#4695=B_SPLINE_CURVE_WITH_KNOTS('',2,(#18791,#18792,#18793,#18794),
 .UNSPECIFIED.,.F.,.F.,(3,1,3),(0.,1.,2.),.UNSPECIFIED.);
#4696=B_SPLINE_CURVE_WITH_KNOTS('',2,(#18804,#18805,#18806,#18807),
 .UNSPECIFIED.,.F.,.F.,(3,1,3),(0.,1.,2.),.UNSPECIFIED.);
#4697=B_SPLINE_CURVE_WITH_KNOTS('',2,(#18808,#18809,#18810,#18811),
 .UNSPECIFIED.,.F.,.F.,(3,1,3),(0.,1.,2.),.UNSPECIFIED.);
#4698=B_SPLINE_CURVE_WITH_KNOTS('',2,(#18830,#18831,#18832,#18833),
 .UNSPECIFIED.,.F.,.F.,(3,1,3),(0.,1.,2.),.UNSPECIFIED.);
#4699=B_SPLINE_CURVE_WITH_KNOTS('',2,(#18836,#18837,#18838,#18839),
 .UNSPECIFIED.,.F.,.F.,(3,1,3),(0.,1.,2.),.UNSPECIFIED.);
#4700=B_SPLINE_CURVE_WITH_KNOTS('',2,(#18849,#18850,#18851,#18852),
 .UNSPECIFIED.,.F.,.F.,(3,1,3),(0.,1.,2.),.UNSPECIFIED.);
#4701=B_SPLINE_CURVE_WITH_KNOTS('',2,(#18855,#18856,#18857,#18858),
 .UNSPECIFIED.,.F.,.F.,(3,1,3),(0.,1.,2.),.UNSPECIFIED.);
#4702=B_SPLINE_CURVE_WITH_KNOTS('',2,(#18868,#18869,#18870,#18871),
 .UNSPECIFIED.,.F.,.F.,(3,1,3),(0.,1.,2.),.UNSPECIFIED.);
#4703=B_SPLINE_CURVE_WITH_KNOTS('',2,(#18874,#18875,#18876,#18877),
 .UNSPECIFIED.,.F.,.F.,(3,1,3),(0.,1.,2.),.UNSPECIFIED.);
#4704=VERTEX_POINT('',#15341);
#4705=VERTEX_POINT('',#15342);
#4706=VERTEX_POINT('',#15353);
#4707=VERTEX_POINT('',#15355);
#4708=VERTEX_POINT('',#15368);
#4709=VERTEX_POINT('',#15370);
#4710=VERTEX_POINT('',#15372);
#4711=VERTEX_POINT('',#15374);
#4712=VERTEX_POINT('',#15376);
#4713=VERTEX_POINT('',#15378);
#4714=VERTEX_POINT('',#15380);
#4715=VERTEX_POINT('',#15382);
#4716=VERTEX_POINT('',#15384);
#4717=VERTEX_POINT('',#15386);
#4718=VERTEX_POINT('',#15388);
#4719=VERTEX_POINT('',#15390);
#4720=VERTEX_POINT('',#15392);
#4721=VERTEX_POINT('',#15394);
#4722=VERTEX_POINT('',#15396);
#4723=VERTEX_POINT('',#15398);
#4724=VERTEX_POINT('',#15400);
#4725=VERTEX_POINT('',#15402);
#4726=VERTEX_POINT('',#15404);
#4727=VERTEX_POINT('',#15406);
#4728=VERTEX_POINT('',#15408);
#4729=VERTEX_POINT('',#15410);
#4730=VERTEX_POINT('',#15412);
#4731=VERTEX_POINT('',#15414);
#4732=VERTEX_POINT('',#15416);
#4733=VERTEX_POINT('',#15418);
#4734=VERTEX_POINT('',#15420);
#4735=VERTEX_POINT('',#15422);
#4736=VERTEX_POINT('',#15424);
#4737=VERTEX_POINT('',#15426);
#4738=VERTEX_POINT('',#15429);
#4739=VERTEX_POINT('',#15430);
#4740=VERTEX_POINT('',#15432);
#4741=VERTEX_POINT('',#15434);
#4742=VERTEX_POINT('',#15436);
#4743=VERTEX_POINT('',#15438);
#4744=VERTEX_POINT('',#15441);
#4745=VERTEX_POINT('',#15442);
#4746=VERTEX_POINT('',#15444);
#4747=VERTEX_POINT('',#15446);
#4748=VERTEX_POINT('',#15448);
#4749=VERTEX_POINT('',#15450);
#4750=VERTEX_POINT('',#15453);
#4751=VERTEX_POINT('',#15454);
#4752=VERTEX_POINT('',#15456);
#4753=VERTEX_POINT('',#15458);
#4754=VERTEX_POINT('',#15460);
#4755=VERTEX_POINT('',#15462);
#4756=VERTEX_POINT('',#15465);
#4757=VERTEX_POINT('',#15466);
#4758=VERTEX_POINT('',#15468);
#4759=VERTEX_POINT('',#15470);
#4760=VERTEX_POINT('',#15472);
#4761=VERTEX_POINT('',#15474);
#4762=VERTEX_POINT('',#15478);
#4763=VERTEX_POINT('',#15479);
#4764=VERTEX_POINT('',#15490);
#4765=VERTEX_POINT('',#15492);
#4766=VERTEX_POINT('',#15506);
#4767=VERTEX_POINT('',#15508);
#4768=VERTEX_POINT('',#15510);
#4769=VERTEX_POINT('',#15521);
#4770=VERTEX_POINT('',#15523);
#4771=VERTEX_POINT('',#15535);
#4772=VERTEX_POINT('',#15537);
#4773=VERTEX_POINT('',#15550);
#4774=VERTEX_POINT('',#15554);
#4775=VERTEX_POINT('',#15567);
#4776=VERTEX_POINT('',#15578);
#4777=VERTEX_POINT('',#15591);
#4778=VERTEX_POINT('',#15592);
#4779=VERTEX_POINT('',#15603);
#4780=VERTEX_POINT('',#15605);
#4781=VERTEX_POINT('',#15618);
#4782=VERTEX_POINT('',#15620);
#4783=VERTEX_POINT('',#15631);
#4784=VERTEX_POINT('',#15633);
#4785=VERTEX_POINT('',#15644);
#4786=VERTEX_POINT('',#15649);
#4787=VERTEX_POINT('',#15653);
#4788=VERTEX_POINT('',#15663);
#4789=VERTEX_POINT('',#15667);
#4790=VERTEX_POINT('',#15681);
#4791=VERTEX_POINT('',#15683);
#4792=VERTEX_POINT('',#15685);
#4793=VERTEX_POINT('',#15689);
#4794=VERTEX_POINT('',#15690);
#4795=VERTEX_POINT('',#15698);
#4796=VERTEX_POINT('',#15700);
#4797=VERTEX_POINT('',#15713);
#4798=VERTEX_POINT('',#15715);
#4799=VERTEX_POINT('',#15719);
#4800=VERTEX_POINT('',#15720);
#4801=VERTEX_POINT('',#15731);
#4802=VERTEX_POINT('',#15733);
#4803=VERTEX_POINT('',#15746);
#4804=VERTEX_POINT('',#15748);
#4805=VERTEX_POINT('',#15759);
#4806=VERTEX_POINT('',#15761);
#4807=VERTEX_POINT('',#15772);
#4808=VERTEX_POINT('',#15775);
#4809=VERTEX_POINT('',#15788);
#4810=VERTEX_POINT('',#15792);
#4811=VERTEX_POINT('',#15805);
#4812=VERTEX_POINT('',#15815);
#4813=VERTEX_POINT('',#15819);
#4814=VERTEX_POINT('',#15833);
#4815=VERTEX_POINT('',#15837);
#4816=VERTEX_POINT('',#15848);
#4817=VERTEX_POINT('',#15861);
#4818=VERTEX_POINT('',#15872);
#4819=VERTEX_POINT('',#15885);
#4820=VERTEX_POINT('',#15887);
#4821=VERTEX_POINT('',#15899);
#4822=VERTEX_POINT('',#15903);
#4823=VERTEX_POINT('',#15905);
#4824=VERTEX_POINT('',#15918);
#4825=VERTEX_POINT('',#15925);
#4826=VERTEX_POINT('',#15927);
#4827=VERTEX_POINT('',#15932);
#4828=VERTEX_POINT('',#15933);
#4829=VERTEX_POINT('',#15935);
#4830=VERTEX_POINT('',#15937);
#4831=VERTEX_POINT('',#15941);
#4832=VERTEX_POINT('',#15943);
#4833=VERTEX_POINT('',#15947);
#4834=VERTEX_POINT('',#15949);
#4835=VERTEX_POINT('',#15953);
#4836=VERTEX_POINT('',#15955);
#4837=VERTEX_POINT('',#15959);
#4838=VERTEX_POINT('',#15961);
#4839=VERTEX_POINT('',#15965);
#4840=VERTEX_POINT('',#15967);
#4841=VERTEX_POINT('',#15971);
#4842=VERTEX_POINT('',#15973);
#4843=VERTEX_POINT('',#15977);
#4844=VERTEX_POINT('',#15979);
#4845=VERTEX_POINT('',#15983);
#4846=VERTEX_POINT('',#15985);
#4847=VERTEX_POINT('',#15989);
#4848=VERTEX_POINT('',#15991);
#4849=VERTEX_POINT('',#15995);
#4850=VERTEX_POINT('',#15997);
#4851=VERTEX_POINT('',#16004);
#4852=VERTEX_POINT('',#16006);
#4853=VERTEX_POINT('',#16011);
#4854=VERTEX_POINT('',#16012);
#4855=VERTEX_POINT('',#16014);
#4856=VERTEX_POINT('',#16016);
#4857=VERTEX_POINT('',#16020);
#4858=VERTEX_POINT('',#16022);
#4859=VERTEX_POINT('',#16026);
#4860=VERTEX_POINT('',#16028);
#4861=VERTEX_POINT('',#16032);
#4862=VERTEX_POINT('',#16034);
#4863=VERTEX_POINT('',#16038);
#4864=VERTEX_POINT('',#16040);
#4865=VERTEX_POINT('',#16044);
#4866=VERTEX_POINT('',#16046);
#4867=VERTEX_POINT('',#16050);
#4868=VERTEX_POINT('',#16052);
#4869=VERTEX_POINT('',#16056);
#4870=VERTEX_POINT('',#16058);
#4871=VERTEX_POINT('',#16062);
#4872=VERTEX_POINT('',#16064);
#4873=VERTEX_POINT('',#16068);
#4874=VERTEX_POINT('',#16070);
#4875=VERTEX_POINT('',#16074);
#4876=VERTEX_POINT('',#16076);
#4877=VERTEX_POINT('',#16083);
#4878=VERTEX_POINT('',#16085);
#4879=VERTEX_POINT('',#16090);
#4880=VERTEX_POINT('',#16091);
#4881=VERTEX_POINT('',#16093);
#4882=VERTEX_POINT('',#16095);
#4883=VERTEX_POINT('',#16099);
#4884=VERTEX_POINT('',#16101);
#4885=VERTEX_POINT('',#16105);
#4886=VERTEX_POINT('',#16107);
#4887=VERTEX_POINT('',#16111);
#4888=VERTEX_POINT('',#16113);
#4889=VERTEX_POINT('',#16117);
#4890=VERTEX_POINT('',#16119);
#4891=VERTEX_POINT('',#16123);
#4892=VERTEX_POINT('',#16125);
#4893=VERTEX_POINT('',#16129);
#4894=VERTEX_POINT('',#16131);
#4895=VERTEX_POINT('',#16135);
#4896=VERTEX_POINT('',#16137);
#4897=VERTEX_POINT('',#16141);
#4898=VERTEX_POINT('',#16143);
#4899=VERTEX_POINT('',#16147);
#4900=VERTEX_POINT('',#16149);
#4901=VERTEX_POINT('',#16153);
#4902=VERTEX_POINT('',#16155);
#4903=VERTEX_POINT('',#16162);
#4904=VERTEX_POINT('',#16164);
#4905=VERTEX_POINT('',#16169);
#4906=VERTEX_POINT('',#16170);
#4907=VERTEX_POINT('',#16172);
#4908=VERTEX_POINT('',#16174);
#4909=VERTEX_POINT('',#16178);
#4910=VERTEX_POINT('',#16180);
#4911=VERTEX_POINT('',#16184);
#4912=VERTEX_POINT('',#16186);
#4913=VERTEX_POINT('',#16190);
#4914=VERTEX_POINT('',#16192);
#4915=VERTEX_POINT('',#16196);
#4916=VERTEX_POINT('',#16198);
#4917=VERTEX_POINT('',#16202);
#4918=VERTEX_POINT('',#16204);
#4919=VERTEX_POINT('',#16208);
#4920=VERTEX_POINT('',#16210);
#4921=VERTEX_POINT('',#16214);
#4922=VERTEX_POINT('',#16216);
#4923=VERTEX_POINT('',#16220);
#4924=VERTEX_POINT('',#16222);
#4925=VERTEX_POINT('',#16226);
#4926=VERTEX_POINT('',#16228);
#4927=VERTEX_POINT('',#16232);
#4928=VERTEX_POINT('',#16234);
#4929=VERTEX_POINT('',#16241);
#4930=VERTEX_POINT('',#16243);
#4931=VERTEX_POINT('',#16252);
#4932=VERTEX_POINT('',#16253);
#4933=VERTEX_POINT('',#16255);
#4934=VERTEX_POINT('',#16257);
#4935=VERTEX_POINT('',#16261);
#4936=VERTEX_POINT('',#16262);
#4937=VERTEX_POINT('',#16264);
#4938=VERTEX_POINT('',#16266);
#4939=VERTEX_POINT('',#16270);
#4940=VERTEX_POINT('',#16271);
#4941=VERTEX_POINT('',#16273);
#4942=VERTEX_POINT('',#16275);
#4943=VERTEX_POINT('',#16279);
#4944=VERTEX_POINT('',#16280);
#4945=VERTEX_POINT('',#16282);
#4946=VERTEX_POINT('',#16284);
#4947=VERTEX_POINT('',#16288);
#4948=VERTEX_POINT('',#16290);
#4949=VERTEX_POINT('',#16295);
#4950=VERTEX_POINT('',#16299);
#4951=VERTEX_POINT('',#16304);
#4952=VERTEX_POINT('',#16308);
#4953=VERTEX_POINT('',#16313);
#4954=VERTEX_POINT('',#16317);
#4955=VERTEX_POINT('',#16325);
#4956=VERTEX_POINT('',#16335);
#4957=VERTEX_POINT('',#16336);
#4958=VERTEX_POINT('',#16338);
#4959=VERTEX_POINT('',#16340);
#4960=VERTEX_POINT('',#16344);
#4961=VERTEX_POINT('',#16346);
#4962=VERTEX_POINT('',#16350);
#4963=VERTEX_POINT('',#16352);
#4964=VERTEX_POINT('',#16356);
#4965=VERTEX_POINT('',#16358);
#4966=VERTEX_POINT('',#16362);
#4967=VERTEX_POINT('',#16364);
#4968=VERTEX_POINT('',#16368);
#4969=VERTEX_POINT('',#16370);
#4970=VERTEX_POINT('',#16374);
#4971=VERTEX_POINT('',#16376);
#4972=VERTEX_POINT('',#16380);
#4973=VERTEX_POINT('',#16382);
#4974=VERTEX_POINT('',#16386);
#4975=VERTEX_POINT('',#16388);
#4976=VERTEX_POINT('',#16392);
#4977=VERTEX_POINT('',#16394);
#4978=VERTEX_POINT('',#16398);
#4979=VERTEX_POINT('',#16400);
#4980=VERTEX_POINT('',#16408);
#4981=VERTEX_POINT('',#16410);
#4982=VERTEX_POINT('',#16415);
#4983=VERTEX_POINT('',#16417);
#4984=VERTEX_POINT('',#16421);
#4985=VERTEX_POINT('',#16423);
#4986=VERTEX_POINT('',#16427);
#4987=VERTEX_POINT('',#16428);
#4988=VERTEX_POINT('',#16430);
#4989=VERTEX_POINT('',#16432);
#4990=VERTEX_POINT('',#16436);
#4991=VERTEX_POINT('',#16438);
#4992=VERTEX_POINT('',#16440);
#4993=VERTEX_POINT('',#16442);
#4994=VERTEX_POINT('',#16446);
#4995=VERTEX_POINT('',#16450);
#4996=VERTEX_POINT('',#16454);
#4997=VERTEX_POINT('',#16455);
#4998=VERTEX_POINT('',#16457);
#4999=VERTEX_POINT('',#16459);
#5000=VERTEX_POINT('',#16463);
#5001=VERTEX_POINT('',#16465);
#5002=VERTEX_POINT('',#16467);
#5003=VERTEX_POINT('',#16469);
#5004=VERTEX_POINT('',#16473);
#5005=VERTEX_POINT('',#16477);
#5006=VERTEX_POINT('',#16481);
#5007=VERTEX_POINT('',#16483);
#5008=VERTEX_POINT('',#16491);
#5009=VERTEX_POINT('',#16495);
#5010=VERTEX_POINT('',#16501);
#5011=VERTEX_POINT('',#16502);
#5012=VERTEX_POINT('',#16504);
#5013=VERTEX_POINT('',#16506);
#5014=VERTEX_POINT('',#16508);
#5015=VERTEX_POINT('',#16510);
#5016=VERTEX_POINT('',#16514);
#5017=VERTEX_POINT('',#16515);
#5018=VERTEX_POINT('',#16517);
#5019=VERTEX_POINT('',#16519);
#5020=VERTEX_POINT('',#16523);
#5021=VERTEX_POINT('',#16524);
#5022=VERTEX_POINT('',#16526);
#5023=VERTEX_POINT('',#16528);
#5024=VERTEX_POINT('',#16530);
#5025=VERTEX_POINT('',#16532);
#5026=VERTEX_POINT('',#16536);
#5027=VERTEX_POINT('',#16537);
#5028=VERTEX_POINT('',#16539);
#5029=VERTEX_POINT('',#16541);
#5030=VERTEX_POINT('',#16545);
#5031=VERTEX_POINT('',#16547);
#5032=VERTEX_POINT('',#16551);
#5033=VERTEX_POINT('',#16553);
#5034=VERTEX_POINT('',#16560);
#5035=VERTEX_POINT('',#16561);
#5036=VERTEX_POINT('',#16563);
#5037=VERTEX_POINT('',#16565);
#5038=VERTEX_POINT('',#16569);
#5039=VERTEX_POINT('',#16571);
#5040=VERTEX_POINT('',#16575);
#5041=VERTEX_POINT('',#16577);
#5042=VERTEX_POINT('',#16584);
#5043=VERTEX_POINT('',#16585);
#5044=VERTEX_POINT('',#16587);
#5045=VERTEX_POINT('',#16589);
#5046=VERTEX_POINT('',#16593);
#5047=VERTEX_POINT('',#16594);
#5048=VERTEX_POINT('',#16596);
#5049=VERTEX_POINT('',#16599);
#5050=VERTEX_POINT('',#16603);
#5051=VERTEX_POINT('',#16604);
#5052=VERTEX_POINT('',#16606);
#5053=VERTEX_POINT('',#16608);
#5054=VERTEX_POINT('',#16610);
#5055=VERTEX_POINT('',#16612);
#5056=VERTEX_POINT('',#16616);
#5057=VERTEX_POINT('',#16618);
#5058=VERTEX_POINT('',#16622);
#5059=VERTEX_POINT('',#16625);
#5060=VERTEX_POINT('',#16629);
#5061=VERTEX_POINT('',#16631);
#5062=VERTEX_POINT('',#16635);
#5063=VERTEX_POINT('',#16637);
#5064=VERTEX_POINT('',#16639);
#5065=VERTEX_POINT('',#16641);
#5066=VERTEX_POINT('',#16645);
#5067=VERTEX_POINT('',#16647);
#5068=VERTEX_POINT('',#16651);
#5069=VERTEX_POINT('',#16654);
#5070=VERTEX_POINT('',#16658);
#5071=VERTEX_POINT('',#16660);
#5072=VERTEX_POINT('',#16662);
#5073=VERTEX_POINT('',#16664);
#5074=VERTEX_POINT('',#16668);
#5075=VERTEX_POINT('',#16670);
#5076=VERTEX_POINT('',#16674);
#5077=VERTEX_POINT('',#16677);
#5078=VERTEX_POINT('',#16681);
#5079=VERTEX_POINT('',#16683);
#5080=VERTEX_POINT('',#16688);
#5081=VERTEX_POINT('',#16690);
#5082=VERTEX_POINT('',#16694);
#5083=VERTEX_POINT('',#16697);
#5084=VERTEX_POINT('',#16700);
#5085=VERTEX_POINT('',#16703);
#5086=VERTEX_POINT('',#16706);
#5087=VERTEX_POINT('',#16712);
#5088=VERTEX_POINT('',#16716);
#5089=VERTEX_POINT('',#16718);
#5090=VERTEX_POINT('',#16722);
#5091=VERTEX_POINT('',#16724);
#5092=VERTEX_POINT('',#16728);
#5093=VERTEX_POINT('',#16730);
#5094=VERTEX_POINT('',#16734);
#5095=VERTEX_POINT('',#16736);
#5096=VERTEX_POINT('',#16749);
#5097=VERTEX_POINT('',#16753);
#5098=VERTEX_POINT('',#16754);
#5099=VERTEX_POINT('',#16756);
#5100=VERTEX_POINT('',#16758);
#5101=VERTEX_POINT('',#16762);
#5102=VERTEX_POINT('',#16767);
#5103=VERTEX_POINT('',#16771);
#5104=VERTEX_POINT('',#16773);
#5105=VERTEX_POINT('',#16777);
#5106=VERTEX_POINT('',#16779);
#5107=VERTEX_POINT('',#16783);
#5108=VERTEX_POINT('',#16785);
#5109=VERTEX_POINT('',#16789);
#5110=VERTEX_POINT('',#16791);
#5111=VERTEX_POINT('',#16795);
#5112=VERTEX_POINT('',#16799);
#5113=VERTEX_POINT('',#16803);
#5114=VERTEX_POINT('',#16804);
#5115=VERTEX_POINT('',#16806);
#5116=VERTEX_POINT('',#16808);
#5117=VERTEX_POINT('',#16812);
#5118=VERTEX_POINT('',#16817);
#5119=VERTEX_POINT('',#16821);
#5120=VERTEX_POINT('',#16823);
#5121=VERTEX_POINT('',#16827);
#5122=VERTEX_POINT('',#16829);
#5123=VERTEX_POINT('',#16833);
#5124=VERTEX_POINT('',#16835);
#5125=VERTEX_POINT('',#16839);
#5126=VERTEX_POINT('',#16841);
#5127=VERTEX_POINT('',#16845);
#5128=VERTEX_POINT('',#16849);
#5129=VERTEX_POINT('',#16868);
#5130=VERTEX_POINT('',#16869);
#5131=VERTEX_POINT('',#16871);
#5132=VERTEX_POINT('',#16873);
#5133=VERTEX_POINT('',#16877);
#5134=VERTEX_POINT('',#16879);
#5135=VERTEX_POINT('',#16883);
#5136=VERTEX_POINT('',#16885);
#5137=VERTEX_POINT('',#16889);
#5138=VERTEX_POINT('',#16891);
#5139=VERTEX_POINT('',#16895);
#5140=VERTEX_POINT('',#16897);
#5141=VERTEX_POINT('',#16901);
#5142=VERTEX_POINT('',#16903);
#5143=VERTEX_POINT('',#16907);
#5144=VERTEX_POINT('',#16909);
#5145=VERTEX_POINT('',#16913);
#5146=VERTEX_POINT('',#16915);
#5147=VERTEX_POINT('',#16919);
#5148=VERTEX_POINT('',#16921);
#5149=VERTEX_POINT('',#16925);
#5150=VERTEX_POINT('',#16927);
#5151=VERTEX_POINT('',#16931);
#5152=VERTEX_POINT('',#16933);
#5153=VERTEX_POINT('',#16940);
#5154=VERTEX_POINT('',#16942);
#5155=VERTEX_POINT('',#16947);
#5156=VERTEX_POINT('',#16948);
#5157=VERTEX_POINT('',#16950);
#5158=VERTEX_POINT('',#16952);
#5159=VERTEX_POINT('',#16956);
#5160=VERTEX_POINT('',#16958);
#5161=VERTEX_POINT('',#16962);
#5162=VERTEX_POINT('',#16964);
#5163=VERTEX_POINT('',#16968);
#5164=VERTEX_POINT('',#16970);
#5165=VERTEX_POINT('',#16974);
#5166=VERTEX_POINT('',#16976);
#5167=VERTEX_POINT('',#16980);
#5168=VERTEX_POINT('',#16982);
#5169=VERTEX_POINT('',#16986);
#5170=VERTEX_POINT('',#16988);
#5171=VERTEX_POINT('',#16992);
#5172=VERTEX_POINT('',#16994);
#5173=VERTEX_POINT('',#16998);
#5174=VERTEX_POINT('',#17000);
#5175=VERTEX_POINT('',#17004);
#5176=VERTEX_POINT('',#17006);
#5177=VERTEX_POINT('',#17010);
#5178=VERTEX_POINT('',#17012);
#5179=VERTEX_POINT('',#17019);
#5180=VERTEX_POINT('',#17021);
#5181=VERTEX_POINT('',#17026);
#5182=VERTEX_POINT('',#17027);
#5183=VERTEX_POINT('',#17029);
#5184=VERTEX_POINT('',#17031);
#5185=VERTEX_POINT('',#17035);
#5186=VERTEX_POINT('',#17037);
#5187=VERTEX_POINT('',#17041);
#5188=VERTEX_POINT('',#17043);
#5189=VERTEX_POINT('',#17047);
#5190=VERTEX_POINT('',#17049);
#5191=VERTEX_POINT('',#17053);
#5192=VERTEX_POINT('',#17055);
#5193=VERTEX_POINT('',#17059);
#5194=VERTEX_POINT('',#17061);
#5195=VERTEX_POINT('',#17065);
#5196=VERTEX_POINT('',#17067);
#5197=VERTEX_POINT('',#17071);
#5198=VERTEX_POINT('',#17073);
#5199=VERTEX_POINT('',#17077);
#5200=VERTEX_POINT('',#17079);
#5201=VERTEX_POINT('',#17083);
#5202=VERTEX_POINT('',#17085);
#5203=VERTEX_POINT('',#17089);
#5204=VERTEX_POINT('',#17091);
#5205=VERTEX_POINT('',#17098);
#5206=VERTEX_POINT('',#17100);
#5207=VERTEX_POINT('',#17105);
#5208=VERTEX_POINT('',#17108);
#5209=VERTEX_POINT('',#17111);
#5210=VERTEX_POINT('',#17114);
#5211=VERTEX_POINT('',#17115);
#5212=VERTEX_POINT('',#17117);
#5213=VERTEX_POINT('',#17119);
#5214=VERTEX_POINT('',#17123);
#5215=VERTEX_POINT('',#17125);
#5216=VERTEX_POINT('',#17129);
#5217=VERTEX_POINT('',#17131);
#5218=VERTEX_POINT('',#17135);
#5219=VERTEX_POINT('',#17137);
#5220=VERTEX_POINT('',#17141);
#5221=VERTEX_POINT('',#17143);
#5222=VERTEX_POINT('',#17147);
#5223=VERTEX_POINT('',#17149);
#5224=VERTEX_POINT('',#17153);
#5225=VERTEX_POINT('',#17155);
#5226=VERTEX_POINT('',#17159);
#5227=VERTEX_POINT('',#17161);
#5228=VERTEX_POINT('',#17165);
#5229=VERTEX_POINT('',#17167);
#5230=VERTEX_POINT('',#17171);
#5231=VERTEX_POINT('',#17173);
#5232=VERTEX_POINT('',#17177);
#5233=VERTEX_POINT('',#17179);
#5234=VERTEX_POINT('',#17186);
#5235=VERTEX_POINT('',#17188);
#5236=VERTEX_POINT('',#17193);
#5237=VERTEX_POINT('',#17194);
#5238=VERTEX_POINT('',#17196);
#5239=VERTEX_POINT('',#17198);
#5240=VERTEX_POINT('',#17202);
#5241=VERTEX_POINT('',#17204);
#5242=VERTEX_POINT('',#17208);
#5243=VERTEX_POINT('',#17210);
#5244=VERTEX_POINT('',#17214);
#5245=VERTEX_POINT('',#17216);
#5246=VERTEX_POINT('',#17220);
#5247=VERTEX_POINT('',#17222);
#5248=VERTEX_POINT('',#17226);
#5249=VERTEX_POINT('',#17228);
#5250=VERTEX_POINT('',#17232);
#5251=VERTEX_POINT('',#17234);
#5252=VERTEX_POINT('',#17238);
#5253=VERTEX_POINT('',#17240);
#5254=VERTEX_POINT('',#17244);
#5255=VERTEX_POINT('',#17246);
#5256=VERTEX_POINT('',#17250);
#5257=VERTEX_POINT('',#17252);
#5258=VERTEX_POINT('',#17256);
#5259=VERTEX_POINT('',#17258);
#5260=VERTEX_POINT('',#17265);
#5261=VERTEX_POINT('',#17267);
#5262=VERTEX_POINT('',#17272);
#5263=VERTEX_POINT('',#17273);
#5264=VERTEX_POINT('',#17275);
#5265=VERTEX_POINT('',#17277);
#5266=VERTEX_POINT('',#17281);
#5267=VERTEX_POINT('',#17283);
#5268=VERTEX_POINT('',#17287);
#5269=VERTEX_POINT('',#17289);
#5270=VERTEX_POINT('',#17293);
#5271=VERTEX_POINT('',#17295);
#5272=VERTEX_POINT('',#17299);
#5273=VERTEX_POINT('',#17301);
#5274=VERTEX_POINT('',#17305);
#5275=VERTEX_POINT('',#17307);
#5276=VERTEX_POINT('',#17311);
#5277=VERTEX_POINT('',#17313);
#5278=VERTEX_POINT('',#17317);
#5279=VERTEX_POINT('',#17319);
#5280=VERTEX_POINT('',#17323);
#5281=VERTEX_POINT('',#17325);
#5282=VERTEX_POINT('',#17329);
#5283=VERTEX_POINT('',#17331);
#5284=VERTEX_POINT('',#17335);
#5285=VERTEX_POINT('',#17337);
#5286=VERTEX_POINT('',#17344);
#5287=VERTEX_POINT('',#17346);
#5288=VERTEX_POINT('',#17351);
#5289=VERTEX_POINT('',#17352);
#5290=VERTEX_POINT('',#17354);
#5291=VERTEX_POINT('',#17356);
#5292=VERTEX_POINT('',#17360);
#5293=VERTEX_POINT('',#17362);
#5294=VERTEX_POINT('',#17366);
#5295=VERTEX_POINT('',#17368);
#5296=VERTEX_POINT('',#17372);
#5297=VERTEX_POINT('',#17374);
#5298=VERTEX_POINT('',#17378);
#5299=VERTEX_POINT('',#17380);
#5300=VERTEX_POINT('',#17384);
#5301=VERTEX_POINT('',#17386);
#5302=VERTEX_POINT('',#17390);
#5303=VERTEX_POINT('',#17392);
#5304=VERTEX_POINT('',#17396);
#5305=VERTEX_POINT('',#17398);
#5306=VERTEX_POINT('',#17402);
#5307=VERTEX_POINT('',#17404);
#5308=VERTEX_POINT('',#17408);
#5309=VERTEX_POINT('',#17410);
#5310=VERTEX_POINT('',#17414);
#5311=VERTEX_POINT('',#17416);
#5312=VERTEX_POINT('',#17423);
#5313=VERTEX_POINT('',#17425);
#5314=VERTEX_POINT('',#17430);
#5315=VERTEX_POINT('',#17433);
#5316=VERTEX_POINT('',#17436);
#5317=VERTEX_POINT('',#17439);
#5318=VERTEX_POINT('',#17442);
#5319=VERTEX_POINT('',#17444);
#5320=VERTEX_POINT('',#17446);
#5321=VERTEX_POINT('',#17453);
#5322=VERTEX_POINT('',#17457);
#5323=VERTEX_POINT('',#17459);
#5324=VERTEX_POINT('',#17463);
#5325=VERTEX_POINT('',#17465);
#5326=VERTEX_POINT('',#17467);
#5327=VERTEX_POINT('',#17472);
#5328=VERTEX_POINT('',#17474);
#5329=VERTEX_POINT('',#17478);
#5330=VERTEX_POINT('',#17485);
#5331=VERTEX_POINT('',#17489);
#5332=VERTEX_POINT('',#17490);
#5333=VERTEX_POINT('',#17492);
#5334=VERTEX_POINT('',#17494);
#5335=VERTEX_POINT('',#17498);
#5336=VERTEX_POINT('',#17500);
#5337=VERTEX_POINT('',#17504);
#5338=VERTEX_POINT('',#17506);
#5339=VERTEX_POINT('',#17510);
#5340=VERTEX_POINT('',#17512);
#5341=VERTEX_POINT('',#17516);
#5342=VERTEX_POINT('',#17518);
#5343=VERTEX_POINT('',#17522);
#5344=VERTEX_POINT('',#17524);
#5345=VERTEX_POINT('',#17528);
#5346=VERTEX_POINT('',#17531);
#5347=VERTEX_POINT('',#17543);
#5348=VERTEX_POINT('',#17545);
#5349=VERTEX_POINT('',#17549);
#5350=VERTEX_POINT('',#17551);
#5351=VERTEX_POINT('',#17555);
#5352=VERTEX_POINT('',#17559);
#5353=VERTEX_POINT('',#17563);
#5354=VERTEX_POINT('',#17567);
#5355=VERTEX_POINT('',#17574);
#5356=VERTEX_POINT('',#17576);
#5357=VERTEX_POINT('',#17580);
#5358=VERTEX_POINT('',#17582);
#5359=VERTEX_POINT('',#17586);
#5360=VERTEX_POINT('',#17590);
#5361=VERTEX_POINT('',#17594);
#5362=VERTEX_POINT('',#17598);
#5363=VERTEX_POINT('',#17605);
#5364=VERTEX_POINT('',#17607);
#5365=VERTEX_POINT('',#17611);
#5366=VERTEX_POINT('',#17613);
#5367=VERTEX_POINT('',#17617);
#5368=VERTEX_POINT('',#17621);
#5369=VERTEX_POINT('',#17625);
#5370=VERTEX_POINT('',#17629);
#5371=VERTEX_POINT('',#17636);
#5372=VERTEX_POINT('',#17638);
#5373=VERTEX_POINT('',#17642);
#5374=VERTEX_POINT('',#17644);
#5375=VERTEX_POINT('',#17648);
#5376=VERTEX_POINT('',#17652);
#5377=VERTEX_POINT('',#17656);
#5378=VERTEX_POINT('',#17660);
#5379=VERTEX_POINT('',#17674);
#5380=VERTEX_POINT('',#17676);
#5381=VERTEX_POINT('',#17683);
#5382=VERTEX_POINT('',#17687);
#5383=VERTEX_POINT('',#17694);
#5384=VERTEX_POINT('',#17698);
#5385=VERTEX_POINT('',#17700);
#5386=VERTEX_POINT('',#17705);
#5387=VERTEX_POINT('',#17707);
#5388=VERTEX_POINT('',#17712);
#5389=VERTEX_POINT('',#17713);
#5390=VERTEX_POINT('',#17715);
#5391=VERTEX_POINT('',#17717);
#5392=VERTEX_POINT('',#17721);
#5393=VERTEX_POINT('',#17722);
#5394=VERTEX_POINT('',#17724);
#5395=VERTEX_POINT('',#17726);
#5396=VERTEX_POINT('',#17733);
#5397=VERTEX_POINT('',#17734);
#5398=VERTEX_POINT('',#17736);
#5399=VERTEX_POINT('',#17738);
#5400=VERTEX_POINT('',#17742);
#5401=VERTEX_POINT('',#17743);
#5402=VERTEX_POINT('',#17745);
#5403=VERTEX_POINT('',#17747);
#5404=VERTEX_POINT('',#17754);
#5405=VERTEX_POINT('',#17756);
#5406=VERTEX_POINT('',#17758);
#5407=VERTEX_POINT('',#17760);
#5408=VERTEX_POINT('',#17765);
#5409=VERTEX_POINT('',#17769);
#5410=VERTEX_POINT('',#17773);
#5411=VERTEX_POINT('',#17793);
#5412=VERTEX_POINT('',#17835);
#5413=VERTEX_POINT('',#17909);
#5414=VERTEX_POINT('',#17915);
#5415=VERTEX_POINT('',#17917);
#5416=VERTEX_POINT('',#17920);
#5417=VERTEX_POINT('',#17924);
#5418=VERTEX_POINT('',#17927);
#5419=VERTEX_POINT('',#17929);
#5420=VERTEX_POINT('',#17932);
#5421=VERTEX_POINT('',#17936);
#5422=VERTEX_POINT('',#17939);
#5423=VERTEX_POINT('',#17943);
#5424=VERTEX_POINT('',#17947);
#5425=VERTEX_POINT('',#17949);
#5426=VERTEX_POINT('',#17953);
#5427=VERTEX_POINT('',#17955);
#5428=VERTEX_POINT('',#17960);
#5429=VERTEX_POINT('',#17963);
#5430=VERTEX_POINT('',#17968);
#5431=VERTEX_POINT('',#17969);
#5432=VERTEX_POINT('',#17973);
#5433=VERTEX_POINT('',#17974);
#5434=VERTEX_POINT('',#17978);
#5435=VERTEX_POINT('',#17985);
#5436=VERTEX_POINT('',#17986);
#5437=VERTEX_POINT('',#17988);
#5438=VERTEX_POINT('',#17991);
#5439=VERTEX_POINT('',#17993);
#5440=VERTEX_POINT('',#17995);
#5441=VERTEX_POINT('',#17997);
#5442=VERTEX_POINT('',#17999);
#5443=VERTEX_POINT('',#18001);
#5444=VERTEX_POINT('',#18003);
#5445=VERTEX_POINT('',#18005);
#5446=VERTEX_POINT('',#18007);
#5447=VERTEX_POINT('',#18009);
#5448=VERTEX_POINT('',#18011);
#5449=VERTEX_POINT('',#18014);
#5450=VERTEX_POINT('',#18016);
#5451=VERTEX_POINT('',#18018);
#5452=VERTEX_POINT('',#18021);
#5453=VERTEX_POINT('',#18032);
#5454=VERTEX_POINT('',#18033);
#5455=VERTEX_POINT('',#18038);
#5456=VERTEX_POINT('',#18040);
#5457=VERTEX_POINT('',#18047);
#5458=VERTEX_POINT('',#18049);
#5459=VERTEX_POINT('',#18053);
#5460=VERTEX_POINT('',#18055);
#5461=VERTEX_POINT('',#18059);
#5462=VERTEX_POINT('',#18061);
#5463=VERTEX_POINT('',#18072);
#5464=VERTEX_POINT('',#18077);
#5465=VERTEX_POINT('',#18091);
#5466=VERTEX_POINT('',#18096);
#5467=VERTEX_POINT('',#18119);
#5468=VERTEX_POINT('',#18120);
#5469=VERTEX_POINT('',#18122);
#5470=VERTEX_POINT('',#18124);
#5471=VERTEX_POINT('',#18135);
#5472=VERTEX_POINT('',#18140);
#5473=VERTEX_POINT('',#18154);
#5474=VERTEX_POINT('',#18159);
#5475=VERTEX_POINT('',#18173);
#5476=VERTEX_POINT('',#18178);
#5477=VERTEX_POINT('',#18185);
#5478=VERTEX_POINT('',#18187);
#5479=VERTEX_POINT('',#18191);
#5480=VERTEX_POINT('',#18193);
#5481=VERTEX_POINT('',#18197);
#5482=VERTEX_POINT('',#18199);
#5483=VERTEX_POINT('',#18203);
#5484=VERTEX_POINT('',#18205);
#5485=VERTEX_POINT('',#18209);
#5486=VERTEX_POINT('',#18211);
#5487=VERTEX_POINT('',#18215);
#5488=VERTEX_POINT('',#18217);
#5489=VERTEX_POINT('',#18225);
#5490=VERTEX_POINT('',#18226);
#5491=VERTEX_POINT('',#18228);
#5492=VERTEX_POINT('',#18230);
#5493=VERTEX_POINT('',#18234);
#5494=VERTEX_POINT('',#18236);
#5495=VERTEX_POINT('',#18243);
#5496=VERTEX_POINT('',#18244);
#5497=VERTEX_POINT('',#18246);
#5498=VERTEX_POINT('',#18248);
#5499=VERTEX_POINT('',#18252);
#5500=VERTEX_POINT('',#18254);
#5501=VERTEX_POINT('',#18258);
#5502=VERTEX_POINT('',#18260);
#5503=VERTEX_POINT('',#18264);
#5504=VERTEX_POINT('',#18266);
#5505=VERTEX_POINT('',#18270);
#5506=VERTEX_POINT('',#18272);
#5507=VERTEX_POINT('',#18276);
#5508=VERTEX_POINT('',#18278);
#5509=VERTEX_POINT('',#18282);
#5510=VERTEX_POINT('',#18284);
#5511=VERTEX_POINT('',#18299);
#5512=VERTEX_POINT('',#18300);
#5513=VERTEX_POINT('',#18305);
#5514=VERTEX_POINT('',#18307);
#5515=VERTEX_POINT('',#18314);
#5516=VERTEX_POINT('',#18316);
#5517=VERTEX_POINT('',#18320);
#5518=VERTEX_POINT('',#18322);
#5519=VERTEX_POINT('',#18326);
#5520=VERTEX_POINT('',#18328);
#5521=VERTEX_POINT('',#18339);
#5522=VERTEX_POINT('',#18344);
#5523=VERTEX_POINT('',#18358);
#5524=VERTEX_POINT('',#18363);
#5525=VERTEX_POINT('',#18393);
#5526=VERTEX_POINT('',#18394);
#5527=VERTEX_POINT('',#18399);
#5528=VERTEX_POINT('',#18401);
#5529=VERTEX_POINT('',#18415);
#5530=VERTEX_POINT('',#18420);
#5531=VERTEX_POINT('',#18427);
#5532=VERTEX_POINT('',#18429);
#5533=VERTEX_POINT('',#18433);
#5534=VERTEX_POINT('',#18435);
#5535=VERTEX_POINT('',#18439);
#5536=VERTEX_POINT('',#18441);
#5537=VERTEX_POINT('',#18452);
#5538=VERTEX_POINT('',#18457);
#5539=VERTEX_POINT('',#18481);
#5540=VERTEX_POINT('',#18482);
#5541=VERTEX_POINT('',#18484);
#5542=VERTEX_POINT('',#18486);
#5543=VERTEX_POINT('',#18490);
#5544=VERTEX_POINT('',#18492);
#5545=VERTEX_POINT('',#18496);
#5546=VERTEX_POINT('',#18498);
#5547=VERTEX_POINT('',#18502);
#5548=VERTEX_POINT('',#18504);
#5549=VERTEX_POINT('',#18508);
#5550=VERTEX_POINT('',#18510);
#5551=VERTEX_POINT('',#18525);
#5552=VERTEX_POINT('',#18526);
#5553=VERTEX_POINT('',#18531);
#5554=VERTEX_POINT('',#18533);
#5555=VERTEX_POINT('',#18540);
#5556=VERTEX_POINT('',#18542);
#5557=VERTEX_POINT('',#18546);
#5558=VERTEX_POINT('',#18548);
#5559=VERTEX_POINT('',#18552);
#5560=VERTEX_POINT('',#18554);
#5561=VERTEX_POINT('',#18565);
#5562=VERTEX_POINT('',#18570);
#5563=VERTEX_POINT('',#18584);
#5564=VERTEX_POINT('',#18589);
#5565=VERTEX_POINT('',#18619);
#5566=VERTEX_POINT('',#18620);
#5567=VERTEX_POINT('',#18625);
#5568=VERTEX_POINT('',#18627);
#5569=VERTEX_POINT('',#18641);
#5570=VERTEX_POINT('',#18646);
#5571=VERTEX_POINT('',#18653);
#5572=VERTEX_POINT('',#18655);
#5573=VERTEX_POINT('',#18659);
#5574=VERTEX_POINT('',#18661);
#5575=VERTEX_POINT('',#18665);
#5576=VERTEX_POINT('',#18667);
#5577=VERTEX_POINT('',#18671);
#5578=VERTEX_POINT('',#18673);
#5579=VERTEX_POINT('',#18677);
#5580=VERTEX_POINT('',#18679);
#5581=VERTEX_POINT('',#18690);
#5582=VERTEX_POINT('',#18695);
#5583=VERTEX_POINT('',#18726);
#5584=VERTEX_POINT('',#18727);
#5585=VERTEX_POINT('',#18732);
#5586=VERTEX_POINT('',#18734);
#5587=VERTEX_POINT('',#18741);
#5588=VERTEX_POINT('',#18743);
#5589=VERTEX_POINT('',#18747);
#5590=VERTEX_POINT('',#18749);
#5591=VERTEX_POINT('',#18753);
#5592=VERTEX_POINT('',#18755);
#5593=VERTEX_POINT('',#18766);
#5594=VERTEX_POINT('',#18771);
#5595=VERTEX_POINT('',#18785);
#5596=VERTEX_POINT('',#18790);
#5597=VERTEX_POINT('',#18813);
#5598=VERTEX_POINT('',#18814);
#5599=VERTEX_POINT('',#18816);
#5600=VERTEX_POINT('',#18818);
#5601=VERTEX_POINT('',#18829);
#5602=VERTEX_POINT('',#18834);
#5603=VERTEX_POINT('',#18848);
#5604=VERTEX_POINT('',#18853);
#5605=VERTEX_POINT('',#18867);
#5606=VERTEX_POINT('',#18872);
#5607=VERTEX_POINT('',#18879);
#5608=VERTEX_POINT('',#18881);
#5609=VERTEX_POINT('',#18885);
#5610=VERTEX_POINT('',#18887);
#5611=VERTEX_POINT('',#18891);
#5612=VERTEX_POINT('',#18893);
#5613=VERTEX_POINT('',#18897);
#5614=VERTEX_POINT('',#18899);
#5615=VERTEX_POINT('',#18903);
#5616=VERTEX_POINT('',#18905);
#5617=VERTEX_POINT('',#18909);
#5618=VERTEX_POINT('',#18911);
#5619=VERTEX_POINT('',#18919);
#5620=VERTEX_POINT('',#18920);
#5621=VERTEX_POINT('',#18922);
#5622=VERTEX_POINT('',#18924);
#5623=VERTEX_POINT('',#18928);
#5624=VERTEX_POINT('',#18930);
#5625=VERTEX_POINT('',#18934);
#5626=VERTEX_POINT('',#18936);
#5627=VERTEX_POINT('',#18940);
#5628=VERTEX_POINT('',#18942);
#5629=VERTEX_POINT('',#18946);
#5630=VERTEX_POINT('',#18948);
#5631=VERTEX_POINT('',#18952);
#5632=VERTEX_POINT('',#18954);
#5633=VERTEX_POINT('',#18958);
#5634=VERTEX_POINT('',#18960);
#5635=VERTEX_POINT('',#18964);
#5636=VERTEX_POINT('',#18966);
#5637=VERTEX_POINT('',#18970);
#5638=VERTEX_POINT('',#18972);
#5639=VERTEX_POINT('',#18976);
#5640=VERTEX_POINT('',#18978);
#5641=VERTEX_POINT('',#18982);
#5642=VERTEX_POINT('',#18984);
#5643=VERTEX_POINT('',#18992);
#5644=VERTEX_POINT('',#18999);
#5645=VERTEX_POINT('',#19003);
#5646=VERTEX_POINT('',#19005);
#5647=VERTEX_POINT('',#19010);
#5648=VERTEX_POINT('',#19012);
#5649=VERTEX_POINT('',#19014);
#5650=VERTEX_POINT('',#19064);
#5651=VERTEX_POINT('',#19065);
#5652=VERTEX_POINT('',#19067);
#5653=VERTEX_POINT('',#19069);
#5654=VERTEX_POINT('',#19073);
#5655=VERTEX_POINT('',#19075);
#5656=VERTEX_POINT('',#19079);
#5657=VERTEX_POINT('',#19081);
#5658=VERTEX_POINT('',#19085);
#5659=VERTEX_POINT('',#19087);
#5660=VERTEX_POINT('',#19091);
#5661=VERTEX_POINT('',#19093);
#5662=VERTEX_POINT('',#19097);
#5663=VERTEX_POINT('',#19099);
#5664=VERTEX_POINT('',#19103);
#5665=VERTEX_POINT('',#19105);
#5666=VERTEX_POINT('',#19109);
#5667=VERTEX_POINT('',#19111);
#5668=VERTEX_POINT('',#19115);
#5669=VERTEX_POINT('',#19117);
#5670=VERTEX_POINT('',#19121);
#5671=VERTEX_POINT('',#19123);
#5672=VERTEX_POINT('',#19127);
#5673=VERTEX_POINT('',#19129);
#5674=VERTEX_POINT('',#19136);
#5675=VERTEX_POINT('',#19138);
#5676=VERTEX_POINT('',#19144);
#5677=VERTEX_POINT('',#19145);
#5678=VERTEX_POINT('',#19147);
#5679=VERTEX_POINT('',#19149);
#5680=VERTEX_POINT('',#19153);
#5681=VERTEX_POINT('',#19155);
#5682=VERTEX_POINT('',#19159);
#5683=VERTEX_POINT('',#19161);
#5684=VERTEX_POINT('',#19165);
#5685=VERTEX_POINT('',#19167);
#5686=VERTEX_POINT('',#19171);
#5687=VERTEX_POINT('',#19173);
#5688=VERTEX_POINT('',#19177);
#5689=VERTEX_POINT('',#19179);
#5690=VERTEX_POINT('',#19183);
#5691=VERTEX_POINT('',#19185);
#5692=VERTEX_POINT('',#19189);
#5693=VERTEX_POINT('',#19191);
#5694=VERTEX_POINT('',#19195);
#5695=VERTEX_POINT('',#19197);
#5696=VERTEX_POINT('',#19201);
#5697=VERTEX_POINT('',#19203);
#5698=VERTEX_POINT('',#19207);
#5699=VERTEX_POINT('',#19209);
#5700=VERTEX_POINT('',#19216);
#5701=VERTEX_POINT('',#19218);
#5702=VERTEX_POINT('',#19224);
#5703=VERTEX_POINT('',#19226);
#5704=VERTEX_POINT('',#19230);
#5705=VERTEX_POINT('',#19234);
#5706=VERTEX_POINT('',#19240);
#5707=VERTEX_POINT('',#19242);
#5708=VERTEX_POINT('',#19246);
#5709=VERTEX_POINT('',#19248);
#5710=VERTEX_POINT('',#19254);
#5711=VERTEX_POINT('',#19256);
#5712=VERTEX_POINT('',#19260);
#5713=VERTEX_POINT('',#19261);
#5714=VERTEX_POINT('',#19263);
#5715=VERTEX_POINT('',#19265);
#5716=VERTEX_POINT('',#19269);
#5717=VERTEX_POINT('',#19271);
#5718=VERTEX_POINT('',#19275);
#5719=VERTEX_POINT('',#19277);
#5720=VERTEX_POINT('',#19286);
#5721=VERTEX_POINT('',#19288);
#5722=VERTEX_POINT('',#19292);
#5723=VERTEX_POINT('',#19294);
#5724=EDGE_CURVE('',#4704,#4705,#4608,.F.);
#5725=EDGE_CURVE('',#4705,#4706,#4326,.T.);
#5726=EDGE_CURVE('',#4706,#4707,#4609,.F.);
#5727=EDGE_CURVE('',#4707,#4704,#4327,.T.);
#5728=EDGE_CURVE('',#4708,#4706,#247,.T.);
#5729=EDGE_CURVE('',#4705,#4709,#248,.T.);
#5730=EDGE_CURVE('',#4709,#4710,#249,.T.);
#5731=EDGE_CURVE('',#4711,#4710,#250,.T.);
#5732=EDGE_CURVE('',#4712,#4711,#4328,.T.);
#5733=EDGE_CURVE('',#4713,#4712,#251,.T.);
#5734=EDGE_CURVE('',#4714,#4713,#4329,.T.);
#5735=EDGE_CURVE('',#4715,#4714,#252,.T.);
#5736=EDGE_CURVE('',#4716,#4715,#4330,.T.);
#5737=EDGE_CURVE('',#4717,#4716,#253,.T.);
#5738=EDGE_CURVE('',#4718,#4717,#4331,.T.);
#5739=EDGE_CURVE('',#4719,#4718,#254,.T.);
#5740=EDGE_CURVE('',#4720,#4719,#4332,.T.);
#5741=EDGE_CURVE('',#4721,#4720,#255,.T.);
#5742=EDGE_CURVE('',#4722,#4721,#4333,.T.);
#5743=EDGE_CURVE('',#4723,#4722,#256,.T.);
#5744=EDGE_CURVE('',#4724,#4723,#4334,.T.);
#5745=EDGE_CURVE('',#4725,#4724,#257,.T.);
#5746=EDGE_CURVE('',#4725,#4726,#258,.T.);
#5747=EDGE_CURVE('',#4726,#4727,#259,.T.);
#5748=EDGE_CURVE('',#4728,#4727,#4335,.T.);
#5749=EDGE_CURVE('',#4728,#4729,#260,.T.);
#5750=EDGE_CURVE('',#4729,#4730,#4336,.T.);
#5751=EDGE_CURVE('',#4730,#4731,#261,.T.);
#5752=EDGE_CURVE('',#4732,#4731,#4337,.T.);
#5753=EDGE_CURVE('',#4732,#4733,#262,.T.);
#5754=EDGE_CURVE('',#4733,#4734,#4338,.T.);
#5755=EDGE_CURVE('',#4734,#4735,#263,.T.);
#5756=EDGE_CURVE('',#4736,#4735,#4339,.T.);
#5757=EDGE_CURVE('',#4736,#4737,#264,.T.);
#5758=EDGE_CURVE('',#4737,#4708,#4340,.T.);
#5759=EDGE_CURVE('',#4738,#4739,#265,.T.);
#5760=EDGE_CURVE('',#4740,#4738,#266,.T.);
#5761=EDGE_CURVE('',#4740,#4741,#267,.T.);
#5762=EDGE_CURVE('',#4741,#4742,#268,.T.);
#5763=EDGE_CURVE('',#4742,#4743,#269,.T.);
#5764=EDGE_CURVE('',#4739,#4743,#270,.T.);
#5765=EDGE_CURVE('',#4744,#4745,#271,.T.);
#5766=EDGE_CURVE('',#4746,#4744,#272,.T.);
#5767=EDGE_CURVE('',#4746,#4747,#273,.T.);
#5768=EDGE_CURVE('',#4747,#4748,#274,.T.);
#5769=EDGE_CURVE('',#4749,#4748,#275,.T.);
#5770=EDGE_CURVE('',#4745,#4749,#276,.T.);
#5771=EDGE_CURVE('',#4750,#4751,#277,.T.);
#5772=EDGE_CURVE('',#4751,#4752,#278,.T.);
#5773=EDGE_CURVE('',#4752,#4753,#279,.T.);
#5774=EDGE_CURVE('',#4754,#4753,#280,.T.);
#5775=EDGE_CURVE('',#4755,#4754,#281,.T.);
#5776=EDGE_CURVE('',#4750,#4755,#282,.T.);
#5777=EDGE_CURVE('',#4756,#4757,#283,.T.);
#5778=EDGE_CURVE('',#4758,#4756,#284,.T.);
#5779=EDGE_CURVE('',#4758,#4759,#285,.T.);
#5780=EDGE_CURVE('',#4759,#4760,#286,.T.);
#5781=EDGE_CURVE('',#4761,#4760,#287,.T.);
#5782=EDGE_CURVE('',#4757,#4761,#288,.T.);
#5783=EDGE_CURVE('',#4762,#4763,#4610,.T.);
#5784=EDGE_CURVE('',#4762,#4764,#4341,.T.);
#5785=EDGE_CURVE('',#4765,#4764,#4611,.T.);
#5786=EDGE_CURVE('',#4765,#4763,#4342,.T.);
#5787=EDGE_CURVE('',#4763,#4707,#289,.T.);
#5788=EDGE_CURVE('',#4708,#4766,#290,.T.);
#5789=EDGE_CURVE('',#4766,#4767,#291,.T.);
#5790=EDGE_CURVE('',#4767,#4768,#4612,.T.);
#5791=EDGE_CURVE('',#4768,#4769,#292,.T.);
#5792=EDGE_CURVE('',#4770,#4769,#4613,.F.);
#5793=EDGE_CURVE('',#4770,#4762,#293,.T.);
#5794=EDGE_CURVE('',#4704,#4765,#294,.T.);
#5795=EDGE_CURVE('',#4769,#4771,#4343,.T.);
#5796=EDGE_CURVE('',#4771,#4772,#4614,.F.);
#5797=EDGE_CURVE('',#4772,#4770,#4344,.T.);
#5798=EDGE_CURVE('',#4773,#4768,#4345,.T.);
#5799=EDGE_CURVE('',#4771,#4773,#295,.T.);
#5800=EDGE_CURVE('',#4767,#4774,#4346,.T.);
#5801=EDGE_CURVE('',#4773,#4774,#4615,.T.);
#5802=EDGE_CURVE('',#4775,#4728,#4616,.F.);
#5803=EDGE_CURVE('',#4727,#4776,#4617,.F.);
#5804=EDGE_CURVE('',#4776,#4775,#4347,.T.);
#5805=EDGE_CURVE('',#4777,#4778,#4618,.T.);
#5806=EDGE_CURVE('',#4777,#4779,#4348,.T.);
#5807=EDGE_CURVE('',#4780,#4779,#4619,.T.);
#5808=EDGE_CURVE('',#4780,#4778,#4349,.T.);
#5809=EDGE_CURVE('',#4779,#4781,#296,.T.);
#5810=EDGE_CURVE('',#4782,#4781,#4620,.F.);
#5811=EDGE_CURVE('',#4782,#4783,#297,.T.);
#5812=EDGE_CURVE('',#4783,#4784,#4621,.T.);
#5813=EDGE_CURVE('',#4784,#4785,#298,.T.);
#5814=EDGE_CURVE('',#4729,#4785,#299,.T.);
#5815=EDGE_CURVE('',#4775,#4780,#300,.T.);
#5816=EDGE_CURVE('',#4786,#4777,#301,.T.);
#5817=EDGE_CURVE('',#4781,#4786,#4350,.T.);
#5818=EDGE_CURVE('',#4786,#4787,#4622,.F.);
#5819=EDGE_CURVE('',#4787,#4782,#4351,.T.);
#5820=EDGE_CURVE('',#4788,#4787,#302,.T.);
#5821=EDGE_CURVE('',#4783,#4788,#4352,.T.);
#5822=EDGE_CURVE('',#4789,#4788,#4623,.T.);
#5823=EDGE_CURVE('',#4789,#4784,#4353,.T.);
#5824=EDGE_CURVE('',#4778,#4776,#303,.T.);
#5825=EDGE_CURVE('',#4726,#4790,#304,.T.);
#5826=EDGE_CURVE('',#4790,#4791,#305,.T.);
#5827=EDGE_CURVE('',#4791,#4792,#306,.T.);
#5828=EDGE_CURVE('',#4792,#4789,#307,.T.);
#5829=EDGE_CURVE('',#4793,#4794,#4624,.F.);
#5830=EDGE_CURVE('',#4794,#4795,#4354,.T.);
#5831=EDGE_CURVE('',#4795,#4796,#4625,.F.);
#5832=EDGE_CURVE('',#4796,#4793,#4355,.T.);
#5833=EDGE_CURVE('',#4797,#4794,#308,.T.);
#5834=EDGE_CURVE('',#4798,#4797,#4356,.T.);
#5835=EDGE_CURVE('',#4795,#4798,#309,.T.);
#5836=EDGE_CURVE('',#4799,#4800,#4626,.T.);
#5837=EDGE_CURVE('',#4799,#4801,#4357,.T.);
#5838=EDGE_CURVE('',#4802,#4801,#4627,.T.);
#5839=EDGE_CURVE('',#4802,#4800,#4358,.T.);
#5840=EDGE_CURVE('',#4801,#4803,#310,.T.);
#5841=EDGE_CURVE('',#4804,#4803,#4628,.F.);
#5842=EDGE_CURVE('',#4804,#4805,#311,.T.);
#5843=EDGE_CURVE('',#4805,#4806,#4629,.T.);
#5844=EDGE_CURVE('',#4806,#4807,#312,.T.);
#5845=EDGE_CURVE('',#4737,#4807,#313,.T.);
#5846=EDGE_CURVE('',#4808,#4736,#4630,.F.);
#5847=EDGE_CURVE('',#4808,#4802,#314,.T.);
#5848=EDGE_CURVE('',#4809,#4799,#315,.T.);
#5849=EDGE_CURVE('',#4803,#4809,#4359,.T.);
#5850=EDGE_CURVE('',#4735,#4810,#4631,.F.);
#5851=EDGE_CURVE('',#4810,#4808,#4360,.T.);
#5852=EDGE_CURVE('',#4809,#4811,#4632,.F.);
#5853=EDGE_CURVE('',#4811,#4804,#4361,.T.);
#5854=EDGE_CURVE('',#4812,#4811,#316,.T.);
#5855=EDGE_CURVE('',#4805,#4812,#4362,.T.);
#5856=EDGE_CURVE('',#4813,#4812,#4633,.T.);
#5857=EDGE_CURVE('',#4813,#4806,#4363,.T.);
#5858=EDGE_CURVE('',#4800,#4810,#317,.T.);
#5859=EDGE_CURVE('',#4734,#4814,#318,.T.);
#5860=EDGE_CURVE('',#4814,#4813,#319,.T.);
#5861=EDGE_CURVE('',#4815,#4732,#4634,.F.);
#5862=EDGE_CURVE('',#4731,#4816,#4635,.F.);
#5863=EDGE_CURVE('',#4816,#4815,#4364,.T.);
#5864=EDGE_CURVE('',#4817,#4797,#4636,.T.);
#5865=EDGE_CURVE('',#4817,#4818,#4365,.T.);
#5866=EDGE_CURVE('',#4798,#4818,#4637,.T.);
#5867=EDGE_CURVE('',#4793,#4819,#320,.T.);
#5868=EDGE_CURVE('',#4819,#4820,#4638,.T.);
#5869=EDGE_CURVE('',#4820,#4816,#321,.T.);
#5870=EDGE_CURVE('',#4730,#4821,#322,.T.);
#5871=EDGE_CURVE('',#4821,#4817,#323,.T.);
#5872=EDGE_CURVE('',#4819,#4822,#4366,.T.);
#5873=EDGE_CURVE('',#4823,#4822,#4639,.T.);
#5874=EDGE_CURVE('',#4823,#4820,#4367,.T.);
#5875=EDGE_CURVE('',#4818,#4824,#324,.T.);
#5876=EDGE_CURVE('',#4733,#4824,#325,.T.);
#5877=EDGE_CURVE('',#4815,#4823,#326,.T.);
#5878=EDGE_CURVE('',#4822,#4796,#327,.T.);
#5879=EDGE_CURVE('',#4825,#4825,#4368,.T.);
#5880=EDGE_CURVE('',#4825,#4826,#328,.T.);
#5881=EDGE_CURVE('',#4826,#4826,#4369,.T.);
#5882=EDGE_CURVE('',#4827,#4828,#329,.T.);
#5883=EDGE_CURVE('',#4828,#4829,#330,.T.);
#5884=EDGE_CURVE('',#4830,#4829,#331,.T.);
#5885=EDGE_CURVE('',#4827,#4830,#332,.T.);
#5886=EDGE_CURVE('',#4831,#4827,#333,.T.);
#5887=EDGE_CURVE('',#4832,#4830,#334,.T.);
#5888=EDGE_CURVE('',#4831,#4832,#335,.T.);
#5889=EDGE_CURVE('',#4831,#4833,#336,.T.);
#5890=EDGE_CURVE('',#4834,#4832,#337,.T.);
#5891=EDGE_CURVE('',#4833,#4834,#338,.T.);
#5892=EDGE_CURVE('',#4835,#4833,#339,.T.);
#5893=EDGE_CURVE('',#4836,#4834,#340,.T.);
#5894=EDGE_CURVE('',#4835,#4836,#341,.T.);
#5895=EDGE_CURVE('',#4835,#4837,#342,.T.);
#5896=EDGE_CURVE('',#4838,#4836,#343,.T.);
#5897=EDGE_CURVE('',#4837,#4838,#344,.T.);
#5898=EDGE_CURVE('',#4837,#4839,#345,.T.);
#5899=EDGE_CURVE('',#4840,#4838,#346,.T.);
#5900=EDGE_CURVE('',#4839,#4840,#347,.T.);
#5901=EDGE_CURVE('',#4841,#4839,#348,.T.);
#5902=EDGE_CURVE('',#4842,#4840,#349,.T.);
#5903=EDGE_CURVE('',#4841,#4842,#350,.T.);
#5904=EDGE_CURVE('',#4841,#4843,#351,.T.);
#5905=EDGE_CURVE('',#4844,#4842,#352,.T.);
#5906=EDGE_CURVE('',#4843,#4844,#353,.T.);
#5907=EDGE_CURVE('',#4843,#4845,#354,.T.);
#5908=EDGE_CURVE('',#4846,#4844,#355,.T.);
#5909=EDGE_CURVE('',#4845,#4846,#356,.T.);
#5910=EDGE_CURVE('',#4847,#4845,#357,.T.);
#5911=EDGE_CURVE('',#4848,#4846,#358,.T.);
#5912=EDGE_CURVE('',#4847,#4848,#359,.T.);
#5913=EDGE_CURVE('',#4849,#4847,#360,.T.);
#5914=EDGE_CURVE('',#4850,#4848,#361,.T.);
#5915=EDGE_CURVE('',#4849,#4850,#362,.T.);
#5916=EDGE_CURVE('',#4849,#4828,#363,.T.);
#5917=EDGE_CURVE('',#4829,#4850,#364,.T.);
#5918=EDGE_CURVE('',#4851,#4851,#4370,.T.);
#5919=EDGE_CURVE('',#4851,#4852,#365,.T.);
#5920=EDGE_CURVE('',#4852,#4852,#4371,.T.);
#5921=EDGE_CURVE('',#4853,#4854,#366,.T.);
#5922=EDGE_CURVE('',#4854,#4855,#367,.T.);
#5923=EDGE_CURVE('',#4856,#4855,#368,.T.);
#5924=EDGE_CURVE('',#4853,#4856,#369,.T.);
#5925=EDGE_CURVE('',#4853,#4857,#370,.T.);
#5926=EDGE_CURVE('',#4858,#4856,#371,.T.);
#5927=EDGE_CURVE('',#4857,#4858,#372,.T.);
#5928=EDGE_CURVE('',#4857,#4859,#373,.T.);
#5929=EDGE_CURVE('',#4860,#4858,#374,.T.);
#5930=EDGE_CURVE('',#4859,#4860,#375,.T.);
#5931=EDGE_CURVE('',#4861,#4859,#376,.T.);
#5932=EDGE_CURVE('',#4862,#4860,#377,.T.);
#5933=EDGE_CURVE('',#4861,#4862,#378,.T.);
#5934=EDGE_CURVE('',#4863,#4861,#379,.T.);
#5935=EDGE_CURVE('',#4864,#4862,#380,.T.);
#5936=EDGE_CURVE('',#4863,#4864,#381,.T.);
#5937=EDGE_CURVE('',#4863,#4865,#382,.T.);
#5938=EDGE_CURVE('',#4866,#4864,#383,.T.);
#5939=EDGE_CURVE('',#4865,#4866,#384,.T.);
#5940=EDGE_CURVE('',#4867,#4865,#385,.T.);
#5941=EDGE_CURVE('',#4868,#4866,#386,.T.);
#5942=EDGE_CURVE('',#4867,#4868,#387,.T.);
#5943=EDGE_CURVE('',#4869,#4867,#388,.T.);
#5944=EDGE_CURVE('',#4870,#4868,#389,.T.);
#5945=EDGE_CURVE('',#4869,#4870,#390,.T.);
#5946=EDGE_CURVE('',#4869,#4871,#391,.T.);
#5947=EDGE_CURVE('',#4872,#4870,#392,.T.);
#5948=EDGE_CURVE('',#4871,#4872,#393,.T.);
#5949=EDGE_CURVE('',#4873,#4871,#394,.T.);
#5950=EDGE_CURVE('',#4874,#4872,#395,.T.);
#5951=EDGE_CURVE('',#4873,#4874,#396,.T.);
#5952=EDGE_CURVE('',#4873,#4875,#397,.T.);
#5953=EDGE_CURVE('',#4876,#4874,#398,.T.);
#5954=EDGE_CURVE('',#4875,#4876,#399,.T.);
#5955=EDGE_CURVE('',#4875,#4854,#400,.T.);
#5956=EDGE_CURVE('',#4855,#4876,#401,.T.);
#5957=EDGE_CURVE('',#4877,#4877,#4372,.T.);
#5958=EDGE_CURVE('',#4877,#4878,#402,.T.);
#5959=EDGE_CURVE('',#4878,#4878,#4373,.T.);
#5960=EDGE_CURVE('',#4879,#4880,#403,.T.);
#5961=EDGE_CURVE('',#4880,#4881,#404,.T.);
#5962=EDGE_CURVE('',#4882,#4881,#405,.T.);
#5963=EDGE_CURVE('',#4879,#4882,#406,.T.);
#5964=EDGE_CURVE('',#4883,#4879,#407,.T.);
#5965=EDGE_CURVE('',#4884,#4882,#408,.T.);
#5966=EDGE_CURVE('',#4883,#4884,#409,.T.);
#5967=EDGE_CURVE('',#4883,#4885,#410,.T.);
#5968=EDGE_CURVE('',#4886,#4884,#411,.T.);
#5969=EDGE_CURVE('',#4885,#4886,#412,.T.);
#5970=EDGE_CURVE('',#4887,#4885,#413,.T.);
#5971=EDGE_CURVE('',#4888,#4886,#414,.T.);
#5972=EDGE_CURVE('',#4887,#4888,#415,.T.);
#5973=EDGE_CURVE('',#4887,#4889,#416,.T.);
#5974=EDGE_CURVE('',#4890,#4888,#417,.T.);
#5975=EDGE_CURVE('',#4889,#4890,#418,.T.);
#5976=EDGE_CURVE('',#4889,#4891,#419,.T.);
#5977=EDGE_CURVE('',#4892,#4890,#420,.T.);
#5978=EDGE_CURVE('',#4891,#4892,#421,.T.);
#5979=EDGE_CURVE('',#4893,#4891,#422,.T.);
#5980=EDGE_CURVE('',#4894,#4892,#423,.T.);
#5981=EDGE_CURVE('',#4893,#4894,#424,.T.);
#5982=EDGE_CURVE('',#4893,#4895,#425,.T.);
#5983=EDGE_CURVE('',#4896,#4894,#426,.T.);
#5984=EDGE_CURVE('',#4895,#4896,#427,.T.);
#5985=EDGE_CURVE('',#4895,#4897,#428,.T.);
#5986=EDGE_CURVE('',#4898,#4896,#429,.T.);
#5987=EDGE_CURVE('',#4897,#4898,#430,.T.);
#5988=EDGE_CURVE('',#4899,#4897,#431,.T.);
#5989=EDGE_CURVE('',#4900,#4898,#432,.T.);
#5990=EDGE_CURVE('',#4899,#4900,#433,.T.);
#5991=EDGE_CURVE('',#4901,#4899,#434,.T.);
#5992=EDGE_CURVE('',#4902,#4900,#435,.T.);
#5993=EDGE_CURVE('',#4901,#4902,#436,.T.);
#5994=EDGE_CURVE('',#4901,#4880,#437,.T.);
#5995=EDGE_CURVE('',#4881,#4902,#438,.T.);
#5996=EDGE_CURVE('',#4903,#4903,#4374,.T.);
#5997=EDGE_CURVE('',#4903,#4904,#439,.T.);
#5998=EDGE_CURVE('',#4904,#4904,#4375,.T.);
#5999=EDGE_CURVE('',#4905,#4906,#440,.T.);
#6000=EDGE_CURVE('',#4906,#4907,#441,.T.);
#6001=EDGE_CURVE('',#4908,#4907,#442,.T.);
#6002=EDGE_CURVE('',#4905,#4908,#443,.T.);
#6003=EDGE_CURVE('',#4905,#4909,#444,.T.);
#6004=EDGE_CURVE('',#4910,#4908,#445,.T.);
#6005=EDGE_CURVE('',#4909,#4910,#446,.T.);
#6006=EDGE_CURVE('',#4909,#4911,#447,.T.);
#6007=EDGE_CURVE('',#4912,#4910,#448,.T.);
#6008=EDGE_CURVE('',#4911,#4912,#449,.T.);
#6009=EDGE_CURVE('',#4913,#4911,#450,.T.);
#6010=EDGE_CURVE('',#4914,#4912,#451,.T.);
#6011=EDGE_CURVE('',#4913,#4914,#452,.T.);
#6012=EDGE_CURVE('',#4915,#4913,#453,.T.);
#6013=EDGE_CURVE('',#4916,#4914,#454,.T.);
#6014=EDGE_CURVE('',#4915,#4916,#455,.T.);
#6015=EDGE_CURVE('',#4915,#4917,#456,.T.);
#6016=EDGE_CURVE('',#4918,#4916,#457,.T.);
#6017=EDGE_CURVE('',#4917,#4918,#458,.T.);
#6018=EDGE_CURVE('',#4919,#4917,#459,.T.);
#6019=EDGE_CURVE('',#4920,#4918,#460,.T.);
#6020=EDGE_CURVE('',#4919,#4920,#461,.T.);
#6021=EDGE_CURVE('',#4921,#4919,#462,.T.);
#6022=EDGE_CURVE('',#4922,#4920,#463,.T.);
#6023=EDGE_CURVE('',#4921,#4922,#464,.T.);
#6024=EDGE_CURVE('',#4921,#4923,#465,.T.);
#6025=EDGE_CURVE('',#4924,#4922,#466,.T.);
#6026=EDGE_CURVE('',#4923,#4924,#467,.T.);
#6027=EDGE_CURVE('',#4925,#4923,#468,.T.);
#6028=EDGE_CURVE('',#4926,#4924,#469,.T.);
#6029=EDGE_CURVE('',#4925,#4926,#470,.T.);
#6030=EDGE_CURVE('',#4925,#4927,#471,.T.);
#6031=EDGE_CURVE('',#4928,#4926,#472,.T.);
#6032=EDGE_CURVE('',#4927,#4928,#473,.T.);
#6033=EDGE_CURVE('',#4927,#4906,#474,.T.);
#6034=EDGE_CURVE('',#4907,#4928,#475,.T.);
#6035=EDGE_CURVE('',#4929,#4929,#4376,.T.);
#6036=EDGE_CURVE('',#4929,#4930,#476,.T.);
#6037=EDGE_CURVE('',#4930,#4930,#4377,.T.);
#6038=EDGE_CURVE('',#4931,#4932,#4378,.T.);
#6039=EDGE_CURVE('',#4933,#4932,#477,.T.);
#6040=EDGE_CURVE('',#4934,#4933,#4379,.T.);
#6041=EDGE_CURVE('',#4931,#4934,#478,.T.);
#6042=EDGE_CURVE('',#4935,#4936,#4380,.T.);
#6043=EDGE_CURVE('',#4937,#4936,#479,.T.);
#6044=EDGE_CURVE('',#4938,#4937,#4381,.T.);
#6045=EDGE_CURVE('',#4935,#4938,#480,.T.);
#6046=EDGE_CURVE('',#4939,#4940,#4382,.T.);
#6047=EDGE_CURVE('',#4941,#4940,#481,.T.);
#6048=EDGE_CURVE('',#4942,#4941,#4383,.T.);
#6049=EDGE_CURVE('',#4939,#4942,#482,.T.);
#6050=EDGE_CURVE('',#4943,#4944,#4384,.T.);
#6051=EDGE_CURVE('',#4945,#4944,#483,.T.);
#6052=EDGE_CURVE('',#4946,#4945,#4385,.T.);
#6053=EDGE_CURVE('',#4943,#4946,#484,.T.);
#6054=EDGE_CURVE('',#4933,#4947,#485,.T.);
#6055=EDGE_CURVE('',#4948,#4947,#4386,.T.);
#6056=EDGE_CURVE('',#4934,#4948,#486,.T.);
#6057=EDGE_CURVE('',#4931,#4944,#487,.T.);
#6058=EDGE_CURVE('',#4949,#4948,#488,.T.);
#6059=EDGE_CURVE('',#4945,#4949,#489,.T.);
#6060=EDGE_CURVE('',#4950,#4949,#4387,.T.);
#6061=EDGE_CURVE('',#4946,#4950,#490,.T.);
#6062=EDGE_CURVE('',#4943,#4940,#491,.T.);
#6063=EDGE_CURVE('',#4951,#4950,#492,.T.);
#6064=EDGE_CURVE('',#4941,#4951,#493,.T.);
#6065=EDGE_CURVE('',#4952,#4951,#4388,.T.);
#6066=EDGE_CURVE('',#4942,#4952,#494,.T.);
#6067=EDGE_CURVE('',#4939,#4936,#495,.T.);
#6068=EDGE_CURVE('',#4953,#4952,#496,.T.);
#6069=EDGE_CURVE('',#4937,#4953,#497,.T.);
#6070=EDGE_CURVE('',#4954,#4953,#4389,.T.);
#6071=EDGE_CURVE('',#4938,#4954,#498,.T.);
#6072=EDGE_CURVE('',#4935,#4932,#499,.T.);
#6073=EDGE_CURVE('',#4947,#4954,#500,.T.);
#6074=EDGE_CURVE('',#4936,#4955,#4390,.T.);
#6075=EDGE_CURVE('',#4955,#4939,#4391,.T.);
#6076=EDGE_CURVE('',#4932,#4935,#4392,.T.);
#6077=EDGE_CURVE('',#4944,#4931,#4393,.T.);
#6078=EDGE_CURVE('',#4940,#4943,#4394,.T.);
#6079=EDGE_CURVE('',#4956,#4957,#501,.T.);
#6080=EDGE_CURVE('',#4956,#4958,#502,.T.);
#6081=EDGE_CURVE('',#4959,#4958,#503,.T.);
#6082=EDGE_CURVE('',#4957,#4959,#504,.T.);
#6083=EDGE_CURVE('',#4957,#4960,#505,.T.);
#6084=EDGE_CURVE('',#4961,#4959,#506,.T.);
#6085=EDGE_CURVE('',#4960,#4961,#507,.T.);
#6086=EDGE_CURVE('',#4960,#4962,#508,.T.);
#6087=EDGE_CURVE('',#4963,#4961,#509,.T.);
#6088=EDGE_CURVE('',#4962,#4963,#510,.T.);
#6089=EDGE_CURVE('',#4962,#4964,#511,.T.);
#6090=EDGE_CURVE('',#4965,#4963,#512,.T.);
#6091=EDGE_CURVE('',#4964,#4965,#513,.T.);
#6092=EDGE_CURVE('',#4964,#4966,#514,.T.);
#6093=EDGE_CURVE('',#4967,#4965,#515,.T.);
#6094=EDGE_CURVE('',#4966,#4967,#516,.T.);
#6095=EDGE_CURVE('',#4966,#4968,#517,.T.);
#6096=EDGE_CURVE('',#4969,#4967,#518,.T.);
#6097=EDGE_CURVE('',#4968,#4969,#519,.T.);
#6098=EDGE_CURVE('',#4968,#4970,#520,.T.);
#6099=EDGE_CURVE('',#4971,#4969,#521,.T.);
#6100=EDGE_CURVE('',#4970,#4971,#522,.T.);
#6101=EDGE_CURVE('',#4970,#4972,#523,.T.);
#6102=EDGE_CURVE('',#4973,#4971,#524,.T.);
#6103=EDGE_CURVE('',#4972,#4973,#525,.T.);
#6104=EDGE_CURVE('',#4972,#4974,#526,.T.);
#6105=EDGE_CURVE('',#4975,#4973,#527,.T.);
#6106=EDGE_CURVE('',#4974,#4975,#528,.T.);
#6107=EDGE_CURVE('',#4974,#4976,#529,.T.);
#6108=EDGE_CURVE('',#4977,#4975,#530,.T.);
#6109=EDGE_CURVE('',#4976,#4977,#531,.T.);
#6110=EDGE_CURVE('',#4976,#4978,#532,.T.);
#6111=EDGE_CURVE('',#4979,#4977,#533,.T.);
#6112=EDGE_CURVE('',#4978,#4979,#534,.T.);
#6113=EDGE_CURVE('',#4978,#4956,#535,.T.);
#6114=EDGE_CURVE('',#4958,#4979,#536,.T.);
#6115=EDGE_CURVE('',#4980,#4980,#4395,.T.);
#6116=EDGE_CURVE('',#4980,#4981,#537,.T.);
#6117=EDGE_CURVE('',#4981,#4981,#4396,.T.);
#6118=EDGE_CURVE('',#4982,#4982,#4397,.T.);
#6119=EDGE_CURVE('',#4982,#4983,#538,.T.);
#6120=EDGE_CURVE('',#4983,#4983,#4398,.T.);
#6121=EDGE_CURVE('',#4984,#4984,#4399,.T.);
#6122=EDGE_CURVE('',#4984,#4985,#539,.T.);
#6123=EDGE_CURVE('',#4985,#4985,#4400,.T.);
#6124=EDGE_CURVE('',#4986,#4987,#540,.T.);
#6125=EDGE_CURVE('',#4987,#4988,#541,.T.);
#6126=EDGE_CURVE('',#4988,#4989,#542,.T.);
#6127=EDGE_CURVE('',#4989,#4986,#543,.T.);
#6128=EDGE_CURVE('',#4990,#4988,#544,.T.);
#6129=EDGE_CURVE('',#4991,#4990,#545,.T.);
#6130=EDGE_CURVE('',#4992,#4991,#546,.T.);
#6131=EDGE_CURVE('',#4993,#4992,#547,.T.);
#6132=EDGE_CURVE('',#4993,#4989,#548,.T.);
#6133=EDGE_CURVE('',#4987,#4994,#549,.T.);
#6134=EDGE_CURVE('',#4990,#4994,#550,.T.);
#6135=EDGE_CURVE('',#4994,#4995,#551,.T.);
#6136=EDGE_CURVE('',#4995,#4991,#552,.T.);
#6137=EDGE_CURVE('',#4996,#4997,#553,.T.);
#6138=EDGE_CURVE('',#4997,#4998,#554,.T.);
#6139=EDGE_CURVE('',#4998,#4999,#555,.T.);
#6140=EDGE_CURVE('',#4999,#4996,#556,.T.);
#6141=EDGE_CURVE('',#5000,#4998,#557,.T.);
#6142=EDGE_CURVE('',#5001,#5000,#558,.T.);
#6143=EDGE_CURVE('',#5002,#5001,#559,.T.);
#6144=EDGE_CURVE('',#5003,#5002,#560,.T.);
#6145=EDGE_CURVE('',#5003,#4999,#561,.T.);
#6146=EDGE_CURVE('',#4997,#5004,#562,.T.);
#6147=EDGE_CURVE('',#5000,#5004,#563,.T.);
#6148=EDGE_CURVE('',#5004,#5005,#564,.T.);
#6149=EDGE_CURVE('',#5005,#5001,#565,.T.);
#6150=EDGE_CURVE('',#5006,#4986,#566,.T.);
#6151=EDGE_CURVE('',#5007,#5006,#567,.T.);
#6152=EDGE_CURVE('',#5007,#4995,#568,.T.);
#6153=EDGE_CURVE('',#5006,#4993,#569,.T.);
#6154=EDGE_CURVE('',#4992,#5007,#570,.T.);
#6155=EDGE_CURVE('',#5008,#5005,#571,.T.);
#6156=EDGE_CURVE('',#5002,#5008,#572,.T.);
#6157=EDGE_CURVE('',#5009,#4996,#573,.T.);
#6158=EDGE_CURVE('',#5008,#5009,#574,.T.);
#6159=EDGE_CURVE('',#5009,#5003,#575,.T.);
#6160=EDGE_CURVE('',#5010,#5011,#4401,.T.);
#6161=EDGE_CURVE('',#5012,#5011,#576,.T.);
#6162=EDGE_CURVE('',#5012,#5013,#4402,.T.);
#6163=EDGE_CURVE('',#5014,#5013,#4403,.T.);
#6164=EDGE_CURVE('',#5014,#5015,#4404,.T.);
#6165=EDGE_CURVE('',#5010,#5015,#577,.T.);
#6166=EDGE_CURVE('',#5016,#5017,#4405,.T.);
#6167=EDGE_CURVE('',#5018,#5017,#578,.T.);
#6168=EDGE_CURVE('',#5018,#5019,#4406,.T.);
#6169=EDGE_CURVE('',#5016,#5019,#579,.T.);
#6170=EDGE_CURVE('',#5020,#5021,#4407,.T.);
#6171=EDGE_CURVE('',#5022,#5021,#4408,.T.);
#6172=EDGE_CURVE('',#5022,#5023,#4409,.T.);
#6173=EDGE_CURVE('',#5024,#5023,#580,.T.);
#6174=EDGE_CURVE('',#5024,#5025,#4410,.T.);
#6175=EDGE_CURVE('',#5020,#5025,#581,.T.);
#6176=EDGE_CURVE('',#5026,#5027,#4411,.T.);
#6177=EDGE_CURVE('',#5026,#5028,#582,.T.);
#6178=EDGE_CURVE('',#5029,#5028,#4412,.T.);
#6179=EDGE_CURVE('',#5027,#5029,#583,.T.);
#6180=EDGE_CURVE('',#5027,#5030,#584,.T.);
#6181=EDGE_CURVE('',#5031,#5029,#585,.T.);
#6182=EDGE_CURVE('',#5030,#5031,#586,.T.);
#6183=EDGE_CURVE('',#5030,#5032,#4413,.T.);
#6184=EDGE_CURVE('',#5033,#5031,#4414,.T.);
#6185=EDGE_CURVE('',#5032,#5033,#587,.T.);
#6186=EDGE_CURVE('',#5032,#5026,#588,.T.);
#6187=EDGE_CURVE('',#5028,#5033,#589,.T.);
#6188=EDGE_CURVE('',#5034,#5035,#590,.T.);
#6189=EDGE_CURVE('',#5034,#5036,#591,.T.);
#6190=EDGE_CURVE('',#5037,#5036,#592,.T.);
#6191=EDGE_CURVE('',#5035,#5037,#593,.T.);
#6192=EDGE_CURVE('',#5035,#5038,#4415,.T.);
#6193=EDGE_CURVE('',#5039,#5037,#4416,.T.);
#6194=EDGE_CURVE('',#5038,#5039,#594,.T.);
#6195=EDGE_CURVE('',#5038,#5040,#595,.T.);
#6196=EDGE_CURVE('',#5041,#5039,#596,.T.);
#6197=EDGE_CURVE('',#5040,#5041,#597,.T.);
#6198=EDGE_CURVE('',#5040,#5034,#4417,.T.);
#6199=EDGE_CURVE('',#5036,#5041,#4418,.T.);
#6200=EDGE_CURVE('',#5042,#5043,#4419,.T.);
#6201=EDGE_CURVE('',#5042,#5044,#598,.T.);
#6202=EDGE_CURVE('',#5045,#5044,#4420,.T.);
#6203=EDGE_CURVE('',#5043,#5045,#599,.T.);
#6204=EDGE_CURVE('',#5046,#5047,#600,.T.);
#6205=EDGE_CURVE('',#5046,#5048,#601,.T.);
#6206=EDGE_CURVE('',#5043,#5048,#602,.T.);
#6207=EDGE_CURVE('',#5049,#5045,#603,.T.);
#6208=EDGE_CURVE('',#5047,#5049,#604,.T.);
#6209=EDGE_CURVE('',#5050,#5051,#605,.T.);
#6210=EDGE_CURVE('',#5050,#5052,#606,.T.);
#6211=EDGE_CURVE('',#5053,#5052,#607,.T.);
#6212=EDGE_CURVE('',#5053,#5054,#608,.T.);
#6213=EDGE_CURVE('',#5055,#5054,#609,.T.);
#6214=EDGE_CURVE('',#5051,#5055,#610,.T.);
#6215=EDGE_CURVE('',#5051,#5056,#4421,.T.);
#6216=EDGE_CURVE('',#5057,#5055,#4422,.T.);
#6217=EDGE_CURVE('',#5056,#5057,#611,.T.);
#6218=EDGE_CURVE('',#5020,#5058,#612,.T.);
#6219=EDGE_CURVE('',#5056,#5025,#613,.T.);
#6220=EDGE_CURVE('',#5059,#5057,#614,.T.);
#6221=EDGE_CURVE('',#5058,#5059,#615,.T.);
#6222=EDGE_CURVE('',#5021,#5060,#616,.T.);
#6223=EDGE_CURVE('',#5061,#5060,#4423,.T.);
#6224=EDGE_CURVE('',#5022,#5061,#617,.T.);
#6225=EDGE_CURVE('',#5024,#5062,#618,.T.);
#6226=EDGE_CURVE('',#5063,#5023,#619,.T.);
#6227=EDGE_CURVE('',#5063,#5064,#620,.T.);
#6228=EDGE_CURVE('',#5065,#5064,#621,.T.);
#6229=EDGE_CURVE('',#5062,#5065,#622,.T.);
#6230=EDGE_CURVE('',#5062,#5066,#4424,.T.);
#6231=EDGE_CURVE('',#5067,#5065,#4425,.T.);
#6232=EDGE_CURVE('',#5066,#5067,#623,.T.);
#6233=EDGE_CURVE('',#5016,#5068,#624,.T.);
#6234=EDGE_CURVE('',#5066,#5019,#625,.T.);
#6235=EDGE_CURVE('',#5069,#5067,#626,.T.);
#6236=EDGE_CURVE('',#5068,#5069,#627,.T.);
#6237=EDGE_CURVE('',#5018,#5070,#628,.T.);
#6238=EDGE_CURVE('',#5071,#5017,#629,.T.);
#6239=EDGE_CURVE('',#5071,#5072,#630,.T.);
#6240=EDGE_CURVE('',#5073,#5072,#631,.T.);
#6241=EDGE_CURVE('',#5070,#5073,#632,.T.);
#6242=EDGE_CURVE('',#5070,#5074,#4426,.T.);
#6243=EDGE_CURVE('',#5075,#5073,#4427,.T.);
#6244=EDGE_CURVE('',#5074,#5075,#633,.T.);
#6245=EDGE_CURVE('',#5012,#5076,#634,.T.);
#6246=EDGE_CURVE('',#5074,#5011,#635,.T.);
#6247=EDGE_CURVE('',#5077,#5075,#636,.T.);
#6248=EDGE_CURVE('',#5076,#5077,#637,.T.);
#6249=EDGE_CURVE('',#5013,#5078,#638,.T.);
#6250=EDGE_CURVE('',#5079,#5078,#4428,.T.);
#6251=EDGE_CURVE('',#5014,#5079,#639,.T.);
#6252=EDGE_CURVE('',#5010,#5042,#640,.T.);
#6253=EDGE_CURVE('',#5080,#5015,#641,.T.);
#6254=EDGE_CURVE('',#5080,#5081,#642,.T.);
#6255=EDGE_CURVE('',#5044,#5081,#643,.T.);
#6256=EDGE_CURVE('',#5081,#5082,#4429,.T.);
#6257=EDGE_CURVE('',#5082,#5079,#644,.T.);
#6258=EDGE_CURVE('',#5078,#5083,#645,.T.);
#6259=EDGE_CURVE('',#5083,#5077,#4430,.T.);
#6260=EDGE_CURVE('',#5072,#5084,#4431,.T.);
#6261=EDGE_CURVE('',#5084,#5069,#4432,.T.);
#6262=EDGE_CURVE('',#5064,#5085,#4433,.T.);
#6263=EDGE_CURVE('',#5085,#5061,#646,.T.);
#6264=EDGE_CURVE('',#5060,#5086,#647,.T.);
#6265=EDGE_CURVE('',#5086,#5059,#4434,.T.);
#6266=EDGE_CURVE('',#5054,#5049,#4435,.T.);
#6267=EDGE_CURVE('',#5046,#5052,#4436,.T.);
#6268=EDGE_CURVE('',#5050,#5087,#4437,.T.);
#6269=EDGE_CURVE('',#5087,#5048,#4438,.T.);
#6270=EDGE_CURVE('',#5047,#5088,#4439,.T.);
#6271=EDGE_CURVE('',#5088,#5089,#648,.T.);
#6272=EDGE_CURVE('',#5089,#5046,#4440,.T.);
#6273=EDGE_CURVE('',#5052,#5090,#4441,.T.);
#6274=EDGE_CURVE('',#5090,#5091,#649,.T.);
#6275=EDGE_CURVE('',#5091,#5053,#4442,.T.);
#6276=EDGE_CURVE('',#5068,#5092,#4443,.T.);
#6277=EDGE_CURVE('',#5092,#5093,#650,.T.);
#6278=EDGE_CURVE('',#5093,#5016,#4444,.T.);
#6279=EDGE_CURVE('',#5017,#5094,#4445,.T.);
#6280=EDGE_CURVE('',#5094,#5095,#651,.T.);
#6281=EDGE_CURVE('',#5095,#5071,#4446,.T.);
#6282=EDGE_CURVE('',#5019,#5024,#4447,.T.);
#6283=EDGE_CURVE('',#5011,#5018,#4448,.T.);
#6284=EDGE_CURVE('',#5048,#5010,#4449,.T.);
#6285=EDGE_CURVE('',#5025,#5050,#4450,.T.);
#6286=EDGE_CURVE('',#5087,#5096,#652,.T.);
#6287=EDGE_CURVE('',#5096,#5096,#4451,.T.);
#6288=EDGE_CURVE('',#5097,#5098,#653,.T.);
#6289=EDGE_CURVE('',#5097,#5099,#654,.T.);
#6290=EDGE_CURVE('',#5099,#5100,#655,.T.);
#6291=EDGE_CURVE('',#5098,#5100,#656,.T.);
#6292=EDGE_CURVE('',#5022,#5101,#657,.T.);
#6293=EDGE_CURVE('',#5101,#5099,#4452,.T.);
#6294=EDGE_CURVE('',#5023,#5097,#4453,.T.);
#6295=EDGE_CURVE('',#5102,#5085,#658,.T.);
#6296=EDGE_CURVE('',#5102,#5101,#659,.T.);
#6297=EDGE_CURVE('',#5021,#5103,#660,.T.);
#6298=EDGE_CURVE('',#5103,#5104,#661,.T.);
#6299=EDGE_CURVE('',#5086,#5104,#662,.T.);
#6300=EDGE_CURVE('',#5105,#5020,#4454,.T.);
#6301=EDGE_CURVE('',#5105,#5106,#663,.T.);
#6302=EDGE_CURVE('',#5106,#5103,#4455,.T.);
#6303=EDGE_CURVE('',#5107,#5105,#664,.T.);
#6304=EDGE_CURVE('',#5108,#5107,#665,.T.);
#6305=EDGE_CURVE('',#5108,#5106,#666,.T.);
#6306=EDGE_CURVE('',#5090,#5109,#667,.T.);
#6307=EDGE_CURVE('',#5109,#5110,#668,.T.);
#6308=EDGE_CURVE('',#5091,#5110,#669,.T.);
#6309=EDGE_CURVE('',#5089,#5111,#670,.T.);
#6310=EDGE_CURVE('',#5111,#5109,#4456,.T.);
#6311=EDGE_CURVE('',#5112,#5088,#671,.T.);
#6312=EDGE_CURVE('',#5112,#5111,#672,.T.);
#6313=EDGE_CURVE('',#5113,#5114,#673,.T.);
#6314=EDGE_CURVE('',#5113,#5115,#674,.T.);
#6315=EDGE_CURVE('',#5115,#5116,#675,.T.);
#6316=EDGE_CURVE('',#5114,#5116,#676,.T.);
#6317=EDGE_CURVE('',#5014,#5117,#677,.T.);
#6318=EDGE_CURVE('',#5117,#5115,#4457,.T.);
#6319=EDGE_CURVE('',#5015,#5113,#4458,.T.);
#6320=EDGE_CURVE('',#5118,#5082,#678,.T.);
#6321=EDGE_CURVE('',#5118,#5117,#679,.T.);
#6322=EDGE_CURVE('',#5013,#5119,#680,.T.);
#6323=EDGE_CURVE('',#5119,#5120,#681,.T.);
#6324=EDGE_CURVE('',#5083,#5120,#682,.T.);
#6325=EDGE_CURVE('',#5121,#5012,#4459,.T.);
#6326=EDGE_CURVE('',#5121,#5122,#683,.T.);
#6327=EDGE_CURVE('',#5122,#5119,#4460,.T.);
#6328=EDGE_CURVE('',#5123,#5121,#684,.T.);
#6329=EDGE_CURVE('',#5124,#5123,#685,.T.);
#6330=EDGE_CURVE('',#5124,#5122,#686,.T.);
#6331=EDGE_CURVE('',#5094,#5125,#687,.T.);
#6332=EDGE_CURVE('',#5125,#5126,#688,.T.);
#6333=EDGE_CURVE('',#5095,#5126,#689,.T.);
#6334=EDGE_CURVE('',#5093,#5127,#690,.T.);
#6335=EDGE_CURVE('',#5127,#5125,#4461,.T.);
#6336=EDGE_CURVE('',#5128,#5092,#691,.T.);
#6337=EDGE_CURVE('',#5128,#5127,#692,.T.);
#6338=EDGE_CURVE('',#5100,#5128,#4462,.T.);
#6339=EDGE_CURVE('',#5104,#5102,#4463,.T.);
#6340=EDGE_CURVE('',#5110,#5108,#4464,.T.);
#6341=EDGE_CURVE('',#5116,#5112,#4465,.T.);
#6342=EDGE_CURVE('',#5120,#5118,#4466,.T.);
#6343=EDGE_CURVE('',#5126,#5124,#4467,.T.);
#6344=EDGE_CURVE('',#5058,#5107,#4468,.T.);
#6345=EDGE_CURVE('',#5098,#5063,#4469,.T.);
#6346=EDGE_CURVE('',#5076,#5123,#4470,.T.);
#6347=EDGE_CURVE('',#5114,#5080,#4471,.T.);
#6348=EDGE_CURVE('',#5129,#5130,#693,.T.);
#6349=EDGE_CURVE('',#5129,#5131,#694,.T.);
#6350=EDGE_CURVE('',#5132,#5131,#695,.T.);
#6351=EDGE_CURVE('',#5130,#5132,#696,.T.);
#6352=EDGE_CURVE('',#5130,#5133,#697,.T.);
#6353=EDGE_CURVE('',#5134,#5132,#698,.T.);
#6354=EDGE_CURVE('',#5133,#5134,#699,.T.);
#6355=EDGE_CURVE('',#5133,#5135,#700,.T.);
#6356=EDGE_CURVE('',#5136,#5134,#701,.T.);
#6357=EDGE_CURVE('',#5135,#5136,#702,.T.);
#6358=EDGE_CURVE('',#5135,#5137,#703,.T.);
#6359=EDGE_CURVE('',#5138,#5136,#704,.T.);
#6360=EDGE_CURVE('',#5137,#5138,#705,.T.);
#6361=EDGE_CURVE('',#5137,#5139,#706,.T.);
#6362=EDGE_CURVE('',#5140,#5138,#707,.T.);
#6363=EDGE_CURVE('',#5139,#5140,#708,.T.);
#6364=EDGE_CURVE('',#5139,#5141,#709,.T.);
#6365=EDGE_CURVE('',#5142,#5140,#710,.T.);
#6366=EDGE_CURVE('',#5141,#5142,#711,.T.);
#6367=EDGE_CURVE('',#5141,#5143,#712,.T.);
#6368=EDGE_CURVE('',#5144,#5142,#713,.T.);
#6369=EDGE_CURVE('',#5143,#5144,#714,.T.);
#6370=EDGE_CURVE('',#5143,#5145,#715,.T.);
#6371=EDGE_CURVE('',#5146,#5144,#716,.T.);
#6372=EDGE_CURVE('',#5145,#5146,#717,.T.);
#6373=EDGE_CURVE('',#5145,#5147,#718,.T.);
#6374=EDGE_CURVE('',#5148,#5146,#719,.T.);
#6375=EDGE_CURVE('',#5147,#5148,#720,.T.);
#6376=EDGE_CURVE('',#5147,#5149,#721,.T.);
#6377=EDGE_CURVE('',#5150,#5148,#722,.T.);
#6378=EDGE_CURVE('',#5149,#5150,#723,.T.);
#6379=EDGE_CURVE('',#5149,#5151,#724,.T.);
#6380=EDGE_CURVE('',#5152,#5150,#725,.T.);
#6381=EDGE_CURVE('',#5151,#5152,#726,.T.);
#6382=EDGE_CURVE('',#5151,#5129,#727,.T.);
#6383=EDGE_CURVE('',#5131,#5152,#728,.T.);
#6384=EDGE_CURVE('',#5153,#5153,#4472,.T.);
#6385=EDGE_CURVE('',#5153,#5154,#729,.T.);
#6386=EDGE_CURVE('',#5154,#5154,#4473,.T.);
#6387=EDGE_CURVE('',#5155,#5156,#730,.T.);
#6388=EDGE_CURVE('',#5155,#5157,#731,.T.);
#6389=EDGE_CURVE('',#5158,#5157,#732,.T.);
#6390=EDGE_CURVE('',#5156,#5158,#733,.T.);
#6391=EDGE_CURVE('',#5156,#5159,#734,.T.);
#6392=EDGE_CURVE('',#5160,#5158,#735,.T.);
#6393=EDGE_CURVE('',#5159,#5160,#736,.T.);
#6394=EDGE_CURVE('',#5159,#5161,#737,.T.);
#6395=EDGE_CURVE('',#5162,#5160,#738,.T.);
#6396=EDGE_CURVE('',#5161,#5162,#739,.T.);
#6397=EDGE_CURVE('',#5161,#5163,#740,.T.);
#6398=EDGE_CURVE('',#5164,#5162,#741,.T.);
#6399=EDGE_CURVE('',#5163,#5164,#742,.T.);
#6400=EDGE_CURVE('',#5163,#5165,#743,.T.);
#6401=EDGE_CURVE('',#5166,#5164,#744,.T.);
#6402=EDGE_CURVE('',#5165,#5166,#745,.T.);
#6403=EDGE_CURVE('',#5165,#5167,#746,.T.);
#6404=EDGE_CURVE('',#5168,#5166,#747,.T.);
#6405=EDGE_CURVE('',#5167,#5168,#748,.T.);
#6406=EDGE_CURVE('',#5167,#5169,#749,.T.);
#6407=EDGE_CURVE('',#5170,#5168,#750,.T.);
#6408=EDGE_CURVE('',#5169,#5170,#751,.T.);
#6409=EDGE_CURVE('',#5169,#5171,#752,.T.);
#6410=EDGE_CURVE('',#5172,#5170,#753,.T.);
#6411=EDGE_CURVE('',#5171,#5172,#754,.T.);
#6412=EDGE_CURVE('',#5171,#5173,#755,.T.);
#6413=EDGE_CURVE('',#5174,#5172,#756,.T.);
#6414=EDGE_CURVE('',#5173,#5174,#757,.T.);
#6415=EDGE_CURVE('',#5173,#5175,#758,.T.);
#6416=EDGE_CURVE('',#5176,#5174,#759,.T.);
#6417=EDGE_CURVE('',#5175,#5176,#760,.T.);
#6418=EDGE_CURVE('',#5175,#5177,#761,.T.);
#6419=EDGE_CURVE('',#5178,#5176,#762,.T.);
#6420=EDGE_CURVE('',#5177,#5178,#763,.T.);
#6421=EDGE_CURVE('',#5177,#5155,#764,.T.);
#6422=EDGE_CURVE('',#5157,#5178,#765,.T.);
#6423=EDGE_CURVE('',#5179,#5179,#4474,.T.);
#6424=EDGE_CURVE('',#5179,#5180,#766,.T.);
#6425=EDGE_CURVE('',#5180,#5180,#4475,.T.);
#6426=EDGE_CURVE('',#5181,#5182,#767,.T.);
#6427=EDGE_CURVE('',#5181,#5183,#768,.T.);
#6428=EDGE_CURVE('',#5184,#5183,#769,.T.);
#6429=EDGE_CURVE('',#5182,#5184,#770,.T.);
#6430=EDGE_CURVE('',#5182,#5185,#771,.T.);
#6431=EDGE_CURVE('',#5186,#5184,#772,.T.);
#6432=EDGE_CURVE('',#5185,#5186,#773,.T.);
#6433=EDGE_CURVE('',#5185,#5187,#774,.T.);
#6434=EDGE_CURVE('',#5188,#5186,#775,.T.);
#6435=EDGE_CURVE('',#5187,#5188,#776,.T.);
#6436=EDGE_CURVE('',#5187,#5189,#777,.T.);
#6437=EDGE_CURVE('',#5190,#5188,#778,.T.);
#6438=EDGE_CURVE('',#5189,#5190,#779,.T.);
#6439=EDGE_CURVE('',#5189,#5191,#780,.T.);
#6440=EDGE_CURVE('',#5192,#5190,#781,.T.);
#6441=EDGE_CURVE('',#5191,#5192,#782,.T.);
#6442=EDGE_CURVE('',#5191,#5193,#783,.T.);
#6443=EDGE_CURVE('',#5194,#5192,#784,.T.);
#6444=EDGE_CURVE('',#5193,#5194,#785,.T.);
#6445=EDGE_CURVE('',#5193,#5195,#786,.T.);
#6446=EDGE_CURVE('',#5196,#5194,#787,.T.);
#6447=EDGE_CURVE('',#5195,#5196,#788,.T.);
#6448=EDGE_CURVE('',#5195,#5197,#789,.T.);
#6449=EDGE_CURVE('',#5198,#5196,#790,.T.);
#6450=EDGE_CURVE('',#5197,#5198,#791,.T.);
#6451=EDGE_CURVE('',#5197,#5199,#792,.T.);
#6452=EDGE_CURVE('',#5200,#5198,#793,.T.);
#6453=EDGE_CURVE('',#5199,#5200,#794,.T.);
#6454=EDGE_CURVE('',#5199,#5201,#795,.T.);
#6455=EDGE_CURVE('',#5202,#5200,#796,.T.);
#6456=EDGE_CURVE('',#5201,#5202,#797,.T.);
#6457=EDGE_CURVE('',#5201,#5203,#798,.T.);
#6458=EDGE_CURVE('',#5204,#5202,#799,.T.);
#6459=EDGE_CURVE('',#5203,#5204,#800,.T.);
#6460=EDGE_CURVE('',#5203,#5181,#801,.T.);
#6461=EDGE_CURVE('',#5183,#5204,#802,.T.);
#6462=EDGE_CURVE('',#5205,#5205,#4476,.T.);
#6463=EDGE_CURVE('',#5205,#5206,#803,.T.);
#6464=EDGE_CURVE('',#5206,#5206,#4477,.T.);
#6465=EDGE_CURVE('',#5207,#5207,#4478,.T.);
#6466=EDGE_CURVE('',#5208,#5208,#4479,.T.);
#6467=EDGE_CURVE('',#5209,#5209,#4480,.T.);
#6468=EDGE_CURVE('',#5210,#5211,#804,.T.);
#6469=EDGE_CURVE('',#5210,#5212,#805,.T.);
#6470=EDGE_CURVE('',#5213,#5212,#806,.T.);
#6471=EDGE_CURVE('',#5211,#5213,#807,.T.);
#6472=EDGE_CURVE('',#5211,#5214,#808,.T.);
#6473=EDGE_CURVE('',#5215,#5213,#809,.T.);
#6474=EDGE_CURVE('',#5214,#5215,#810,.T.);
#6475=EDGE_CURVE('',#5214,#5216,#811,.T.);
#6476=EDGE_CURVE('',#5217,#5215,#812,.T.);
#6477=EDGE_CURVE('',#5216,#5217,#813,.T.);
#6478=EDGE_CURVE('',#5216,#5218,#814,.T.);
#6479=EDGE_CURVE('',#5219,#5217,#815,.T.);
#6480=EDGE_CURVE('',#5218,#5219,#816,.T.);
#6481=EDGE_CURVE('',#5218,#5220,#817,.T.);
#6482=EDGE_CURVE('',#5221,#5219,#818,.T.);
#6483=EDGE_CURVE('',#5220,#5221,#819,.T.);
#6484=EDGE_CURVE('',#5220,#5222,#820,.T.);
#6485=EDGE_CURVE('',#5223,#5221,#821,.T.);
#6486=EDGE_CURVE('',#5222,#5223,#822,.T.);
#6487=EDGE_CURVE('',#5222,#5224,#823,.T.);
#6488=EDGE_CURVE('',#5225,#5223,#824,.T.);
#6489=EDGE_CURVE('',#5224,#5225,#825,.T.);
#6490=EDGE_CURVE('',#5224,#5226,#826,.T.);
#6491=EDGE_CURVE('',#5227,#5225,#827,.T.);
#6492=EDGE_CURVE('',#5226,#5227,#828,.T.);
#6493=EDGE_CURVE('',#5226,#5228,#829,.T.);
#6494=EDGE_CURVE('',#5229,#5227,#830,.T.);
#6495=EDGE_CURVE('',#5228,#5229,#831,.T.);
#6496=EDGE_CURVE('',#5228,#5230,#832,.T.);
#6497=EDGE_CURVE('',#5231,#5229,#833,.T.);
#6498=EDGE_CURVE('',#5230,#5231,#834,.T.);
#6499=EDGE_CURVE('',#5230,#5232,#835,.T.);
#6500=EDGE_CURVE('',#5233,#5231,#836,.T.);
#6501=EDGE_CURVE('',#5232,#5233,#837,.T.);
#6502=EDGE_CURVE('',#5232,#5210,#838,.T.);
#6503=EDGE_CURVE('',#5212,#5233,#839,.T.);
#6504=EDGE_CURVE('',#5234,#5234,#4481,.T.);
#6505=EDGE_CURVE('',#5234,#5235,#840,.T.);
#6506=EDGE_CURVE('',#5235,#5235,#4482,.T.);
#6507=EDGE_CURVE('',#5236,#5237,#841,.T.);
#6508=EDGE_CURVE('',#5236,#5238,#842,.T.);
#6509=EDGE_CURVE('',#5239,#5238,#843,.T.);
#6510=EDGE_CURVE('',#5237,#5239,#844,.T.);
#6511=EDGE_CURVE('',#5237,#5240,#845,.T.);
#6512=EDGE_CURVE('',#5241,#5239,#846,.T.);
#6513=EDGE_CURVE('',#5240,#5241,#847,.T.);
#6514=EDGE_CURVE('',#5240,#5242,#848,.T.);
#6515=EDGE_CURVE('',#5243,#5241,#849,.T.);
#6516=EDGE_CURVE('',#5242,#5243,#850,.T.);
#6517=EDGE_CURVE('',#5242,#5244,#851,.T.);
#6518=EDGE_CURVE('',#5245,#5243,#852,.T.);
#6519=EDGE_CURVE('',#5244,#5245,#853,.T.);
#6520=EDGE_CURVE('',#5244,#5246,#854,.T.);
#6521=EDGE_CURVE('',#5247,#5245,#855,.T.);
#6522=EDGE_CURVE('',#5246,#5247,#856,.T.);
#6523=EDGE_CURVE('',#5246,#5248,#857,.T.);
#6524=EDGE_CURVE('',#5249,#5247,#858,.T.);
#6525=EDGE_CURVE('',#5248,#5249,#859,.T.);
#6526=EDGE_CURVE('',#5248,#5250,#860,.T.);
#6527=EDGE_CURVE('',#5251,#5249,#861,.T.);
#6528=EDGE_CURVE('',#5250,#5251,#862,.T.);
#6529=EDGE_CURVE('',#5250,#5252,#863,.T.);
#6530=EDGE_CURVE('',#5253,#5251,#864,.T.);
#6531=EDGE_CURVE('',#5252,#5253,#865,.T.);
#6532=EDGE_CURVE('',#5252,#5254,#866,.T.);
#6533=EDGE_CURVE('',#5255,#5253,#867,.T.);
#6534=EDGE_CURVE('',#5254,#5255,#868,.T.);
#6535=EDGE_CURVE('',#5254,#5256,#869,.T.);
#6536=EDGE_CURVE('',#5257,#5255,#870,.T.);
#6537=EDGE_CURVE('',#5256,#5257,#871,.T.);
#6538=EDGE_CURVE('',#5256,#5258,#872,.T.);
#6539=EDGE_CURVE('',#5259,#5257,#873,.T.);
#6540=EDGE_CURVE('',#5258,#5259,#874,.T.);
#6541=EDGE_CURVE('',#5258,#5236,#875,.T.);
#6542=EDGE_CURVE('',#5238,#5259,#876,.T.);
#6543=EDGE_CURVE('',#5260,#5260,#4483,.T.);
#6544=EDGE_CURVE('',#5260,#5261,#877,.T.);
#6545=EDGE_CURVE('',#5261,#5261,#4484,.T.);
#6546=EDGE_CURVE('',#5262,#5263,#878,.T.);
#6547=EDGE_CURVE('',#5262,#5264,#879,.T.);
#6548=EDGE_CURVE('',#5265,#5264,#880,.T.);
#6549=EDGE_CURVE('',#5263,#5265,#881,.T.);
#6550=EDGE_CURVE('',#5263,#5266,#882,.T.);
#6551=EDGE_CURVE('',#5267,#5265,#883,.T.);
#6552=EDGE_CURVE('',#5266,#5267,#884,.T.);
#6553=EDGE_CURVE('',#5266,#5268,#885,.T.);
#6554=EDGE_CURVE('',#5269,#5267,#886,.T.);
#6555=EDGE_CURVE('',#5268,#5269,#887,.T.);
#6556=EDGE_CURVE('',#5268,#5270,#888,.T.);
#6557=EDGE_CURVE('',#5271,#5269,#889,.T.);
#6558=EDGE_CURVE('',#5270,#5271,#890,.T.);
#6559=EDGE_CURVE('',#5270,#5272,#891,.T.);
#6560=EDGE_CURVE('',#5273,#5271,#892,.T.);
#6561=EDGE_CURVE('',#5272,#5273,#893,.T.);
#6562=EDGE_CURVE('',#5272,#5274,#894,.T.);
#6563=EDGE_CURVE('',#5275,#5273,#895,.T.);
#6564=EDGE_CURVE('',#5274,#5275,#896,.T.);
#6565=EDGE_CURVE('',#5274,#5276,#897,.T.);
#6566=EDGE_CURVE('',#5277,#5275,#898,.T.);
#6567=EDGE_CURVE('',#5276,#5277,#899,.T.);
#6568=EDGE_CURVE('',#5276,#5278,#900,.T.);
#6569=EDGE_CURVE('',#5279,#5277,#901,.T.);
#6570=EDGE_CURVE('',#5278,#5279,#902,.T.);
#6571=EDGE_CURVE('',#5278,#5280,#903,.T.);
#6572=EDGE_CURVE('',#5281,#5279,#904,.T.);
#6573=EDGE_CURVE('',#5280,#5281,#905,.T.);
#6574=EDGE_CURVE('',#5280,#5282,#906,.T.);
#6575=EDGE_CURVE('',#5283,#5281,#907,.T.);
#6576=EDGE_CURVE('',#5282,#5283,#908,.T.);
#6577=EDGE_CURVE('',#5282,#5284,#909,.T.);
#6578=EDGE_CURVE('',#5285,#5283,#910,.T.);
#6579=EDGE_CURVE('',#5284,#5285,#911,.T.);
#6580=EDGE_CURVE('',#5284,#5262,#912,.T.);
#6581=EDGE_CURVE('',#5264,#5285,#913,.T.);
#6582=EDGE_CURVE('',#5286,#5286,#4485,.T.);
#6583=EDGE_CURVE('',#5286,#5287,#914,.T.);
#6584=EDGE_CURVE('',#5287,#5287,#4486,.T.);
#6585=EDGE_CURVE('',#5288,#5289,#915,.T.);
#6586=EDGE_CURVE('',#5288,#5290,#916,.T.);
#6587=EDGE_CURVE('',#5291,#5290,#917,.T.);
#6588=EDGE_CURVE('',#5289,#5291,#918,.T.);
#6589=EDGE_CURVE('',#5289,#5292,#919,.T.);
#6590=EDGE_CURVE('',#5293,#5291,#920,.T.);
#6591=EDGE_CURVE('',#5292,#5293,#921,.T.);
#6592=EDGE_CURVE('',#5292,#5294,#922,.T.);
#6593=EDGE_CURVE('',#5295,#5293,#923,.T.);
#6594=EDGE_CURVE('',#5294,#5295,#924,.T.);
#6595=EDGE_CURVE('',#5294,#5296,#925,.T.);
#6596=EDGE_CURVE('',#5297,#5295,#926,.T.);
#6597=EDGE_CURVE('',#5296,#5297,#927,.T.);
#6598=EDGE_CURVE('',#5296,#5298,#928,.T.);
#6599=EDGE_CURVE('',#5299,#5297,#929,.T.);
#6600=EDGE_CURVE('',#5298,#5299,#930,.T.);
#6601=EDGE_CURVE('',#5298,#5300,#931,.T.);
#6602=EDGE_CURVE('',#5301,#5299,#932,.T.);
#6603=EDGE_CURVE('',#5300,#5301,#933,.T.);
#6604=EDGE_CURVE('',#5300,#5302,#934,.T.);
#6605=EDGE_CURVE('',#5303,#5301,#935,.T.);
#6606=EDGE_CURVE('',#5302,#5303,#936,.T.);
#6607=EDGE_CURVE('',#5302,#5304,#937,.T.);
#6608=EDGE_CURVE('',#5305,#5303,#938,.T.);
#6609=EDGE_CURVE('',#5304,#5305,#939,.T.);
#6610=EDGE_CURVE('',#5304,#5306,#940,.T.);
#6611=EDGE_CURVE('',#5307,#5305,#941,.T.);
#6612=EDGE_CURVE('',#5306,#5307,#942,.T.);
#6613=EDGE_CURVE('',#5306,#5308,#943,.T.);
#6614=EDGE_CURVE('',#5309,#5307,#944,.T.);
#6615=EDGE_CURVE('',#5308,#5309,#945,.T.);
#6616=EDGE_CURVE('',#5308,#5310,#946,.T.);
#6617=EDGE_CURVE('',#5311,#5309,#947,.T.);
#6618=EDGE_CURVE('',#5310,#5311,#948,.T.);
#6619=EDGE_CURVE('',#5310,#5288,#949,.T.);
#6620=EDGE_CURVE('',#5290,#5311,#950,.T.);
#6621=EDGE_CURVE('',#5312,#5312,#4487,.T.);
#6622=EDGE_CURVE('',#5312,#5313,#951,.T.);
#6623=EDGE_CURVE('',#5313,#5313,#4488,.T.);
#6624=EDGE_CURVE('',#5314,#5314,#4489,.T.);
#6625=EDGE_CURVE('',#5315,#5315,#4490,.T.);
#6626=EDGE_CURVE('',#5316,#5316,#4491,.T.);
#6627=EDGE_CURVE('',#5317,#5317,#4492,.T.);
#6628=EDGE_CURVE('',#5084,#5318,#952,.T.);
#6629=EDGE_CURVE('',#5319,#5318,#4493,.T.);
#6630=EDGE_CURVE('',#5319,#5320,#4494,.T.);
#6631=EDGE_CURVE('',#5318,#5320,#4495,.T.);
#6632=EDGE_CURVE('',#5319,#5320,#953,.T.);
#6633=EDGE_CURVE('',#5321,#4725,#954,.T.);
#6634=EDGE_CURVE('',#5321,#4790,#955,.T.);
#6635=EDGE_CURVE('',#5322,#4709,#956,.T.);
#6636=EDGE_CURVE('',#5322,#5323,#957,.T.);
#6637=EDGE_CURVE('',#4710,#5323,#958,.T.);
#6638=EDGE_CURVE('',#4791,#5324,#4496,.T.);
#6639=EDGE_CURVE('',#5325,#5321,#959,.T.);
#6640=EDGE_CURVE('',#5326,#5325,#4497,.T.);
#6641=EDGE_CURVE('',#5323,#5326,#960,.T.);
#6642=EDGE_CURVE('',#5324,#5322,#961,.T.);
#6643=EDGE_CURVE('',#4724,#5327,#962,.T.);
#6644=EDGE_CURVE('',#5328,#5327,#963,.T.);
#6645=EDGE_CURVE('',#5325,#5328,#964,.T.);
#6646=EDGE_CURVE('',#5324,#5329,#965,.T.);
#6647=EDGE_CURVE('',#5329,#4792,#4498,.T.);
#6648=EDGE_CURVE('',#4764,#4772,#966,.T.);
#6649=EDGE_CURVE('',#4774,#5329,#967,.T.);
#6650=EDGE_CURVE('',#4955,#5330,#968,.T.);
#6651=EDGE_CURVE('',#5330,#5330,#4499,.T.);
#6652=EDGE_CURVE('',#5331,#5332,#969,.T.);
#6653=EDGE_CURVE('',#5331,#5333,#970,.T.);
#6654=EDGE_CURVE('',#5334,#5333,#971,.T.);
#6655=EDGE_CURVE('',#5332,#5334,#972,.T.);
#6656=EDGE_CURVE('',#5332,#5335,#4500,.T.);
#6657=EDGE_CURVE('',#5336,#5334,#4501,.T.);
#6658=EDGE_CURVE('',#5335,#5336,#973,.T.);
#6659=EDGE_CURVE('',#5335,#5337,#974,.T.);
#6660=EDGE_CURVE('',#5338,#5336,#975,.T.);
#6661=EDGE_CURVE('',#5337,#5338,#976,.T.);
#6662=EDGE_CURVE('',#5337,#5339,#4502,.T.);
#6663=EDGE_CURVE('',#5340,#5338,#4503,.T.);
#6664=EDGE_CURVE('',#5339,#5340,#977,.T.);
#6665=EDGE_CURVE('',#5339,#5341,#978,.T.);
#6666=EDGE_CURVE('',#5342,#5340,#979,.T.);
#6667=EDGE_CURVE('',#5341,#5342,#980,.T.);
#6668=EDGE_CURVE('',#5341,#5343,#4504,.T.);
#6669=EDGE_CURVE('',#5344,#5342,#4505,.T.);
#6670=EDGE_CURVE('',#5343,#5344,#981,.T.);
#6671=EDGE_CURVE('',#5343,#5345,#982,.T.);
#6672=EDGE_CURVE('',#5320,#5344,#983,.T.);
#6673=EDGE_CURVE('',#5346,#5319,#984,.T.);
#6674=EDGE_CURVE('',#5345,#5346,#985,.T.);
#6675=EDGE_CURVE('',#5345,#5331,#4506,.T.);
#6676=EDGE_CURVE('',#5333,#5346,#4507,.T.);
#6677=EDGE_CURVE('',#5347,#5347,#4508,.T.);
#6678=EDGE_CURVE('',#5347,#5348,#986,.T.);
#6679=EDGE_CURVE('',#5348,#5348,#4509,.T.);
#6680=EDGE_CURVE('',#4758,#5349,#987,.T.);
#6681=EDGE_CURVE('',#5350,#5349,#988,.T.);
#6682=EDGE_CURVE('',#4759,#5350,#989,.T.);
#6683=EDGE_CURVE('',#5351,#5350,#990,.T.);
#6684=EDGE_CURVE('',#4760,#5351,#991,.T.);
#6685=EDGE_CURVE('',#5352,#5351,#992,.T.);
#6686=EDGE_CURVE('',#4761,#5352,#993,.T.);
#6687=EDGE_CURVE('',#5353,#5352,#994,.T.);
#6688=EDGE_CURVE('',#4757,#5353,#995,.T.);
#6689=EDGE_CURVE('',#5354,#5353,#996,.T.);
#6690=EDGE_CURVE('',#4756,#5354,#997,.T.);
#6691=EDGE_CURVE('',#5349,#5354,#998,.T.);
#6692=EDGE_CURVE('',#5355,#5355,#4510,.T.);
#6693=EDGE_CURVE('',#5355,#5356,#999,.T.);
#6694=EDGE_CURVE('',#5356,#5356,#4511,.T.);
#6695=EDGE_CURVE('',#4747,#5357,#1000,.T.);
#6696=EDGE_CURVE('',#5358,#5357,#1001,.T.);
#6697=EDGE_CURVE('',#4748,#5358,#1002,.T.);
#6698=EDGE_CURVE('',#5359,#5358,#1003,.T.);
#6699=EDGE_CURVE('',#4749,#5359,#1004,.T.);
#6700=EDGE_CURVE('',#5360,#5359,#1005,.T.);
#6701=EDGE_CURVE('',#4745,#5360,#1006,.T.);
#6702=EDGE_CURVE('',#5361,#5360,#1007,.T.);
#6703=EDGE_CURVE('',#4744,#5361,#1008,.T.);
#6704=EDGE_CURVE('',#5362,#5361,#1009,.T.);
#6705=EDGE_CURVE('',#4746,#5362,#1010,.T.);
#6706=EDGE_CURVE('',#5357,#5362,#1011,.T.);
#6707=EDGE_CURVE('',#5363,#5363,#4512,.T.);
#6708=EDGE_CURVE('',#5363,#5364,#1012,.T.);
#6709=EDGE_CURVE('',#5364,#5364,#4513,.T.);
#6710=EDGE_CURVE('',#4742,#5365,#1013,.T.);
#6711=EDGE_CURVE('',#5366,#5365,#1014,.T.);
#6712=EDGE_CURVE('',#4743,#5366,#1015,.T.);
#6713=EDGE_CURVE('',#5367,#5366,#1016,.T.);
#6714=EDGE_CURVE('',#4739,#5367,#1017,.T.);
#6715=EDGE_CURVE('',#5368,#5367,#1018,.T.);
#6716=EDGE_CURVE('',#4738,#5368,#1019,.T.);
#6717=EDGE_CURVE('',#5369,#5368,#1020,.T.);
#6718=EDGE_CURVE('',#4740,#5369,#1021,.T.);
#6719=EDGE_CURVE('',#5370,#5369,#1022,.T.);
#6720=EDGE_CURVE('',#4741,#5370,#1023,.T.);
#6721=EDGE_CURVE('',#5365,#5370,#1024,.T.);
#6722=EDGE_CURVE('',#5371,#5371,#4514,.T.);
#6723=EDGE_CURVE('',#5371,#5372,#1025,.T.);
#6724=EDGE_CURVE('',#5372,#5372,#4515,.T.);
#6725=EDGE_CURVE('',#4750,#5373,#1026,.T.);
#6726=EDGE_CURVE('',#5374,#5373,#1027,.T.);
#6727=EDGE_CURVE('',#4751,#5374,#1028,.T.);
#6728=EDGE_CURVE('',#5375,#5374,#1029,.T.);
#6729=EDGE_CURVE('',#4752,#5375,#1030,.T.);
#6730=EDGE_CURVE('',#5376,#5375,#1031,.T.);
#6731=EDGE_CURVE('',#4753,#5376,#1032,.T.);
#6732=EDGE_CURVE('',#5377,#5376,#1033,.T.);
#6733=EDGE_CURVE('',#4754,#5377,#1034,.T.);
#6734=EDGE_CURVE('',#5378,#5377,#1035,.T.);
#6735=EDGE_CURVE('',#4755,#5378,#1036,.T.);
#6736=EDGE_CURVE('',#5373,#5378,#1037,.T.);
#6737=EDGE_CURVE('',#4807,#4766,#4516,.T.);
#6738=EDGE_CURVE('',#4824,#4814,#4517,.T.);
#6739=EDGE_CURVE('',#4785,#4821,#4518,.T.);
#6740=EDGE_CURVE('',#5379,#5379,#4519,.T.);
#6741=EDGE_CURVE('',#5380,#5380,#4520,.T.);
#6742=EDGE_CURVE('',#5381,#5381,#4521,.T.);
#6743=EDGE_CURVE('',#5381,#5317,#1038,.T.);
#6744=EDGE_CURVE('',#5382,#5382,#4522,.T.);
#6745=EDGE_CURVE('',#5382,#5316,#1039,.T.);
#6746=EDGE_CURVE('',#5383,#5383,#4523,.T.);
#6747=EDGE_CURVE('',#5383,#5315,#1040,.T.);
#6748=EDGE_CURVE('',#5384,#5384,#4524,.T.);
#6749=EDGE_CURVE('',#5384,#5385,#1041,.T.);
#6750=EDGE_CURVE('',#5385,#5385,#4525,.T.);
#6751=EDGE_CURVE('',#5386,#5386,#4526,.T.);
#6752=EDGE_CURVE('',#5386,#5387,#1042,.T.);
#6753=EDGE_CURVE('',#5387,#5387,#4527,.T.);
#6754=EDGE_CURVE('',#5388,#5389,#4528,.T.);
#6755=EDGE_CURVE('',#5390,#5388,#1043,.T.);
#6756=EDGE_CURVE('',#5391,#5390,#4529,.T.);
#6757=EDGE_CURVE('',#5389,#5391,#1044,.T.);
#6758=EDGE_CURVE('',#5392,#5393,#4530,.T.);
#6759=EDGE_CURVE('',#5394,#5392,#1045,.T.);
#6760=EDGE_CURVE('',#5395,#5394,#4531,.T.);
#6761=EDGE_CURVE('',#5393,#5395,#1046,.T.);
#6762=EDGE_CURVE('',#5395,#5390,#1047,.T.);
#6763=EDGE_CURVE('',#5391,#5394,#1048,.T.);
#6764=EDGE_CURVE('',#5396,#5397,#4532,.T.);
#6765=EDGE_CURVE('',#5398,#5396,#1049,.T.);
#6766=EDGE_CURVE('',#5399,#5398,#4533,.T.);
#6767=EDGE_CURVE('',#5397,#5399,#1050,.T.);
#6768=EDGE_CURVE('',#5400,#5401,#4534,.T.);
#6769=EDGE_CURVE('',#5402,#5400,#1051,.T.);
#6770=EDGE_CURVE('',#5403,#5402,#4535,.T.);
#6771=EDGE_CURVE('',#5401,#5403,#1052,.T.);
#6772=EDGE_CURVE('',#5403,#5398,#1053,.T.);
#6773=EDGE_CURVE('',#5399,#5402,#1054,.T.);
#6774=EDGE_CURVE('',#5392,#5404,#1055,.T.);
#6775=EDGE_CURVE('',#5405,#5404,#1056,.T.);
#6776=EDGE_CURVE('',#5406,#5405,#4536,.T.);
#6777=EDGE_CURVE('',#5406,#5407,#1057,.T.);
#6778=EDGE_CURVE('',#5407,#5401,#1058,.T.);
#6779=EDGE_CURVE('',#5396,#5389,#1059,.T.);
#6780=EDGE_CURVE('',#5408,#5407,#4537,.T.);
#6781=EDGE_CURVE('',#5400,#5408,#1060,.T.);
#6782=EDGE_CURVE('',#5409,#5393,#1061,.T.);
#6783=EDGE_CURVE('',#5404,#5409,#4538,.T.);
#6784=EDGE_CURVE('',#5405,#5410,#4640,.T.);
#6785=EDGE_CURVE('',#5410,#5409,#1062,.T.);
#6786=EDGE_CURVE('',#5388,#5397,#1063,.T.);
#6787=EDGE_CURVE('',#5411,#5408,#1064,.T.);
#6788=EDGE_CURVE('',#5410,#5411,#4539,.T.);
#6789=EDGE_CURVE('',#5411,#5406,#4641,.T.);
#6790=EDGE_CURVE('',#5412,#5412,#4642,.T.);
#6791=EDGE_CURVE('',#5412,#5413,#4643,.T.);
#6792=EDGE_CURVE('',#5413,#5413,#50,.T.);
#6793=EDGE_CURVE('',#5414,#5414,#4540,.T.);
#6794=EDGE_CURVE('',#5415,#5415,#4541,.T.);
#6795=EDGE_CURVE('',#5415,#5416,#1065,.T.);
#6796=EDGE_CURVE('',#5416,#5416,#4542,.T.);
#6797=EDGE_CURVE('',#5417,#5417,#4543,.T.);
#6798=EDGE_CURVE('',#5418,#5418,#4544,.T.);
#6799=EDGE_CURVE('',#5419,#5419,#4545,.T.);
#6800=EDGE_CURVE('',#5419,#5420,#1066,.T.);
#6801=EDGE_CURVE('',#5420,#5420,#4546,.T.);
#6802=EDGE_CURVE('',#5421,#5421,#4547,.T.);
#6803=EDGE_CURVE('',#5422,#5422,#4548,.T.);
#6804=EDGE_CURVE('',#5422,#5417,#1067,.T.);
#6805=EDGE_CURVE('',#5423,#5423,#4549,.T.);
#6806=EDGE_CURVE('',#5423,#5421,#1068,.T.);
#6807=EDGE_CURVE('',#5424,#5424,#4550,.T.);
#6808=EDGE_CURVE('',#5424,#5425,#1069,.T.);
#6809=EDGE_CURVE('',#5425,#5425,#4551,.T.);
#6810=EDGE_CURVE('',#5426,#5426,#4552,.T.);
#6811=EDGE_CURVE('',#5426,#5427,#1070,.T.);
#6812=EDGE_CURVE('',#5427,#5427,#4553,.T.);
#6813=EDGE_CURVE('',#5428,#5428,#4554,.T.);
#6814=EDGE_CURVE('',#5429,#5429,#4555,.T.);
#6815=EDGE_CURVE('',#5429,#5428,#1071,.T.);
#6816=EDGE_CURVE('',#5430,#5431,#4556,.T.);
#6817=EDGE_CURVE('',#5430,#5431,#4557,.T.);
#6818=EDGE_CURVE('',#5432,#5433,#4558,.T.);
#6819=EDGE_CURVE('',#5432,#5433,#4559,.T.);
#6820=EDGE_CURVE('',#5414,#5434,#1072,.T.);
#6821=EDGE_CURVE('',#5430,#5434,#4560,.T.);
#6822=EDGE_CURVE('',#5432,#5431,#4561,.T.);
#6823=EDGE_CURVE('',#5434,#5433,#4562,.T.);
#6824=EDGE_CURVE('',#5435,#5436,#4563,.T.);
#6825=EDGE_CURVE('',#5436,#5437,#1073,.T.);
#6826=EDGE_CURVE('',#5437,#5328,#4564,.T.);
#6827=EDGE_CURVE('',#5327,#5438,#4565,.T.);
#6828=EDGE_CURVE('',#5438,#5439,#1074,.T.);
#6829=EDGE_CURVE('',#5439,#5440,#4566,.T.);
#6830=EDGE_CURVE('',#5440,#5441,#1075,.T.);
#6831=EDGE_CURVE('',#5441,#5442,#4567,.T.);
#6832=EDGE_CURVE('',#5442,#5443,#1076,.T.);
#6833=EDGE_CURVE('',#5443,#5444,#4568,.T.);
#6834=EDGE_CURVE('',#5444,#5445,#1077,.T.);
#6835=EDGE_CURVE('',#5445,#5446,#4569,.T.);
#6836=EDGE_CURVE('',#5446,#5447,#1078,.T.);
#6837=EDGE_CURVE('',#5447,#5448,#4570,.T.);
#6838=EDGE_CURVE('',#5448,#5435,#1079,.T.);
#6839=EDGE_CURVE('',#5449,#5449,#4571,.T.);
#6840=EDGE_CURVE('',#5450,#5450,#4572,.T.);
#6841=EDGE_CURVE('',#5431,#5451,#4573,.T.);
#6842=EDGE_CURVE('',#5451,#5430,#4574,.T.);
#6843=EDGE_CURVE('',#5433,#5452,#4575,.T.);
#6844=EDGE_CURVE('',#5452,#5432,#4576,.T.);
#6845=EDGE_CURVE('',#5453,#5454,#4644,.T.);
#6846=EDGE_CURVE('',#5453,#5455,#1080,.T.);
#6847=EDGE_CURVE('',#5455,#5456,#4645,.T.);
#6848=EDGE_CURVE('',#5454,#5456,#1081,.T.);
#6849=EDGE_CURVE('',#5454,#5457,#1082,.T.);
#6850=EDGE_CURVE('',#5456,#5458,#1083,.T.);
#6851=EDGE_CURVE('',#5457,#5458,#1084,.T.);
#6852=EDGE_CURVE('',#5457,#5459,#1085,.T.);
#6853=EDGE_CURVE('',#5458,#5460,#1086,.T.);
#6854=EDGE_CURVE('',#5459,#5460,#1087,.T.);
#6855=EDGE_CURVE('',#5459,#5461,#1088,.T.);
#6856=EDGE_CURVE('',#5460,#5462,#1089,.T.);
#6857=EDGE_CURVE('',#5461,#5462,#1090,.T.);
#6858=EDGE_CURVE('',#5461,#5463,#4646,.T.);
#6859=EDGE_CURVE('',#5462,#5464,#4647,.T.);
#6860=EDGE_CURVE('',#5463,#5464,#1091,.T.);
#6861=EDGE_CURVE('',#5463,#5465,#4648,.T.);
#6862=EDGE_CURVE('',#5464,#5466,#4649,.T.);
#6863=EDGE_CURVE('',#5465,#5466,#1092,.T.);
#6864=EDGE_CURVE('',#5465,#5453,#4650,.T.);
#6865=EDGE_CURVE('',#5466,#5455,#4651,.T.);
#6866=EDGE_CURVE('',#5467,#5468,#1093,.T.);
#6867=EDGE_CURVE('',#5467,#5469,#1094,.T.);
#6868=EDGE_CURVE('',#5469,#5470,#1095,.T.);
#6869=EDGE_CURVE('',#5468,#5470,#1096,.T.);
#6870=EDGE_CURVE('',#5471,#5467,#4652,.T.);
#6871=EDGE_CURVE('',#5471,#5472,#1097,.T.);
#6872=EDGE_CURVE('',#5472,#5469,#4653,.T.);
#6873=EDGE_CURVE('',#5473,#5471,#4654,.T.);
#6874=EDGE_CURVE('',#5473,#5474,#1098,.T.);
#6875=EDGE_CURVE('',#5474,#5472,#4655,.T.);
#6876=EDGE_CURVE('',#5475,#5473,#4656,.T.);
#6877=EDGE_CURVE('',#5475,#5476,#1099,.T.);
#6878=EDGE_CURVE('',#5476,#5474,#4657,.T.);
#6879=EDGE_CURVE('',#5477,#5475,#1100,.T.);
#6880=EDGE_CURVE('',#5477,#5478,#1101,.T.);
#6881=EDGE_CURVE('',#5478,#5476,#1102,.T.);
#6882=EDGE_CURVE('',#5479,#5477,#1103,.T.);
#6883=EDGE_CURVE('',#5479,#5480,#1104,.T.);
#6884=EDGE_CURVE('',#5480,#5478,#1105,.T.);
#6885=EDGE_CURVE('',#5481,#5479,#1106,.T.);
#6886=EDGE_CURVE('',#5481,#5482,#1107,.T.);
#6887=EDGE_CURVE('',#5482,#5480,#1108,.T.);
#6888=EDGE_CURVE('',#5483,#5481,#1109,.T.);
#6889=EDGE_CURVE('',#5483,#5484,#1110,.T.);
#6890=EDGE_CURVE('',#5484,#5482,#1111,.T.);
#6891=EDGE_CURVE('',#5485,#5483,#1112,.T.);
#6892=EDGE_CURVE('',#5485,#5486,#1113,.T.);
#6893=EDGE_CURVE('',#5486,#5484,#1114,.T.);
#6894=EDGE_CURVE('',#5487,#5485,#1115,.T.);
#6895=EDGE_CURVE('',#5487,#5488,#1116,.T.);
#6896=EDGE_CURVE('',#5488,#5486,#1117,.T.);
#6897=EDGE_CURVE('',#5468,#5487,#1118,.T.);
#6898=EDGE_CURVE('',#5470,#5488,#1119,.T.);
#6899=EDGE_CURVE('',#5489,#5490,#1120,.T.);
#6900=EDGE_CURVE('',#5489,#5491,#1121,.T.);
#6901=EDGE_CURVE('',#5491,#5492,#1122,.T.);
#6902=EDGE_CURVE('',#5490,#5492,#1123,.T.);
#6903=EDGE_CURVE('',#5490,#5493,#1124,.T.);
#6904=EDGE_CURVE('',#5492,#5494,#1125,.T.);
#6905=EDGE_CURVE('',#5493,#5494,#1126,.T.);
#6906=EDGE_CURVE('',#5493,#5489,#1127,.T.);
#6907=EDGE_CURVE('',#5494,#5491,#1128,.T.);
#6908=EDGE_CURVE('',#5495,#5496,#1129,.T.);
#6909=EDGE_CURVE('',#5495,#5497,#1130,.T.);
#6910=EDGE_CURVE('',#5497,#5498,#1131,.T.);
#6911=EDGE_CURVE('',#5496,#5498,#1132,.T.);
#6912=EDGE_CURVE('',#5499,#5495,#1133,.T.);
#6913=EDGE_CURVE('',#5499,#5500,#1134,.T.);
#6914=EDGE_CURVE('',#5500,#5497,#1135,.T.);
#6915=EDGE_CURVE('',#5501,#5499,#1136,.T.);
#6916=EDGE_CURVE('',#5501,#5502,#1137,.T.);
#6917=EDGE_CURVE('',#5502,#5500,#1138,.T.);
#6918=EDGE_CURVE('',#5503,#5501,#1139,.T.);
#6919=EDGE_CURVE('',#5503,#5504,#1140,.T.);
#6920=EDGE_CURVE('',#5504,#5502,#1141,.T.);
#6921=EDGE_CURVE('',#5505,#5503,#1142,.T.);
#6922=EDGE_CURVE('',#5505,#5506,#1143,.T.);
#6923=EDGE_CURVE('',#5506,#5504,#1144,.T.);
#6924=EDGE_CURVE('',#5507,#5505,#1145,.T.);
#6925=EDGE_CURVE('',#5507,#5508,#1146,.T.);
#6926=EDGE_CURVE('',#5508,#5506,#1147,.T.);
#6927=EDGE_CURVE('',#5509,#5507,#1148,.T.);
#6928=EDGE_CURVE('',#5509,#5510,#1149,.T.);
#6929=EDGE_CURVE('',#5510,#5508,#1150,.T.);
#6930=EDGE_CURVE('',#5496,#5509,#1151,.T.);
#6931=EDGE_CURVE('',#5498,#5510,#1152,.T.);
#6932=EDGE_CURVE('',#5511,#5512,#4658,.T.);
#6933=EDGE_CURVE('',#5511,#5513,#1153,.T.);
#6934=EDGE_CURVE('',#5513,#5514,#4659,.T.);
#6935=EDGE_CURVE('',#5512,#5514,#1154,.T.);
#6936=EDGE_CURVE('',#5512,#5515,#1155,.T.);
#6937=EDGE_CURVE('',#5514,#5516,#1156,.T.);
#6938=EDGE_CURVE('',#5515,#5516,#1157,.T.);
#6939=EDGE_CURVE('',#5515,#5517,#1158,.T.);
#6940=EDGE_CURVE('',#5516,#5518,#1159,.T.);
#6941=EDGE_CURVE('',#5517,#5518,#1160,.T.);
#6942=EDGE_CURVE('',#5517,#5519,#1161,.T.);
#6943=EDGE_CURVE('',#5518,#5520,#1162,.T.);
#6944=EDGE_CURVE('',#5519,#5520,#1163,.T.);
#6945=EDGE_CURVE('',#5519,#5521,#4660,.T.);
#6946=EDGE_CURVE('',#5520,#5522,#4661,.T.);
#6947=EDGE_CURVE('',#5521,#5522,#1164,.T.);
#6948=EDGE_CURVE('',#5521,#5523,#4662,.T.);
#6949=EDGE_CURVE('',#5522,#5524,#4663,.T.);
#6950=EDGE_CURVE('',#5523,#5524,#1165,.T.);
#6951=EDGE_CURVE('',#5523,#5511,#4664,.T.);
#6952=EDGE_CURVE('',#5524,#5513,#4665,.T.);
#6953=EDGE_CURVE('',#5525,#5526,#4666,.T.);
#6954=EDGE_CURVE('',#5525,#5527,#1166,.T.);
#6955=EDGE_CURVE('',#5527,#5528,#4667,.T.);
#6956=EDGE_CURVE('',#5526,#5528,#1167,.T.);
#6957=EDGE_CURVE('',#5529,#5525,#4668,.T.);
#6958=EDGE_CURVE('',#5529,#5530,#1168,.T.);
#6959=EDGE_CURVE('',#5530,#5527,#4669,.T.);
#6960=EDGE_CURVE('',#5531,#5529,#1169,.T.);
#6961=EDGE_CURVE('',#5531,#5532,#1170,.T.);
#6962=EDGE_CURVE('',#5532,#5530,#1171,.T.);
#6963=EDGE_CURVE('',#5533,#5531,#1172,.T.);
#6964=EDGE_CURVE('',#5533,#5534,#1173,.T.);
#6965=EDGE_CURVE('',#5534,#5532,#1174,.T.);
#6966=EDGE_CURVE('',#5535,#5533,#1175,.T.);
#6967=EDGE_CURVE('',#5535,#5536,#1176,.T.);
#6968=EDGE_CURVE('',#5536,#5534,#1177,.T.);
#6969=EDGE_CURVE('',#5537,#5535,#4670,.T.);
#6970=EDGE_CURVE('',#5537,#5538,#1178,.T.);
#6971=EDGE_CURVE('',#5538,#5536,#4671,.T.);
#6972=EDGE_CURVE('',#5526,#5537,#4672,.T.);
#6973=EDGE_CURVE('',#5528,#5538,#4673,.T.);
#6974=EDGE_CURVE('',#5539,#5540,#1179,.T.);
#6975=EDGE_CURVE('',#5539,#5541,#1180,.T.);
#6976=EDGE_CURVE('',#5541,#5542,#1181,.T.);
#6977=EDGE_CURVE('',#5540,#5542,#1182,.T.);
#6978=EDGE_CURVE('',#5543,#5539,#1183,.T.);
#6979=EDGE_CURVE('',#5543,#5544,#1184,.T.);
#6980=EDGE_CURVE('',#5544,#5541,#1185,.T.);
#6981=EDGE_CURVE('',#5545,#5543,#1186,.T.);
#6982=EDGE_CURVE('',#5545,#5546,#1187,.T.);
#6983=EDGE_CURVE('',#5546,#5544,#1188,.T.);
#6984=EDGE_CURVE('',#5547,#5545,#1189,.T.);
#6985=EDGE_CURVE('',#5547,#5548,#1190,.T.);
#6986=EDGE_CURVE('',#5548,#5546,#1191,.T.);
#6987=EDGE_CURVE('',#5549,#5547,#1192,.T.);
#6988=EDGE_CURVE('',#5549,#5550,#1193,.T.);
#6989=EDGE_CURVE('',#5550,#5548,#1194,.T.);
#6990=EDGE_CURVE('',#5540,#5549,#1195,.T.);
#6991=EDGE_CURVE('',#5542,#5550,#1196,.T.);
#6992=EDGE_CURVE('',#5551,#5552,#4674,.T.);
#6993=EDGE_CURVE('',#5551,#5553,#1197,.T.);
#6994=EDGE_CURVE('',#5553,#5554,#4675,.T.);
#6995=EDGE_CURVE('',#5552,#5554,#1198,.T.);
#6996=EDGE_CURVE('',#5552,#5555,#1199,.T.);
#6997=EDGE_CURVE('',#5554,#5556,#1200,.T.);
#6998=EDGE_CURVE('',#5555,#5556,#1201,.T.);
#6999=EDGE_CURVE('',#5555,#5557,#1202,.T.);
#7000=EDGE_CURVE('',#5556,#5558,#1203,.T.);
#7001=EDGE_CURVE('',#5557,#5558,#1204,.T.);
#7002=EDGE_CURVE('',#5557,#5559,#1205,.T.);
#7003=EDGE_CURVE('',#5558,#5560,#1206,.T.);
#7004=EDGE_CURVE('',#5559,#5560,#1207,.T.);
#7005=EDGE_CURVE('',#5559,#5561,#4676,.T.);
#7006=EDGE_CURVE('',#5560,#5562,#4677,.T.);
#7007=EDGE_CURVE('',#5561,#5562,#1208,.T.);
#7008=EDGE_CURVE('',#5561,#5563,#4678,.T.);
#7009=EDGE_CURVE('',#5562,#5564,#4679,.T.);
#7010=EDGE_CURVE('',#5563,#5564,#1209,.T.);
#7011=EDGE_CURVE('',#5563,#5551,#4680,.T.);
#7012=EDGE_CURVE('',#5564,#5553,#4681,.T.);
#7013=EDGE_CURVE('',#5565,#5566,#4682,.T.);
#7014=EDGE_CURVE('',#5565,#5567,#1210,.T.);
#7015=EDGE_CURVE('',#5567,#5568,#4683,.T.);
#7016=EDGE_CURVE('',#5566,#5568,#1211,.T.);
#7017=EDGE_CURVE('',#5569,#5565,#4684,.T.);
#7018=EDGE_CURVE('',#5569,#5570,#1212,.T.);
#7019=EDGE_CURVE('',#5570,#5567,#4685,.T.);
#7020=EDGE_CURVE('',#5571,#5569,#1213,.T.);
#7021=EDGE_CURVE('',#5571,#5572,#1214,.T.);
#7022=EDGE_CURVE('',#5572,#5570,#1215,.T.);
#7023=EDGE_CURVE('',#5573,#5571,#1216,.T.);
#7024=EDGE_CURVE('',#5573,#5574,#1217,.T.);
#7025=EDGE_CURVE('',#5574,#5572,#1218,.T.);
#7026=EDGE_CURVE('',#5575,#5573,#1219,.T.);
#7027=EDGE_CURVE('',#5575,#5576,#1220,.T.);
#7028=EDGE_CURVE('',#5576,#5574,#1221,.T.);
#7029=EDGE_CURVE('',#5577,#5575,#1222,.T.);
#7030=EDGE_CURVE('',#5577,#5578,#1223,.T.);
#7031=EDGE_CURVE('',#5578,#5576,#1224,.T.);
#7032=EDGE_CURVE('',#5579,#5577,#1225,.T.);
#7033=EDGE_CURVE('',#5579,#5580,#1226,.T.);
#7034=EDGE_CURVE('',#5580,#5578,#1227,.T.);
#7035=EDGE_CURVE('',#5581,#5579,#4686,.T.);
#7036=EDGE_CURVE('',#5581,#5582,#1228,.T.);
#7037=EDGE_CURVE('',#5582,#5580,#4687,.T.);
#7038=EDGE_CURVE('',#5566,#5581,#4688,.T.);
#7039=EDGE_CURVE('',#5568,#5582,#4689,.T.);
#7040=EDGE_CURVE('',#5583,#5584,#4690,.T.);
#7041=EDGE_CURVE('',#5583,#5585,#1229,.T.);
#7042=EDGE_CURVE('',#5585,#5586,#4691,.T.);
#7043=EDGE_CURVE('',#5584,#5586,#1230,.T.);
#7044=EDGE_CURVE('',#5584,#5587,#1231,.T.);
#7045=EDGE_CURVE('',#5586,#5588,#1232,.T.);
#7046=EDGE_CURVE('',#5587,#5588,#1233,.T.);
#7047=EDGE_CURVE('',#5587,#5589,#1234,.T.);
#7048=EDGE_CURVE('',#5588,#5590,#1235,.T.);
#7049=EDGE_CURVE('',#5589,#5590,#1236,.T.);
#7050=EDGE_CURVE('',#5589,#5591,#1237,.T.);
#7051=EDGE_CURVE('',#5590,#5592,#1238,.T.);
#7052=EDGE_CURVE('',#5591,#5592,#1239,.T.);
#7053=EDGE_CURVE('',#5591,#5593,#4692,.T.);
#7054=EDGE_CURVE('',#5592,#5594,#4693,.T.);
#7055=EDGE_CURVE('',#5593,#5594,#1240,.T.);
#7056=EDGE_CURVE('',#5593,#5595,#4694,.T.);
#7057=EDGE_CURVE('',#5594,#5596,#4695,.T.);
#7058=EDGE_CURVE('',#5595,#5596,#1241,.T.);
#7059=EDGE_CURVE('',#5595,#5583,#4696,.T.);
#7060=EDGE_CURVE('',#5596,#5585,#4697,.T.);
#7061=EDGE_CURVE('',#5597,#5598,#1242,.T.);
#7062=EDGE_CURVE('',#5597,#5599,#1243,.T.);
#7063=EDGE_CURVE('',#5599,#5600,#1244,.T.);
#7064=EDGE_CURVE('',#5598,#5600,#1245,.T.);
#7065=EDGE_CURVE('',#5601,#5597,#4698,.T.);
#7066=EDGE_CURVE('',#5601,#5602,#1246,.T.);
#7067=EDGE_CURVE('',#5602,#5599,#4699,.T.);
#7068=EDGE_CURVE('',#5603,#5601,#4700,.T.);
#7069=EDGE_CURVE('',#5603,#5604,#1247,.T.);
#7070=EDGE_CURVE('',#5604,#5602,#4701,.T.);
#7071=EDGE_CURVE('',#5605,#5603,#4702,.T.);
#7072=EDGE_CURVE('',#5605,#5606,#1248,.T.);
#7073=EDGE_CURVE('',#5606,#5604,#4703,.T.);
#7074=EDGE_CURVE('',#5607,#5605,#1249,.T.);
#7075=EDGE_CURVE('',#5607,#5608,#1250,.T.);
#7076=EDGE_CURVE('',#5608,#5606,#1251,.T.);
#7077=EDGE_CURVE('',#5609,#5607,#1252,.T.);
#7078=EDGE_CURVE('',#5609,#5610,#1253,.T.);
#7079=EDGE_CURVE('',#5610,#5608,#1254,.T.);
#7080=EDGE_CURVE('',#5611,#5609,#1255,.T.);
#7081=EDGE_CURVE('',#5611,#5612,#1256,.T.);
#7082=EDGE_CURVE('',#5612,#5610,#1257,.T.);
#7083=EDGE_CURVE('',#5613,#5611,#1258,.T.);
#7084=EDGE_CURVE('',#5613,#5614,#1259,.T.);
#7085=EDGE_CURVE('',#5614,#5612,#1260,.T.);
#7086=EDGE_CURVE('',#5615,#5613,#1261,.T.);
#7087=EDGE_CURVE('',#5615,#5616,#1262,.T.);
#7088=EDGE_CURVE('',#5616,#5614,#1263,.T.);
#7089=EDGE_CURVE('',#5617,#5615,#1264,.T.);
#7090=EDGE_CURVE('',#5617,#5618,#1265,.T.);
#7091=EDGE_CURVE('',#5618,#5616,#1266,.T.);
#7092=EDGE_CURVE('',#5598,#5617,#1267,.T.);
#7093=EDGE_CURVE('',#5600,#5618,#1268,.T.);
#7094=EDGE_CURVE('',#5619,#5620,#1269,.T.);
#7095=EDGE_CURVE('',#5619,#5621,#1270,.T.);
#7096=EDGE_CURVE('',#5621,#5622,#1271,.T.);
#7097=EDGE_CURVE('',#5620,#5622,#1272,.T.);
#7098=EDGE_CURVE('',#5623,#5619,#1273,.T.);
#7099=EDGE_CURVE('',#5623,#5624,#1274,.T.);
#7100=EDGE_CURVE('',#5624,#5621,#1275,.T.);
#7101=EDGE_CURVE('',#5625,#5623,#1276,.T.);
#7102=EDGE_CURVE('',#5625,#5626,#1277,.T.);
#7103=EDGE_CURVE('',#5626,#5624,#1278,.T.);
#7104=EDGE_CURVE('',#5627,#5625,#1279,.T.);
#7105=EDGE_CURVE('',#5627,#5628,#1280,.T.);
#7106=EDGE_CURVE('',#5628,#5626,#1281,.T.);
#7107=EDGE_CURVE('',#5629,#5627,#1282,.T.);
#7108=EDGE_CURVE('',#5629,#5630,#1283,.T.);
#7109=EDGE_CURVE('',#5630,#5628,#1284,.T.);
#7110=EDGE_CURVE('',#5631,#5629,#1285,.T.);
#7111=EDGE_CURVE('',#5631,#5632,#1286,.T.);
#7112=EDGE_CURVE('',#5632,#5630,#1287,.T.);
#7113=EDGE_CURVE('',#5633,#5631,#1288,.T.);
#7114=EDGE_CURVE('',#5633,#5634,#1289,.T.);
#7115=EDGE_CURVE('',#5634,#5632,#1290,.T.);
#7116=EDGE_CURVE('',#5635,#5633,#1291,.T.);
#7117=EDGE_CURVE('',#5635,#5636,#1292,.T.);
#7118=EDGE_CURVE('',#5636,#5634,#1293,.T.);
#7119=EDGE_CURVE('',#5637,#5635,#1294,.T.);
#7120=EDGE_CURVE('',#5637,#5638,#1295,.T.);
#7121=EDGE_CURVE('',#5638,#5636,#1296,.T.);
#7122=EDGE_CURVE('',#5639,#5637,#1297,.T.);
#7123=EDGE_CURVE('',#5639,#5640,#1298,.T.);
#7124=EDGE_CURVE('',#5640,#5638,#1299,.T.);
#7125=EDGE_CURVE('',#5641,#5639,#1300,.T.);
#7126=EDGE_CURVE('',#5641,#5642,#1301,.T.);
#7127=EDGE_CURVE('',#5642,#5640,#1302,.T.);
#7128=EDGE_CURVE('',#5620,#5641,#1303,.T.);
#7129=EDGE_CURVE('',#5622,#5642,#1304,.T.);
#7130=EDGE_CURVE('',#5643,#5643,#4577,.T.);
#7131=EDGE_CURVE('',#5643,#5644,#1305,.T.);
#7132=EDGE_CURVE('',#5644,#5644,#4578,.T.);
#7133=EDGE_CURVE('',#5645,#5645,#4579,.T.);
#7134=EDGE_CURVE('',#5645,#5646,#1306,.T.);
#7135=EDGE_CURVE('',#5646,#5646,#4580,.T.);
#7136=EDGE_CURVE('',#5647,#5647,#4581,.T.);
#7137=EDGE_CURVE('',#5648,#5648,#4582,.T.);
#7138=EDGE_CURVE('',#5649,#5649,#4583,.T.);
#7139=EDGE_CURVE('',#5647,#5207,#1307,.T.);
#7140=EDGE_CURVE('',#5648,#5208,#1308,.T.);
#7141=EDGE_CURVE('',#5649,#5209,#1309,.T.);
#7142=EDGE_CURVE('',#5418,#5449,#1310,.T.);
#7143=EDGE_CURVE('',#5451,#5379,#1311,.T.);
#7144=EDGE_CURVE('',#5452,#5380,#1312,.T.);
#7145=EDGE_CURVE('',#5450,#5314,#1313,.T.);
#7146=EDGE_CURVE('',#4712,#5435,#1314,.T.);
#7147=EDGE_CURVE('',#4713,#5448,#1315,.T.);
#7148=EDGE_CURVE('',#4714,#5447,#1316,.T.);
#7149=EDGE_CURVE('',#4715,#5446,#1317,.T.);
#7150=EDGE_CURVE('',#4716,#5445,#1318,.T.);
#7151=EDGE_CURVE('',#4717,#5444,#1319,.T.);
#7152=EDGE_CURVE('',#4718,#5443,#1320,.T.);
#7153=EDGE_CURVE('',#4719,#5442,#1321,.T.);
#7154=EDGE_CURVE('',#4720,#5441,#1322,.T.);
#7155=EDGE_CURVE('',#4721,#5440,#1323,.T.);
#7156=EDGE_CURVE('',#4722,#5439,#1324,.T.);
#7157=EDGE_CURVE('',#4723,#5438,#1325,.T.);
#7158=EDGE_CURVE('',#5326,#5437,#1326,.T.);
#7159=EDGE_CURVE('',#4711,#5436,#1327,.T.);
#7160=EDGE_CURVE('',#5650,#5651,#1328,.T.);
#7161=EDGE_CURVE('',#5651,#5652,#1329,.T.);
#7162=EDGE_CURVE('',#5653,#5652,#1330,.T.);
#7163=EDGE_CURVE('',#5650,#5653,#1331,.T.);
#7164=EDGE_CURVE('',#5654,#5650,#1332,.T.);
#7165=EDGE_CURVE('',#5655,#5653,#1333,.T.);
#7166=EDGE_CURVE('',#5654,#5655,#1334,.T.);
#7167=EDGE_CURVE('',#5656,#5654,#1335,.T.);
#7168=EDGE_CURVE('',#5657,#5655,#1336,.T.);
#7169=EDGE_CURVE('',#5656,#5657,#1337,.T.);
#7170=EDGE_CURVE('',#5658,#5656,#1338,.T.);
#7171=EDGE_CURVE('',#5659,#5657,#1339,.T.);
#7172=EDGE_CURVE('',#5658,#5659,#1340,.T.);
#7173=EDGE_CURVE('',#5660,#5658,#1341,.T.);
#7174=EDGE_CURVE('',#5661,#5659,#1342,.T.);
#7175=EDGE_CURVE('',#5660,#5661,#1343,.T.);
#7176=EDGE_CURVE('',#5662,#5660,#1344,.T.);
#7177=EDGE_CURVE('',#5663,#5661,#1345,.T.);
#7178=EDGE_CURVE('',#5662,#5663,#1346,.T.);
#7179=EDGE_CURVE('',#5664,#5662,#1347,.T.);
#7180=EDGE_CURVE('',#5665,#5663,#1348,.T.);
#7181=EDGE_CURVE('',#5664,#5665,#1349,.T.);
#7182=EDGE_CURVE('',#5666,#5664,#1350,.T.);
#7183=EDGE_CURVE('',#5667,#5665,#1351,.T.);
#7184=EDGE_CURVE('',#5666,#5667,#1352,.T.);
#7185=EDGE_CURVE('',#5668,#5666,#1353,.T.);
#7186=EDGE_CURVE('',#5669,#5667,#1354,.T.);
#7187=EDGE_CURVE('',#5668,#5669,#1355,.T.);
#7188=EDGE_CURVE('',#5670,#5668,#1356,.T.);
#7189=EDGE_CURVE('',#5671,#5669,#1357,.T.);
#7190=EDGE_CURVE('',#5670,#5671,#1358,.T.);
#7191=EDGE_CURVE('',#5672,#5670,#1359,.T.);
#7192=EDGE_CURVE('',#5673,#5671,#1360,.T.);
#7193=EDGE_CURVE('',#5672,#5673,#1361,.T.);
#7194=EDGE_CURVE('',#5651,#5672,#1362,.T.);
#7195=EDGE_CURVE('',#5652,#5673,#1363,.T.);
#7196=EDGE_CURVE('',#5674,#5674,#4584,.T.);
#7197=EDGE_CURVE('',#5674,#5675,#1364,.T.);
#7198=EDGE_CURVE('',#5675,#5675,#4585,.T.);
#7199=EDGE_CURVE('',#5676,#5677,#1365,.T.);
#7200=EDGE_CURVE('',#5677,#5678,#1366,.T.);
#7201=EDGE_CURVE('',#5679,#5678,#1367,.T.);
#7202=EDGE_CURVE('',#5676,#5679,#1368,.T.);
#7203=EDGE_CURVE('',#5680,#5676,#1369,.T.);
#7204=EDGE_CURVE('',#5681,#5679,#1370,.T.);
#7205=EDGE_CURVE('',#5680,#5681,#1371,.T.);
#7206=EDGE_CURVE('',#5682,#5680,#1372,.T.);
#7207=EDGE_CURVE('',#5683,#5681,#1373,.T.);
#7208=EDGE_CURVE('',#5682,#5683,#1374,.T.);
#7209=EDGE_CURVE('',#5684,#5682,#1375,.T.);
#7210=EDGE_CURVE('',#5685,#5683,#1376,.T.);
#7211=EDGE_CURVE('',#5684,#5685,#1377,.T.);
#7212=EDGE_CURVE('',#5686,#5684,#1378,.T.);
#7213=EDGE_CURVE('',#5687,#5685,#1379,.T.);
#7214=EDGE_CURVE('',#5686,#5687,#1380,.T.);
#7215=EDGE_CURVE('',#5688,#5686,#1381,.T.);
#7216=EDGE_CURVE('',#5689,#5687,#1382,.T.);
#7217=EDGE_CURVE('',#5688,#5689,#1383,.T.);
#7218=EDGE_CURVE('',#5690,#5688,#1384,.T.);
#7219=EDGE_CURVE('',#5691,#5689,#1385,.T.);
#7220=EDGE_CURVE('',#5690,#5691,#1386,.T.);
#7221=EDGE_CURVE('',#5692,#5690,#1387,.T.);
#7222=EDGE_CURVE('',#5693,#5691,#1388,.T.);
#7223=EDGE_CURVE('',#5692,#5693,#1389,.T.);
#7224=EDGE_CURVE('',#5694,#5692,#1390,.T.);
#7225=EDGE_CURVE('',#5695,#5693,#1391,.T.);
#7226=EDGE_CURVE('',#5694,#5695,#1392,.T.);
#7227=EDGE_CURVE('',#5696,#5694,#1393,.T.);
#7228=EDGE_CURVE('',#5697,#5695,#1394,.T.);
#7229=EDGE_CURVE('',#5696,#5697,#1395,.T.);
#7230=EDGE_CURVE('',#5698,#5696,#1396,.T.);
#7231=EDGE_CURVE('',#5699,#5697,#1397,.T.);
#7232=EDGE_CURVE('',#5698,#5699,#1398,.T.);
#7233=EDGE_CURVE('',#5677,#5698,#1399,.T.);
#7234=EDGE_CURVE('',#5678,#5699,#1400,.T.);
#7235=EDGE_CURVE('',#5700,#5700,#4586,.T.);
#7236=EDGE_CURVE('',#5700,#5701,#1401,.T.);
#7237=EDGE_CURVE('',#5701,#5701,#4587,.T.);
#7238=EDGE_CURVE('',#5702,#5702,#4588,.T.);
#7239=EDGE_CURVE('',#5702,#5703,#4589,.T.);
#7240=EDGE_CURVE('',#5703,#5703,#4590,.T.);
#7241=EDGE_CURVE('',#5703,#5704,#1402,.T.);
#7242=EDGE_CURVE('',#5704,#5704,#4591,.T.);
#7243=EDGE_CURVE('',#5704,#5705,#4592,.T.);
#7244=EDGE_CURVE('',#5705,#5705,#4593,.T.);
#7245=EDGE_CURVE('',#5705,#5702,#1403,.T.);
#7246=EDGE_CURVE('',#5706,#5706,#4594,.T.);
#7247=EDGE_CURVE('',#5706,#5707,#1404,.T.);
#7248=EDGE_CURVE('',#5707,#5707,#4595,.T.);
#7249=EDGE_CURVE('',#5708,#5708,#4596,.T.);
#7250=EDGE_CURVE('',#5708,#5709,#1405,.T.);
#7251=EDGE_CURVE('',#5709,#5709,#4597,.T.);
#7252=EDGE_CURVE('',#5710,#5710,#4598,.T.);
#7253=EDGE_CURVE('',#5710,#5711,#1406,.T.);
#7254=EDGE_CURVE('',#5711,#5711,#4599,.T.);
#7255=EDGE_CURVE('',#5712,#5713,#1407,.T.);
#7256=EDGE_CURVE('',#5713,#5714,#1408,.T.);
#7257=EDGE_CURVE('',#5715,#5714,#1409,.T.);
#7258=EDGE_CURVE('',#5712,#5715,#1410,.T.);
#7259=EDGE_CURVE('',#5716,#5712,#4600,.T.);
#7260=EDGE_CURVE('',#5717,#5715,#4601,.T.);
#7261=EDGE_CURVE('',#5716,#5717,#1411,.T.);
#7262=EDGE_CURVE('',#5718,#5716,#1412,.T.);
#7263=EDGE_CURVE('',#5719,#5717,#1413,.T.);
#7264=EDGE_CURVE('',#5718,#5719,#1414,.T.);
#7265=EDGE_CURVE('',#5713,#5718,#4602,.T.);
#7266=EDGE_CURVE('',#5714,#5719,#4603,.T.);
#7267=EDGE_CURVE('',#5720,#5720,#4604,.T.);
#7268=EDGE_CURVE('',#5720,#5721,#1415,.T.);
#7269=EDGE_CURVE('',#5721,#5721,#4605,.T.);
#7270=EDGE_CURVE('',#5722,#5722,#4606,.T.);
#7271=EDGE_CURVE('',#5722,#5723,#1416,.T.);
#7272=EDGE_CURVE('',#5723,#5723,#4607,.T.);
#7273=ORIENTED_EDGE('',*,*,#5724,.T.);
#7274=ORIENTED_EDGE('',*,*,#5725,.T.);
#7275=ORIENTED_EDGE('',*,*,#5726,.T.);
#7276=ORIENTED_EDGE('',*,*,#5727,.T.);
#7277=ORIENTED_EDGE('',*,*,#5728,.T.);
#7278=ORIENTED_EDGE('',*,*,#5725,.F.);
#7279=ORIENTED_EDGE('',*,*,#5729,.T.);
#7280=ORIENTED_EDGE('',*,*,#5730,.T.);
#7281=ORIENTED_EDGE('',*,*,#5731,.F.);
#7282=ORIENTED_EDGE('',*,*,#5732,.F.);
#7283=ORIENTED_EDGE('',*,*,#5733,.F.);
#7284=ORIENTED_EDGE('',*,*,#5734,.F.);
#7285=ORIENTED_EDGE('',*,*,#5735,.F.);
#7286=ORIENTED_EDGE('',*,*,#5736,.F.);
#7287=ORIENTED_EDGE('',*,*,#5737,.F.);
#7288=ORIENTED_EDGE('',*,*,#5738,.F.);
#7289=ORIENTED_EDGE('',*,*,#5739,.F.);
#7290=ORIENTED_EDGE('',*,*,#5740,.F.);
#7291=ORIENTED_EDGE('',*,*,#5741,.F.);
#7292=ORIENTED_EDGE('',*,*,#5742,.F.);
#7293=ORIENTED_EDGE('',*,*,#5743,.F.);
#7294=ORIENTED_EDGE('',*,*,#5744,.F.);
#7295=ORIENTED_EDGE('',*,*,#5745,.F.);
#7296=ORIENTED_EDGE('',*,*,#5746,.T.);
#7297=ORIENTED_EDGE('',*,*,#5747,.T.);
#7298=ORIENTED_EDGE('',*,*,#5748,.F.);
#7299=ORIENTED_EDGE('',*,*,#5749,.T.);
#7300=ORIENTED_EDGE('',*,*,#5750,.T.);
#7301=ORIENTED_EDGE('',*,*,#5751,.T.);
#7302=ORIENTED_EDGE('',*,*,#5752,.F.);
#7303=ORIENTED_EDGE('',*,*,#5753,.T.);
#7304=ORIENTED_EDGE('',*,*,#5754,.T.);
#7305=ORIENTED_EDGE('',*,*,#5755,.T.);
#7306=ORIENTED_EDGE('',*,*,#5756,.F.);
#7307=ORIENTED_EDGE('',*,*,#5757,.T.);
#7308=ORIENTED_EDGE('',*,*,#5758,.T.);
#7309=ORIENTED_EDGE('',*,*,#5759,.F.);
#7310=ORIENTED_EDGE('',*,*,#5760,.F.);
#7311=ORIENTED_EDGE('',*,*,#5761,.T.);
#7312=ORIENTED_EDGE('',*,*,#5762,.T.);
#7313=ORIENTED_EDGE('',*,*,#5763,.T.);
#7314=ORIENTED_EDGE('',*,*,#5764,.F.);
#7315=ORIENTED_EDGE('',*,*,#5765,.F.);
#7316=ORIENTED_EDGE('',*,*,#5766,.F.);
#7317=ORIENTED_EDGE('',*,*,#5767,.T.);
#7318=ORIENTED_EDGE('',*,*,#5768,.T.);
#7319=ORIENTED_EDGE('',*,*,#5769,.F.);
#7320=ORIENTED_EDGE('',*,*,#5770,.F.);
#7321=ORIENTED_EDGE('',*,*,#5771,.T.);
#7322=ORIENTED_EDGE('',*,*,#5772,.T.);
#7323=ORIENTED_EDGE('',*,*,#5773,.T.);
#7324=ORIENTED_EDGE('',*,*,#5774,.F.);
#7325=ORIENTED_EDGE('',*,*,#5775,.F.);
#7326=ORIENTED_EDGE('',*,*,#5776,.F.);
#7327=ORIENTED_EDGE('',*,*,#5777,.F.);
#7328=ORIENTED_EDGE('',*,*,#5778,.F.);
#7329=ORIENTED_EDGE('',*,*,#5779,.T.);
#7330=ORIENTED_EDGE('',*,*,#5780,.T.);
#7331=ORIENTED_EDGE('',*,*,#5781,.F.);
#7332=ORIENTED_EDGE('',*,*,#5782,.F.);
#7333=ORIENTED_EDGE('',*,*,#5783,.F.);
#7334=ORIENTED_EDGE('',*,*,#5784,.T.);
#7335=ORIENTED_EDGE('',*,*,#5785,.F.);
#7336=ORIENTED_EDGE('',*,*,#5786,.T.);
#7337=ORIENTED_EDGE('',*,*,#5783,.T.);
#7338=ORIENTED_EDGE('',*,*,#5787,.T.);
#7339=ORIENTED_EDGE('',*,*,#5726,.F.);
#7340=ORIENTED_EDGE('',*,*,#5728,.F.);
#7341=ORIENTED_EDGE('',*,*,#5788,.T.);
#7342=ORIENTED_EDGE('',*,*,#5789,.T.);
#7343=ORIENTED_EDGE('',*,*,#5790,.T.);
#7344=ORIENTED_EDGE('',*,*,#5791,.T.);
#7345=ORIENTED_EDGE('',*,*,#5792,.F.);
#7346=ORIENTED_EDGE('',*,*,#5793,.T.);
#7347=ORIENTED_EDGE('',*,*,#5727,.F.);
#7348=ORIENTED_EDGE('',*,*,#5787,.F.);
#7349=ORIENTED_EDGE('',*,*,#5786,.F.);
#7350=ORIENTED_EDGE('',*,*,#5794,.F.);
#7351=ORIENTED_EDGE('',*,*,#5792,.T.);
#7352=ORIENTED_EDGE('',*,*,#5795,.T.);
#7353=ORIENTED_EDGE('',*,*,#5796,.T.);
#7354=ORIENTED_EDGE('',*,*,#5797,.T.);
#7355=ORIENTED_EDGE('',*,*,#5795,.F.);
#7356=ORIENTED_EDGE('',*,*,#5791,.F.);
#7357=ORIENTED_EDGE('',*,*,#5798,.F.);
#7358=ORIENTED_EDGE('',*,*,#5799,.F.);
#7359=ORIENTED_EDGE('',*,*,#5790,.F.);
#7360=ORIENTED_EDGE('',*,*,#5800,.T.);
#7361=ORIENTED_EDGE('',*,*,#5801,.F.);
#7362=ORIENTED_EDGE('',*,*,#5798,.T.);
#7363=ORIENTED_EDGE('',*,*,#5802,.T.);
#7364=ORIENTED_EDGE('',*,*,#5748,.T.);
#7365=ORIENTED_EDGE('',*,*,#5803,.T.);
#7366=ORIENTED_EDGE('',*,*,#5804,.T.);
#7367=ORIENTED_EDGE('',*,*,#5805,.F.);
#7368=ORIENTED_EDGE('',*,*,#5806,.T.);
#7369=ORIENTED_EDGE('',*,*,#5807,.F.);
#7370=ORIENTED_EDGE('',*,*,#5808,.T.);
#7371=ORIENTED_EDGE('',*,*,#5807,.T.);
#7372=ORIENTED_EDGE('',*,*,#5809,.T.);
#7373=ORIENTED_EDGE('',*,*,#5810,.F.);
#7374=ORIENTED_EDGE('',*,*,#5811,.T.);
#7375=ORIENTED_EDGE('',*,*,#5812,.T.);
#7376=ORIENTED_EDGE('',*,*,#5813,.T.);
#7377=ORIENTED_EDGE('',*,*,#5814,.F.);
#7378=ORIENTED_EDGE('',*,*,#5749,.F.);
#7379=ORIENTED_EDGE('',*,*,#5802,.F.);
#7380=ORIENTED_EDGE('',*,*,#5815,.T.);
#7381=ORIENTED_EDGE('',*,*,#5806,.F.);
#7382=ORIENTED_EDGE('',*,*,#5816,.F.);
#7383=ORIENTED_EDGE('',*,*,#5817,.F.);
#7384=ORIENTED_EDGE('',*,*,#5809,.F.);
#7385=ORIENTED_EDGE('',*,*,#5818,.T.);
#7386=ORIENTED_EDGE('',*,*,#5819,.T.);
#7387=ORIENTED_EDGE('',*,*,#5810,.T.);
#7388=ORIENTED_EDGE('',*,*,#5817,.T.);
#7389=ORIENTED_EDGE('',*,*,#5819,.F.);
#7390=ORIENTED_EDGE('',*,*,#5820,.F.);
#7391=ORIENTED_EDGE('',*,*,#5821,.F.);
#7392=ORIENTED_EDGE('',*,*,#5811,.F.);
#7393=ORIENTED_EDGE('',*,*,#5822,.F.);
#7394=ORIENTED_EDGE('',*,*,#5823,.T.);
#7395=ORIENTED_EDGE('',*,*,#5812,.F.);
#7396=ORIENTED_EDGE('',*,*,#5821,.T.);
#7397=ORIENTED_EDGE('',*,*,#5805,.T.);
#7398=ORIENTED_EDGE('',*,*,#5824,.T.);
#7399=ORIENTED_EDGE('',*,*,#5803,.F.);
#7400=ORIENTED_EDGE('',*,*,#5747,.F.);
#7401=ORIENTED_EDGE('',*,*,#5825,.T.);
#7402=ORIENTED_EDGE('',*,*,#5826,.T.);
#7403=ORIENTED_EDGE('',*,*,#5827,.T.);
#7404=ORIENTED_EDGE('',*,*,#5828,.T.);
#7405=ORIENTED_EDGE('',*,*,#5822,.T.);
#7406=ORIENTED_EDGE('',*,*,#5820,.T.);
#7407=ORIENTED_EDGE('',*,*,#5818,.F.);
#7408=ORIENTED_EDGE('',*,*,#5816,.T.);
#7409=ORIENTED_EDGE('',*,*,#5829,.T.);
#7410=ORIENTED_EDGE('',*,*,#5830,.T.);
#7411=ORIENTED_EDGE('',*,*,#5831,.T.);
#7412=ORIENTED_EDGE('',*,*,#5832,.T.);
#7413=ORIENTED_EDGE('',*,*,#5830,.F.);
#7414=ORIENTED_EDGE('',*,*,#5833,.F.);
#7415=ORIENTED_EDGE('',*,*,#5834,.F.);
#7416=ORIENTED_EDGE('',*,*,#5835,.F.);
#7417=ORIENTED_EDGE('',*,*,#5836,.F.);
#7418=ORIENTED_EDGE('',*,*,#5837,.T.);
#7419=ORIENTED_EDGE('',*,*,#5838,.F.);
#7420=ORIENTED_EDGE('',*,*,#5839,.T.);
#7421=ORIENTED_EDGE('',*,*,#5838,.T.);
#7422=ORIENTED_EDGE('',*,*,#5840,.T.);
#7423=ORIENTED_EDGE('',*,*,#5841,.F.);
#7424=ORIENTED_EDGE('',*,*,#5842,.T.);
#7425=ORIENTED_EDGE('',*,*,#5843,.T.);
#7426=ORIENTED_EDGE('',*,*,#5844,.T.);
#7427=ORIENTED_EDGE('',*,*,#5845,.F.);
#7428=ORIENTED_EDGE('',*,*,#5757,.F.);
#7429=ORIENTED_EDGE('',*,*,#5846,.F.);
#7430=ORIENTED_EDGE('',*,*,#5847,.T.);
#7431=ORIENTED_EDGE('',*,*,#5837,.F.);
#7432=ORIENTED_EDGE('',*,*,#5848,.F.);
#7433=ORIENTED_EDGE('',*,*,#5849,.F.);
#7434=ORIENTED_EDGE('',*,*,#5840,.F.);
#7435=ORIENTED_EDGE('',*,*,#5846,.T.);
#7436=ORIENTED_EDGE('',*,*,#5756,.T.);
#7437=ORIENTED_EDGE('',*,*,#5850,.T.);
#7438=ORIENTED_EDGE('',*,*,#5851,.T.);
#7439=ORIENTED_EDGE('',*,*,#5852,.T.);
#7440=ORIENTED_EDGE('',*,*,#5853,.T.);
#7441=ORIENTED_EDGE('',*,*,#5841,.T.);
#7442=ORIENTED_EDGE('',*,*,#5849,.T.);
#7443=ORIENTED_EDGE('',*,*,#5853,.F.);
#7444=ORIENTED_EDGE('',*,*,#5854,.F.);
#7445=ORIENTED_EDGE('',*,*,#5855,.F.);
#7446=ORIENTED_EDGE('',*,*,#5842,.F.);
#7447=ORIENTED_EDGE('',*,*,#5856,.F.);
#7448=ORIENTED_EDGE('',*,*,#5857,.T.);
#7449=ORIENTED_EDGE('',*,*,#5843,.F.);
#7450=ORIENTED_EDGE('',*,*,#5855,.T.);
#7451=ORIENTED_EDGE('',*,*,#5836,.T.);
#7452=ORIENTED_EDGE('',*,*,#5858,.T.);
#7453=ORIENTED_EDGE('',*,*,#5850,.F.);
#7454=ORIENTED_EDGE('',*,*,#5755,.F.);
#7455=ORIENTED_EDGE('',*,*,#5859,.T.);
#7456=ORIENTED_EDGE('',*,*,#5860,.T.);
#7457=ORIENTED_EDGE('',*,*,#5856,.T.);
#7458=ORIENTED_EDGE('',*,*,#5854,.T.);
#7459=ORIENTED_EDGE('',*,*,#5852,.F.);
#7460=ORIENTED_EDGE('',*,*,#5848,.T.);
#7461=ORIENTED_EDGE('',*,*,#5861,.T.);
#7462=ORIENTED_EDGE('',*,*,#5752,.T.);
#7463=ORIENTED_EDGE('',*,*,#5862,.T.);
#7464=ORIENTED_EDGE('',*,*,#5863,.T.);
#7465=ORIENTED_EDGE('',*,*,#5864,.F.);
#7466=ORIENTED_EDGE('',*,*,#5865,.T.);
#7467=ORIENTED_EDGE('',*,*,#5866,.F.);
#7468=ORIENTED_EDGE('',*,*,#5834,.T.);
#7469=ORIENTED_EDGE('',*,*,#5864,.T.);
#7470=ORIENTED_EDGE('',*,*,#5833,.T.);
#7471=ORIENTED_EDGE('',*,*,#5829,.F.);
#7472=ORIENTED_EDGE('',*,*,#5867,.T.);
#7473=ORIENTED_EDGE('',*,*,#5868,.T.);
#7474=ORIENTED_EDGE('',*,*,#5869,.T.);
#7475=ORIENTED_EDGE('',*,*,#5862,.F.);
#7476=ORIENTED_EDGE('',*,*,#5751,.F.);
#7477=ORIENTED_EDGE('',*,*,#5870,.T.);
#7478=ORIENTED_EDGE('',*,*,#5871,.T.);
#7479=ORIENTED_EDGE('',*,*,#5868,.F.);
#7480=ORIENTED_EDGE('',*,*,#5872,.T.);
#7481=ORIENTED_EDGE('',*,*,#5873,.F.);
#7482=ORIENTED_EDGE('',*,*,#5874,.T.);
#7483=ORIENTED_EDGE('',*,*,#5866,.T.);
#7484=ORIENTED_EDGE('',*,*,#5875,.T.);
#7485=ORIENTED_EDGE('',*,*,#5876,.F.);
#7486=ORIENTED_EDGE('',*,*,#5753,.F.);
#7487=ORIENTED_EDGE('',*,*,#5861,.F.);
#7488=ORIENTED_EDGE('',*,*,#5877,.T.);
#7489=ORIENTED_EDGE('',*,*,#5873,.T.);
#7490=ORIENTED_EDGE('',*,*,#5878,.T.);
#7491=ORIENTED_EDGE('',*,*,#5831,.F.);
#7492=ORIENTED_EDGE('',*,*,#5835,.T.);
#7493=ORIENTED_EDGE('',*,*,#5832,.F.);
#7494=ORIENTED_EDGE('',*,*,#5878,.F.);
#7495=ORIENTED_EDGE('',*,*,#5872,.F.);
#7496=ORIENTED_EDGE('',*,*,#5867,.F.);
#7497=ORIENTED_EDGE('',*,*,#5879,.F.);
#7498=ORIENTED_EDGE('',*,*,#5880,.T.);
#7499=ORIENTED_EDGE('',*,*,#5881,.F.);
#7500=ORIENTED_EDGE('',*,*,#5880,.F.);
#7501=ORIENTED_EDGE('',*,*,#5879,.T.);
#7502=ORIENTED_EDGE('',*,*,#5882,.T.);
#7503=ORIENTED_EDGE('',*,*,#5883,.T.);
#7504=ORIENTED_EDGE('',*,*,#5884,.F.);
#7505=ORIENTED_EDGE('',*,*,#5885,.F.);
#7506=ORIENTED_EDGE('',*,*,#5886,.T.);
#7507=ORIENTED_EDGE('',*,*,#5885,.T.);
#7508=ORIENTED_EDGE('',*,*,#5887,.F.);
#7509=ORIENTED_EDGE('',*,*,#5888,.F.);
#7510=ORIENTED_EDGE('',*,*,#5889,.F.);
#7511=ORIENTED_EDGE('',*,*,#5888,.T.);
#7512=ORIENTED_EDGE('',*,*,#5890,.F.);
#7513=ORIENTED_EDGE('',*,*,#5891,.F.);
#7514=ORIENTED_EDGE('',*,*,#5892,.T.);
#7515=ORIENTED_EDGE('',*,*,#5891,.T.);
#7516=ORIENTED_EDGE('',*,*,#5893,.F.);
#7517=ORIENTED_EDGE('',*,*,#5894,.F.);
#7518=ORIENTED_EDGE('',*,*,#5895,.F.);
#7519=ORIENTED_EDGE('',*,*,#5894,.T.);
#7520=ORIENTED_EDGE('',*,*,#5896,.F.);
#7521=ORIENTED_EDGE('',*,*,#5897,.F.);
#7522=ORIENTED_EDGE('',*,*,#5898,.F.);
#7523=ORIENTED_EDGE('',*,*,#5897,.T.);
#7524=ORIENTED_EDGE('',*,*,#5899,.F.);
#7525=ORIENTED_EDGE('',*,*,#5900,.F.);
#7526=ORIENTED_EDGE('',*,*,#5901,.T.);
#7527=ORIENTED_EDGE('',*,*,#5900,.T.);
#7528=ORIENTED_EDGE('',*,*,#5902,.F.);
#7529=ORIENTED_EDGE('',*,*,#5903,.F.);
#7530=ORIENTED_EDGE('',*,*,#5904,.F.);
#7531=ORIENTED_EDGE('',*,*,#5903,.T.);
#7532=ORIENTED_EDGE('',*,*,#5905,.F.);
#7533=ORIENTED_EDGE('',*,*,#5906,.F.);
#7534=ORIENTED_EDGE('',*,*,#5907,.F.);
#7535=ORIENTED_EDGE('',*,*,#5906,.T.);
#7536=ORIENTED_EDGE('',*,*,#5908,.F.);
#7537=ORIENTED_EDGE('',*,*,#5909,.F.);
#7538=ORIENTED_EDGE('',*,*,#5910,.T.);
#7539=ORIENTED_EDGE('',*,*,#5909,.T.);
#7540=ORIENTED_EDGE('',*,*,#5911,.F.);
#7541=ORIENTED_EDGE('',*,*,#5912,.F.);
#7542=ORIENTED_EDGE('',*,*,#5913,.T.);
#7543=ORIENTED_EDGE('',*,*,#5912,.T.);
#7544=ORIENTED_EDGE('',*,*,#5914,.F.);
#7545=ORIENTED_EDGE('',*,*,#5915,.F.);
#7546=ORIENTED_EDGE('',*,*,#5916,.F.);
#7547=ORIENTED_EDGE('',*,*,#5915,.T.);
#7548=ORIENTED_EDGE('',*,*,#5917,.F.);
#7549=ORIENTED_EDGE('',*,*,#5883,.F.);
#7550=ORIENTED_EDGE('',*,*,#5918,.F.);
#7551=ORIENTED_EDGE('',*,*,#5919,.T.);
#7552=ORIENTED_EDGE('',*,*,#5920,.F.);
#7553=ORIENTED_EDGE('',*,*,#5919,.F.);
#7554=ORIENTED_EDGE('',*,*,#5918,.T.);
#7555=ORIENTED_EDGE('',*,*,#5917,.T.);
#7556=ORIENTED_EDGE('',*,*,#5914,.T.);
#7557=ORIENTED_EDGE('',*,*,#5911,.T.);
#7558=ORIENTED_EDGE('',*,*,#5908,.T.);
#7559=ORIENTED_EDGE('',*,*,#5905,.T.);
#7560=ORIENTED_EDGE('',*,*,#5902,.T.);
#7561=ORIENTED_EDGE('',*,*,#5899,.T.);
#7562=ORIENTED_EDGE('',*,*,#5896,.T.);
#7563=ORIENTED_EDGE('',*,*,#5893,.T.);
#7564=ORIENTED_EDGE('',*,*,#5890,.T.);
#7565=ORIENTED_EDGE('',*,*,#5887,.T.);
#7566=ORIENTED_EDGE('',*,*,#5884,.T.);
#7567=ORIENTED_EDGE('',*,*,#5921,.T.);
#7568=ORIENTED_EDGE('',*,*,#5922,.T.);
#7569=ORIENTED_EDGE('',*,*,#5923,.F.);
#7570=ORIENTED_EDGE('',*,*,#5924,.F.);
#7571=ORIENTED_EDGE('',*,*,#5925,.F.);
#7572=ORIENTED_EDGE('',*,*,#5924,.T.);
#7573=ORIENTED_EDGE('',*,*,#5926,.F.);
#7574=ORIENTED_EDGE('',*,*,#5927,.F.);
#7575=ORIENTED_EDGE('',*,*,#5928,.F.);
#7576=ORIENTED_EDGE('',*,*,#5927,.T.);
#7577=ORIENTED_EDGE('',*,*,#5929,.F.);
#7578=ORIENTED_EDGE('',*,*,#5930,.F.);
#7579=ORIENTED_EDGE('',*,*,#5931,.T.);
#7580=ORIENTED_EDGE('',*,*,#5930,.T.);
#7581=ORIENTED_EDGE('',*,*,#5932,.F.);
#7582=ORIENTED_EDGE('',*,*,#5933,.F.);
#7583=ORIENTED_EDGE('',*,*,#5934,.T.);
#7584=ORIENTED_EDGE('',*,*,#5933,.T.);
#7585=ORIENTED_EDGE('',*,*,#5935,.F.);
#7586=ORIENTED_EDGE('',*,*,#5936,.F.);
#7587=ORIENTED_EDGE('',*,*,#5937,.F.);
#7588=ORIENTED_EDGE('',*,*,#5936,.T.);
#7589=ORIENTED_EDGE('',*,*,#5938,.F.);
#7590=ORIENTED_EDGE('',*,*,#5939,.F.);
#7591=ORIENTED_EDGE('',*,*,#5940,.T.);
#7592=ORIENTED_EDGE('',*,*,#5939,.T.);
#7593=ORIENTED_EDGE('',*,*,#5941,.F.);
#7594=ORIENTED_EDGE('',*,*,#5942,.F.);
#7595=ORIENTED_EDGE('',*,*,#5943,.T.);
#7596=ORIENTED_EDGE('',*,*,#5942,.T.);
#7597=ORIENTED_EDGE('',*,*,#5944,.F.);
#7598=ORIENTED_EDGE('',*,*,#5945,.F.);
#7599=ORIENTED_EDGE('',*,*,#5946,.F.);
#7600=ORIENTED_EDGE('',*,*,#5945,.T.);
#7601=ORIENTED_EDGE('',*,*,#5947,.F.);
#7602=ORIENTED_EDGE('',*,*,#5948,.F.);
#7603=ORIENTED_EDGE('',*,*,#5949,.T.);
#7604=ORIENTED_EDGE('',*,*,#5948,.T.);
#7605=ORIENTED_EDGE('',*,*,#5950,.F.);
#7606=ORIENTED_EDGE('',*,*,#5951,.F.);
#7607=ORIENTED_EDGE('',*,*,#5952,.F.);
#7608=ORIENTED_EDGE('',*,*,#5951,.T.);
#7609=ORIENTED_EDGE('',*,*,#5953,.F.);
#7610=ORIENTED_EDGE('',*,*,#5954,.F.);
#7611=ORIENTED_EDGE('',*,*,#5955,.F.);
#7612=ORIENTED_EDGE('',*,*,#5954,.T.);
#7613=ORIENTED_EDGE('',*,*,#5956,.F.);
#7614=ORIENTED_EDGE('',*,*,#5922,.F.);
#7615=ORIENTED_EDGE('',*,*,#5957,.F.);
#7616=ORIENTED_EDGE('',*,*,#5958,.T.);
#7617=ORIENTED_EDGE('',*,*,#5959,.F.);
#7618=ORIENTED_EDGE('',*,*,#5958,.F.);
#7619=ORIENTED_EDGE('',*,*,#5957,.T.);
#7620=ORIENTED_EDGE('',*,*,#5956,.T.);
#7621=ORIENTED_EDGE('',*,*,#5953,.T.);
#7622=ORIENTED_EDGE('',*,*,#5950,.T.);
#7623=ORIENTED_EDGE('',*,*,#5947,.T.);
#7624=ORIENTED_EDGE('',*,*,#5944,.T.);
#7625=ORIENTED_EDGE('',*,*,#5941,.T.);
#7626=ORIENTED_EDGE('',*,*,#5938,.T.);
#7627=ORIENTED_EDGE('',*,*,#5935,.T.);
#7628=ORIENTED_EDGE('',*,*,#5932,.T.);
#7629=ORIENTED_EDGE('',*,*,#5929,.T.);
#7630=ORIENTED_EDGE('',*,*,#5926,.T.);
#7631=ORIENTED_EDGE('',*,*,#5923,.T.);
#7632=ORIENTED_EDGE('',*,*,#5960,.T.);
#7633=ORIENTED_EDGE('',*,*,#5961,.T.);
#7634=ORIENTED_EDGE('',*,*,#5962,.F.);
#7635=ORIENTED_EDGE('',*,*,#5963,.F.);
#7636=ORIENTED_EDGE('',*,*,#5964,.T.);
#7637=ORIENTED_EDGE('',*,*,#5963,.T.);
#7638=ORIENTED_EDGE('',*,*,#5965,.F.);
#7639=ORIENTED_EDGE('',*,*,#5966,.F.);
#7640=ORIENTED_EDGE('',*,*,#5967,.F.);
#7641=ORIENTED_EDGE('',*,*,#5966,.T.);
#7642=ORIENTED_EDGE('',*,*,#5968,.F.);
#7643=ORIENTED_EDGE('',*,*,#5969,.F.);
#7644=ORIENTED_EDGE('',*,*,#5970,.T.);
#7645=ORIENTED_EDGE('',*,*,#5969,.T.);
#7646=ORIENTED_EDGE('',*,*,#5971,.F.);
#7647=ORIENTED_EDGE('',*,*,#5972,.F.);
#7648=ORIENTED_EDGE('',*,*,#5973,.F.);
#7649=ORIENTED_EDGE('',*,*,#5972,.T.);
#7650=ORIENTED_EDGE('',*,*,#5974,.F.);
#7651=ORIENTED_EDGE('',*,*,#5975,.F.);
#7652=ORIENTED_EDGE('',*,*,#5976,.F.);
#7653=ORIENTED_EDGE('',*,*,#5975,.T.);
#7654=ORIENTED_EDGE('',*,*,#5977,.F.);
#7655=ORIENTED_EDGE('',*,*,#5978,.F.);
#7656=ORIENTED_EDGE('',*,*,#5979,.T.);
#7657=ORIENTED_EDGE('',*,*,#5978,.T.);
#7658=ORIENTED_EDGE('',*,*,#5980,.F.);
#7659=ORIENTED_EDGE('',*,*,#5981,.F.);
#7660=ORIENTED_EDGE('',*,*,#5982,.F.);
#7661=ORIENTED_EDGE('',*,*,#5981,.T.);
#7662=ORIENTED_EDGE('',*,*,#5983,.F.);
#7663=ORIENTED_EDGE('',*,*,#5984,.F.);
#7664=ORIENTED_EDGE('',*,*,#5985,.F.);
#7665=ORIENTED_EDGE('',*,*,#5984,.T.);
#7666=ORIENTED_EDGE('',*,*,#5986,.F.);
#7667=ORIENTED_EDGE('',*,*,#5987,.F.);
#7668=ORIENTED_EDGE('',*,*,#5988,.T.);
#7669=ORIENTED_EDGE('',*,*,#5987,.T.);
#7670=ORIENTED_EDGE('',*,*,#5989,.F.);
#7671=ORIENTED_EDGE('',*,*,#5990,.F.);
#7672=ORIENTED_EDGE('',*,*,#5991,.T.);
#7673=ORIENTED_EDGE('',*,*,#5990,.T.);
#7674=ORIENTED_EDGE('',*,*,#5992,.F.);
#7675=ORIENTED_EDGE('',*,*,#5993,.F.);
#7676=ORIENTED_EDGE('',*,*,#5994,.F.);
#7677=ORIENTED_EDGE('',*,*,#5993,.T.);
#7678=ORIENTED_EDGE('',*,*,#5995,.F.);
#7679=ORIENTED_EDGE('',*,*,#5961,.F.);
#7680=ORIENTED_EDGE('',*,*,#5996,.F.);
#7681=ORIENTED_EDGE('',*,*,#5997,.T.);
#7682=ORIENTED_EDGE('',*,*,#5998,.F.);
#7683=ORIENTED_EDGE('',*,*,#5997,.F.);
#7684=ORIENTED_EDGE('',*,*,#5996,.T.);
#7685=ORIENTED_EDGE('',*,*,#5995,.T.);
#7686=ORIENTED_EDGE('',*,*,#5992,.T.);
#7687=ORIENTED_EDGE('',*,*,#5989,.T.);
#7688=ORIENTED_EDGE('',*,*,#5986,.T.);
#7689=ORIENTED_EDGE('',*,*,#5983,.T.);
#7690=ORIENTED_EDGE('',*,*,#5980,.T.);
#7691=ORIENTED_EDGE('',*,*,#5977,.T.);
#7692=ORIENTED_EDGE('',*,*,#5974,.T.);
#7693=ORIENTED_EDGE('',*,*,#5971,.T.);
#7694=ORIENTED_EDGE('',*,*,#5968,.T.);
#7695=ORIENTED_EDGE('',*,*,#5965,.T.);
#7696=ORIENTED_EDGE('',*,*,#5962,.T.);
#7697=ORIENTED_EDGE('',*,*,#5999,.T.);
#7698=ORIENTED_EDGE('',*,*,#6000,.T.);
#7699=ORIENTED_EDGE('',*,*,#6001,.F.);
#7700=ORIENTED_EDGE('',*,*,#6002,.F.);
#7701=ORIENTED_EDGE('',*,*,#6003,.F.);
#7702=ORIENTED_EDGE('',*,*,#6002,.T.);
#7703=ORIENTED_EDGE('',*,*,#6004,.F.);
#7704=ORIENTED_EDGE('',*,*,#6005,.F.);
#7705=ORIENTED_EDGE('',*,*,#6006,.F.);
#7706=ORIENTED_EDGE('',*,*,#6005,.T.);
#7707=ORIENTED_EDGE('',*,*,#6007,.F.);
#7708=ORIENTED_EDGE('',*,*,#6008,.F.);
#7709=ORIENTED_EDGE('',*,*,#6009,.T.);
#7710=ORIENTED_EDGE('',*,*,#6008,.T.);
#7711=ORIENTED_EDGE('',*,*,#6010,.F.);
#7712=ORIENTED_EDGE('',*,*,#6011,.F.);
#7713=ORIENTED_EDGE('',*,*,#6012,.T.);
#7714=ORIENTED_EDGE('',*,*,#6011,.T.);
#7715=ORIENTED_EDGE('',*,*,#6013,.F.);
#7716=ORIENTED_EDGE('',*,*,#6014,.F.);
#7717=ORIENTED_EDGE('',*,*,#6015,.F.);
#7718=ORIENTED_EDGE('',*,*,#6014,.T.);
#7719=ORIENTED_EDGE('',*,*,#6016,.F.);
#7720=ORIENTED_EDGE('',*,*,#6017,.F.);
#7721=ORIENTED_EDGE('',*,*,#6018,.T.);
#7722=ORIENTED_EDGE('',*,*,#6017,.T.);
#7723=ORIENTED_EDGE('',*,*,#6019,.F.);
#7724=ORIENTED_EDGE('',*,*,#6020,.F.);
#7725=ORIENTED_EDGE('',*,*,#6021,.T.);
#7726=ORIENTED_EDGE('',*,*,#6020,.T.);
#7727=ORIENTED_EDGE('',*,*,#6022,.F.);
#7728=ORIENTED_EDGE('',*,*,#6023,.F.);
#7729=ORIENTED_EDGE('',*,*,#6024,.F.);
#7730=ORIENTED_EDGE('',*,*,#6023,.T.);
#7731=ORIENTED_EDGE('',*,*,#6025,.F.);
#7732=ORIENTED_EDGE('',*,*,#6026,.F.);
#7733=ORIENTED_EDGE('',*,*,#6027,.T.);
#7734=ORIENTED_EDGE('',*,*,#6026,.T.);
#7735=ORIENTED_EDGE('',*,*,#6028,.F.);
#7736=ORIENTED_EDGE('',*,*,#6029,.F.);
#7737=ORIENTED_EDGE('',*,*,#6030,.F.);
#7738=ORIENTED_EDGE('',*,*,#6029,.T.);
#7739=ORIENTED_EDGE('',*,*,#6031,.F.);
#7740=ORIENTED_EDGE('',*,*,#6032,.F.);
#7741=ORIENTED_EDGE('',*,*,#6033,.F.);
#7742=ORIENTED_EDGE('',*,*,#6032,.T.);
#7743=ORIENTED_EDGE('',*,*,#6034,.F.);
#7744=ORIENTED_EDGE('',*,*,#6000,.F.);
#7745=ORIENTED_EDGE('',*,*,#6035,.F.);
#7746=ORIENTED_EDGE('',*,*,#6036,.T.);
#7747=ORIENTED_EDGE('',*,*,#6037,.F.);
#7748=ORIENTED_EDGE('',*,*,#6036,.F.);
#7749=ORIENTED_EDGE('',*,*,#6035,.T.);
#7750=ORIENTED_EDGE('',*,*,#6034,.T.);
#7751=ORIENTED_EDGE('',*,*,#6031,.T.);
#7752=ORIENTED_EDGE('',*,*,#6028,.T.);
#7753=ORIENTED_EDGE('',*,*,#6025,.T.);
#7754=ORIENTED_EDGE('',*,*,#6022,.T.);
#7755=ORIENTED_EDGE('',*,*,#6019,.T.);
#7756=ORIENTED_EDGE('',*,*,#6016,.T.);
#7757=ORIENTED_EDGE('',*,*,#6013,.T.);
#7758=ORIENTED_EDGE('',*,*,#6010,.T.);
#7759=ORIENTED_EDGE('',*,*,#6007,.T.);
#7760=ORIENTED_EDGE('',*,*,#6004,.T.);
#7761=ORIENTED_EDGE('',*,*,#6001,.T.);
#7762=ORIENTED_EDGE('',*,*,#6021,.F.);
#7763=ORIENTED_EDGE('',*,*,#6024,.T.);
#7764=ORIENTED_EDGE('',*,*,#6027,.F.);
#7765=ORIENTED_EDGE('',*,*,#6030,.T.);
#7766=ORIENTED_EDGE('',*,*,#6033,.T.);
#7767=ORIENTED_EDGE('',*,*,#5999,.F.);
#7768=ORIENTED_EDGE('',*,*,#6003,.T.);
#7769=ORIENTED_EDGE('',*,*,#6006,.T.);
#7770=ORIENTED_EDGE('',*,*,#6009,.F.);
#7771=ORIENTED_EDGE('',*,*,#6012,.F.);
#7772=ORIENTED_EDGE('',*,*,#6015,.T.);
#7773=ORIENTED_EDGE('',*,*,#6018,.F.);
#7774=ORIENTED_EDGE('',*,*,#5973,.T.);
#7775=ORIENTED_EDGE('',*,*,#5976,.T.);
#7776=ORIENTED_EDGE('',*,*,#5979,.F.);
#7777=ORIENTED_EDGE('',*,*,#5982,.T.);
#7778=ORIENTED_EDGE('',*,*,#5985,.T.);
#7779=ORIENTED_EDGE('',*,*,#5988,.F.);
#7780=ORIENTED_EDGE('',*,*,#5991,.F.);
#7781=ORIENTED_EDGE('',*,*,#5994,.T.);
#7782=ORIENTED_EDGE('',*,*,#5960,.F.);
#7783=ORIENTED_EDGE('',*,*,#5964,.F.);
#7784=ORIENTED_EDGE('',*,*,#5967,.T.);
#7785=ORIENTED_EDGE('',*,*,#5970,.F.);
#7786=ORIENTED_EDGE('',*,*,#5943,.F.);
#7787=ORIENTED_EDGE('',*,*,#5946,.T.);
#7788=ORIENTED_EDGE('',*,*,#5949,.F.);
#7789=ORIENTED_EDGE('',*,*,#5952,.T.);
#7790=ORIENTED_EDGE('',*,*,#5955,.T.);
#7791=ORIENTED_EDGE('',*,*,#5921,.F.);
#7792=ORIENTED_EDGE('',*,*,#5925,.T.);
#7793=ORIENTED_EDGE('',*,*,#5928,.T.);
#7794=ORIENTED_EDGE('',*,*,#5931,.F.);
#7795=ORIENTED_EDGE('',*,*,#5934,.F.);
#7796=ORIENTED_EDGE('',*,*,#5937,.T.);
#7797=ORIENTED_EDGE('',*,*,#5940,.F.);
#7798=ORIENTED_EDGE('',*,*,#5895,.T.);
#7799=ORIENTED_EDGE('',*,*,#5898,.T.);
#7800=ORIENTED_EDGE('',*,*,#5901,.F.);
#7801=ORIENTED_EDGE('',*,*,#5904,.T.);
#7802=ORIENTED_EDGE('',*,*,#5907,.T.);
#7803=ORIENTED_EDGE('',*,*,#5910,.F.);
#7804=ORIENTED_EDGE('',*,*,#5913,.F.);
#7805=ORIENTED_EDGE('',*,*,#5916,.T.);
#7806=ORIENTED_EDGE('',*,*,#5882,.F.);
#7807=ORIENTED_EDGE('',*,*,#5886,.F.);
#7808=ORIENTED_EDGE('',*,*,#5889,.T.);
#7809=ORIENTED_EDGE('',*,*,#5892,.F.);
#7810=ORIENTED_EDGE('',*,*,#6038,.T.);
#7811=ORIENTED_EDGE('',*,*,#6039,.F.);
#7812=ORIENTED_EDGE('',*,*,#6040,.F.);
#7813=ORIENTED_EDGE('',*,*,#6041,.F.);
#7814=ORIENTED_EDGE('',*,*,#6042,.T.);
#7815=ORIENTED_EDGE('',*,*,#6043,.F.);
#7816=ORIENTED_EDGE('',*,*,#6044,.F.);
#7817=ORIENTED_EDGE('',*,*,#6045,.F.);
#7818=ORIENTED_EDGE('',*,*,#6046,.T.);
#7819=ORIENTED_EDGE('',*,*,#6047,.F.);
#7820=ORIENTED_EDGE('',*,*,#6048,.F.);
#7821=ORIENTED_EDGE('',*,*,#6049,.F.);
#7822=ORIENTED_EDGE('',*,*,#6050,.T.);
#7823=ORIENTED_EDGE('',*,*,#6051,.F.);
#7824=ORIENTED_EDGE('',*,*,#6052,.F.);
#7825=ORIENTED_EDGE('',*,*,#6053,.F.);
#7826=ORIENTED_EDGE('',*,*,#6040,.T.);
#7827=ORIENTED_EDGE('',*,*,#6054,.T.);
#7828=ORIENTED_EDGE('',*,*,#6055,.F.);
#7829=ORIENTED_EDGE('',*,*,#6056,.F.);
#7830=ORIENTED_EDGE('',*,*,#6051,.T.);
#7831=ORIENTED_EDGE('',*,*,#6057,.F.);
#7832=ORIENTED_EDGE('',*,*,#6041,.T.);
#7833=ORIENTED_EDGE('',*,*,#6056,.T.);
#7834=ORIENTED_EDGE('',*,*,#6058,.F.);
#7835=ORIENTED_EDGE('',*,*,#6059,.F.);
#7836=ORIENTED_EDGE('',*,*,#6052,.T.);
#7837=ORIENTED_EDGE('',*,*,#6059,.T.);
#7838=ORIENTED_EDGE('',*,*,#6060,.F.);
#7839=ORIENTED_EDGE('',*,*,#6061,.F.);
#7840=ORIENTED_EDGE('',*,*,#6047,.T.);
#7841=ORIENTED_EDGE('',*,*,#6062,.F.);
#7842=ORIENTED_EDGE('',*,*,#6053,.T.);
#7843=ORIENTED_EDGE('',*,*,#6061,.T.);
#7844=ORIENTED_EDGE('',*,*,#6063,.F.);
#7845=ORIENTED_EDGE('',*,*,#6064,.F.);
#7846=ORIENTED_EDGE('',*,*,#6048,.T.);
#7847=ORIENTED_EDGE('',*,*,#6064,.T.);
#7848=ORIENTED_EDGE('',*,*,#6065,.F.);
#7849=ORIENTED_EDGE('',*,*,#6066,.F.);
#7850=ORIENTED_EDGE('',*,*,#6043,.T.);
#7851=ORIENTED_EDGE('',*,*,#6067,.F.);
#7852=ORIENTED_EDGE('',*,*,#6049,.T.);
#7853=ORIENTED_EDGE('',*,*,#6066,.T.);
#7854=ORIENTED_EDGE('',*,*,#6068,.F.);
#7855=ORIENTED_EDGE('',*,*,#6069,.F.);
#7856=ORIENTED_EDGE('',*,*,#6044,.T.);
#7857=ORIENTED_EDGE('',*,*,#6069,.T.);
#7858=ORIENTED_EDGE('',*,*,#6070,.F.);
#7859=ORIENTED_EDGE('',*,*,#6071,.F.);
#7860=ORIENTED_EDGE('',*,*,#6039,.T.);
#7861=ORIENTED_EDGE('',*,*,#6072,.F.);
#7862=ORIENTED_EDGE('',*,*,#6045,.T.);
#7863=ORIENTED_EDGE('',*,*,#6071,.T.);
#7864=ORIENTED_EDGE('',*,*,#6073,.F.);
#7865=ORIENTED_EDGE('',*,*,#6054,.F.);
#7866=ORIENTED_EDGE('',*,*,#6073,.T.);
#7867=ORIENTED_EDGE('',*,*,#6070,.T.);
#7868=ORIENTED_EDGE('',*,*,#6068,.T.);
#7869=ORIENTED_EDGE('',*,*,#6065,.T.);
#7870=ORIENTED_EDGE('',*,*,#6063,.T.);
#7871=ORIENTED_EDGE('',*,*,#6060,.T.);
#7872=ORIENTED_EDGE('',*,*,#6058,.T.);
#7873=ORIENTED_EDGE('',*,*,#6055,.T.);
#7874=ORIENTED_EDGE('',*,*,#5920,.T.);
#7875=ORIENTED_EDGE('',*,*,#5959,.T.);
#7876=ORIENTED_EDGE('',*,*,#5998,.T.);
#7877=ORIENTED_EDGE('',*,*,#6037,.T.);
#7878=ORIENTED_EDGE('',*,*,#6067,.T.);
#7879=ORIENTED_EDGE('',*,*,#6074,.T.);
#7880=ORIENTED_EDGE('',*,*,#6075,.T.);
#7881=ORIENTED_EDGE('',*,*,#6072,.T.);
#7882=ORIENTED_EDGE('',*,*,#6076,.T.);
#7883=ORIENTED_EDGE('',*,*,#6057,.T.);
#7884=ORIENTED_EDGE('',*,*,#6077,.T.);
#7885=ORIENTED_EDGE('',*,*,#6062,.T.);
#7886=ORIENTED_EDGE('',*,*,#6078,.T.);
#7887=ORIENTED_EDGE('',*,*,#6079,.F.);
#7888=ORIENTED_EDGE('',*,*,#6080,.T.);
#7889=ORIENTED_EDGE('',*,*,#6081,.F.);
#7890=ORIENTED_EDGE('',*,*,#6082,.F.);
#7891=ORIENTED_EDGE('',*,*,#6083,.F.);
#7892=ORIENTED_EDGE('',*,*,#6082,.T.);
#7893=ORIENTED_EDGE('',*,*,#6084,.F.);
#7894=ORIENTED_EDGE('',*,*,#6085,.F.);
#7895=ORIENTED_EDGE('',*,*,#6086,.F.);
#7896=ORIENTED_EDGE('',*,*,#6085,.T.);
#7897=ORIENTED_EDGE('',*,*,#6087,.F.);
#7898=ORIENTED_EDGE('',*,*,#6088,.F.);
#7899=ORIENTED_EDGE('',*,*,#6089,.F.);
#7900=ORIENTED_EDGE('',*,*,#6088,.T.);
#7901=ORIENTED_EDGE('',*,*,#6090,.F.);
#7902=ORIENTED_EDGE('',*,*,#6091,.F.);
#7903=ORIENTED_EDGE('',*,*,#6092,.F.);
#7904=ORIENTED_EDGE('',*,*,#6091,.T.);
#7905=ORIENTED_EDGE('',*,*,#6093,.F.);
#7906=ORIENTED_EDGE('',*,*,#6094,.F.);
#7907=ORIENTED_EDGE('',*,*,#6095,.F.);
#7908=ORIENTED_EDGE('',*,*,#6094,.T.);
#7909=ORIENTED_EDGE('',*,*,#6096,.F.);
#7910=ORIENTED_EDGE('',*,*,#6097,.F.);
#7911=ORIENTED_EDGE('',*,*,#6098,.F.);
#7912=ORIENTED_EDGE('',*,*,#6097,.T.);
#7913=ORIENTED_EDGE('',*,*,#6099,.F.);
#7914=ORIENTED_EDGE('',*,*,#6100,.F.);
#7915=ORIENTED_EDGE('',*,*,#6101,.F.);
#7916=ORIENTED_EDGE('',*,*,#6100,.T.);
#7917=ORIENTED_EDGE('',*,*,#6102,.F.);
#7918=ORIENTED_EDGE('',*,*,#6103,.F.);
#7919=ORIENTED_EDGE('',*,*,#6104,.F.);
#7920=ORIENTED_EDGE('',*,*,#6103,.T.);
#7921=ORIENTED_EDGE('',*,*,#6105,.F.);
#7922=ORIENTED_EDGE('',*,*,#6106,.F.);
#7923=ORIENTED_EDGE('',*,*,#6107,.F.);
#7924=ORIENTED_EDGE('',*,*,#6106,.T.);
#7925=ORIENTED_EDGE('',*,*,#6108,.F.);
#7926=ORIENTED_EDGE('',*,*,#6109,.F.);
#7927=ORIENTED_EDGE('',*,*,#6110,.F.);
#7928=ORIENTED_EDGE('',*,*,#6109,.T.);
#7929=ORIENTED_EDGE('',*,*,#6111,.F.);
#7930=ORIENTED_EDGE('',*,*,#6112,.F.);
#7931=ORIENTED_EDGE('',*,*,#6113,.F.);
#7932=ORIENTED_EDGE('',*,*,#6112,.T.);
#7933=ORIENTED_EDGE('',*,*,#6114,.F.);
#7934=ORIENTED_EDGE('',*,*,#6080,.F.);
#7935=ORIENTED_EDGE('',*,*,#6114,.T.);
#7936=ORIENTED_EDGE('',*,*,#6111,.T.);
#7937=ORIENTED_EDGE('',*,*,#6108,.T.);
#7938=ORIENTED_EDGE('',*,*,#6105,.T.);
#7939=ORIENTED_EDGE('',*,*,#6102,.T.);
#7940=ORIENTED_EDGE('',*,*,#6099,.T.);
#7941=ORIENTED_EDGE('',*,*,#6096,.T.);
#7942=ORIENTED_EDGE('',*,*,#6093,.T.);
#7943=ORIENTED_EDGE('',*,*,#6090,.T.);
#7944=ORIENTED_EDGE('',*,*,#6087,.T.);
#7945=ORIENTED_EDGE('',*,*,#6084,.T.);
#7946=ORIENTED_EDGE('',*,*,#6081,.T.);
#7947=ORIENTED_EDGE('',*,*,#6115,.F.);
#7948=ORIENTED_EDGE('',*,*,#6116,.T.);
#7949=ORIENTED_EDGE('',*,*,#6117,.T.);
#7950=ORIENTED_EDGE('',*,*,#6116,.F.);
#7951=ORIENTED_EDGE('',*,*,#6117,.F.);
#7952=ORIENTED_EDGE('',*,*,#6079,.T.);
#7953=ORIENTED_EDGE('',*,*,#6083,.T.);
#7954=ORIENTED_EDGE('',*,*,#6086,.T.);
#7955=ORIENTED_EDGE('',*,*,#6089,.T.);
#7956=ORIENTED_EDGE('',*,*,#6092,.T.);
#7957=ORIENTED_EDGE('',*,*,#6095,.T.);
#7958=ORIENTED_EDGE('',*,*,#6098,.T.);
#7959=ORIENTED_EDGE('',*,*,#6101,.T.);
#7960=ORIENTED_EDGE('',*,*,#6104,.T.);
#7961=ORIENTED_EDGE('',*,*,#6107,.T.);
#7962=ORIENTED_EDGE('',*,*,#6110,.T.);
#7963=ORIENTED_EDGE('',*,*,#6113,.T.);
#7964=ORIENTED_EDGE('',*,*,#6118,.F.);
#7965=ORIENTED_EDGE('',*,*,#6119,.T.);
#7966=ORIENTED_EDGE('',*,*,#6120,.F.);
#7967=ORIENTED_EDGE('',*,*,#6119,.F.);
#7968=ORIENTED_EDGE('',*,*,#6121,.F.);
#7969=ORIENTED_EDGE('',*,*,#6122,.T.);
#7970=ORIENTED_EDGE('',*,*,#6123,.F.);
#7971=ORIENTED_EDGE('',*,*,#6122,.F.);
#7972=ORIENTED_EDGE('',*,*,#6124,.T.);
#7973=ORIENTED_EDGE('',*,*,#6125,.T.);
#7974=ORIENTED_EDGE('',*,*,#6126,.T.);
#7975=ORIENTED_EDGE('',*,*,#6127,.T.);
#7976=ORIENTED_EDGE('',*,*,#6126,.F.);
#7977=ORIENTED_EDGE('',*,*,#6128,.F.);
#7978=ORIENTED_EDGE('',*,*,#6129,.F.);
#7979=ORIENTED_EDGE('',*,*,#6130,.F.);
#7980=ORIENTED_EDGE('',*,*,#6131,.F.);
#7981=ORIENTED_EDGE('',*,*,#6132,.T.);
#7982=ORIENTED_EDGE('',*,*,#6118,.T.);
#7983=ORIENTED_EDGE('',*,*,#6125,.F.);
#7984=ORIENTED_EDGE('',*,*,#6133,.T.);
#7985=ORIENTED_EDGE('',*,*,#6134,.F.);
#7986=ORIENTED_EDGE('',*,*,#6128,.T.);
#7987=ORIENTED_EDGE('',*,*,#6129,.T.);
#7988=ORIENTED_EDGE('',*,*,#6134,.T.);
#7989=ORIENTED_EDGE('',*,*,#6135,.T.);
#7990=ORIENTED_EDGE('',*,*,#6136,.T.);
#7991=ORIENTED_EDGE('',*,*,#6137,.T.);
#7992=ORIENTED_EDGE('',*,*,#6138,.T.);
#7993=ORIENTED_EDGE('',*,*,#6139,.T.);
#7994=ORIENTED_EDGE('',*,*,#6140,.T.);
#7995=ORIENTED_EDGE('',*,*,#6139,.F.);
#7996=ORIENTED_EDGE('',*,*,#6141,.F.);
#7997=ORIENTED_EDGE('',*,*,#6142,.F.);
#7998=ORIENTED_EDGE('',*,*,#6143,.F.);
#7999=ORIENTED_EDGE('',*,*,#6144,.F.);
#8000=ORIENTED_EDGE('',*,*,#6145,.T.);
#8001=ORIENTED_EDGE('',*,*,#6121,.T.);
#8002=ORIENTED_EDGE('',*,*,#6138,.F.);
#8003=ORIENTED_EDGE('',*,*,#6146,.T.);
#8004=ORIENTED_EDGE('',*,*,#6147,.F.);
#8005=ORIENTED_EDGE('',*,*,#6141,.T.);
#8006=ORIENTED_EDGE('',*,*,#6142,.T.);
#8007=ORIENTED_EDGE('',*,*,#6147,.T.);
#8008=ORIENTED_EDGE('',*,*,#6148,.T.);
#8009=ORIENTED_EDGE('',*,*,#6149,.T.);
#8010=ORIENTED_EDGE('',*,*,#6124,.F.);
#8011=ORIENTED_EDGE('',*,*,#6150,.F.);
#8012=ORIENTED_EDGE('',*,*,#6151,.F.);
#8013=ORIENTED_EDGE('',*,*,#6152,.T.);
#8014=ORIENTED_EDGE('',*,*,#6135,.F.);
#8015=ORIENTED_EDGE('',*,*,#6133,.F.);
#8016=ORIENTED_EDGE('',*,*,#6120,.T.);
#8017=ORIENTED_EDGE('',*,*,#6127,.F.);
#8018=ORIENTED_EDGE('',*,*,#6132,.F.);
#8019=ORIENTED_EDGE('',*,*,#6153,.F.);
#8020=ORIENTED_EDGE('',*,*,#6150,.T.);
#8021=ORIENTED_EDGE('',*,*,#6136,.F.);
#8022=ORIENTED_EDGE('',*,*,#6152,.F.);
#8023=ORIENTED_EDGE('',*,*,#6154,.F.);
#8024=ORIENTED_EDGE('',*,*,#6130,.T.);
#8025=ORIENTED_EDGE('',*,*,#6149,.F.);
#8026=ORIENTED_EDGE('',*,*,#6155,.F.);
#8027=ORIENTED_EDGE('',*,*,#6156,.F.);
#8028=ORIENTED_EDGE('',*,*,#6143,.T.);
#8029=ORIENTED_EDGE('',*,*,#6137,.F.);
#8030=ORIENTED_EDGE('',*,*,#6157,.F.);
#8031=ORIENTED_EDGE('',*,*,#6158,.F.);
#8032=ORIENTED_EDGE('',*,*,#6155,.T.);
#8033=ORIENTED_EDGE('',*,*,#6148,.F.);
#8034=ORIENTED_EDGE('',*,*,#6146,.F.);
#8035=ORIENTED_EDGE('',*,*,#6123,.T.);
#8036=ORIENTED_EDGE('',*,*,#6140,.F.);
#8037=ORIENTED_EDGE('',*,*,#6145,.F.);
#8038=ORIENTED_EDGE('',*,*,#6159,.F.);
#8039=ORIENTED_EDGE('',*,*,#6157,.T.);
#8040=ORIENTED_EDGE('',*,*,#6160,.T.);
#8041=ORIENTED_EDGE('',*,*,#6161,.F.);
#8042=ORIENTED_EDGE('',*,*,#6162,.T.);
#8043=ORIENTED_EDGE('',*,*,#6163,.F.);
#8044=ORIENTED_EDGE('',*,*,#6164,.T.);
#8045=ORIENTED_EDGE('',*,*,#6165,.F.);
#8046=ORIENTED_EDGE('',*,*,#6166,.T.);
#8047=ORIENTED_EDGE('',*,*,#6167,.F.);
#8048=ORIENTED_EDGE('',*,*,#6168,.T.);
#8049=ORIENTED_EDGE('',*,*,#6169,.F.);
#8050=ORIENTED_EDGE('',*,*,#6170,.T.);
#8051=ORIENTED_EDGE('',*,*,#6171,.F.);
#8052=ORIENTED_EDGE('',*,*,#6172,.T.);
#8053=ORIENTED_EDGE('',*,*,#6173,.F.);
#8054=ORIENTED_EDGE('',*,*,#6174,.T.);
#8055=ORIENTED_EDGE('',*,*,#6175,.F.);
#8056=ORIENTED_EDGE('',*,*,#6176,.F.);
#8057=ORIENTED_EDGE('',*,*,#6177,.T.);
#8058=ORIENTED_EDGE('',*,*,#6178,.F.);
#8059=ORIENTED_EDGE('',*,*,#6179,.F.);
#8060=ORIENTED_EDGE('',*,*,#6180,.F.);
#8061=ORIENTED_EDGE('',*,*,#6179,.T.);
#8062=ORIENTED_EDGE('',*,*,#6181,.F.);
#8063=ORIENTED_EDGE('',*,*,#6182,.F.);
#8064=ORIENTED_EDGE('',*,*,#6183,.F.);
#8065=ORIENTED_EDGE('',*,*,#6182,.T.);
#8066=ORIENTED_EDGE('',*,*,#6184,.F.);
#8067=ORIENTED_EDGE('',*,*,#6185,.F.);
#8068=ORIENTED_EDGE('',*,*,#6186,.F.);
#8069=ORIENTED_EDGE('',*,*,#6185,.T.);
#8070=ORIENTED_EDGE('',*,*,#6187,.F.);
#8071=ORIENTED_EDGE('',*,*,#6177,.F.);
#8072=ORIENTED_EDGE('',*,*,#6188,.F.);
#8073=ORIENTED_EDGE('',*,*,#6189,.T.);
#8074=ORIENTED_EDGE('',*,*,#6190,.F.);
#8075=ORIENTED_EDGE('',*,*,#6191,.F.);
#8076=ORIENTED_EDGE('',*,*,#6192,.F.);
#8077=ORIENTED_EDGE('',*,*,#6191,.T.);
#8078=ORIENTED_EDGE('',*,*,#6193,.F.);
#8079=ORIENTED_EDGE('',*,*,#6194,.F.);
#8080=ORIENTED_EDGE('',*,*,#6195,.F.);
#8081=ORIENTED_EDGE('',*,*,#6194,.T.);
#8082=ORIENTED_EDGE('',*,*,#6196,.F.);
#8083=ORIENTED_EDGE('',*,*,#6197,.F.);
#8084=ORIENTED_EDGE('',*,*,#6198,.F.);
#8085=ORIENTED_EDGE('',*,*,#6197,.T.);
#8086=ORIENTED_EDGE('',*,*,#6199,.F.);
#8087=ORIENTED_EDGE('',*,*,#6189,.F.);
#8088=ORIENTED_EDGE('',*,*,#6200,.F.);
#8089=ORIENTED_EDGE('',*,*,#6201,.T.);
#8090=ORIENTED_EDGE('',*,*,#6202,.F.);
#8091=ORIENTED_EDGE('',*,*,#6203,.F.);
#8092=ORIENTED_EDGE('',*,*,#6204,.F.);
#8093=ORIENTED_EDGE('',*,*,#6205,.T.);
#8094=ORIENTED_EDGE('',*,*,#6206,.F.);
#8095=ORIENTED_EDGE('',*,*,#6203,.T.);
#8096=ORIENTED_EDGE('',*,*,#6207,.F.);
#8097=ORIENTED_EDGE('',*,*,#6208,.F.);
#8098=ORIENTED_EDGE('',*,*,#6209,.F.);
#8099=ORIENTED_EDGE('',*,*,#6210,.T.);
#8100=ORIENTED_EDGE('',*,*,#6211,.F.);
#8101=ORIENTED_EDGE('',*,*,#6212,.T.);
#8102=ORIENTED_EDGE('',*,*,#6213,.F.);
#8103=ORIENTED_EDGE('',*,*,#6214,.F.);
#8104=ORIENTED_EDGE('',*,*,#6215,.F.);
#8105=ORIENTED_EDGE('',*,*,#6214,.T.);
#8106=ORIENTED_EDGE('',*,*,#6216,.F.);
#8107=ORIENTED_EDGE('',*,*,#6217,.F.);
#8108=ORIENTED_EDGE('',*,*,#6218,.F.);
#8109=ORIENTED_EDGE('',*,*,#6175,.T.);
#8110=ORIENTED_EDGE('',*,*,#6219,.F.);
#8111=ORIENTED_EDGE('',*,*,#6217,.T.);
#8112=ORIENTED_EDGE('',*,*,#6220,.F.);
#8113=ORIENTED_EDGE('',*,*,#6221,.F.);
#8114=ORIENTED_EDGE('',*,*,#6171,.T.);
#8115=ORIENTED_EDGE('',*,*,#6222,.T.);
#8116=ORIENTED_EDGE('',*,*,#6223,.F.);
#8117=ORIENTED_EDGE('',*,*,#6224,.F.);
#8118=ORIENTED_EDGE('',*,*,#6225,.F.);
#8119=ORIENTED_EDGE('',*,*,#6173,.T.);
#8120=ORIENTED_EDGE('',*,*,#6226,.F.);
#8121=ORIENTED_EDGE('',*,*,#6227,.T.);
#8122=ORIENTED_EDGE('',*,*,#6228,.F.);
#8123=ORIENTED_EDGE('',*,*,#6229,.F.);
#8124=ORIENTED_EDGE('',*,*,#6230,.F.);
#8125=ORIENTED_EDGE('',*,*,#6229,.T.);
#8126=ORIENTED_EDGE('',*,*,#6231,.F.);
#8127=ORIENTED_EDGE('',*,*,#6232,.F.);
#8128=ORIENTED_EDGE('',*,*,#6233,.F.);
#8129=ORIENTED_EDGE('',*,*,#6169,.T.);
#8130=ORIENTED_EDGE('',*,*,#6234,.F.);
#8131=ORIENTED_EDGE('',*,*,#6232,.T.);
#8132=ORIENTED_EDGE('',*,*,#6235,.F.);
#8133=ORIENTED_EDGE('',*,*,#6236,.F.);
#8134=ORIENTED_EDGE('',*,*,#6237,.F.);
#8135=ORIENTED_EDGE('',*,*,#6167,.T.);
#8136=ORIENTED_EDGE('',*,*,#6238,.F.);
#8137=ORIENTED_EDGE('',*,*,#6239,.T.);
#8138=ORIENTED_EDGE('',*,*,#6240,.F.);
#8139=ORIENTED_EDGE('',*,*,#6241,.F.);
#8140=ORIENTED_EDGE('',*,*,#6242,.F.);
#8141=ORIENTED_EDGE('',*,*,#6241,.T.);
#8142=ORIENTED_EDGE('',*,*,#6243,.F.);
#8143=ORIENTED_EDGE('',*,*,#6244,.F.);
#8144=ORIENTED_EDGE('',*,*,#6245,.F.);
#8145=ORIENTED_EDGE('',*,*,#6161,.T.);
#8146=ORIENTED_EDGE('',*,*,#6246,.F.);
#8147=ORIENTED_EDGE('',*,*,#6244,.T.);
#8148=ORIENTED_EDGE('',*,*,#6247,.F.);
#8149=ORIENTED_EDGE('',*,*,#6248,.F.);
#8150=ORIENTED_EDGE('',*,*,#6163,.T.);
#8151=ORIENTED_EDGE('',*,*,#6249,.T.);
#8152=ORIENTED_EDGE('',*,*,#6250,.F.);
#8153=ORIENTED_EDGE('',*,*,#6251,.F.);
#8154=ORIENTED_EDGE('',*,*,#6252,.F.);
#8155=ORIENTED_EDGE('',*,*,#6165,.T.);
#8156=ORIENTED_EDGE('',*,*,#6253,.F.);
#8157=ORIENTED_EDGE('',*,*,#6254,.T.);
#8158=ORIENTED_EDGE('',*,*,#6255,.F.);
#8159=ORIENTED_EDGE('',*,*,#6201,.F.);
#8160=ORIENTED_EDGE('',*,*,#6255,.T.);
#8161=ORIENTED_EDGE('',*,*,#6256,.T.);
#8162=ORIENTED_EDGE('',*,*,#6257,.T.);
#8163=ORIENTED_EDGE('',*,*,#6250,.T.);
#8164=ORIENTED_EDGE('',*,*,#6258,.T.);
#8165=ORIENTED_EDGE('',*,*,#6259,.T.);
#8166=ORIENTED_EDGE('',*,*,#6247,.T.);
#8167=ORIENTED_EDGE('',*,*,#6243,.T.);
#8168=ORIENTED_EDGE('',*,*,#6240,.T.);
#8169=ORIENTED_EDGE('',*,*,#6260,.T.);
#8170=ORIENTED_EDGE('',*,*,#6261,.T.);
#8171=ORIENTED_EDGE('',*,*,#6235,.T.);
#8172=ORIENTED_EDGE('',*,*,#6231,.T.);
#8173=ORIENTED_EDGE('',*,*,#6228,.T.);
#8174=ORIENTED_EDGE('',*,*,#6262,.T.);
#8175=ORIENTED_EDGE('',*,*,#6263,.T.);
#8176=ORIENTED_EDGE('',*,*,#6223,.T.);
#8177=ORIENTED_EDGE('',*,*,#6264,.T.);
#8178=ORIENTED_EDGE('',*,*,#6265,.T.);
#8179=ORIENTED_EDGE('',*,*,#6220,.T.);
#8180=ORIENTED_EDGE('',*,*,#6216,.T.);
#8181=ORIENTED_EDGE('',*,*,#6213,.T.);
#8182=ORIENTED_EDGE('',*,*,#6266,.T.);
#8183=ORIENTED_EDGE('',*,*,#6207,.T.);
#8184=ORIENTED_EDGE('',*,*,#6202,.T.);
#8185=ORIENTED_EDGE('',*,*,#5881,.T.);
#8186=ORIENTED_EDGE('',*,*,#6115,.T.);
#8187=ORIENTED_EDGE('',*,*,#6151,.T.);
#8188=ORIENTED_EDGE('',*,*,#6153,.T.);
#8189=ORIENTED_EDGE('',*,*,#6131,.T.);
#8190=ORIENTED_EDGE('',*,*,#6154,.T.);
#8191=ORIENTED_EDGE('',*,*,#6144,.T.);
#8192=ORIENTED_EDGE('',*,*,#6156,.T.);
#8193=ORIENTED_EDGE('',*,*,#6158,.T.);
#8194=ORIENTED_EDGE('',*,*,#6159,.T.);
#8195=ORIENTED_EDGE('',*,*,#6199,.T.);
#8196=ORIENTED_EDGE('',*,*,#6196,.T.);
#8197=ORIENTED_EDGE('',*,*,#6193,.T.);
#8198=ORIENTED_EDGE('',*,*,#6190,.T.);
#8199=ORIENTED_EDGE('',*,*,#6187,.T.);
#8200=ORIENTED_EDGE('',*,*,#6184,.T.);
#8201=ORIENTED_EDGE('',*,*,#6181,.T.);
#8202=ORIENTED_EDGE('',*,*,#6178,.T.);
#8203=ORIENTED_EDGE('',*,*,#6267,.T.);
#8204=ORIENTED_EDGE('',*,*,#6210,.F.);
#8205=ORIENTED_EDGE('',*,*,#6268,.T.);
#8206=ORIENTED_EDGE('',*,*,#6269,.T.);
#8207=ORIENTED_EDGE('',*,*,#6205,.F.);
#8208=ORIENTED_EDGE('',*,*,#6204,.T.);
#8209=ORIENTED_EDGE('',*,*,#6270,.T.);
#8210=ORIENTED_EDGE('',*,*,#6271,.T.);
#8211=ORIENTED_EDGE('',*,*,#6272,.T.);
#8212=ORIENTED_EDGE('',*,*,#6211,.T.);
#8213=ORIENTED_EDGE('',*,*,#6273,.T.);
#8214=ORIENTED_EDGE('',*,*,#6274,.T.);
#8215=ORIENTED_EDGE('',*,*,#6275,.T.);
#8216=ORIENTED_EDGE('',*,*,#6233,.T.);
#8217=ORIENTED_EDGE('',*,*,#6276,.T.);
#8218=ORIENTED_EDGE('',*,*,#6277,.T.);
#8219=ORIENTED_EDGE('',*,*,#6278,.T.);
#8220=ORIENTED_EDGE('',*,*,#6238,.T.);
#8221=ORIENTED_EDGE('',*,*,#6279,.T.);
#8222=ORIENTED_EDGE('',*,*,#6280,.T.);
#8223=ORIENTED_EDGE('',*,*,#6281,.T.);
#8224=ORIENTED_EDGE('',*,*,#6188,.T.);
#8225=ORIENTED_EDGE('',*,*,#6192,.T.);
#8226=ORIENTED_EDGE('',*,*,#6195,.T.);
#8227=ORIENTED_EDGE('',*,*,#6198,.T.);
#8228=ORIENTED_EDGE('',*,*,#6225,.T.);
#8229=ORIENTED_EDGE('',*,*,#6230,.T.);
#8230=ORIENTED_EDGE('',*,*,#6234,.T.);
#8231=ORIENTED_EDGE('',*,*,#6282,.T.);
#8232=ORIENTED_EDGE('',*,*,#6246,.T.);
#8233=ORIENTED_EDGE('',*,*,#6283,.T.);
#8234=ORIENTED_EDGE('',*,*,#6237,.T.);
#8235=ORIENTED_EDGE('',*,*,#6242,.T.);
#8236=ORIENTED_EDGE('',*,*,#6206,.T.);
#8237=ORIENTED_EDGE('',*,*,#6284,.T.);
#8238=ORIENTED_EDGE('',*,*,#6252,.T.);
#8239=ORIENTED_EDGE('',*,*,#6200,.T.);
#8240=ORIENTED_EDGE('',*,*,#6209,.T.);
#8241=ORIENTED_EDGE('',*,*,#6215,.T.);
#8242=ORIENTED_EDGE('',*,*,#6219,.T.);
#8243=ORIENTED_EDGE('',*,*,#6285,.T.);
#8244=ORIENTED_EDGE('',*,*,#6268,.F.);
#8245=ORIENTED_EDGE('',*,*,#6285,.F.);
#8246=ORIENTED_EDGE('',*,*,#6174,.F.);
#8247=ORIENTED_EDGE('',*,*,#6282,.F.);
#8248=ORIENTED_EDGE('',*,*,#6168,.F.);
#8249=ORIENTED_EDGE('',*,*,#6283,.F.);
#8250=ORIENTED_EDGE('',*,*,#6160,.F.);
#8251=ORIENTED_EDGE('',*,*,#6284,.F.);
#8252=ORIENTED_EDGE('',*,*,#6269,.F.);
#8253=ORIENTED_EDGE('',*,*,#6286,.T.);
#8254=ORIENTED_EDGE('',*,*,#6287,.T.);
#8255=ORIENTED_EDGE('',*,*,#6286,.F.);
#8256=ORIENTED_EDGE('',*,*,#6288,.F.);
#8257=ORIENTED_EDGE('',*,*,#6289,.T.);
#8258=ORIENTED_EDGE('',*,*,#6290,.T.);
#8259=ORIENTED_EDGE('',*,*,#6291,.F.);
#8260=ORIENTED_EDGE('',*,*,#6172,.F.);
#8261=ORIENTED_EDGE('',*,*,#6292,.T.);
#8262=ORIENTED_EDGE('',*,*,#6293,.T.);
#8263=ORIENTED_EDGE('',*,*,#6289,.F.);
#8264=ORIENTED_EDGE('',*,*,#6294,.F.);
#8265=ORIENTED_EDGE('',*,*,#6295,.F.);
#8266=ORIENTED_EDGE('',*,*,#6296,.T.);
#8267=ORIENTED_EDGE('',*,*,#6292,.F.);
#8268=ORIENTED_EDGE('',*,*,#6224,.T.);
#8269=ORIENTED_EDGE('',*,*,#6263,.F.);
#8270=ORIENTED_EDGE('',*,*,#6297,.T.);
#8271=ORIENTED_EDGE('',*,*,#6298,.T.);
#8272=ORIENTED_EDGE('',*,*,#6299,.F.);
#8273=ORIENTED_EDGE('',*,*,#6264,.F.);
#8274=ORIENTED_EDGE('',*,*,#6222,.F.);
#8275=ORIENTED_EDGE('',*,*,#6300,.F.);
#8276=ORIENTED_EDGE('',*,*,#6301,.T.);
#8277=ORIENTED_EDGE('',*,*,#6302,.T.);
#8278=ORIENTED_EDGE('',*,*,#6297,.F.);
#8279=ORIENTED_EDGE('',*,*,#6170,.F.);
#8280=ORIENTED_EDGE('',*,*,#6303,.F.);
#8281=ORIENTED_EDGE('',*,*,#6304,.F.);
#8282=ORIENTED_EDGE('',*,*,#6305,.T.);
#8283=ORIENTED_EDGE('',*,*,#6301,.F.);
#8284=ORIENTED_EDGE('',*,*,#6274,.F.);
#8285=ORIENTED_EDGE('',*,*,#6306,.T.);
#8286=ORIENTED_EDGE('',*,*,#6307,.T.);
#8287=ORIENTED_EDGE('',*,*,#6308,.F.);
#8288=ORIENTED_EDGE('',*,*,#6272,.F.);
#8289=ORIENTED_EDGE('',*,*,#6309,.T.);
#8290=ORIENTED_EDGE('',*,*,#6310,.T.);
#8291=ORIENTED_EDGE('',*,*,#6306,.F.);
#8292=ORIENTED_EDGE('',*,*,#6273,.F.);
#8293=ORIENTED_EDGE('',*,*,#6267,.F.);
#8294=ORIENTED_EDGE('',*,*,#6271,.F.);
#8295=ORIENTED_EDGE('',*,*,#6311,.F.);
#8296=ORIENTED_EDGE('',*,*,#6312,.T.);
#8297=ORIENTED_EDGE('',*,*,#6309,.F.);
#8298=ORIENTED_EDGE('',*,*,#6313,.F.);
#8299=ORIENTED_EDGE('',*,*,#6314,.T.);
#8300=ORIENTED_EDGE('',*,*,#6315,.T.);
#8301=ORIENTED_EDGE('',*,*,#6316,.F.);
#8302=ORIENTED_EDGE('',*,*,#6164,.F.);
#8303=ORIENTED_EDGE('',*,*,#6317,.T.);
#8304=ORIENTED_EDGE('',*,*,#6318,.T.);
#8305=ORIENTED_EDGE('',*,*,#6314,.F.);
#8306=ORIENTED_EDGE('',*,*,#6319,.F.);
#8307=ORIENTED_EDGE('',*,*,#6320,.F.);
#8308=ORIENTED_EDGE('',*,*,#6321,.T.);
#8309=ORIENTED_EDGE('',*,*,#6317,.F.);
#8310=ORIENTED_EDGE('',*,*,#6251,.T.);
#8311=ORIENTED_EDGE('',*,*,#6257,.F.);
#8312=ORIENTED_EDGE('',*,*,#6322,.T.);
#8313=ORIENTED_EDGE('',*,*,#6323,.T.);
#8314=ORIENTED_EDGE('',*,*,#6324,.F.);
#8315=ORIENTED_EDGE('',*,*,#6258,.F.);
#8316=ORIENTED_EDGE('',*,*,#6249,.F.);
#8317=ORIENTED_EDGE('',*,*,#6325,.F.);
#8318=ORIENTED_EDGE('',*,*,#6326,.T.);
#8319=ORIENTED_EDGE('',*,*,#6327,.T.);
#8320=ORIENTED_EDGE('',*,*,#6322,.F.);
#8321=ORIENTED_EDGE('',*,*,#6162,.F.);
#8322=ORIENTED_EDGE('',*,*,#6328,.F.);
#8323=ORIENTED_EDGE('',*,*,#6329,.F.);
#8324=ORIENTED_EDGE('',*,*,#6330,.T.);
#8325=ORIENTED_EDGE('',*,*,#6326,.F.);
#8326=ORIENTED_EDGE('',*,*,#6280,.F.);
#8327=ORIENTED_EDGE('',*,*,#6331,.T.);
#8328=ORIENTED_EDGE('',*,*,#6332,.T.);
#8329=ORIENTED_EDGE('',*,*,#6333,.F.);
#8330=ORIENTED_EDGE('',*,*,#6278,.F.);
#8331=ORIENTED_EDGE('',*,*,#6334,.T.);
#8332=ORIENTED_EDGE('',*,*,#6335,.T.);
#8333=ORIENTED_EDGE('',*,*,#6331,.F.);
#8334=ORIENTED_EDGE('',*,*,#6279,.F.);
#8335=ORIENTED_EDGE('',*,*,#6166,.F.);
#8336=ORIENTED_EDGE('',*,*,#6277,.F.);
#8337=ORIENTED_EDGE('',*,*,#6336,.F.);
#8338=ORIENTED_EDGE('',*,*,#6337,.T.);
#8339=ORIENTED_EDGE('',*,*,#6334,.F.);
#8340=ORIENTED_EDGE('',*,*,#6338,.F.);
#8341=ORIENTED_EDGE('',*,*,#6290,.F.);
#8342=ORIENTED_EDGE('',*,*,#6293,.F.);
#8343=ORIENTED_EDGE('',*,*,#6296,.F.);
#8344=ORIENTED_EDGE('',*,*,#6339,.F.);
#8345=ORIENTED_EDGE('',*,*,#6298,.F.);
#8346=ORIENTED_EDGE('',*,*,#6302,.F.);
#8347=ORIENTED_EDGE('',*,*,#6305,.F.);
#8348=ORIENTED_EDGE('',*,*,#6340,.F.);
#8349=ORIENTED_EDGE('',*,*,#6307,.F.);
#8350=ORIENTED_EDGE('',*,*,#6310,.F.);
#8351=ORIENTED_EDGE('',*,*,#6312,.F.);
#8352=ORIENTED_EDGE('',*,*,#6341,.F.);
#8353=ORIENTED_EDGE('',*,*,#6315,.F.);
#8354=ORIENTED_EDGE('',*,*,#6318,.F.);
#8355=ORIENTED_EDGE('',*,*,#6321,.F.);
#8356=ORIENTED_EDGE('',*,*,#6342,.F.);
#8357=ORIENTED_EDGE('',*,*,#6323,.F.);
#8358=ORIENTED_EDGE('',*,*,#6327,.F.);
#8359=ORIENTED_EDGE('',*,*,#6330,.F.);
#8360=ORIENTED_EDGE('',*,*,#6343,.F.);
#8361=ORIENTED_EDGE('',*,*,#6332,.F.);
#8362=ORIENTED_EDGE('',*,*,#6335,.F.);
#8363=ORIENTED_EDGE('',*,*,#6337,.F.);
#8364=ORIENTED_EDGE('',*,*,#6287,.F.);
#8365=ORIENTED_EDGE('',*,*,#6218,.T.);
#8366=ORIENTED_EDGE('',*,*,#6344,.T.);
#8367=ORIENTED_EDGE('',*,*,#6303,.T.);
#8368=ORIENTED_EDGE('',*,*,#6300,.T.);
#8369=ORIENTED_EDGE('',*,*,#6226,.T.);
#8370=ORIENTED_EDGE('',*,*,#6294,.T.);
#8371=ORIENTED_EDGE('',*,*,#6288,.T.);
#8372=ORIENTED_EDGE('',*,*,#6345,.T.);
#8373=ORIENTED_EDGE('',*,*,#6245,.T.);
#8374=ORIENTED_EDGE('',*,*,#6346,.T.);
#8375=ORIENTED_EDGE('',*,*,#6328,.T.);
#8376=ORIENTED_EDGE('',*,*,#6325,.T.);
#8377=ORIENTED_EDGE('',*,*,#6253,.T.);
#8378=ORIENTED_EDGE('',*,*,#6319,.T.);
#8379=ORIENTED_EDGE('',*,*,#6313,.T.);
#8380=ORIENTED_EDGE('',*,*,#6347,.T.);
#8381=ORIENTED_EDGE('',*,*,#6348,.F.);
#8382=ORIENTED_EDGE('',*,*,#6349,.T.);
#8383=ORIENTED_EDGE('',*,*,#6350,.F.);
#8384=ORIENTED_EDGE('',*,*,#6351,.F.);
#8385=ORIENTED_EDGE('',*,*,#6352,.F.);
#8386=ORIENTED_EDGE('',*,*,#6351,.T.);
#8387=ORIENTED_EDGE('',*,*,#6353,.F.);
#8388=ORIENTED_EDGE('',*,*,#6354,.F.);
#8389=ORIENTED_EDGE('',*,*,#6355,.F.);
#8390=ORIENTED_EDGE('',*,*,#6354,.T.);
#8391=ORIENTED_EDGE('',*,*,#6356,.F.);
#8392=ORIENTED_EDGE('',*,*,#6357,.F.);
#8393=ORIENTED_EDGE('',*,*,#6358,.F.);
#8394=ORIENTED_EDGE('',*,*,#6357,.T.);
#8395=ORIENTED_EDGE('',*,*,#6359,.F.);
#8396=ORIENTED_EDGE('',*,*,#6360,.F.);
#8397=ORIENTED_EDGE('',*,*,#6361,.F.);
#8398=ORIENTED_EDGE('',*,*,#6360,.T.);
#8399=ORIENTED_EDGE('',*,*,#6362,.F.);
#8400=ORIENTED_EDGE('',*,*,#6363,.F.);
#8401=ORIENTED_EDGE('',*,*,#6364,.F.);
#8402=ORIENTED_EDGE('',*,*,#6363,.T.);
#8403=ORIENTED_EDGE('',*,*,#6365,.F.);
#8404=ORIENTED_EDGE('',*,*,#6366,.F.);
#8405=ORIENTED_EDGE('',*,*,#6367,.F.);
#8406=ORIENTED_EDGE('',*,*,#6366,.T.);
#8407=ORIENTED_EDGE('',*,*,#6368,.F.);
#8408=ORIENTED_EDGE('',*,*,#6369,.F.);
#8409=ORIENTED_EDGE('',*,*,#6370,.F.);
#8410=ORIENTED_EDGE('',*,*,#6369,.T.);
#8411=ORIENTED_EDGE('',*,*,#6371,.F.);
#8412=ORIENTED_EDGE('',*,*,#6372,.F.);
#8413=ORIENTED_EDGE('',*,*,#6373,.F.);
#8414=ORIENTED_EDGE('',*,*,#6372,.T.);
#8415=ORIENTED_EDGE('',*,*,#6374,.F.);
#8416=ORIENTED_EDGE('',*,*,#6375,.F.);
#8417=ORIENTED_EDGE('',*,*,#6376,.F.);
#8418=ORIENTED_EDGE('',*,*,#6375,.T.);
#8419=ORIENTED_EDGE('',*,*,#6377,.F.);
#8420=ORIENTED_EDGE('',*,*,#6378,.F.);
#8421=ORIENTED_EDGE('',*,*,#6379,.F.);
#8422=ORIENTED_EDGE('',*,*,#6378,.T.);
#8423=ORIENTED_EDGE('',*,*,#6380,.F.);
#8424=ORIENTED_EDGE('',*,*,#6381,.F.);
#8425=ORIENTED_EDGE('',*,*,#6382,.F.);
#8426=ORIENTED_EDGE('',*,*,#6381,.T.);
#8427=ORIENTED_EDGE('',*,*,#6383,.F.);
#8428=ORIENTED_EDGE('',*,*,#6349,.F.);
#8429=ORIENTED_EDGE('',*,*,#6384,.F.);
#8430=ORIENTED_EDGE('',*,*,#6385,.T.);
#8431=ORIENTED_EDGE('',*,*,#6386,.F.);
#8432=ORIENTED_EDGE('',*,*,#6385,.F.);
#8433=ORIENTED_EDGE('',*,*,#6384,.T.);
#8434=ORIENTED_EDGE('',*,*,#6383,.T.);
#8435=ORIENTED_EDGE('',*,*,#6380,.T.);
#8436=ORIENTED_EDGE('',*,*,#6377,.T.);
#8437=ORIENTED_EDGE('',*,*,#6374,.T.);
#8438=ORIENTED_EDGE('',*,*,#6371,.T.);
#8439=ORIENTED_EDGE('',*,*,#6368,.T.);
#8440=ORIENTED_EDGE('',*,*,#6365,.T.);
#8441=ORIENTED_EDGE('',*,*,#6362,.T.);
#8442=ORIENTED_EDGE('',*,*,#6359,.T.);
#8443=ORIENTED_EDGE('',*,*,#6356,.T.);
#8444=ORIENTED_EDGE('',*,*,#6353,.T.);
#8445=ORIENTED_EDGE('',*,*,#6350,.T.);
#8446=ORIENTED_EDGE('',*,*,#6387,.F.);
#8447=ORIENTED_EDGE('',*,*,#6388,.T.);
#8448=ORIENTED_EDGE('',*,*,#6389,.F.);
#8449=ORIENTED_EDGE('',*,*,#6390,.F.);
#8450=ORIENTED_EDGE('',*,*,#6391,.F.);
#8451=ORIENTED_EDGE('',*,*,#6390,.T.);
#8452=ORIENTED_EDGE('',*,*,#6392,.F.);
#8453=ORIENTED_EDGE('',*,*,#6393,.F.);
#8454=ORIENTED_EDGE('',*,*,#6394,.F.);
#8455=ORIENTED_EDGE('',*,*,#6393,.T.);
#8456=ORIENTED_EDGE('',*,*,#6395,.F.);
#8457=ORIENTED_EDGE('',*,*,#6396,.F.);
#8458=ORIENTED_EDGE('',*,*,#6397,.F.);
#8459=ORIENTED_EDGE('',*,*,#6396,.T.);
#8460=ORIENTED_EDGE('',*,*,#6398,.F.);
#8461=ORIENTED_EDGE('',*,*,#6399,.F.);
#8462=ORIENTED_EDGE('',*,*,#6400,.F.);
#8463=ORIENTED_EDGE('',*,*,#6399,.T.);
#8464=ORIENTED_EDGE('',*,*,#6401,.F.);
#8465=ORIENTED_EDGE('',*,*,#6402,.F.);
#8466=ORIENTED_EDGE('',*,*,#6403,.F.);
#8467=ORIENTED_EDGE('',*,*,#6402,.T.);
#8468=ORIENTED_EDGE('',*,*,#6404,.F.);
#8469=ORIENTED_EDGE('',*,*,#6405,.F.);
#8470=ORIENTED_EDGE('',*,*,#6406,.F.);
#8471=ORIENTED_EDGE('',*,*,#6405,.T.);
#8472=ORIENTED_EDGE('',*,*,#6407,.F.);
#8473=ORIENTED_EDGE('',*,*,#6408,.F.);
#8474=ORIENTED_EDGE('',*,*,#6409,.F.);
#8475=ORIENTED_EDGE('',*,*,#6408,.T.);
#8476=ORIENTED_EDGE('',*,*,#6410,.F.);
#8477=ORIENTED_EDGE('',*,*,#6411,.F.);
#8478=ORIENTED_EDGE('',*,*,#6412,.F.);
#8479=ORIENTED_EDGE('',*,*,#6411,.T.);
#8480=ORIENTED_EDGE('',*,*,#6413,.F.);
#8481=ORIENTED_EDGE('',*,*,#6414,.F.);
#8482=ORIENTED_EDGE('',*,*,#6415,.F.);
#8483=ORIENTED_EDGE('',*,*,#6414,.T.);
#8484=ORIENTED_EDGE('',*,*,#6416,.F.);
#8485=ORIENTED_EDGE('',*,*,#6417,.F.);
#8486=ORIENTED_EDGE('',*,*,#6418,.F.);
#8487=ORIENTED_EDGE('',*,*,#6417,.T.);
#8488=ORIENTED_EDGE('',*,*,#6419,.F.);
#8489=ORIENTED_EDGE('',*,*,#6420,.F.);
#8490=ORIENTED_EDGE('',*,*,#6421,.F.);
#8491=ORIENTED_EDGE('',*,*,#6420,.T.);
#8492=ORIENTED_EDGE('',*,*,#6422,.F.);
#8493=ORIENTED_EDGE('',*,*,#6388,.F.);
#8494=ORIENTED_EDGE('',*,*,#6423,.F.);
#8495=ORIENTED_EDGE('',*,*,#6424,.T.);
#8496=ORIENTED_EDGE('',*,*,#6425,.F.);
#8497=ORIENTED_EDGE('',*,*,#6424,.F.);
#8498=ORIENTED_EDGE('',*,*,#6423,.T.);
#8499=ORIENTED_EDGE('',*,*,#6422,.T.);
#8500=ORIENTED_EDGE('',*,*,#6419,.T.);
#8501=ORIENTED_EDGE('',*,*,#6416,.T.);
#8502=ORIENTED_EDGE('',*,*,#6413,.T.);
#8503=ORIENTED_EDGE('',*,*,#6410,.T.);
#8504=ORIENTED_EDGE('',*,*,#6407,.T.);
#8505=ORIENTED_EDGE('',*,*,#6404,.T.);
#8506=ORIENTED_EDGE('',*,*,#6401,.T.);
#8507=ORIENTED_EDGE('',*,*,#6398,.T.);
#8508=ORIENTED_EDGE('',*,*,#6395,.T.);
#8509=ORIENTED_EDGE('',*,*,#6392,.T.);
#8510=ORIENTED_EDGE('',*,*,#6389,.T.);
#8511=ORIENTED_EDGE('',*,*,#6426,.F.);
#8512=ORIENTED_EDGE('',*,*,#6427,.T.);
#8513=ORIENTED_EDGE('',*,*,#6428,.F.);
#8514=ORIENTED_EDGE('',*,*,#6429,.F.);
#8515=ORIENTED_EDGE('',*,*,#6430,.F.);
#8516=ORIENTED_EDGE('',*,*,#6429,.T.);
#8517=ORIENTED_EDGE('',*,*,#6431,.F.);
#8518=ORIENTED_EDGE('',*,*,#6432,.F.);
#8519=ORIENTED_EDGE('',*,*,#6433,.F.);
#8520=ORIENTED_EDGE('',*,*,#6432,.T.);
#8521=ORIENTED_EDGE('',*,*,#6434,.F.);
#8522=ORIENTED_EDGE('',*,*,#6435,.F.);
#8523=ORIENTED_EDGE('',*,*,#6436,.F.);
#8524=ORIENTED_EDGE('',*,*,#6435,.T.);
#8525=ORIENTED_EDGE('',*,*,#6437,.F.);
#8526=ORIENTED_EDGE('',*,*,#6438,.F.);
#8527=ORIENTED_EDGE('',*,*,#6439,.F.);
#8528=ORIENTED_EDGE('',*,*,#6438,.T.);
#8529=ORIENTED_EDGE('',*,*,#6440,.F.);
#8530=ORIENTED_EDGE('',*,*,#6441,.F.);
#8531=ORIENTED_EDGE('',*,*,#6442,.F.);
#8532=ORIENTED_EDGE('',*,*,#6441,.T.);
#8533=ORIENTED_EDGE('',*,*,#6443,.F.);
#8534=ORIENTED_EDGE('',*,*,#6444,.F.);
#8535=ORIENTED_EDGE('',*,*,#6445,.F.);
#8536=ORIENTED_EDGE('',*,*,#6444,.T.);
#8537=ORIENTED_EDGE('',*,*,#6446,.F.);
#8538=ORIENTED_EDGE('',*,*,#6447,.F.);
#8539=ORIENTED_EDGE('',*,*,#6448,.F.);
#8540=ORIENTED_EDGE('',*,*,#6447,.T.);
#8541=ORIENTED_EDGE('',*,*,#6449,.F.);
#8542=ORIENTED_EDGE('',*,*,#6450,.F.);
#8543=ORIENTED_EDGE('',*,*,#6451,.F.);
#8544=ORIENTED_EDGE('',*,*,#6450,.T.);
#8545=ORIENTED_EDGE('',*,*,#6452,.F.);
#8546=ORIENTED_EDGE('',*,*,#6453,.F.);
#8547=ORIENTED_EDGE('',*,*,#6454,.F.);
#8548=ORIENTED_EDGE('',*,*,#6453,.T.);
#8549=ORIENTED_EDGE('',*,*,#6455,.F.);
#8550=ORIENTED_EDGE('',*,*,#6456,.F.);
#8551=ORIENTED_EDGE('',*,*,#6457,.F.);
#8552=ORIENTED_EDGE('',*,*,#6456,.T.);
#8553=ORIENTED_EDGE('',*,*,#6458,.F.);
#8554=ORIENTED_EDGE('',*,*,#6459,.F.);
#8555=ORIENTED_EDGE('',*,*,#6460,.F.);
#8556=ORIENTED_EDGE('',*,*,#6459,.T.);
#8557=ORIENTED_EDGE('',*,*,#6461,.F.);
#8558=ORIENTED_EDGE('',*,*,#6427,.F.);
#8559=ORIENTED_EDGE('',*,*,#6462,.F.);
#8560=ORIENTED_EDGE('',*,*,#6463,.T.);
#8561=ORIENTED_EDGE('',*,*,#6464,.F.);
#8562=ORIENTED_EDGE('',*,*,#6463,.F.);
#8563=ORIENTED_EDGE('',*,*,#6462,.T.);
#8564=ORIENTED_EDGE('',*,*,#6461,.T.);
#8565=ORIENTED_EDGE('',*,*,#6458,.T.);
#8566=ORIENTED_EDGE('',*,*,#6455,.T.);
#8567=ORIENTED_EDGE('',*,*,#6452,.T.);
#8568=ORIENTED_EDGE('',*,*,#6449,.T.);
#8569=ORIENTED_EDGE('',*,*,#6446,.T.);
#8570=ORIENTED_EDGE('',*,*,#6443,.T.);
#8571=ORIENTED_EDGE('',*,*,#6440,.T.);
#8572=ORIENTED_EDGE('',*,*,#6437,.T.);
#8573=ORIENTED_EDGE('',*,*,#6434,.T.);
#8574=ORIENTED_EDGE('',*,*,#6431,.T.);
#8575=ORIENTED_EDGE('',*,*,#6428,.T.);
#8576=ORIENTED_EDGE('',*,*,#6465,.T.);
#8577=ORIENTED_EDGE('',*,*,#6386,.T.);
#8578=ORIENTED_EDGE('',*,*,#6466,.T.);
#8579=ORIENTED_EDGE('',*,*,#6425,.T.);
#8580=ORIENTED_EDGE('',*,*,#6467,.T.);
#8581=ORIENTED_EDGE('',*,*,#6464,.T.);
#8582=ORIENTED_EDGE('',*,*,#6468,.F.);
#8583=ORIENTED_EDGE('',*,*,#6469,.T.);
#8584=ORIENTED_EDGE('',*,*,#6470,.F.);
#8585=ORIENTED_EDGE('',*,*,#6471,.F.);
#8586=ORIENTED_EDGE('',*,*,#6472,.F.);
#8587=ORIENTED_EDGE('',*,*,#6471,.T.);
#8588=ORIENTED_EDGE('',*,*,#6473,.F.);
#8589=ORIENTED_EDGE('',*,*,#6474,.F.);
#8590=ORIENTED_EDGE('',*,*,#6475,.F.);
#8591=ORIENTED_EDGE('',*,*,#6474,.T.);
#8592=ORIENTED_EDGE('',*,*,#6476,.F.);
#8593=ORIENTED_EDGE('',*,*,#6477,.F.);
#8594=ORIENTED_EDGE('',*,*,#6478,.F.);
#8595=ORIENTED_EDGE('',*,*,#6477,.T.);
#8596=ORIENTED_EDGE('',*,*,#6479,.F.);
#8597=ORIENTED_EDGE('',*,*,#6480,.F.);
#8598=ORIENTED_EDGE('',*,*,#6481,.F.);
#8599=ORIENTED_EDGE('',*,*,#6480,.T.);
#8600=ORIENTED_EDGE('',*,*,#6482,.F.);
#8601=ORIENTED_EDGE('',*,*,#6483,.F.);
#8602=ORIENTED_EDGE('',*,*,#6484,.F.);
#8603=ORIENTED_EDGE('',*,*,#6483,.T.);
#8604=ORIENTED_EDGE('',*,*,#6485,.F.);
#8605=ORIENTED_EDGE('',*,*,#6486,.F.);
#8606=ORIENTED_EDGE('',*,*,#6487,.F.);
#8607=ORIENTED_EDGE('',*,*,#6486,.T.);
#8608=ORIENTED_EDGE('',*,*,#6488,.F.);
#8609=ORIENTED_EDGE('',*,*,#6489,.F.);
#8610=ORIENTED_EDGE('',*,*,#6490,.F.);
#8611=ORIENTED_EDGE('',*,*,#6489,.T.);
#8612=ORIENTED_EDGE('',*,*,#6491,.F.);
#8613=ORIENTED_EDGE('',*,*,#6492,.F.);
#8614=ORIENTED_EDGE('',*,*,#6493,.F.);
#8615=ORIENTED_EDGE('',*,*,#6492,.T.);
#8616=ORIENTED_EDGE('',*,*,#6494,.F.);
#8617=ORIENTED_EDGE('',*,*,#6495,.F.);
#8618=ORIENTED_EDGE('',*,*,#6496,.F.);
#8619=ORIENTED_EDGE('',*,*,#6495,.T.);
#8620=ORIENTED_EDGE('',*,*,#6497,.F.);
#8621=ORIENTED_EDGE('',*,*,#6498,.F.);
#8622=ORIENTED_EDGE('',*,*,#6499,.F.);
#8623=ORIENTED_EDGE('',*,*,#6498,.T.);
#8624=ORIENTED_EDGE('',*,*,#6500,.F.);
#8625=ORIENTED_EDGE('',*,*,#6501,.F.);
#8626=ORIENTED_EDGE('',*,*,#6502,.F.);
#8627=ORIENTED_EDGE('',*,*,#6501,.T.);
#8628=ORIENTED_EDGE('',*,*,#6503,.F.);
#8629=ORIENTED_EDGE('',*,*,#6469,.F.);
#8630=ORIENTED_EDGE('',*,*,#6504,.F.);
#8631=ORIENTED_EDGE('',*,*,#6505,.T.);
#8632=ORIENTED_EDGE('',*,*,#6506,.F.);
#8633=ORIENTED_EDGE('',*,*,#6505,.F.);
#8634=ORIENTED_EDGE('',*,*,#6504,.T.);
#8635=ORIENTED_EDGE('',*,*,#6503,.T.);
#8636=ORIENTED_EDGE('',*,*,#6500,.T.);
#8637=ORIENTED_EDGE('',*,*,#6497,.T.);
#8638=ORIENTED_EDGE('',*,*,#6494,.T.);
#8639=ORIENTED_EDGE('',*,*,#6491,.T.);
#8640=ORIENTED_EDGE('',*,*,#6488,.T.);
#8641=ORIENTED_EDGE('',*,*,#6485,.T.);
#8642=ORIENTED_EDGE('',*,*,#6482,.T.);
#8643=ORIENTED_EDGE('',*,*,#6479,.T.);
#8644=ORIENTED_EDGE('',*,*,#6476,.T.);
#8645=ORIENTED_EDGE('',*,*,#6473,.T.);
#8646=ORIENTED_EDGE('',*,*,#6470,.T.);
#8647=ORIENTED_EDGE('',*,*,#6507,.F.);
#8648=ORIENTED_EDGE('',*,*,#6508,.T.);
#8649=ORIENTED_EDGE('',*,*,#6509,.F.);
#8650=ORIENTED_EDGE('',*,*,#6510,.F.);
#8651=ORIENTED_EDGE('',*,*,#6511,.F.);
#8652=ORIENTED_EDGE('',*,*,#6510,.T.);
#8653=ORIENTED_EDGE('',*,*,#6512,.F.);
#8654=ORIENTED_EDGE('',*,*,#6513,.F.);
#8655=ORIENTED_EDGE('',*,*,#6514,.F.);
#8656=ORIENTED_EDGE('',*,*,#6513,.T.);
#8657=ORIENTED_EDGE('',*,*,#6515,.F.);
#8658=ORIENTED_EDGE('',*,*,#6516,.F.);
#8659=ORIENTED_EDGE('',*,*,#6517,.F.);
#8660=ORIENTED_EDGE('',*,*,#6516,.T.);
#8661=ORIENTED_EDGE('',*,*,#6518,.F.);
#8662=ORIENTED_EDGE('',*,*,#6519,.F.);
#8663=ORIENTED_EDGE('',*,*,#6520,.F.);
#8664=ORIENTED_EDGE('',*,*,#6519,.T.);
#8665=ORIENTED_EDGE('',*,*,#6521,.F.);
#8666=ORIENTED_EDGE('',*,*,#6522,.F.);
#8667=ORIENTED_EDGE('',*,*,#6523,.F.);
#8668=ORIENTED_EDGE('',*,*,#6522,.T.);
#8669=ORIENTED_EDGE('',*,*,#6524,.F.);
#8670=ORIENTED_EDGE('',*,*,#6525,.F.);
#8671=ORIENTED_EDGE('',*,*,#6526,.F.);
#8672=ORIENTED_EDGE('',*,*,#6525,.T.);
#8673=ORIENTED_EDGE('',*,*,#6527,.F.);
#8674=ORIENTED_EDGE('',*,*,#6528,.F.);
#8675=ORIENTED_EDGE('',*,*,#6529,.F.);
#8676=ORIENTED_EDGE('',*,*,#6528,.T.);
#8677=ORIENTED_EDGE('',*,*,#6530,.F.);
#8678=ORIENTED_EDGE('',*,*,#6531,.F.);
#8679=ORIENTED_EDGE('',*,*,#6532,.F.);
#8680=ORIENTED_EDGE('',*,*,#6531,.T.);
#8681=ORIENTED_EDGE('',*,*,#6533,.F.);
#8682=ORIENTED_EDGE('',*,*,#6534,.F.);
#8683=ORIENTED_EDGE('',*,*,#6535,.F.);
#8684=ORIENTED_EDGE('',*,*,#6534,.T.);
#8685=ORIENTED_EDGE('',*,*,#6536,.F.);
#8686=ORIENTED_EDGE('',*,*,#6537,.F.);
#8687=ORIENTED_EDGE('',*,*,#6538,.F.);
#8688=ORIENTED_EDGE('',*,*,#6537,.T.);
#8689=ORIENTED_EDGE('',*,*,#6539,.F.);
#8690=ORIENTED_EDGE('',*,*,#6540,.F.);
#8691=ORIENTED_EDGE('',*,*,#6541,.F.);
#8692=ORIENTED_EDGE('',*,*,#6540,.T.);
#8693=ORIENTED_EDGE('',*,*,#6542,.F.);
#8694=ORIENTED_EDGE('',*,*,#6508,.F.);
#8695=ORIENTED_EDGE('',*,*,#6543,.F.);
#8696=ORIENTED_EDGE('',*,*,#6544,.T.);
#8697=ORIENTED_EDGE('',*,*,#6545,.F.);
#8698=ORIENTED_EDGE('',*,*,#6544,.F.);
#8699=ORIENTED_EDGE('',*,*,#6543,.T.);
#8700=ORIENTED_EDGE('',*,*,#6542,.T.);
#8701=ORIENTED_EDGE('',*,*,#6539,.T.);
#8702=ORIENTED_EDGE('',*,*,#6536,.T.);
#8703=ORIENTED_EDGE('',*,*,#6533,.T.);
#8704=ORIENTED_EDGE('',*,*,#6530,.T.);
#8705=ORIENTED_EDGE('',*,*,#6527,.T.);
#8706=ORIENTED_EDGE('',*,*,#6524,.T.);
#8707=ORIENTED_EDGE('',*,*,#6521,.T.);
#8708=ORIENTED_EDGE('',*,*,#6518,.T.);
#8709=ORIENTED_EDGE('',*,*,#6515,.T.);
#8710=ORIENTED_EDGE('',*,*,#6512,.T.);
#8711=ORIENTED_EDGE('',*,*,#6509,.T.);
#8712=ORIENTED_EDGE('',*,*,#6546,.F.);
#8713=ORIENTED_EDGE('',*,*,#6547,.T.);
#8714=ORIENTED_EDGE('',*,*,#6548,.F.);
#8715=ORIENTED_EDGE('',*,*,#6549,.F.);
#8716=ORIENTED_EDGE('',*,*,#6550,.F.);
#8717=ORIENTED_EDGE('',*,*,#6549,.T.);
#8718=ORIENTED_EDGE('',*,*,#6551,.F.);
#8719=ORIENTED_EDGE('',*,*,#6552,.F.);
#8720=ORIENTED_EDGE('',*,*,#6553,.F.);
#8721=ORIENTED_EDGE('',*,*,#6552,.T.);
#8722=ORIENTED_EDGE('',*,*,#6554,.F.);
#8723=ORIENTED_EDGE('',*,*,#6555,.F.);
#8724=ORIENTED_EDGE('',*,*,#6556,.F.);
#8725=ORIENTED_EDGE('',*,*,#6555,.T.);
#8726=ORIENTED_EDGE('',*,*,#6557,.F.);
#8727=ORIENTED_EDGE('',*,*,#6558,.F.);
#8728=ORIENTED_EDGE('',*,*,#6559,.F.);
#8729=ORIENTED_EDGE('',*,*,#6558,.T.);
#8730=ORIENTED_EDGE('',*,*,#6560,.F.);
#8731=ORIENTED_EDGE('',*,*,#6561,.F.);
#8732=ORIENTED_EDGE('',*,*,#6562,.F.);
#8733=ORIENTED_EDGE('',*,*,#6561,.T.);
#8734=ORIENTED_EDGE('',*,*,#6563,.F.);
#8735=ORIENTED_EDGE('',*,*,#6564,.F.);
#8736=ORIENTED_EDGE('',*,*,#6565,.F.);
#8737=ORIENTED_EDGE('',*,*,#6564,.T.);
#8738=ORIENTED_EDGE('',*,*,#6566,.F.);
#8739=ORIENTED_EDGE('',*,*,#6567,.F.);
#8740=ORIENTED_EDGE('',*,*,#6568,.F.);
#8741=ORIENTED_EDGE('',*,*,#6567,.T.);
#8742=ORIENTED_EDGE('',*,*,#6569,.F.);
#8743=ORIENTED_EDGE('',*,*,#6570,.F.);
#8744=ORIENTED_EDGE('',*,*,#6571,.F.);
#8745=ORIENTED_EDGE('',*,*,#6570,.T.);
#8746=ORIENTED_EDGE('',*,*,#6572,.F.);
#8747=ORIENTED_EDGE('',*,*,#6573,.F.);
#8748=ORIENTED_EDGE('',*,*,#6574,.F.);
#8749=ORIENTED_EDGE('',*,*,#6573,.T.);
#8750=ORIENTED_EDGE('',*,*,#6575,.F.);
#8751=ORIENTED_EDGE('',*,*,#6576,.F.);
#8752=ORIENTED_EDGE('',*,*,#6577,.F.);
#8753=ORIENTED_EDGE('',*,*,#6576,.T.);
#8754=ORIENTED_EDGE('',*,*,#6578,.F.);
#8755=ORIENTED_EDGE('',*,*,#6579,.F.);
#8756=ORIENTED_EDGE('',*,*,#6580,.F.);
#8757=ORIENTED_EDGE('',*,*,#6579,.T.);
#8758=ORIENTED_EDGE('',*,*,#6581,.F.);
#8759=ORIENTED_EDGE('',*,*,#6547,.F.);
#8760=ORIENTED_EDGE('',*,*,#6582,.F.);
#8761=ORIENTED_EDGE('',*,*,#6583,.T.);
#8762=ORIENTED_EDGE('',*,*,#6584,.F.);
#8763=ORIENTED_EDGE('',*,*,#6583,.F.);
#8764=ORIENTED_EDGE('',*,*,#6582,.T.);
#8765=ORIENTED_EDGE('',*,*,#6581,.T.);
#8766=ORIENTED_EDGE('',*,*,#6578,.T.);
#8767=ORIENTED_EDGE('',*,*,#6575,.T.);
#8768=ORIENTED_EDGE('',*,*,#6572,.T.);
#8769=ORIENTED_EDGE('',*,*,#6569,.T.);
#8770=ORIENTED_EDGE('',*,*,#6566,.T.);
#8771=ORIENTED_EDGE('',*,*,#6563,.T.);
#8772=ORIENTED_EDGE('',*,*,#6560,.T.);
#8773=ORIENTED_EDGE('',*,*,#6557,.T.);
#8774=ORIENTED_EDGE('',*,*,#6554,.T.);
#8775=ORIENTED_EDGE('',*,*,#6551,.T.);
#8776=ORIENTED_EDGE('',*,*,#6548,.T.);
#8777=ORIENTED_EDGE('',*,*,#6585,.F.);
#8778=ORIENTED_EDGE('',*,*,#6586,.T.);
#8779=ORIENTED_EDGE('',*,*,#6587,.F.);
#8780=ORIENTED_EDGE('',*,*,#6588,.F.);
#8781=ORIENTED_EDGE('',*,*,#6589,.F.);
#8782=ORIENTED_EDGE('',*,*,#6588,.T.);
#8783=ORIENTED_EDGE('',*,*,#6590,.F.);
#8784=ORIENTED_EDGE('',*,*,#6591,.F.);
#8785=ORIENTED_EDGE('',*,*,#6592,.F.);
#8786=ORIENTED_EDGE('',*,*,#6591,.T.);
#8787=ORIENTED_EDGE('',*,*,#6593,.F.);
#8788=ORIENTED_EDGE('',*,*,#6594,.F.);
#8789=ORIENTED_EDGE('',*,*,#6595,.F.);
#8790=ORIENTED_EDGE('',*,*,#6594,.T.);
#8791=ORIENTED_EDGE('',*,*,#6596,.F.);
#8792=ORIENTED_EDGE('',*,*,#6597,.F.);
#8793=ORIENTED_EDGE('',*,*,#6598,.F.);
#8794=ORIENTED_EDGE('',*,*,#6597,.T.);
#8795=ORIENTED_EDGE('',*,*,#6599,.F.);
#8796=ORIENTED_EDGE('',*,*,#6600,.F.);
#8797=ORIENTED_EDGE('',*,*,#6601,.F.);
#8798=ORIENTED_EDGE('',*,*,#6600,.T.);
#8799=ORIENTED_EDGE('',*,*,#6602,.F.);
#8800=ORIENTED_EDGE('',*,*,#6603,.F.);
#8801=ORIENTED_EDGE('',*,*,#6604,.F.);
#8802=ORIENTED_EDGE('',*,*,#6603,.T.);
#8803=ORIENTED_EDGE('',*,*,#6605,.F.);
#8804=ORIENTED_EDGE('',*,*,#6606,.F.);
#8805=ORIENTED_EDGE('',*,*,#6607,.F.);
#8806=ORIENTED_EDGE('',*,*,#6606,.T.);
#8807=ORIENTED_EDGE('',*,*,#6608,.F.);
#8808=ORIENTED_EDGE('',*,*,#6609,.F.);
#8809=ORIENTED_EDGE('',*,*,#6610,.F.);
#8810=ORIENTED_EDGE('',*,*,#6609,.T.);
#8811=ORIENTED_EDGE('',*,*,#6611,.F.);
#8812=ORIENTED_EDGE('',*,*,#6612,.F.);
#8813=ORIENTED_EDGE('',*,*,#6613,.F.);
#8814=ORIENTED_EDGE('',*,*,#6612,.T.);
#8815=ORIENTED_EDGE('',*,*,#6614,.F.);
#8816=ORIENTED_EDGE('',*,*,#6615,.F.);
#8817=ORIENTED_EDGE('',*,*,#6616,.F.);
#8818=ORIENTED_EDGE('',*,*,#6615,.T.);
#8819=ORIENTED_EDGE('',*,*,#6617,.F.);
#8820=ORIENTED_EDGE('',*,*,#6618,.F.);
#8821=ORIENTED_EDGE('',*,*,#6619,.F.);
#8822=ORIENTED_EDGE('',*,*,#6618,.T.);
#8823=ORIENTED_EDGE('',*,*,#6620,.F.);
#8824=ORIENTED_EDGE('',*,*,#6586,.F.);
#8825=ORIENTED_EDGE('',*,*,#6621,.F.);
#8826=ORIENTED_EDGE('',*,*,#6622,.T.);
#8827=ORIENTED_EDGE('',*,*,#6623,.F.);
#8828=ORIENTED_EDGE('',*,*,#6622,.F.);
#8829=ORIENTED_EDGE('',*,*,#6621,.T.);
#8830=ORIENTED_EDGE('',*,*,#6620,.T.);
#8831=ORIENTED_EDGE('',*,*,#6617,.T.);
#8832=ORIENTED_EDGE('',*,*,#6614,.T.);
#8833=ORIENTED_EDGE('',*,*,#6611,.T.);
#8834=ORIENTED_EDGE('',*,*,#6608,.T.);
#8835=ORIENTED_EDGE('',*,*,#6605,.T.);
#8836=ORIENTED_EDGE('',*,*,#6602,.T.);
#8837=ORIENTED_EDGE('',*,*,#6599,.T.);
#8838=ORIENTED_EDGE('',*,*,#6596,.T.);
#8839=ORIENTED_EDGE('',*,*,#6593,.T.);
#8840=ORIENTED_EDGE('',*,*,#6590,.T.);
#8841=ORIENTED_EDGE('',*,*,#6587,.T.);
#8842=ORIENTED_EDGE('',*,*,#6624,.F.);
#8843=ORIENTED_EDGE('',*,*,#6506,.T.);
#8844=ORIENTED_EDGE('',*,*,#6625,.F.);
#8845=ORIENTED_EDGE('',*,*,#6545,.T.);
#8846=ORIENTED_EDGE('',*,*,#6626,.F.);
#8847=ORIENTED_EDGE('',*,*,#6584,.T.);
#8848=ORIENTED_EDGE('',*,*,#6627,.F.);
#8849=ORIENTED_EDGE('',*,*,#6623,.T.);
#8850=ORIENTED_EDGE('',*,*,#6311,.T.);
#8851=ORIENTED_EDGE('',*,*,#6270,.F.);
#8852=ORIENTED_EDGE('',*,*,#6208,.T.);
#8853=ORIENTED_EDGE('',*,*,#6266,.F.);
#8854=ORIENTED_EDGE('',*,*,#6212,.F.);
#8855=ORIENTED_EDGE('',*,*,#6275,.F.);
#8856=ORIENTED_EDGE('',*,*,#6308,.T.);
#8857=ORIENTED_EDGE('',*,*,#6340,.T.);
#8858=ORIENTED_EDGE('',*,*,#6304,.T.);
#8859=ORIENTED_EDGE('',*,*,#6344,.F.);
#8860=ORIENTED_EDGE('',*,*,#6221,.T.);
#8861=ORIENTED_EDGE('',*,*,#6265,.F.);
#8862=ORIENTED_EDGE('',*,*,#6299,.T.);
#8863=ORIENTED_EDGE('',*,*,#6339,.T.);
#8864=ORIENTED_EDGE('',*,*,#6295,.T.);
#8865=ORIENTED_EDGE('',*,*,#6262,.F.);
#8866=ORIENTED_EDGE('',*,*,#6227,.F.);
#8867=ORIENTED_EDGE('',*,*,#6345,.F.);
#8868=ORIENTED_EDGE('',*,*,#6291,.T.);
#8869=ORIENTED_EDGE('',*,*,#6338,.T.);
#8870=ORIENTED_EDGE('',*,*,#6336,.T.);
#8871=ORIENTED_EDGE('',*,*,#6276,.F.);
#8872=ORIENTED_EDGE('',*,*,#6236,.T.);
#8873=ORIENTED_EDGE('',*,*,#6261,.F.);
#8874=ORIENTED_EDGE('',*,*,#6628,.T.);
#8875=ORIENTED_EDGE('',*,*,#6629,.F.);
#8876=ORIENTED_EDGE('',*,*,#6630,.T.);
#8877=ORIENTED_EDGE('',*,*,#6631,.F.);
#8878=ORIENTED_EDGE('',*,*,#6628,.F.);
#8879=ORIENTED_EDGE('',*,*,#6260,.F.);
#8880=ORIENTED_EDGE('',*,*,#6239,.F.);
#8881=ORIENTED_EDGE('',*,*,#6281,.F.);
#8882=ORIENTED_EDGE('',*,*,#6333,.T.);
#8883=ORIENTED_EDGE('',*,*,#6343,.T.);
#8884=ORIENTED_EDGE('',*,*,#6329,.T.);
#8885=ORIENTED_EDGE('',*,*,#6346,.F.);
#8886=ORIENTED_EDGE('',*,*,#6248,.T.);
#8887=ORIENTED_EDGE('',*,*,#6259,.F.);
#8888=ORIENTED_EDGE('',*,*,#6324,.T.);
#8889=ORIENTED_EDGE('',*,*,#6342,.T.);
#8890=ORIENTED_EDGE('',*,*,#6320,.T.);
#8891=ORIENTED_EDGE('',*,*,#6256,.F.);
#8892=ORIENTED_EDGE('',*,*,#6254,.F.);
#8893=ORIENTED_EDGE('',*,*,#6347,.F.);
#8894=ORIENTED_EDGE('',*,*,#6316,.T.);
#8895=ORIENTED_EDGE('',*,*,#6341,.T.);
#8896=ORIENTED_EDGE('',*,*,#6176,.T.);
#8897=ORIENTED_EDGE('',*,*,#6180,.T.);
#8898=ORIENTED_EDGE('',*,*,#6183,.T.);
#8899=ORIENTED_EDGE('',*,*,#6186,.T.);
#8900=ORIENTED_EDGE('',*,*,#6632,.T.);
#8901=ORIENTED_EDGE('',*,*,#6630,.F.);
#8902=ORIENTED_EDGE('',*,*,#5746,.F.);
#8903=ORIENTED_EDGE('',*,*,#6633,.F.);
#8904=ORIENTED_EDGE('',*,*,#6634,.T.);
#8905=ORIENTED_EDGE('',*,*,#5825,.F.);
#8906=ORIENTED_EDGE('',*,*,#5730,.F.);
#8907=ORIENTED_EDGE('',*,*,#6635,.F.);
#8908=ORIENTED_EDGE('',*,*,#6636,.T.);
#8909=ORIENTED_EDGE('',*,*,#6637,.F.);
#8910=ORIENTED_EDGE('',*,*,#6638,.F.);
#8911=ORIENTED_EDGE('',*,*,#5826,.F.);
#8912=ORIENTED_EDGE('',*,*,#6634,.F.);
#8913=ORIENTED_EDGE('',*,*,#6639,.F.);
#8914=ORIENTED_EDGE('',*,*,#6640,.F.);
#8915=ORIENTED_EDGE('',*,*,#6641,.F.);
#8916=ORIENTED_EDGE('',*,*,#6636,.F.);
#8917=ORIENTED_EDGE('',*,*,#6642,.F.);
#8918=ORIENTED_EDGE('',*,*,#6639,.T.);
#8919=ORIENTED_EDGE('',*,*,#6633,.T.);
#8920=ORIENTED_EDGE('',*,*,#5745,.T.);
#8921=ORIENTED_EDGE('',*,*,#6643,.T.);
#8922=ORIENTED_EDGE('',*,*,#6644,.F.);
#8923=ORIENTED_EDGE('',*,*,#6645,.F.);
#8924=ORIENTED_EDGE('',*,*,#6638,.T.);
#8925=ORIENTED_EDGE('',*,*,#6646,.T.);
#8926=ORIENTED_EDGE('',*,*,#6647,.T.);
#8927=ORIENTED_EDGE('',*,*,#5827,.F.);
#8928=ORIENTED_EDGE('',*,*,#5785,.T.);
#8929=ORIENTED_EDGE('',*,*,#6648,.T.);
#8930=ORIENTED_EDGE('',*,*,#5796,.F.);
#8931=ORIENTED_EDGE('',*,*,#5799,.T.);
#8932=ORIENTED_EDGE('',*,*,#5801,.T.);
#8933=ORIENTED_EDGE('',*,*,#6649,.T.);
#8934=ORIENTED_EDGE('',*,*,#6646,.F.);
#8935=ORIENTED_EDGE('',*,*,#6642,.T.);
#8936=ORIENTED_EDGE('',*,*,#6635,.T.);
#8937=ORIENTED_EDGE('',*,*,#5729,.F.);
#8938=ORIENTED_EDGE('',*,*,#5724,.F.);
#8939=ORIENTED_EDGE('',*,*,#5794,.T.);
#8940=ORIENTED_EDGE('',*,*,#6077,.F.);
#8941=ORIENTED_EDGE('',*,*,#6050,.F.);
#8942=ORIENTED_EDGE('',*,*,#6078,.F.);
#8943=ORIENTED_EDGE('',*,*,#6046,.F.);
#8944=ORIENTED_EDGE('',*,*,#6075,.F.);
#8945=ORIENTED_EDGE('',*,*,#6650,.T.);
#8946=ORIENTED_EDGE('',*,*,#6651,.F.);
#8947=ORIENTED_EDGE('',*,*,#6650,.F.);
#8948=ORIENTED_EDGE('',*,*,#6074,.F.);
#8949=ORIENTED_EDGE('',*,*,#6042,.F.);
#8950=ORIENTED_EDGE('',*,*,#6076,.F.);
#8951=ORIENTED_EDGE('',*,*,#6038,.F.);
#8952=ORIENTED_EDGE('',*,*,#6652,.F.);
#8953=ORIENTED_EDGE('',*,*,#6653,.T.);
#8954=ORIENTED_EDGE('',*,*,#6654,.F.);
#8955=ORIENTED_EDGE('',*,*,#6655,.F.);
#8956=ORIENTED_EDGE('',*,*,#6656,.F.);
#8957=ORIENTED_EDGE('',*,*,#6655,.T.);
#8958=ORIENTED_EDGE('',*,*,#6657,.F.);
#8959=ORIENTED_EDGE('',*,*,#6658,.F.);
#8960=ORIENTED_EDGE('',*,*,#6659,.F.);
#8961=ORIENTED_EDGE('',*,*,#6658,.T.);
#8962=ORIENTED_EDGE('',*,*,#6660,.F.);
#8963=ORIENTED_EDGE('',*,*,#6661,.F.);
#8964=ORIENTED_EDGE('',*,*,#6662,.F.);
#8965=ORIENTED_EDGE('',*,*,#6661,.T.);
#8966=ORIENTED_EDGE('',*,*,#6663,.F.);
#8967=ORIENTED_EDGE('',*,*,#6664,.F.);
#8968=ORIENTED_EDGE('',*,*,#6665,.F.);
#8969=ORIENTED_EDGE('',*,*,#6664,.T.);
#8970=ORIENTED_EDGE('',*,*,#6666,.F.);
#8971=ORIENTED_EDGE('',*,*,#6667,.F.);
#8972=ORIENTED_EDGE('',*,*,#6668,.F.);
#8973=ORIENTED_EDGE('',*,*,#6667,.T.);
#8974=ORIENTED_EDGE('',*,*,#6669,.F.);
#8975=ORIENTED_EDGE('',*,*,#6670,.F.);
#8976=ORIENTED_EDGE('',*,*,#6671,.F.);
#8977=ORIENTED_EDGE('',*,*,#6670,.T.);
#8978=ORIENTED_EDGE('',*,*,#6672,.F.);
#8979=ORIENTED_EDGE('',*,*,#6632,.F.);
#8980=ORIENTED_EDGE('',*,*,#6673,.F.);
#8981=ORIENTED_EDGE('',*,*,#6674,.F.);
#8982=ORIENTED_EDGE('',*,*,#6675,.F.);
#8983=ORIENTED_EDGE('',*,*,#6674,.T.);
#8984=ORIENTED_EDGE('',*,*,#6676,.F.);
#8985=ORIENTED_EDGE('',*,*,#6653,.F.);
#8986=ORIENTED_EDGE('',*,*,#6629,.T.);
#8987=ORIENTED_EDGE('',*,*,#6631,.T.);
#8988=ORIENTED_EDGE('',*,*,#6672,.T.);
#8989=ORIENTED_EDGE('',*,*,#6669,.T.);
#8990=ORIENTED_EDGE('',*,*,#6666,.T.);
#8991=ORIENTED_EDGE('',*,*,#6663,.T.);
#8992=ORIENTED_EDGE('',*,*,#6660,.T.);
#8993=ORIENTED_EDGE('',*,*,#6657,.T.);
#8994=ORIENTED_EDGE('',*,*,#6654,.T.);
#8995=ORIENTED_EDGE('',*,*,#6676,.T.);
#8996=ORIENTED_EDGE('',*,*,#6673,.T.);
#8997=ORIENTED_EDGE('',*,*,#6651,.T.);
#8998=ORIENTED_EDGE('',*,*,#5839,.F.);
#8999=ORIENTED_EDGE('',*,*,#5847,.F.);
#9000=ORIENTED_EDGE('',*,*,#5851,.F.);
#9001=ORIENTED_EDGE('',*,*,#5858,.F.);
#9002=ORIENTED_EDGE('',*,*,#5804,.F.);
#9003=ORIENTED_EDGE('',*,*,#5824,.F.);
#9004=ORIENTED_EDGE('',*,*,#5808,.F.);
#9005=ORIENTED_EDGE('',*,*,#5815,.F.);
#9006=ORIENTED_EDGE('',*,*,#5863,.F.);
#9007=ORIENTED_EDGE('',*,*,#5869,.F.);
#9008=ORIENTED_EDGE('',*,*,#5874,.F.);
#9009=ORIENTED_EDGE('',*,*,#5877,.F.);
#9010=ORIENTED_EDGE('',*,*,#5784,.F.);
#9011=ORIENTED_EDGE('',*,*,#5793,.F.);
#9012=ORIENTED_EDGE('',*,*,#5797,.F.);
#9013=ORIENTED_EDGE('',*,*,#6648,.F.);
#9014=ORIENTED_EDGE('',*,*,#6677,.F.);
#9015=ORIENTED_EDGE('',*,*,#6678,.T.);
#9016=ORIENTED_EDGE('',*,*,#6679,.F.);
#9017=ORIENTED_EDGE('',*,*,#6678,.F.);
#9018=ORIENTED_EDGE('',*,*,#5779,.F.);
#9019=ORIENTED_EDGE('',*,*,#6680,.T.);
#9020=ORIENTED_EDGE('',*,*,#6681,.F.);
#9021=ORIENTED_EDGE('',*,*,#6682,.F.);
#9022=ORIENTED_EDGE('',*,*,#5780,.F.);
#9023=ORIENTED_EDGE('',*,*,#6682,.T.);
#9024=ORIENTED_EDGE('',*,*,#6683,.F.);
#9025=ORIENTED_EDGE('',*,*,#6684,.F.);
#9026=ORIENTED_EDGE('',*,*,#5781,.T.);
#9027=ORIENTED_EDGE('',*,*,#6684,.T.);
#9028=ORIENTED_EDGE('',*,*,#6685,.F.);
#9029=ORIENTED_EDGE('',*,*,#6686,.F.);
#9030=ORIENTED_EDGE('',*,*,#5782,.T.);
#9031=ORIENTED_EDGE('',*,*,#6686,.T.);
#9032=ORIENTED_EDGE('',*,*,#6687,.F.);
#9033=ORIENTED_EDGE('',*,*,#6688,.F.);
#9034=ORIENTED_EDGE('',*,*,#5777,.T.);
#9035=ORIENTED_EDGE('',*,*,#6688,.T.);
#9036=ORIENTED_EDGE('',*,*,#6689,.F.);
#9037=ORIENTED_EDGE('',*,*,#6690,.F.);
#9038=ORIENTED_EDGE('',*,*,#5778,.T.);
#9039=ORIENTED_EDGE('',*,*,#6690,.T.);
#9040=ORIENTED_EDGE('',*,*,#6691,.F.);
#9041=ORIENTED_EDGE('',*,*,#6680,.F.);
#9042=ORIENTED_EDGE('',*,*,#6691,.T.);
#9043=ORIENTED_EDGE('',*,*,#6689,.T.);
#9044=ORIENTED_EDGE('',*,*,#6687,.T.);
#9045=ORIENTED_EDGE('',*,*,#6685,.T.);
#9046=ORIENTED_EDGE('',*,*,#6683,.T.);
#9047=ORIENTED_EDGE('',*,*,#6681,.T.);
#9048=ORIENTED_EDGE('',*,*,#6677,.T.);
#9049=ORIENTED_EDGE('',*,*,#6692,.F.);
#9050=ORIENTED_EDGE('',*,*,#6693,.T.);
#9051=ORIENTED_EDGE('',*,*,#6694,.F.);
#9052=ORIENTED_EDGE('',*,*,#6693,.F.);
#9053=ORIENTED_EDGE('',*,*,#5768,.F.);
#9054=ORIENTED_EDGE('',*,*,#6695,.T.);
#9055=ORIENTED_EDGE('',*,*,#6696,.F.);
#9056=ORIENTED_EDGE('',*,*,#6697,.F.);
#9057=ORIENTED_EDGE('',*,*,#5769,.T.);
#9058=ORIENTED_EDGE('',*,*,#6697,.T.);
#9059=ORIENTED_EDGE('',*,*,#6698,.F.);
#9060=ORIENTED_EDGE('',*,*,#6699,.F.);
#9061=ORIENTED_EDGE('',*,*,#5770,.T.);
#9062=ORIENTED_EDGE('',*,*,#6699,.T.);
#9063=ORIENTED_EDGE('',*,*,#6700,.F.);
#9064=ORIENTED_EDGE('',*,*,#6701,.F.);
#9065=ORIENTED_EDGE('',*,*,#5765,.T.);
#9066=ORIENTED_EDGE('',*,*,#6701,.T.);
#9067=ORIENTED_EDGE('',*,*,#6702,.F.);
#9068=ORIENTED_EDGE('',*,*,#6703,.F.);
#9069=ORIENTED_EDGE('',*,*,#5766,.T.);
#9070=ORIENTED_EDGE('',*,*,#6703,.T.);
#9071=ORIENTED_EDGE('',*,*,#6704,.F.);
#9072=ORIENTED_EDGE('',*,*,#6705,.F.);
#9073=ORIENTED_EDGE('',*,*,#5767,.F.);
#9074=ORIENTED_EDGE('',*,*,#6705,.T.);
#9075=ORIENTED_EDGE('',*,*,#6706,.F.);
#9076=ORIENTED_EDGE('',*,*,#6695,.F.);
#9077=ORIENTED_EDGE('',*,*,#6706,.T.);
#9078=ORIENTED_EDGE('',*,*,#6704,.T.);
#9079=ORIENTED_EDGE('',*,*,#6702,.T.);
#9080=ORIENTED_EDGE('',*,*,#6700,.T.);
#9081=ORIENTED_EDGE('',*,*,#6698,.T.);
#9082=ORIENTED_EDGE('',*,*,#6696,.T.);
#9083=ORIENTED_EDGE('',*,*,#6692,.T.);
#9084=ORIENTED_EDGE('',*,*,#6707,.F.);
#9085=ORIENTED_EDGE('',*,*,#6708,.T.);
#9086=ORIENTED_EDGE('',*,*,#6709,.F.);
#9087=ORIENTED_EDGE('',*,*,#6708,.F.);
#9088=ORIENTED_EDGE('',*,*,#5763,.F.);
#9089=ORIENTED_EDGE('',*,*,#6710,.T.);
#9090=ORIENTED_EDGE('',*,*,#6711,.F.);
#9091=ORIENTED_EDGE('',*,*,#6712,.F.);
#9092=ORIENTED_EDGE('',*,*,#5764,.T.);
#9093=ORIENTED_EDGE('',*,*,#6712,.T.);
#9094=ORIENTED_EDGE('',*,*,#6713,.F.);
#9095=ORIENTED_EDGE('',*,*,#6714,.F.);
#9096=ORIENTED_EDGE('',*,*,#5759,.T.);
#9097=ORIENTED_EDGE('',*,*,#6714,.T.);
#9098=ORIENTED_EDGE('',*,*,#6715,.F.);
#9099=ORIENTED_EDGE('',*,*,#6716,.F.);
#9100=ORIENTED_EDGE('',*,*,#5760,.T.);
#9101=ORIENTED_EDGE('',*,*,#6716,.T.);
#9102=ORIENTED_EDGE('',*,*,#6717,.F.);
#9103=ORIENTED_EDGE('',*,*,#6718,.F.);
#9104=ORIENTED_EDGE('',*,*,#5761,.F.);
#9105=ORIENTED_EDGE('',*,*,#6718,.T.);
#9106=ORIENTED_EDGE('',*,*,#6719,.F.);
#9107=ORIENTED_EDGE('',*,*,#6720,.F.);
#9108=ORIENTED_EDGE('',*,*,#5762,.F.);
#9109=ORIENTED_EDGE('',*,*,#6720,.T.);
#9110=ORIENTED_EDGE('',*,*,#6721,.F.);
#9111=ORIENTED_EDGE('',*,*,#6710,.F.);
#9112=ORIENTED_EDGE('',*,*,#6721,.T.);
#9113=ORIENTED_EDGE('',*,*,#6719,.T.);
#9114=ORIENTED_EDGE('',*,*,#6717,.T.);
#9115=ORIENTED_EDGE('',*,*,#6715,.T.);
#9116=ORIENTED_EDGE('',*,*,#6713,.T.);
#9117=ORIENTED_EDGE('',*,*,#6711,.T.);
#9118=ORIENTED_EDGE('',*,*,#6707,.T.);
#9119=ORIENTED_EDGE('',*,*,#6722,.F.);
#9120=ORIENTED_EDGE('',*,*,#6723,.T.);
#9121=ORIENTED_EDGE('',*,*,#6724,.F.);
#9122=ORIENTED_EDGE('',*,*,#6723,.F.);
#9123=ORIENTED_EDGE('',*,*,#5771,.F.);
#9124=ORIENTED_EDGE('',*,*,#6725,.T.);
#9125=ORIENTED_EDGE('',*,*,#6726,.F.);
#9126=ORIENTED_EDGE('',*,*,#6727,.F.);
#9127=ORIENTED_EDGE('',*,*,#5772,.F.);
#9128=ORIENTED_EDGE('',*,*,#6727,.T.);
#9129=ORIENTED_EDGE('',*,*,#6728,.F.);
#9130=ORIENTED_EDGE('',*,*,#6729,.F.);
#9131=ORIENTED_EDGE('',*,*,#5773,.F.);
#9132=ORIENTED_EDGE('',*,*,#6729,.T.);
#9133=ORIENTED_EDGE('',*,*,#6730,.F.);
#9134=ORIENTED_EDGE('',*,*,#6731,.F.);
#9135=ORIENTED_EDGE('',*,*,#5774,.T.);
#9136=ORIENTED_EDGE('',*,*,#6731,.T.);
#9137=ORIENTED_EDGE('',*,*,#6732,.F.);
#9138=ORIENTED_EDGE('',*,*,#6733,.F.);
#9139=ORIENTED_EDGE('',*,*,#5775,.T.);
#9140=ORIENTED_EDGE('',*,*,#6733,.T.);
#9141=ORIENTED_EDGE('',*,*,#6734,.F.);
#9142=ORIENTED_EDGE('',*,*,#6735,.F.);
#9143=ORIENTED_EDGE('',*,*,#5776,.T.);
#9144=ORIENTED_EDGE('',*,*,#6735,.T.);
#9145=ORIENTED_EDGE('',*,*,#6736,.F.);
#9146=ORIENTED_EDGE('',*,*,#6725,.F.);
#9147=ORIENTED_EDGE('',*,*,#6736,.T.);
#9148=ORIENTED_EDGE('',*,*,#6734,.T.);
#9149=ORIENTED_EDGE('',*,*,#6732,.T.);
#9150=ORIENTED_EDGE('',*,*,#6730,.T.);
#9151=ORIENTED_EDGE('',*,*,#6728,.T.);
#9152=ORIENTED_EDGE('',*,*,#6726,.T.);
#9153=ORIENTED_EDGE('',*,*,#6722,.T.);
#9154=ORIENTED_EDGE('',*,*,#6709,.T.);
#9155=ORIENTED_EDGE('',*,*,#6724,.T.);
#9156=ORIENTED_EDGE('',*,*,#6694,.T.);
#9157=ORIENTED_EDGE('',*,*,#6679,.T.);
#9158=ORIENTED_EDGE('',*,*,#5800,.F.);
#9159=ORIENTED_EDGE('',*,*,#5789,.F.);
#9160=ORIENTED_EDGE('',*,*,#6737,.F.);
#9161=ORIENTED_EDGE('',*,*,#5844,.F.);
#9162=ORIENTED_EDGE('',*,*,#5857,.F.);
#9163=ORIENTED_EDGE('',*,*,#5860,.F.);
#9164=ORIENTED_EDGE('',*,*,#6738,.F.);
#9165=ORIENTED_EDGE('',*,*,#5875,.F.);
#9166=ORIENTED_EDGE('',*,*,#5865,.F.);
#9167=ORIENTED_EDGE('',*,*,#5871,.F.);
#9168=ORIENTED_EDGE('',*,*,#6739,.F.);
#9169=ORIENTED_EDGE('',*,*,#5813,.F.);
#9170=ORIENTED_EDGE('',*,*,#5823,.F.);
#9171=ORIENTED_EDGE('',*,*,#5828,.F.);
#9172=ORIENTED_EDGE('',*,*,#6647,.F.);
#9173=ORIENTED_EDGE('',*,*,#6649,.F.);
#9174=ORIENTED_EDGE('',*,*,#6652,.T.);
#9175=ORIENTED_EDGE('',*,*,#6656,.T.);
#9176=ORIENTED_EDGE('',*,*,#6659,.T.);
#9177=ORIENTED_EDGE('',*,*,#6662,.T.);
#9178=ORIENTED_EDGE('',*,*,#6665,.T.);
#9179=ORIENTED_EDGE('',*,*,#6668,.T.);
#9180=ORIENTED_EDGE('',*,*,#6671,.T.);
#9181=ORIENTED_EDGE('',*,*,#6675,.T.);
#9182=ORIENTED_EDGE('',*,*,#6740,.F.);
#9183=ORIENTED_EDGE('',*,*,#6741,.F.);
#9184=ORIENTED_EDGE('',*,*,#6468,.T.);
#9185=ORIENTED_EDGE('',*,*,#6472,.T.);
#9186=ORIENTED_EDGE('',*,*,#6475,.T.);
#9187=ORIENTED_EDGE('',*,*,#6478,.T.);
#9188=ORIENTED_EDGE('',*,*,#6481,.T.);
#9189=ORIENTED_EDGE('',*,*,#6484,.T.);
#9190=ORIENTED_EDGE('',*,*,#6487,.T.);
#9191=ORIENTED_EDGE('',*,*,#6490,.T.);
#9192=ORIENTED_EDGE('',*,*,#6493,.T.);
#9193=ORIENTED_EDGE('',*,*,#6496,.T.);
#9194=ORIENTED_EDGE('',*,*,#6499,.T.);
#9195=ORIENTED_EDGE('',*,*,#6502,.T.);
#9196=ORIENTED_EDGE('',*,*,#6585,.T.);
#9197=ORIENTED_EDGE('',*,*,#6589,.T.);
#9198=ORIENTED_EDGE('',*,*,#6592,.T.);
#9199=ORIENTED_EDGE('',*,*,#6595,.T.);
#9200=ORIENTED_EDGE('',*,*,#6598,.T.);
#9201=ORIENTED_EDGE('',*,*,#6601,.T.);
#9202=ORIENTED_EDGE('',*,*,#6604,.T.);
#9203=ORIENTED_EDGE('',*,*,#6607,.T.);
#9204=ORIENTED_EDGE('',*,*,#6610,.T.);
#9205=ORIENTED_EDGE('',*,*,#6613,.T.);
#9206=ORIENTED_EDGE('',*,*,#6616,.T.);
#9207=ORIENTED_EDGE('',*,*,#6619,.T.);
#9208=ORIENTED_EDGE('',*,*,#6507,.T.);
#9209=ORIENTED_EDGE('',*,*,#6511,.T.);
#9210=ORIENTED_EDGE('',*,*,#6514,.T.);
#9211=ORIENTED_EDGE('',*,*,#6517,.T.);
#9212=ORIENTED_EDGE('',*,*,#6520,.T.);
#9213=ORIENTED_EDGE('',*,*,#6523,.T.);
#9214=ORIENTED_EDGE('',*,*,#6526,.T.);
#9215=ORIENTED_EDGE('',*,*,#6529,.T.);
#9216=ORIENTED_EDGE('',*,*,#6532,.T.);
#9217=ORIENTED_EDGE('',*,*,#6535,.T.);
#9218=ORIENTED_EDGE('',*,*,#6538,.T.);
#9219=ORIENTED_EDGE('',*,*,#6541,.T.);
#9220=ORIENTED_EDGE('',*,*,#6546,.T.);
#9221=ORIENTED_EDGE('',*,*,#6550,.T.);
#9222=ORIENTED_EDGE('',*,*,#6553,.T.);
#9223=ORIENTED_EDGE('',*,*,#6556,.T.);
#9224=ORIENTED_EDGE('',*,*,#6559,.T.);
#9225=ORIENTED_EDGE('',*,*,#6562,.T.);
#9226=ORIENTED_EDGE('',*,*,#6565,.T.);
#9227=ORIENTED_EDGE('',*,*,#6568,.T.);
#9228=ORIENTED_EDGE('',*,*,#6571,.T.);
#9229=ORIENTED_EDGE('',*,*,#6574,.T.);
#9230=ORIENTED_EDGE('',*,*,#6577,.T.);
#9231=ORIENTED_EDGE('',*,*,#6580,.T.);
#9232=ORIENTED_EDGE('',*,*,#6742,.F.);
#9233=ORIENTED_EDGE('',*,*,#6743,.T.);
#9234=ORIENTED_EDGE('',*,*,#6627,.T.);
#9235=ORIENTED_EDGE('',*,*,#6743,.F.);
#9236=ORIENTED_EDGE('',*,*,#6744,.F.);
#9237=ORIENTED_EDGE('',*,*,#6745,.T.);
#9238=ORIENTED_EDGE('',*,*,#6626,.T.);
#9239=ORIENTED_EDGE('',*,*,#6745,.F.);
#9240=ORIENTED_EDGE('',*,*,#5754,.F.);
#9241=ORIENTED_EDGE('',*,*,#5876,.T.);
#9242=ORIENTED_EDGE('',*,*,#6738,.T.);
#9243=ORIENTED_EDGE('',*,*,#5859,.F.);
#9244=ORIENTED_EDGE('',*,*,#5750,.F.);
#9245=ORIENTED_EDGE('',*,*,#5814,.T.);
#9246=ORIENTED_EDGE('',*,*,#6739,.T.);
#9247=ORIENTED_EDGE('',*,*,#5870,.F.);
#9248=ORIENTED_EDGE('',*,*,#5758,.F.);
#9249=ORIENTED_EDGE('',*,*,#5845,.T.);
#9250=ORIENTED_EDGE('',*,*,#6737,.T.);
#9251=ORIENTED_EDGE('',*,*,#5788,.F.);
#9252=ORIENTED_EDGE('',*,*,#6746,.F.);
#9253=ORIENTED_EDGE('',*,*,#6747,.T.);
#9254=ORIENTED_EDGE('',*,*,#6625,.T.);
#9255=ORIENTED_EDGE('',*,*,#6747,.F.);
#9256=ORIENTED_EDGE('',*,*,#6748,.F.);
#9257=ORIENTED_EDGE('',*,*,#6749,.T.);
#9258=ORIENTED_EDGE('',*,*,#6750,.F.);
#9259=ORIENTED_EDGE('',*,*,#6749,.F.);
#9260=ORIENTED_EDGE('',*,*,#6748,.T.);
#9261=ORIENTED_EDGE('',*,*,#6751,.F.);
#9262=ORIENTED_EDGE('',*,*,#6752,.T.);
#9263=ORIENTED_EDGE('',*,*,#6753,.F.);
#9264=ORIENTED_EDGE('',*,*,#6752,.F.);
#9265=ORIENTED_EDGE('',*,*,#6751,.T.);
#9266=ORIENTED_EDGE('',*,*,#6754,.F.);
#9267=ORIENTED_EDGE('',*,*,#6755,.F.);
#9268=ORIENTED_EDGE('',*,*,#6756,.F.);
#9269=ORIENTED_EDGE('',*,*,#6757,.F.);
#9270=ORIENTED_EDGE('',*,*,#6758,.F.);
#9271=ORIENTED_EDGE('',*,*,#6759,.F.);
#9272=ORIENTED_EDGE('',*,*,#6760,.F.);
#9273=ORIENTED_EDGE('',*,*,#6761,.F.);
#9274=ORIENTED_EDGE('',*,*,#6762,.F.);
#9275=ORIENTED_EDGE('',*,*,#6760,.T.);
#9276=ORIENTED_EDGE('',*,*,#6763,.F.);
#9277=ORIENTED_EDGE('',*,*,#6756,.T.);
#9278=ORIENTED_EDGE('',*,*,#6764,.F.);
#9279=ORIENTED_EDGE('',*,*,#6765,.F.);
#9280=ORIENTED_EDGE('',*,*,#6766,.F.);
#9281=ORIENTED_EDGE('',*,*,#6767,.F.);
#9282=ORIENTED_EDGE('',*,*,#6768,.F.);
#9283=ORIENTED_EDGE('',*,*,#6769,.F.);
#9284=ORIENTED_EDGE('',*,*,#6770,.F.);
#9285=ORIENTED_EDGE('',*,*,#6771,.F.);
#9286=ORIENTED_EDGE('',*,*,#6772,.F.);
#9287=ORIENTED_EDGE('',*,*,#6770,.T.);
#9288=ORIENTED_EDGE('',*,*,#6773,.F.);
#9289=ORIENTED_EDGE('',*,*,#6766,.T.);
#9290=ORIENTED_EDGE('',*,*,#6757,.T.);
#9291=ORIENTED_EDGE('',*,*,#6763,.T.);
#9292=ORIENTED_EDGE('',*,*,#6759,.T.);
#9293=ORIENTED_EDGE('',*,*,#6774,.T.);
#9294=ORIENTED_EDGE('',*,*,#6775,.F.);
#9295=ORIENTED_EDGE('',*,*,#6776,.F.);
#9296=ORIENTED_EDGE('',*,*,#6777,.T.);
#9297=ORIENTED_EDGE('',*,*,#6778,.T.);
#9298=ORIENTED_EDGE('',*,*,#6771,.T.);
#9299=ORIENTED_EDGE('',*,*,#6772,.T.);
#9300=ORIENTED_EDGE('',*,*,#6765,.T.);
#9301=ORIENTED_EDGE('',*,*,#6779,.T.);
#9302=ORIENTED_EDGE('',*,*,#6768,.T.);
#9303=ORIENTED_EDGE('',*,*,#6778,.F.);
#9304=ORIENTED_EDGE('',*,*,#6780,.F.);
#9305=ORIENTED_EDGE('',*,*,#6781,.F.);
#9306=ORIENTED_EDGE('',*,*,#6758,.T.);
#9307=ORIENTED_EDGE('',*,*,#6782,.F.);
#9308=ORIENTED_EDGE('',*,*,#6783,.F.);
#9309=ORIENTED_EDGE('',*,*,#6774,.F.);
#9310=ORIENTED_EDGE('',*,*,#6784,.F.);
#9311=ORIENTED_EDGE('',*,*,#6775,.T.);
#9312=ORIENTED_EDGE('',*,*,#6783,.T.);
#9313=ORIENTED_EDGE('',*,*,#6785,.F.);
#9314=ORIENTED_EDGE('',*,*,#6755,.T.);
#9315=ORIENTED_EDGE('',*,*,#6786,.T.);
#9316=ORIENTED_EDGE('',*,*,#6767,.T.);
#9317=ORIENTED_EDGE('',*,*,#6773,.T.);
#9318=ORIENTED_EDGE('',*,*,#6769,.T.);
#9319=ORIENTED_EDGE('',*,*,#6781,.T.);
#9320=ORIENTED_EDGE('',*,*,#6787,.F.);
#9321=ORIENTED_EDGE('',*,*,#6788,.F.);
#9322=ORIENTED_EDGE('',*,*,#6785,.T.);
#9323=ORIENTED_EDGE('',*,*,#6782,.T.);
#9324=ORIENTED_EDGE('',*,*,#6761,.T.);
#9325=ORIENTED_EDGE('',*,*,#6762,.T.);
#9326=ORIENTED_EDGE('',*,*,#6789,.F.);
#9327=ORIENTED_EDGE('',*,*,#6787,.T.);
#9328=ORIENTED_EDGE('',*,*,#6780,.T.);
#9329=ORIENTED_EDGE('',*,*,#6777,.F.);
#9330=ORIENTED_EDGE('',*,*,#6754,.T.);
#9331=ORIENTED_EDGE('',*,*,#6779,.F.);
#9332=ORIENTED_EDGE('',*,*,#6764,.T.);
#9333=ORIENTED_EDGE('',*,*,#6786,.F.);
#9334=ORIENTED_EDGE('',*,*,#6753,.T.);
#9335=ORIENTED_EDGE('',*,*,#6790,.F.);
#9336=ORIENTED_EDGE('',*,*,#6791,.T.);
#9337=ORIENTED_EDGE('',*,*,#6792,.T.);
#9338=ORIENTED_EDGE('',*,*,#6791,.F.);
#9339=ORIENTED_EDGE('',*,*,#6792,.F.);
#9340=ORIENTED_EDGE('',*,*,#6750,.T.);
#9341=ORIENTED_EDGE('',*,*,#6793,.F.);
#9342=ORIENTED_EDGE('',*,*,#6794,.F.);
#9343=ORIENTED_EDGE('',*,*,#6794,.T.);
#9344=ORIENTED_EDGE('',*,*,#6795,.T.);
#9345=ORIENTED_EDGE('',*,*,#6796,.T.);
#9346=ORIENTED_EDGE('',*,*,#6795,.F.);
#9347=ORIENTED_EDGE('',*,*,#6797,.F.);
#9348=ORIENTED_EDGE('',*,*,#6796,.F.);
#9349=ORIENTED_EDGE('',*,*,#6798,.F.);
#9350=ORIENTED_EDGE('',*,*,#6799,.F.);
#9351=ORIENTED_EDGE('',*,*,#6799,.T.);
#9352=ORIENTED_EDGE('',*,*,#6800,.T.);
#9353=ORIENTED_EDGE('',*,*,#6801,.T.);
#9354=ORIENTED_EDGE('',*,*,#6800,.F.);
#9355=ORIENTED_EDGE('',*,*,#6802,.F.);
#9356=ORIENTED_EDGE('',*,*,#6801,.F.);
#9357=ORIENTED_EDGE('',*,*,#6803,.F.);
#9358=ORIENTED_EDGE('',*,*,#6804,.T.);
#9359=ORIENTED_EDGE('',*,*,#6797,.T.);
#9360=ORIENTED_EDGE('',*,*,#6804,.F.);
#9361=ORIENTED_EDGE('',*,*,#6805,.F.);
#9362=ORIENTED_EDGE('',*,*,#6806,.T.);
#9363=ORIENTED_EDGE('',*,*,#6802,.T.);
#9364=ORIENTED_EDGE('',*,*,#6806,.F.);
#9365=ORIENTED_EDGE('',*,*,#6788,.T.);
#9366=ORIENTED_EDGE('',*,*,#6789,.T.);
#9367=ORIENTED_EDGE('',*,*,#6776,.T.);
#9368=ORIENTED_EDGE('',*,*,#6784,.T.);
#9369=ORIENTED_EDGE('',*,*,#6790,.T.);
#9370=ORIENTED_EDGE('',*,*,#6807,.F.);
#9371=ORIENTED_EDGE('',*,*,#6808,.T.);
#9372=ORIENTED_EDGE('',*,*,#6809,.F.);
#9373=ORIENTED_EDGE('',*,*,#6808,.F.);
#9374=ORIENTED_EDGE('',*,*,#6810,.F.);
#9375=ORIENTED_EDGE('',*,*,#6811,.T.);
#9376=ORIENTED_EDGE('',*,*,#6812,.F.);
#9377=ORIENTED_EDGE('',*,*,#6811,.F.);
#9378=ORIENTED_EDGE('',*,*,#6810,.T.);
#9379=ORIENTED_EDGE('',*,*,#6807,.T.);
#9380=ORIENTED_EDGE('',*,*,#6813,.F.);
#9381=ORIENTED_EDGE('',*,*,#6812,.T.);
#9382=ORIENTED_EDGE('',*,*,#6814,.F.);
#9383=ORIENTED_EDGE('',*,*,#6815,.T.);
#9384=ORIENTED_EDGE('',*,*,#6813,.T.);
#9385=ORIENTED_EDGE('',*,*,#6815,.F.);
#9386=ORIENTED_EDGE('',*,*,#6809,.T.);
#9387=ORIENTED_EDGE('',*,*,#6816,.T.);
#9388=ORIENTED_EDGE('',*,*,#6817,.F.);
#9389=ORIENTED_EDGE('',*,*,#6818,.T.);
#9390=ORIENTED_EDGE('',*,*,#6819,.F.);
#9391=ORIENTED_EDGE('',*,*,#6793,.T.);
#9392=ORIENTED_EDGE('',*,*,#6820,.T.);
#9393=ORIENTED_EDGE('',*,*,#6821,.F.);
#9394=ORIENTED_EDGE('',*,*,#6817,.T.);
#9395=ORIENTED_EDGE('',*,*,#6822,.F.);
#9396=ORIENTED_EDGE('',*,*,#6819,.T.);
#9397=ORIENTED_EDGE('',*,*,#6823,.F.);
#9398=ORIENTED_EDGE('',*,*,#6820,.F.);
#9399=ORIENTED_EDGE('',*,*,#6803,.T.);
#9400=ORIENTED_EDGE('',*,*,#6814,.T.);
#9401=ORIENTED_EDGE('',*,*,#6824,.T.);
#9402=ORIENTED_EDGE('',*,*,#6825,.T.);
#9403=ORIENTED_EDGE('',*,*,#6826,.T.);
#9404=ORIENTED_EDGE('',*,*,#6644,.T.);
#9405=ORIENTED_EDGE('',*,*,#6827,.T.);
#9406=ORIENTED_EDGE('',*,*,#6828,.T.);
#9407=ORIENTED_EDGE('',*,*,#6829,.T.);
#9408=ORIENTED_EDGE('',*,*,#6830,.T.);
#9409=ORIENTED_EDGE('',*,*,#6831,.T.);
#9410=ORIENTED_EDGE('',*,*,#6832,.T.);
#9411=ORIENTED_EDGE('',*,*,#6833,.T.);
#9412=ORIENTED_EDGE('',*,*,#6834,.T.);
#9413=ORIENTED_EDGE('',*,*,#6835,.T.);
#9414=ORIENTED_EDGE('',*,*,#6836,.T.);
#9415=ORIENTED_EDGE('',*,*,#6837,.T.);
#9416=ORIENTED_EDGE('',*,*,#6838,.T.);
#9417=ORIENTED_EDGE('',*,*,#6839,.T.);
#9418=ORIENTED_EDGE('',*,*,#6840,.T.);
#9419=ORIENTED_EDGE('',*,*,#6746,.T.);
#9420=ORIENTED_EDGE('',*,*,#6822,.T.);
#9421=ORIENTED_EDGE('',*,*,#6841,.T.);
#9422=ORIENTED_EDGE('',*,*,#6842,.T.);
#9423=ORIENTED_EDGE('',*,*,#6821,.T.);
#9424=ORIENTED_EDGE('',*,*,#6823,.T.);
#9425=ORIENTED_EDGE('',*,*,#6843,.T.);
#9426=ORIENTED_EDGE('',*,*,#6844,.T.);
#9427=ORIENTED_EDGE('',*,*,#6742,.T.);
#9428=ORIENTED_EDGE('',*,*,#6744,.T.);
#9429=ORIENTED_EDGE('',*,*,#6845,.F.);
#9430=ORIENTED_EDGE('',*,*,#6846,.T.);
#9431=ORIENTED_EDGE('',*,*,#6847,.T.);
#9432=ORIENTED_EDGE('',*,*,#6848,.F.);
#9433=ORIENTED_EDGE('',*,*,#6849,.F.);
#9434=ORIENTED_EDGE('',*,*,#6848,.T.);
#9435=ORIENTED_EDGE('',*,*,#6850,.T.);
#9436=ORIENTED_EDGE('',*,*,#6851,.F.);
#9437=ORIENTED_EDGE('',*,*,#6852,.F.);
#9438=ORIENTED_EDGE('',*,*,#6851,.T.);
#9439=ORIENTED_EDGE('',*,*,#6853,.T.);
#9440=ORIENTED_EDGE('',*,*,#6854,.F.);
#9441=ORIENTED_EDGE('',*,*,#6855,.F.);
#9442=ORIENTED_EDGE('',*,*,#6854,.T.);
#9443=ORIENTED_EDGE('',*,*,#6856,.T.);
#9444=ORIENTED_EDGE('',*,*,#6857,.F.);
#9445=ORIENTED_EDGE('',*,*,#6858,.F.);
#9446=ORIENTED_EDGE('',*,*,#6857,.T.);
#9447=ORIENTED_EDGE('',*,*,#6859,.T.);
#9448=ORIENTED_EDGE('',*,*,#6860,.F.);
#9449=ORIENTED_EDGE('',*,*,#6861,.F.);
#9450=ORIENTED_EDGE('',*,*,#6860,.T.);
#9451=ORIENTED_EDGE('',*,*,#6862,.T.);
#9452=ORIENTED_EDGE('',*,*,#6863,.F.);
#9453=ORIENTED_EDGE('',*,*,#6864,.F.);
#9454=ORIENTED_EDGE('',*,*,#6863,.T.);
#9455=ORIENTED_EDGE('',*,*,#6865,.T.);
#9456=ORIENTED_EDGE('',*,*,#6846,.F.);
#9457=ORIENTED_EDGE('',*,*,#6866,.F.);
#9458=ORIENTED_EDGE('',*,*,#6867,.T.);
#9459=ORIENTED_EDGE('',*,*,#6868,.T.);
#9460=ORIENTED_EDGE('',*,*,#6869,.F.);
#9461=ORIENTED_EDGE('',*,*,#6870,.F.);
#9462=ORIENTED_EDGE('',*,*,#6871,.T.);
#9463=ORIENTED_EDGE('',*,*,#6872,.T.);
#9464=ORIENTED_EDGE('',*,*,#6867,.F.);
#9465=ORIENTED_EDGE('',*,*,#6873,.F.);
#9466=ORIENTED_EDGE('',*,*,#6874,.T.);
#9467=ORIENTED_EDGE('',*,*,#6875,.T.);
#9468=ORIENTED_EDGE('',*,*,#6871,.F.);
#9469=ORIENTED_EDGE('',*,*,#6876,.F.);
#9470=ORIENTED_EDGE('',*,*,#6877,.T.);
#9471=ORIENTED_EDGE('',*,*,#6878,.T.);
#9472=ORIENTED_EDGE('',*,*,#6874,.F.);
#9473=ORIENTED_EDGE('',*,*,#6879,.F.);
#9474=ORIENTED_EDGE('',*,*,#6880,.T.);
#9475=ORIENTED_EDGE('',*,*,#6881,.T.);
#9476=ORIENTED_EDGE('',*,*,#6877,.F.);
#9477=ORIENTED_EDGE('',*,*,#6882,.F.);
#9478=ORIENTED_EDGE('',*,*,#6883,.T.);
#9479=ORIENTED_EDGE('',*,*,#6884,.T.);
#9480=ORIENTED_EDGE('',*,*,#6880,.F.);
#9481=ORIENTED_EDGE('',*,*,#6885,.F.);
#9482=ORIENTED_EDGE('',*,*,#6886,.T.);
#9483=ORIENTED_EDGE('',*,*,#6887,.T.);
#9484=ORIENTED_EDGE('',*,*,#6883,.F.);
#9485=ORIENTED_EDGE('',*,*,#6888,.F.);
#9486=ORIENTED_EDGE('',*,*,#6889,.T.);
#9487=ORIENTED_EDGE('',*,*,#6890,.T.);
#9488=ORIENTED_EDGE('',*,*,#6886,.F.);
#9489=ORIENTED_EDGE('',*,*,#6891,.F.);
#9490=ORIENTED_EDGE('',*,*,#6892,.T.);
#9491=ORIENTED_EDGE('',*,*,#6893,.T.);
#9492=ORIENTED_EDGE('',*,*,#6889,.F.);
#9493=ORIENTED_EDGE('',*,*,#6894,.F.);
#9494=ORIENTED_EDGE('',*,*,#6895,.T.);
#9495=ORIENTED_EDGE('',*,*,#6896,.T.);
#9496=ORIENTED_EDGE('',*,*,#6892,.F.);
#9497=ORIENTED_EDGE('',*,*,#6897,.F.);
#9498=ORIENTED_EDGE('',*,*,#6869,.T.);
#9499=ORIENTED_EDGE('',*,*,#6898,.T.);
#9500=ORIENTED_EDGE('',*,*,#6895,.F.);
#9501=ORIENTED_EDGE('',*,*,#6898,.F.);
#9502=ORIENTED_EDGE('',*,*,#6868,.F.);
#9503=ORIENTED_EDGE('',*,*,#6872,.F.);
#9504=ORIENTED_EDGE('',*,*,#6875,.F.);
#9505=ORIENTED_EDGE('',*,*,#6878,.F.);
#9506=ORIENTED_EDGE('',*,*,#6881,.F.);
#9507=ORIENTED_EDGE('',*,*,#6884,.F.);
#9508=ORIENTED_EDGE('',*,*,#6887,.F.);
#9509=ORIENTED_EDGE('',*,*,#6890,.F.);
#9510=ORIENTED_EDGE('',*,*,#6893,.F.);
#9511=ORIENTED_EDGE('',*,*,#6896,.F.);
#9512=ORIENTED_EDGE('',*,*,#6847,.F.);
#9513=ORIENTED_EDGE('',*,*,#6865,.F.);
#9514=ORIENTED_EDGE('',*,*,#6862,.F.);
#9515=ORIENTED_EDGE('',*,*,#6859,.F.);
#9516=ORIENTED_EDGE('',*,*,#6856,.F.);
#9517=ORIENTED_EDGE('',*,*,#6853,.F.);
#9518=ORIENTED_EDGE('',*,*,#6850,.F.);
#9519=ORIENTED_EDGE('',*,*,#6899,.F.);
#9520=ORIENTED_EDGE('',*,*,#6900,.T.);
#9521=ORIENTED_EDGE('',*,*,#6901,.T.);
#9522=ORIENTED_EDGE('',*,*,#6902,.F.);
#9523=ORIENTED_EDGE('',*,*,#6903,.F.);
#9524=ORIENTED_EDGE('',*,*,#6902,.T.);
#9525=ORIENTED_EDGE('',*,*,#6904,.T.);
#9526=ORIENTED_EDGE('',*,*,#6905,.F.);
#9527=ORIENTED_EDGE('',*,*,#6906,.F.);
#9528=ORIENTED_EDGE('',*,*,#6905,.T.);
#9529=ORIENTED_EDGE('',*,*,#6907,.T.);
#9530=ORIENTED_EDGE('',*,*,#6900,.F.);
#9531=ORIENTED_EDGE('',*,*,#6908,.F.);
#9532=ORIENTED_EDGE('',*,*,#6909,.T.);
#9533=ORIENTED_EDGE('',*,*,#6910,.T.);
#9534=ORIENTED_EDGE('',*,*,#6911,.F.);
#9535=ORIENTED_EDGE('',*,*,#6912,.F.);
#9536=ORIENTED_EDGE('',*,*,#6913,.T.);
#9537=ORIENTED_EDGE('',*,*,#6914,.T.);
#9538=ORIENTED_EDGE('',*,*,#6909,.F.);
#9539=ORIENTED_EDGE('',*,*,#6915,.F.);
#9540=ORIENTED_EDGE('',*,*,#6916,.T.);
#9541=ORIENTED_EDGE('',*,*,#6917,.T.);
#9542=ORIENTED_EDGE('',*,*,#6913,.F.);
#9543=ORIENTED_EDGE('',*,*,#6918,.F.);
#9544=ORIENTED_EDGE('',*,*,#6919,.T.);
#9545=ORIENTED_EDGE('',*,*,#6920,.T.);
#9546=ORIENTED_EDGE('',*,*,#6916,.F.);
#9547=ORIENTED_EDGE('',*,*,#6921,.F.);
#9548=ORIENTED_EDGE('',*,*,#6922,.T.);
#9549=ORIENTED_EDGE('',*,*,#6923,.T.);
#9550=ORIENTED_EDGE('',*,*,#6919,.F.);
#9551=ORIENTED_EDGE('',*,*,#6924,.F.);
#9552=ORIENTED_EDGE('',*,*,#6925,.T.);
#9553=ORIENTED_EDGE('',*,*,#6926,.T.);
#9554=ORIENTED_EDGE('',*,*,#6922,.F.);
#9555=ORIENTED_EDGE('',*,*,#6927,.F.);
#9556=ORIENTED_EDGE('',*,*,#6928,.T.);
#9557=ORIENTED_EDGE('',*,*,#6929,.T.);
#9558=ORIENTED_EDGE('',*,*,#6925,.F.);
#9559=ORIENTED_EDGE('',*,*,#6930,.F.);
#9560=ORIENTED_EDGE('',*,*,#6911,.T.);
#9561=ORIENTED_EDGE('',*,*,#6931,.T.);
#9562=ORIENTED_EDGE('',*,*,#6928,.F.);
#9563=ORIENTED_EDGE('',*,*,#6931,.F.);
#9564=ORIENTED_EDGE('',*,*,#6910,.F.);
#9565=ORIENTED_EDGE('',*,*,#6914,.F.);
#9566=ORIENTED_EDGE('',*,*,#6917,.F.);
#9567=ORIENTED_EDGE('',*,*,#6920,.F.);
#9568=ORIENTED_EDGE('',*,*,#6923,.F.);
#9569=ORIENTED_EDGE('',*,*,#6926,.F.);
#9570=ORIENTED_EDGE('',*,*,#6929,.F.);
#9571=ORIENTED_EDGE('',*,*,#6901,.F.);
#9572=ORIENTED_EDGE('',*,*,#6907,.F.);
#9573=ORIENTED_EDGE('',*,*,#6904,.F.);
#9574=ORIENTED_EDGE('',*,*,#6932,.F.);
#9575=ORIENTED_EDGE('',*,*,#6933,.T.);
#9576=ORIENTED_EDGE('',*,*,#6934,.T.);
#9577=ORIENTED_EDGE('',*,*,#6935,.F.);
#9578=ORIENTED_EDGE('',*,*,#6936,.F.);
#9579=ORIENTED_EDGE('',*,*,#6935,.T.);
#9580=ORIENTED_EDGE('',*,*,#6937,.T.);
#9581=ORIENTED_EDGE('',*,*,#6938,.F.);
#9582=ORIENTED_EDGE('',*,*,#6939,.F.);
#9583=ORIENTED_EDGE('',*,*,#6938,.T.);
#9584=ORIENTED_EDGE('',*,*,#6940,.T.);
#9585=ORIENTED_EDGE('',*,*,#6941,.F.);
#9586=ORIENTED_EDGE('',*,*,#6942,.F.);
#9587=ORIENTED_EDGE('',*,*,#6941,.T.);
#9588=ORIENTED_EDGE('',*,*,#6943,.T.);
#9589=ORIENTED_EDGE('',*,*,#6944,.F.);
#9590=ORIENTED_EDGE('',*,*,#6945,.F.);
#9591=ORIENTED_EDGE('',*,*,#6944,.T.);
#9592=ORIENTED_EDGE('',*,*,#6946,.T.);
#9593=ORIENTED_EDGE('',*,*,#6947,.F.);
#9594=ORIENTED_EDGE('',*,*,#6948,.F.);
#9595=ORIENTED_EDGE('',*,*,#6947,.T.);
#9596=ORIENTED_EDGE('',*,*,#6949,.T.);
#9597=ORIENTED_EDGE('',*,*,#6950,.F.);
#9598=ORIENTED_EDGE('',*,*,#6951,.F.);
#9599=ORIENTED_EDGE('',*,*,#6950,.T.);
#9600=ORIENTED_EDGE('',*,*,#6952,.T.);
#9601=ORIENTED_EDGE('',*,*,#6933,.F.);
#9602=ORIENTED_EDGE('',*,*,#6953,.F.);
#9603=ORIENTED_EDGE('',*,*,#6954,.T.);
#9604=ORIENTED_EDGE('',*,*,#6955,.T.);
#9605=ORIENTED_EDGE('',*,*,#6956,.F.);
#9606=ORIENTED_EDGE('',*,*,#6957,.F.);
#9607=ORIENTED_EDGE('',*,*,#6958,.T.);
#9608=ORIENTED_EDGE('',*,*,#6959,.T.);
#9609=ORIENTED_EDGE('',*,*,#6954,.F.);
#9610=ORIENTED_EDGE('',*,*,#6960,.F.);
#9611=ORIENTED_EDGE('',*,*,#6961,.T.);
#9612=ORIENTED_EDGE('',*,*,#6962,.T.);
#9613=ORIENTED_EDGE('',*,*,#6958,.F.);
#9614=ORIENTED_EDGE('',*,*,#6963,.F.);
#9615=ORIENTED_EDGE('',*,*,#6964,.T.);
#9616=ORIENTED_EDGE('',*,*,#6965,.T.);
#9617=ORIENTED_EDGE('',*,*,#6961,.F.);
#9618=ORIENTED_EDGE('',*,*,#6966,.F.);
#9619=ORIENTED_EDGE('',*,*,#6967,.T.);
#9620=ORIENTED_EDGE('',*,*,#6968,.T.);
#9621=ORIENTED_EDGE('',*,*,#6964,.F.);
#9622=ORIENTED_EDGE('',*,*,#6969,.F.);
#9623=ORIENTED_EDGE('',*,*,#6970,.T.);
#9624=ORIENTED_EDGE('',*,*,#6971,.T.);
#9625=ORIENTED_EDGE('',*,*,#6967,.F.);
#9626=ORIENTED_EDGE('',*,*,#6972,.F.);
#9627=ORIENTED_EDGE('',*,*,#6956,.T.);
#9628=ORIENTED_EDGE('',*,*,#6973,.T.);
#9629=ORIENTED_EDGE('',*,*,#6970,.F.);
#9630=ORIENTED_EDGE('',*,*,#6973,.F.);
#9631=ORIENTED_EDGE('',*,*,#6955,.F.);
#9632=ORIENTED_EDGE('',*,*,#6959,.F.);
#9633=ORIENTED_EDGE('',*,*,#6962,.F.);
#9634=ORIENTED_EDGE('',*,*,#6965,.F.);
#9635=ORIENTED_EDGE('',*,*,#6968,.F.);
#9636=ORIENTED_EDGE('',*,*,#6971,.F.);
#9637=ORIENTED_EDGE('',*,*,#6934,.F.);
#9638=ORIENTED_EDGE('',*,*,#6952,.F.);
#9639=ORIENTED_EDGE('',*,*,#6949,.F.);
#9640=ORIENTED_EDGE('',*,*,#6946,.F.);
#9641=ORIENTED_EDGE('',*,*,#6943,.F.);
#9642=ORIENTED_EDGE('',*,*,#6940,.F.);
#9643=ORIENTED_EDGE('',*,*,#6937,.F.);
#9644=ORIENTED_EDGE('',*,*,#6974,.F.);
#9645=ORIENTED_EDGE('',*,*,#6975,.T.);
#9646=ORIENTED_EDGE('',*,*,#6976,.T.);
#9647=ORIENTED_EDGE('',*,*,#6977,.F.);
#9648=ORIENTED_EDGE('',*,*,#6978,.F.);
#9649=ORIENTED_EDGE('',*,*,#6979,.T.);
#9650=ORIENTED_EDGE('',*,*,#6980,.T.);
#9651=ORIENTED_EDGE('',*,*,#6975,.F.);
#9652=ORIENTED_EDGE('',*,*,#6981,.F.);
#9653=ORIENTED_EDGE('',*,*,#6982,.T.);
#9654=ORIENTED_EDGE('',*,*,#6983,.T.);
#9655=ORIENTED_EDGE('',*,*,#6979,.F.);
#9656=ORIENTED_EDGE('',*,*,#6984,.F.);
#9657=ORIENTED_EDGE('',*,*,#6985,.T.);
#9658=ORIENTED_EDGE('',*,*,#6986,.T.);
#9659=ORIENTED_EDGE('',*,*,#6982,.F.);
#9660=ORIENTED_EDGE('',*,*,#6987,.F.);
#9661=ORIENTED_EDGE('',*,*,#6988,.T.);
#9662=ORIENTED_EDGE('',*,*,#6989,.T.);
#9663=ORIENTED_EDGE('',*,*,#6985,.F.);
#9664=ORIENTED_EDGE('',*,*,#6990,.F.);
#9665=ORIENTED_EDGE('',*,*,#6977,.T.);
#9666=ORIENTED_EDGE('',*,*,#6991,.T.);
#9667=ORIENTED_EDGE('',*,*,#6988,.F.);
#9668=ORIENTED_EDGE('',*,*,#6991,.F.);
#9669=ORIENTED_EDGE('',*,*,#6976,.F.);
#9670=ORIENTED_EDGE('',*,*,#6980,.F.);
#9671=ORIENTED_EDGE('',*,*,#6983,.F.);
#9672=ORIENTED_EDGE('',*,*,#6986,.F.);
#9673=ORIENTED_EDGE('',*,*,#6989,.F.);
#9674=ORIENTED_EDGE('',*,*,#6992,.F.);
#9675=ORIENTED_EDGE('',*,*,#6993,.T.);
#9676=ORIENTED_EDGE('',*,*,#6994,.T.);
#9677=ORIENTED_EDGE('',*,*,#6995,.F.);
#9678=ORIENTED_EDGE('',*,*,#6996,.F.);
#9679=ORIENTED_EDGE('',*,*,#6995,.T.);
#9680=ORIENTED_EDGE('',*,*,#6997,.T.);
#9681=ORIENTED_EDGE('',*,*,#6998,.F.);
#9682=ORIENTED_EDGE('',*,*,#6999,.F.);
#9683=ORIENTED_EDGE('',*,*,#6998,.T.);
#9684=ORIENTED_EDGE('',*,*,#7000,.T.);
#9685=ORIENTED_EDGE('',*,*,#7001,.F.);
#9686=ORIENTED_EDGE('',*,*,#7002,.F.);
#9687=ORIENTED_EDGE('',*,*,#7001,.T.);
#9688=ORIENTED_EDGE('',*,*,#7003,.T.);
#9689=ORIENTED_EDGE('',*,*,#7004,.F.);
#9690=ORIENTED_EDGE('',*,*,#7005,.F.);
#9691=ORIENTED_EDGE('',*,*,#7004,.T.);
#9692=ORIENTED_EDGE('',*,*,#7006,.T.);
#9693=ORIENTED_EDGE('',*,*,#7007,.F.);
#9694=ORIENTED_EDGE('',*,*,#7008,.F.);
#9695=ORIENTED_EDGE('',*,*,#7007,.T.);
#9696=ORIENTED_EDGE('',*,*,#7009,.T.);
#9697=ORIENTED_EDGE('',*,*,#7010,.F.);
#9698=ORIENTED_EDGE('',*,*,#7011,.F.);
#9699=ORIENTED_EDGE('',*,*,#7010,.T.);
#9700=ORIENTED_EDGE('',*,*,#7012,.T.);
#9701=ORIENTED_EDGE('',*,*,#6993,.F.);
#9702=ORIENTED_EDGE('',*,*,#7013,.F.);
#9703=ORIENTED_EDGE('',*,*,#7014,.T.);
#9704=ORIENTED_EDGE('',*,*,#7015,.T.);
#9705=ORIENTED_EDGE('',*,*,#7016,.F.);
#9706=ORIENTED_EDGE('',*,*,#7017,.F.);
#9707=ORIENTED_EDGE('',*,*,#7018,.T.);
#9708=ORIENTED_EDGE('',*,*,#7019,.T.);
#9709=ORIENTED_EDGE('',*,*,#7014,.F.);
#9710=ORIENTED_EDGE('',*,*,#7020,.F.);
#9711=ORIENTED_EDGE('',*,*,#7021,.T.);
#9712=ORIENTED_EDGE('',*,*,#7022,.T.);
#9713=ORIENTED_EDGE('',*,*,#7018,.F.);
#9714=ORIENTED_EDGE('',*,*,#7023,.F.);
#9715=ORIENTED_EDGE('',*,*,#7024,.T.);
#9716=ORIENTED_EDGE('',*,*,#7025,.T.);
#9717=ORIENTED_EDGE('',*,*,#7021,.F.);
#9718=ORIENTED_EDGE('',*,*,#7026,.F.);
#9719=ORIENTED_EDGE('',*,*,#7027,.T.);
#9720=ORIENTED_EDGE('',*,*,#7028,.T.);
#9721=ORIENTED_EDGE('',*,*,#7024,.F.);
#9722=ORIENTED_EDGE('',*,*,#7029,.F.);
#9723=ORIENTED_EDGE('',*,*,#7030,.T.);
#9724=ORIENTED_EDGE('',*,*,#7031,.T.);
#9725=ORIENTED_EDGE('',*,*,#7027,.F.);
#9726=ORIENTED_EDGE('',*,*,#7032,.F.);
#9727=ORIENTED_EDGE('',*,*,#7033,.T.);
#9728=ORIENTED_EDGE('',*,*,#7034,.T.);
#9729=ORIENTED_EDGE('',*,*,#7030,.F.);
#9730=ORIENTED_EDGE('',*,*,#7035,.F.);
#9731=ORIENTED_EDGE('',*,*,#7036,.T.);
#9732=ORIENTED_EDGE('',*,*,#7037,.T.);
#9733=ORIENTED_EDGE('',*,*,#7033,.F.);
#9734=ORIENTED_EDGE('',*,*,#7038,.F.);
#9735=ORIENTED_EDGE('',*,*,#7016,.T.);
#9736=ORIENTED_EDGE('',*,*,#7039,.T.);
#9737=ORIENTED_EDGE('',*,*,#7036,.F.);
#9738=ORIENTED_EDGE('',*,*,#7039,.F.);
#9739=ORIENTED_EDGE('',*,*,#7015,.F.);
#9740=ORIENTED_EDGE('',*,*,#7019,.F.);
#9741=ORIENTED_EDGE('',*,*,#7022,.F.);
#9742=ORIENTED_EDGE('',*,*,#7025,.F.);
#9743=ORIENTED_EDGE('',*,*,#7028,.F.);
#9744=ORIENTED_EDGE('',*,*,#7031,.F.);
#9745=ORIENTED_EDGE('',*,*,#7034,.F.);
#9746=ORIENTED_EDGE('',*,*,#7037,.F.);
#9747=ORIENTED_EDGE('',*,*,#6994,.F.);
#9748=ORIENTED_EDGE('',*,*,#7012,.F.);
#9749=ORIENTED_EDGE('',*,*,#7009,.F.);
#9750=ORIENTED_EDGE('',*,*,#7006,.F.);
#9751=ORIENTED_EDGE('',*,*,#7003,.F.);
#9752=ORIENTED_EDGE('',*,*,#7000,.F.);
#9753=ORIENTED_EDGE('',*,*,#6997,.F.);
#9754=ORIENTED_EDGE('',*,*,#7040,.F.);
#9755=ORIENTED_EDGE('',*,*,#7041,.T.);
#9756=ORIENTED_EDGE('',*,*,#7042,.T.);
#9757=ORIENTED_EDGE('',*,*,#7043,.F.);
#9758=ORIENTED_EDGE('',*,*,#7044,.F.);
#9759=ORIENTED_EDGE('',*,*,#7043,.T.);
#9760=ORIENTED_EDGE('',*,*,#7045,.T.);
#9761=ORIENTED_EDGE('',*,*,#7046,.F.);
#9762=ORIENTED_EDGE('',*,*,#7047,.F.);
#9763=ORIENTED_EDGE('',*,*,#7046,.T.);
#9764=ORIENTED_EDGE('',*,*,#7048,.T.);
#9765=ORIENTED_EDGE('',*,*,#7049,.F.);
#9766=ORIENTED_EDGE('',*,*,#7050,.F.);
#9767=ORIENTED_EDGE('',*,*,#7049,.T.);
#9768=ORIENTED_EDGE('',*,*,#7051,.T.);
#9769=ORIENTED_EDGE('',*,*,#7052,.F.);
#9770=ORIENTED_EDGE('',*,*,#7053,.F.);
#9771=ORIENTED_EDGE('',*,*,#7052,.T.);
#9772=ORIENTED_EDGE('',*,*,#7054,.T.);
#9773=ORIENTED_EDGE('',*,*,#7055,.F.);
#9774=ORIENTED_EDGE('',*,*,#7056,.F.);
#9775=ORIENTED_EDGE('',*,*,#7055,.T.);
#9776=ORIENTED_EDGE('',*,*,#7057,.T.);
#9777=ORIENTED_EDGE('',*,*,#7058,.F.);
#9778=ORIENTED_EDGE('',*,*,#7059,.F.);
#9779=ORIENTED_EDGE('',*,*,#7058,.T.);
#9780=ORIENTED_EDGE('',*,*,#7060,.T.);
#9781=ORIENTED_EDGE('',*,*,#7041,.F.);
#9782=ORIENTED_EDGE('',*,*,#7061,.F.);
#9783=ORIENTED_EDGE('',*,*,#7062,.T.);
#9784=ORIENTED_EDGE('',*,*,#7063,.T.);
#9785=ORIENTED_EDGE('',*,*,#7064,.F.);
#9786=ORIENTED_EDGE('',*,*,#7065,.F.);
#9787=ORIENTED_EDGE('',*,*,#7066,.T.);
#9788=ORIENTED_EDGE('',*,*,#7067,.T.);
#9789=ORIENTED_EDGE('',*,*,#7062,.F.);
#9790=ORIENTED_EDGE('',*,*,#7068,.F.);
#9791=ORIENTED_EDGE('',*,*,#7069,.T.);
#9792=ORIENTED_EDGE('',*,*,#7070,.T.);
#9793=ORIENTED_EDGE('',*,*,#7066,.F.);
#9794=ORIENTED_EDGE('',*,*,#7071,.F.);
#9795=ORIENTED_EDGE('',*,*,#7072,.T.);
#9796=ORIENTED_EDGE('',*,*,#7073,.T.);
#9797=ORIENTED_EDGE('',*,*,#7069,.F.);
#9798=ORIENTED_EDGE('',*,*,#7074,.F.);
#9799=ORIENTED_EDGE('',*,*,#7075,.T.);
#9800=ORIENTED_EDGE('',*,*,#7076,.T.);
#9801=ORIENTED_EDGE('',*,*,#7072,.F.);
#9802=ORIENTED_EDGE('',*,*,#7077,.F.);
#9803=ORIENTED_EDGE('',*,*,#7078,.T.);
#9804=ORIENTED_EDGE('',*,*,#7079,.T.);
#9805=ORIENTED_EDGE('',*,*,#7075,.F.);
#9806=ORIENTED_EDGE('',*,*,#7080,.F.);
#9807=ORIENTED_EDGE('',*,*,#7081,.T.);
#9808=ORIENTED_EDGE('',*,*,#7082,.T.);
#9809=ORIENTED_EDGE('',*,*,#7078,.F.);
#9810=ORIENTED_EDGE('',*,*,#7083,.F.);
#9811=ORIENTED_EDGE('',*,*,#7084,.T.);
#9812=ORIENTED_EDGE('',*,*,#7085,.T.);
#9813=ORIENTED_EDGE('',*,*,#7081,.F.);
#9814=ORIENTED_EDGE('',*,*,#7086,.F.);
#9815=ORIENTED_EDGE('',*,*,#7087,.T.);
#9816=ORIENTED_EDGE('',*,*,#7088,.T.);
#9817=ORIENTED_EDGE('',*,*,#7084,.F.);
#9818=ORIENTED_EDGE('',*,*,#7089,.F.);
#9819=ORIENTED_EDGE('',*,*,#7090,.T.);
#9820=ORIENTED_EDGE('',*,*,#7091,.T.);
#9821=ORIENTED_EDGE('',*,*,#7087,.F.);
#9822=ORIENTED_EDGE('',*,*,#7092,.F.);
#9823=ORIENTED_EDGE('',*,*,#7064,.T.);
#9824=ORIENTED_EDGE('',*,*,#7093,.T.);
#9825=ORIENTED_EDGE('',*,*,#7090,.F.);
#9826=ORIENTED_EDGE('',*,*,#7093,.F.);
#9827=ORIENTED_EDGE('',*,*,#7063,.F.);
#9828=ORIENTED_EDGE('',*,*,#7067,.F.);
#9829=ORIENTED_EDGE('',*,*,#7070,.F.);
#9830=ORIENTED_EDGE('',*,*,#7073,.F.);
#9831=ORIENTED_EDGE('',*,*,#7076,.F.);
#9832=ORIENTED_EDGE('',*,*,#7079,.F.);
#9833=ORIENTED_EDGE('',*,*,#7082,.F.);
#9834=ORIENTED_EDGE('',*,*,#7085,.F.);
#9835=ORIENTED_EDGE('',*,*,#7088,.F.);
#9836=ORIENTED_EDGE('',*,*,#7091,.F.);
#9837=ORIENTED_EDGE('',*,*,#7042,.F.);
#9838=ORIENTED_EDGE('',*,*,#7060,.F.);
#9839=ORIENTED_EDGE('',*,*,#7057,.F.);
#9840=ORIENTED_EDGE('',*,*,#7054,.F.);
#9841=ORIENTED_EDGE('',*,*,#7051,.F.);
#9842=ORIENTED_EDGE('',*,*,#7048,.F.);
#9843=ORIENTED_EDGE('',*,*,#7045,.F.);
#9844=ORIENTED_EDGE('',*,*,#7094,.F.);
#9845=ORIENTED_EDGE('',*,*,#7095,.T.);
#9846=ORIENTED_EDGE('',*,*,#7096,.T.);
#9847=ORIENTED_EDGE('',*,*,#7097,.F.);
#9848=ORIENTED_EDGE('',*,*,#7098,.F.);
#9849=ORIENTED_EDGE('',*,*,#7099,.T.);
#9850=ORIENTED_EDGE('',*,*,#7100,.T.);
#9851=ORIENTED_EDGE('',*,*,#7095,.F.);
#9852=ORIENTED_EDGE('',*,*,#7101,.F.);
#9853=ORIENTED_EDGE('',*,*,#7102,.T.);
#9854=ORIENTED_EDGE('',*,*,#7103,.T.);
#9855=ORIENTED_EDGE('',*,*,#7099,.F.);
#9856=ORIENTED_EDGE('',*,*,#7104,.F.);
#9857=ORIENTED_EDGE('',*,*,#7105,.T.);
#9858=ORIENTED_EDGE('',*,*,#7106,.T.);
#9859=ORIENTED_EDGE('',*,*,#7102,.F.);
#9860=ORIENTED_EDGE('',*,*,#7107,.F.);
#9861=ORIENTED_EDGE('',*,*,#7108,.T.);
#9862=ORIENTED_EDGE('',*,*,#7109,.T.);
#9863=ORIENTED_EDGE('',*,*,#7105,.F.);
#9864=ORIENTED_EDGE('',*,*,#7110,.F.);
#9865=ORIENTED_EDGE('',*,*,#7111,.T.);
#9866=ORIENTED_EDGE('',*,*,#7112,.T.);
#9867=ORIENTED_EDGE('',*,*,#7108,.F.);
#9868=ORIENTED_EDGE('',*,*,#7113,.F.);
#9869=ORIENTED_EDGE('',*,*,#7114,.T.);
#9870=ORIENTED_EDGE('',*,*,#7115,.T.);
#9871=ORIENTED_EDGE('',*,*,#7111,.F.);
#9872=ORIENTED_EDGE('',*,*,#7116,.F.);
#9873=ORIENTED_EDGE('',*,*,#7117,.T.);
#9874=ORIENTED_EDGE('',*,*,#7118,.T.);
#9875=ORIENTED_EDGE('',*,*,#7114,.F.);
#9876=ORIENTED_EDGE('',*,*,#7119,.F.);
#9877=ORIENTED_EDGE('',*,*,#7120,.T.);
#9878=ORIENTED_EDGE('',*,*,#7121,.T.);
#9879=ORIENTED_EDGE('',*,*,#7117,.F.);
#9880=ORIENTED_EDGE('',*,*,#7122,.F.);
#9881=ORIENTED_EDGE('',*,*,#7123,.T.);
#9882=ORIENTED_EDGE('',*,*,#7124,.T.);
#9883=ORIENTED_EDGE('',*,*,#7120,.F.);
#9884=ORIENTED_EDGE('',*,*,#7125,.F.);
#9885=ORIENTED_EDGE('',*,*,#7126,.T.);
#9886=ORIENTED_EDGE('',*,*,#7127,.T.);
#9887=ORIENTED_EDGE('',*,*,#7123,.F.);
#9888=ORIENTED_EDGE('',*,*,#7128,.F.);
#9889=ORIENTED_EDGE('',*,*,#7097,.T.);
#9890=ORIENTED_EDGE('',*,*,#7129,.T.);
#9891=ORIENTED_EDGE('',*,*,#7126,.F.);
#9892=ORIENTED_EDGE('',*,*,#7129,.F.);
#9893=ORIENTED_EDGE('',*,*,#7096,.F.);
#9894=ORIENTED_EDGE('',*,*,#7100,.F.);
#9895=ORIENTED_EDGE('',*,*,#7103,.F.);
#9896=ORIENTED_EDGE('',*,*,#7106,.F.);
#9897=ORIENTED_EDGE('',*,*,#7109,.F.);
#9898=ORIENTED_EDGE('',*,*,#7112,.F.);
#9899=ORIENTED_EDGE('',*,*,#7115,.F.);
#9900=ORIENTED_EDGE('',*,*,#7118,.F.);
#9901=ORIENTED_EDGE('',*,*,#7121,.F.);
#9902=ORIENTED_EDGE('',*,*,#7124,.F.);
#9903=ORIENTED_EDGE('',*,*,#7127,.F.);
#9904=ORIENTED_EDGE('',*,*,#7130,.T.);
#9905=ORIENTED_EDGE('',*,*,#7094,.T.);
#9906=ORIENTED_EDGE('',*,*,#7128,.T.);
#9907=ORIENTED_EDGE('',*,*,#7125,.T.);
#9908=ORIENTED_EDGE('',*,*,#7122,.T.);
#9909=ORIENTED_EDGE('',*,*,#7119,.T.);
#9910=ORIENTED_EDGE('',*,*,#7116,.T.);
#9911=ORIENTED_EDGE('',*,*,#7113,.T.);
#9912=ORIENTED_EDGE('',*,*,#7110,.T.);
#9913=ORIENTED_EDGE('',*,*,#7107,.T.);
#9914=ORIENTED_EDGE('',*,*,#7104,.T.);
#9915=ORIENTED_EDGE('',*,*,#7101,.T.);
#9916=ORIENTED_EDGE('',*,*,#7098,.T.);
#9917=ORIENTED_EDGE('',*,*,#7061,.T.);
#9918=ORIENTED_EDGE('',*,*,#7092,.T.);
#9919=ORIENTED_EDGE('',*,*,#7089,.T.);
#9920=ORIENTED_EDGE('',*,*,#7086,.T.);
#9921=ORIENTED_EDGE('',*,*,#7083,.T.);
#9922=ORIENTED_EDGE('',*,*,#7080,.T.);
#9923=ORIENTED_EDGE('',*,*,#7077,.T.);
#9924=ORIENTED_EDGE('',*,*,#7074,.T.);
#9925=ORIENTED_EDGE('',*,*,#7071,.T.);
#9926=ORIENTED_EDGE('',*,*,#7068,.T.);
#9927=ORIENTED_EDGE('',*,*,#7065,.T.);
#9928=ORIENTED_EDGE('',*,*,#7013,.T.);
#9929=ORIENTED_EDGE('',*,*,#7038,.T.);
#9930=ORIENTED_EDGE('',*,*,#7035,.T.);
#9931=ORIENTED_EDGE('',*,*,#7032,.T.);
#9932=ORIENTED_EDGE('',*,*,#7029,.T.);
#9933=ORIENTED_EDGE('',*,*,#7026,.T.);
#9934=ORIENTED_EDGE('',*,*,#7023,.T.);
#9935=ORIENTED_EDGE('',*,*,#7020,.T.);
#9936=ORIENTED_EDGE('',*,*,#7017,.T.);
#9937=ORIENTED_EDGE('',*,*,#6974,.T.);
#9938=ORIENTED_EDGE('',*,*,#6990,.T.);
#9939=ORIENTED_EDGE('',*,*,#6987,.T.);
#9940=ORIENTED_EDGE('',*,*,#6984,.T.);
#9941=ORIENTED_EDGE('',*,*,#6981,.T.);
#9942=ORIENTED_EDGE('',*,*,#6978,.T.);
#9943=ORIENTED_EDGE('',*,*,#6953,.T.);
#9944=ORIENTED_EDGE('',*,*,#6972,.T.);
#9945=ORIENTED_EDGE('',*,*,#6969,.T.);
#9946=ORIENTED_EDGE('',*,*,#6966,.T.);
#9947=ORIENTED_EDGE('',*,*,#6963,.T.);
#9948=ORIENTED_EDGE('',*,*,#6960,.T.);
#9949=ORIENTED_EDGE('',*,*,#6957,.T.);
#9950=ORIENTED_EDGE('',*,*,#6908,.T.);
#9951=ORIENTED_EDGE('',*,*,#6930,.T.);
#9952=ORIENTED_EDGE('',*,*,#6927,.T.);
#9953=ORIENTED_EDGE('',*,*,#6924,.T.);
#9954=ORIENTED_EDGE('',*,*,#6921,.T.);
#9955=ORIENTED_EDGE('',*,*,#6918,.T.);
#9956=ORIENTED_EDGE('',*,*,#6915,.T.);
#9957=ORIENTED_EDGE('',*,*,#6912,.T.);
#9958=ORIENTED_EDGE('',*,*,#6866,.T.);
#9959=ORIENTED_EDGE('',*,*,#6897,.T.);
#9960=ORIENTED_EDGE('',*,*,#6894,.T.);
#9961=ORIENTED_EDGE('',*,*,#6891,.T.);
#9962=ORIENTED_EDGE('',*,*,#6888,.T.);
#9963=ORIENTED_EDGE('',*,*,#6885,.T.);
#9964=ORIENTED_EDGE('',*,*,#6882,.T.);
#9965=ORIENTED_EDGE('',*,*,#6879,.T.);
#9966=ORIENTED_EDGE('',*,*,#6876,.T.);
#9967=ORIENTED_EDGE('',*,*,#6873,.T.);
#9968=ORIENTED_EDGE('',*,*,#6870,.T.);
#9969=ORIENTED_EDGE('',*,*,#7040,.T.);
#9970=ORIENTED_EDGE('',*,*,#7044,.T.);
#9971=ORIENTED_EDGE('',*,*,#7047,.T.);
#9972=ORIENTED_EDGE('',*,*,#7050,.T.);
#9973=ORIENTED_EDGE('',*,*,#7053,.T.);
#9974=ORIENTED_EDGE('',*,*,#7056,.T.);
#9975=ORIENTED_EDGE('',*,*,#7059,.T.);
#9976=ORIENTED_EDGE('',*,*,#6992,.T.);
#9977=ORIENTED_EDGE('',*,*,#6996,.T.);
#9978=ORIENTED_EDGE('',*,*,#6999,.T.);
#9979=ORIENTED_EDGE('',*,*,#7002,.T.);
#9980=ORIENTED_EDGE('',*,*,#7005,.T.);
#9981=ORIENTED_EDGE('',*,*,#7008,.T.);
#9982=ORIENTED_EDGE('',*,*,#7011,.T.);
#9983=ORIENTED_EDGE('',*,*,#6932,.T.);
#9984=ORIENTED_EDGE('',*,*,#6936,.T.);
#9985=ORIENTED_EDGE('',*,*,#6939,.T.);
#9986=ORIENTED_EDGE('',*,*,#6942,.T.);
#9987=ORIENTED_EDGE('',*,*,#6945,.T.);
#9988=ORIENTED_EDGE('',*,*,#6948,.T.);
#9989=ORIENTED_EDGE('',*,*,#6951,.T.);
#9990=ORIENTED_EDGE('',*,*,#6899,.T.);
#9991=ORIENTED_EDGE('',*,*,#6903,.T.);
#9992=ORIENTED_EDGE('',*,*,#6906,.T.);
#9993=ORIENTED_EDGE('',*,*,#7130,.F.);
#9994=ORIENTED_EDGE('',*,*,#7131,.T.);
#9995=ORIENTED_EDGE('',*,*,#7132,.T.);
#9996=ORIENTED_EDGE('',*,*,#7131,.F.);
#9997=ORIENTED_EDGE('',*,*,#7133,.F.);
#9998=ORIENTED_EDGE('',*,*,#7134,.T.);
#9999=ORIENTED_EDGE('',*,*,#7135,.T.);
#10000=ORIENTED_EDGE('',*,*,#7134,.F.);
#10001=ORIENTED_EDGE('',*,*,#7135,.F.);
#10002=ORIENTED_EDGE('',*,*,#7132,.F.);
#10003=ORIENTED_EDGE('',*,*,#6805,.T.);
#10004=ORIENTED_EDGE('',*,*,#7136,.T.);
#10005=ORIENTED_EDGE('',*,*,#7137,.T.);
#10006=ORIENTED_EDGE('',*,*,#7138,.T.);
#10007=ORIENTED_EDGE('',*,*,#7133,.T.);
#10008=ORIENTED_EDGE('',*,*,#7136,.F.);
#10009=ORIENTED_EDGE('',*,*,#7139,.T.);
#10010=ORIENTED_EDGE('',*,*,#6465,.F.);
#10011=ORIENTED_EDGE('',*,*,#7139,.F.);
#10012=ORIENTED_EDGE('',*,*,#7137,.F.);
#10013=ORIENTED_EDGE('',*,*,#7140,.T.);
#10014=ORIENTED_EDGE('',*,*,#6466,.F.);
#10015=ORIENTED_EDGE('',*,*,#7140,.F.);
#10016=ORIENTED_EDGE('',*,*,#7138,.F.);
#10017=ORIENTED_EDGE('',*,*,#7141,.T.);
#10018=ORIENTED_EDGE('',*,*,#6467,.F.);
#10019=ORIENTED_EDGE('',*,*,#7141,.F.);
#10020=ORIENTED_EDGE('',*,*,#6798,.T.);
#10021=ORIENTED_EDGE('',*,*,#7142,.T.);
#10022=ORIENTED_EDGE('',*,*,#6839,.F.);
#10023=ORIENTED_EDGE('',*,*,#7142,.F.);
#10024=ORIENTED_EDGE('',*,*,#6845,.T.);
#10025=ORIENTED_EDGE('',*,*,#6849,.T.);
#10026=ORIENTED_EDGE('',*,*,#6852,.T.);
#10027=ORIENTED_EDGE('',*,*,#6855,.T.);
#10028=ORIENTED_EDGE('',*,*,#6858,.T.);
#10029=ORIENTED_EDGE('',*,*,#6861,.T.);
#10030=ORIENTED_EDGE('',*,*,#6864,.T.);
#10031=ORIENTED_EDGE('',*,*,#6426,.T.);
#10032=ORIENTED_EDGE('',*,*,#6430,.T.);
#10033=ORIENTED_EDGE('',*,*,#6433,.T.);
#10034=ORIENTED_EDGE('',*,*,#6436,.T.);
#10035=ORIENTED_EDGE('',*,*,#6439,.T.);
#10036=ORIENTED_EDGE('',*,*,#6442,.T.);
#10037=ORIENTED_EDGE('',*,*,#6445,.T.);
#10038=ORIENTED_EDGE('',*,*,#6448,.T.);
#10039=ORIENTED_EDGE('',*,*,#6451,.T.);
#10040=ORIENTED_EDGE('',*,*,#6454,.T.);
#10041=ORIENTED_EDGE('',*,*,#6457,.T.);
#10042=ORIENTED_EDGE('',*,*,#6460,.T.);
#10043=ORIENTED_EDGE('',*,*,#6387,.T.);
#10044=ORIENTED_EDGE('',*,*,#6391,.T.);
#10045=ORIENTED_EDGE('',*,*,#6394,.T.);
#10046=ORIENTED_EDGE('',*,*,#6397,.T.);
#10047=ORIENTED_EDGE('',*,*,#6400,.T.);
#10048=ORIENTED_EDGE('',*,*,#6403,.T.);
#10049=ORIENTED_EDGE('',*,*,#6406,.T.);
#10050=ORIENTED_EDGE('',*,*,#6409,.T.);
#10051=ORIENTED_EDGE('',*,*,#6412,.T.);
#10052=ORIENTED_EDGE('',*,*,#6415,.T.);
#10053=ORIENTED_EDGE('',*,*,#6418,.T.);
#10054=ORIENTED_EDGE('',*,*,#6421,.T.);
#10055=ORIENTED_EDGE('',*,*,#6841,.F.);
#10056=ORIENTED_EDGE('',*,*,#6816,.F.);
#10057=ORIENTED_EDGE('',*,*,#6842,.F.);
#10058=ORIENTED_EDGE('',*,*,#7143,.T.);
#10059=ORIENTED_EDGE('',*,*,#6740,.T.);
#10060=ORIENTED_EDGE('',*,*,#7143,.F.);
#10061=ORIENTED_EDGE('',*,*,#6843,.F.);
#10062=ORIENTED_EDGE('',*,*,#6818,.F.);
#10063=ORIENTED_EDGE('',*,*,#6844,.F.);
#10064=ORIENTED_EDGE('',*,*,#7144,.T.);
#10065=ORIENTED_EDGE('',*,*,#6741,.T.);
#10066=ORIENTED_EDGE('',*,*,#7144,.F.);
#10067=ORIENTED_EDGE('',*,*,#6840,.F.);
#10068=ORIENTED_EDGE('',*,*,#7145,.T.);
#10069=ORIENTED_EDGE('',*,*,#6624,.T.);
#10070=ORIENTED_EDGE('',*,*,#7145,.F.);
#10071=ORIENTED_EDGE('',*,*,#5733,.T.);
#10072=ORIENTED_EDGE('',*,*,#7146,.T.);
#10073=ORIENTED_EDGE('',*,*,#6838,.F.);
#10074=ORIENTED_EDGE('',*,*,#7147,.F.);
#10075=ORIENTED_EDGE('',*,*,#5734,.T.);
#10076=ORIENTED_EDGE('',*,*,#7147,.T.);
#10077=ORIENTED_EDGE('',*,*,#6837,.F.);
#10078=ORIENTED_EDGE('',*,*,#7148,.F.);
#10079=ORIENTED_EDGE('',*,*,#5735,.T.);
#10080=ORIENTED_EDGE('',*,*,#7148,.T.);
#10081=ORIENTED_EDGE('',*,*,#6836,.F.);
#10082=ORIENTED_EDGE('',*,*,#7149,.F.);
#10083=ORIENTED_EDGE('',*,*,#5736,.T.);
#10084=ORIENTED_EDGE('',*,*,#7149,.T.);
#10085=ORIENTED_EDGE('',*,*,#6835,.F.);
#10086=ORIENTED_EDGE('',*,*,#7150,.F.);
#10087=ORIENTED_EDGE('',*,*,#5737,.T.);
#10088=ORIENTED_EDGE('',*,*,#7150,.T.);
#10089=ORIENTED_EDGE('',*,*,#6834,.F.);
#10090=ORIENTED_EDGE('',*,*,#7151,.F.);
#10091=ORIENTED_EDGE('',*,*,#5738,.T.);
#10092=ORIENTED_EDGE('',*,*,#7151,.T.);
#10093=ORIENTED_EDGE('',*,*,#6833,.F.);
#10094=ORIENTED_EDGE('',*,*,#7152,.F.);
#10095=ORIENTED_EDGE('',*,*,#5739,.T.);
#10096=ORIENTED_EDGE('',*,*,#7152,.T.);
#10097=ORIENTED_EDGE('',*,*,#6832,.F.);
#10098=ORIENTED_EDGE('',*,*,#7153,.F.);
#10099=ORIENTED_EDGE('',*,*,#5740,.T.);
#10100=ORIENTED_EDGE('',*,*,#7153,.T.);
#10101=ORIENTED_EDGE('',*,*,#6831,.F.);
#10102=ORIENTED_EDGE('',*,*,#7154,.F.);
#10103=ORIENTED_EDGE('',*,*,#5741,.T.);
#10104=ORIENTED_EDGE('',*,*,#7154,.T.);
#10105=ORIENTED_EDGE('',*,*,#6830,.F.);
#10106=ORIENTED_EDGE('',*,*,#7155,.F.);
#10107=ORIENTED_EDGE('',*,*,#5742,.T.);
#10108=ORIENTED_EDGE('',*,*,#7155,.T.);
#10109=ORIENTED_EDGE('',*,*,#6829,.F.);
#10110=ORIENTED_EDGE('',*,*,#7156,.F.);
#10111=ORIENTED_EDGE('',*,*,#5743,.T.);
#10112=ORIENTED_EDGE('',*,*,#7156,.T.);
#10113=ORIENTED_EDGE('',*,*,#6828,.F.);
#10114=ORIENTED_EDGE('',*,*,#7157,.F.);
#10115=ORIENTED_EDGE('',*,*,#5744,.T.);
#10116=ORIENTED_EDGE('',*,*,#7157,.T.);
#10117=ORIENTED_EDGE('',*,*,#6827,.F.);
#10118=ORIENTED_EDGE('',*,*,#6643,.F.);
#10119=ORIENTED_EDGE('',*,*,#6640,.T.);
#10120=ORIENTED_EDGE('',*,*,#6645,.T.);
#10121=ORIENTED_EDGE('',*,*,#6826,.F.);
#10122=ORIENTED_EDGE('',*,*,#7158,.F.);
#10123=ORIENTED_EDGE('',*,*,#6641,.T.);
#10124=ORIENTED_EDGE('',*,*,#7158,.T.);
#10125=ORIENTED_EDGE('',*,*,#6825,.F.);
#10126=ORIENTED_EDGE('',*,*,#7159,.F.);
#10127=ORIENTED_EDGE('',*,*,#5731,.T.);
#10128=ORIENTED_EDGE('',*,*,#6637,.T.);
#10129=ORIENTED_EDGE('',*,*,#5732,.T.);
#10130=ORIENTED_EDGE('',*,*,#7159,.T.);
#10131=ORIENTED_EDGE('',*,*,#6824,.F.);
#10132=ORIENTED_EDGE('',*,*,#7146,.F.);
#10133=ORIENTED_EDGE('',*,*,#6348,.T.);
#10134=ORIENTED_EDGE('',*,*,#6352,.T.);
#10135=ORIENTED_EDGE('',*,*,#6355,.T.);
#10136=ORIENTED_EDGE('',*,*,#6358,.T.);
#10137=ORIENTED_EDGE('',*,*,#6361,.T.);
#10138=ORIENTED_EDGE('',*,*,#6364,.T.);
#10139=ORIENTED_EDGE('',*,*,#6367,.T.);
#10140=ORIENTED_EDGE('',*,*,#6370,.T.);
#10141=ORIENTED_EDGE('',*,*,#6373,.T.);
#10142=ORIENTED_EDGE('',*,*,#6376,.T.);
#10143=ORIENTED_EDGE('',*,*,#6379,.T.);
#10144=ORIENTED_EDGE('',*,*,#6382,.T.);
#10145=ORIENTED_EDGE('',*,*,#7160,.T.);
#10146=ORIENTED_EDGE('',*,*,#7161,.T.);
#10147=ORIENTED_EDGE('',*,*,#7162,.F.);
#10148=ORIENTED_EDGE('',*,*,#7163,.F.);
#10149=ORIENTED_EDGE('',*,*,#7164,.T.);
#10150=ORIENTED_EDGE('',*,*,#7163,.T.);
#10151=ORIENTED_EDGE('',*,*,#7165,.F.);
#10152=ORIENTED_EDGE('',*,*,#7166,.F.);
#10153=ORIENTED_EDGE('',*,*,#7167,.T.);
#10154=ORIENTED_EDGE('',*,*,#7166,.T.);
#10155=ORIENTED_EDGE('',*,*,#7168,.F.);
#10156=ORIENTED_EDGE('',*,*,#7169,.F.);
#10157=ORIENTED_EDGE('',*,*,#7170,.T.);
#10158=ORIENTED_EDGE('',*,*,#7169,.T.);
#10159=ORIENTED_EDGE('',*,*,#7171,.F.);
#10160=ORIENTED_EDGE('',*,*,#7172,.F.);
#10161=ORIENTED_EDGE('',*,*,#7173,.T.);
#10162=ORIENTED_EDGE('',*,*,#7172,.T.);
#10163=ORIENTED_EDGE('',*,*,#7174,.F.);
#10164=ORIENTED_EDGE('',*,*,#7175,.F.);
#10165=ORIENTED_EDGE('',*,*,#7176,.T.);
#10166=ORIENTED_EDGE('',*,*,#7175,.T.);
#10167=ORIENTED_EDGE('',*,*,#7177,.F.);
#10168=ORIENTED_EDGE('',*,*,#7178,.F.);
#10169=ORIENTED_EDGE('',*,*,#7179,.T.);
#10170=ORIENTED_EDGE('',*,*,#7178,.T.);
#10171=ORIENTED_EDGE('',*,*,#7180,.F.);
#10172=ORIENTED_EDGE('',*,*,#7181,.F.);
#10173=ORIENTED_EDGE('',*,*,#7182,.T.);
#10174=ORIENTED_EDGE('',*,*,#7181,.T.);
#10175=ORIENTED_EDGE('',*,*,#7183,.F.);
#10176=ORIENTED_EDGE('',*,*,#7184,.F.);
#10177=ORIENTED_EDGE('',*,*,#7185,.T.);
#10178=ORIENTED_EDGE('',*,*,#7184,.T.);
#10179=ORIENTED_EDGE('',*,*,#7186,.F.);
#10180=ORIENTED_EDGE('',*,*,#7187,.F.);
#10181=ORIENTED_EDGE('',*,*,#7188,.T.);
#10182=ORIENTED_EDGE('',*,*,#7187,.T.);
#10183=ORIENTED_EDGE('',*,*,#7189,.F.);
#10184=ORIENTED_EDGE('',*,*,#7190,.F.);
#10185=ORIENTED_EDGE('',*,*,#7191,.T.);
#10186=ORIENTED_EDGE('',*,*,#7190,.T.);
#10187=ORIENTED_EDGE('',*,*,#7192,.F.);
#10188=ORIENTED_EDGE('',*,*,#7193,.F.);
#10189=ORIENTED_EDGE('',*,*,#7194,.T.);
#10190=ORIENTED_EDGE('',*,*,#7193,.T.);
#10191=ORIENTED_EDGE('',*,*,#7195,.F.);
#10192=ORIENTED_EDGE('',*,*,#7161,.F.);
#10193=ORIENTED_EDGE('',*,*,#7196,.F.);
#10194=ORIENTED_EDGE('',*,*,#7197,.T.);
#10195=ORIENTED_EDGE('',*,*,#7198,.T.);
#10196=ORIENTED_EDGE('',*,*,#7197,.F.);
#10197=ORIENTED_EDGE('',*,*,#7196,.T.);
#10198=ORIENTED_EDGE('',*,*,#7195,.T.);
#10199=ORIENTED_EDGE('',*,*,#7192,.T.);
#10200=ORIENTED_EDGE('',*,*,#7189,.T.);
#10201=ORIENTED_EDGE('',*,*,#7186,.T.);
#10202=ORIENTED_EDGE('',*,*,#7183,.T.);
#10203=ORIENTED_EDGE('',*,*,#7180,.T.);
#10204=ORIENTED_EDGE('',*,*,#7177,.T.);
#10205=ORIENTED_EDGE('',*,*,#7174,.T.);
#10206=ORIENTED_EDGE('',*,*,#7171,.T.);
#10207=ORIENTED_EDGE('',*,*,#7168,.T.);
#10208=ORIENTED_EDGE('',*,*,#7165,.T.);
#10209=ORIENTED_EDGE('',*,*,#7162,.T.);
#10210=ORIENTED_EDGE('',*,*,#7198,.F.);
#10211=ORIENTED_EDGE('',*,*,#7194,.F.);
#10212=ORIENTED_EDGE('',*,*,#7160,.F.);
#10213=ORIENTED_EDGE('',*,*,#7164,.F.);
#10214=ORIENTED_EDGE('',*,*,#7167,.F.);
#10215=ORIENTED_EDGE('',*,*,#7170,.F.);
#10216=ORIENTED_EDGE('',*,*,#7173,.F.);
#10217=ORIENTED_EDGE('',*,*,#7176,.F.);
#10218=ORIENTED_EDGE('',*,*,#7179,.F.);
#10219=ORIENTED_EDGE('',*,*,#7182,.F.);
#10220=ORIENTED_EDGE('',*,*,#7185,.F.);
#10221=ORIENTED_EDGE('',*,*,#7188,.F.);
#10222=ORIENTED_EDGE('',*,*,#7191,.F.);
#10223=ORIENTED_EDGE('',*,*,#7199,.T.);
#10224=ORIENTED_EDGE('',*,*,#7200,.T.);
#10225=ORIENTED_EDGE('',*,*,#7201,.F.);
#10226=ORIENTED_EDGE('',*,*,#7202,.F.);
#10227=ORIENTED_EDGE('',*,*,#7203,.T.);
#10228=ORIENTED_EDGE('',*,*,#7202,.T.);
#10229=ORIENTED_EDGE('',*,*,#7204,.F.);
#10230=ORIENTED_EDGE('',*,*,#7205,.F.);
#10231=ORIENTED_EDGE('',*,*,#7206,.T.);
#10232=ORIENTED_EDGE('',*,*,#7205,.T.);
#10233=ORIENTED_EDGE('',*,*,#7207,.F.);
#10234=ORIENTED_EDGE('',*,*,#7208,.F.);
#10235=ORIENTED_EDGE('',*,*,#7209,.T.);
#10236=ORIENTED_EDGE('',*,*,#7208,.T.);
#10237=ORIENTED_EDGE('',*,*,#7210,.F.);
#10238=ORIENTED_EDGE('',*,*,#7211,.F.);
#10239=ORIENTED_EDGE('',*,*,#7212,.T.);
#10240=ORIENTED_EDGE('',*,*,#7211,.T.);
#10241=ORIENTED_EDGE('',*,*,#7213,.F.);
#10242=ORIENTED_EDGE('',*,*,#7214,.F.);
#10243=ORIENTED_EDGE('',*,*,#7215,.T.);
#10244=ORIENTED_EDGE('',*,*,#7214,.T.);
#10245=ORIENTED_EDGE('',*,*,#7216,.F.);
#10246=ORIENTED_EDGE('',*,*,#7217,.F.);
#10247=ORIENTED_EDGE('',*,*,#7218,.T.);
#10248=ORIENTED_EDGE('',*,*,#7217,.T.);
#10249=ORIENTED_EDGE('',*,*,#7219,.F.);
#10250=ORIENTED_EDGE('',*,*,#7220,.F.);
#10251=ORIENTED_EDGE('',*,*,#7221,.T.);
#10252=ORIENTED_EDGE('',*,*,#7220,.T.);
#10253=ORIENTED_EDGE('',*,*,#7222,.F.);
#10254=ORIENTED_EDGE('',*,*,#7223,.F.);
#10255=ORIENTED_EDGE('',*,*,#7224,.T.);
#10256=ORIENTED_EDGE('',*,*,#7223,.T.);
#10257=ORIENTED_EDGE('',*,*,#7225,.F.);
#10258=ORIENTED_EDGE('',*,*,#7226,.F.);
#10259=ORIENTED_EDGE('',*,*,#7227,.T.);
#10260=ORIENTED_EDGE('',*,*,#7226,.T.);
#10261=ORIENTED_EDGE('',*,*,#7228,.F.);
#10262=ORIENTED_EDGE('',*,*,#7229,.F.);
#10263=ORIENTED_EDGE('',*,*,#7230,.T.);
#10264=ORIENTED_EDGE('',*,*,#7229,.T.);
#10265=ORIENTED_EDGE('',*,*,#7231,.F.);
#10266=ORIENTED_EDGE('',*,*,#7232,.F.);
#10267=ORIENTED_EDGE('',*,*,#7233,.T.);
#10268=ORIENTED_EDGE('',*,*,#7232,.T.);
#10269=ORIENTED_EDGE('',*,*,#7234,.F.);
#10270=ORIENTED_EDGE('',*,*,#7200,.F.);
#10271=ORIENTED_EDGE('',*,*,#7235,.F.);
#10272=ORIENTED_EDGE('',*,*,#7236,.T.);
#10273=ORIENTED_EDGE('',*,*,#7237,.T.);
#10274=ORIENTED_EDGE('',*,*,#7236,.F.);
#10275=ORIENTED_EDGE('',*,*,#7235,.T.);
#10276=ORIENTED_EDGE('',*,*,#7234,.T.);
#10277=ORIENTED_EDGE('',*,*,#7231,.T.);
#10278=ORIENTED_EDGE('',*,*,#7228,.T.);
#10279=ORIENTED_EDGE('',*,*,#7225,.T.);
#10280=ORIENTED_EDGE('',*,*,#7222,.T.);
#10281=ORIENTED_EDGE('',*,*,#7219,.T.);
#10282=ORIENTED_EDGE('',*,*,#7216,.T.);
#10283=ORIENTED_EDGE('',*,*,#7213,.T.);
#10284=ORIENTED_EDGE('',*,*,#7210,.T.);
#10285=ORIENTED_EDGE('',*,*,#7207,.T.);
#10286=ORIENTED_EDGE('',*,*,#7204,.T.);
#10287=ORIENTED_EDGE('',*,*,#7201,.T.);
#10288=ORIENTED_EDGE('',*,*,#7237,.F.);
#10289=ORIENTED_EDGE('',*,*,#7233,.F.);
#10290=ORIENTED_EDGE('',*,*,#7199,.F.);
#10291=ORIENTED_EDGE('',*,*,#7203,.F.);
#10292=ORIENTED_EDGE('',*,*,#7206,.F.);
#10293=ORIENTED_EDGE('',*,*,#7209,.F.);
#10294=ORIENTED_EDGE('',*,*,#7212,.F.);
#10295=ORIENTED_EDGE('',*,*,#7215,.F.);
#10296=ORIENTED_EDGE('',*,*,#7218,.F.);
#10297=ORIENTED_EDGE('',*,*,#7221,.F.);
#10298=ORIENTED_EDGE('',*,*,#7224,.F.);
#10299=ORIENTED_EDGE('',*,*,#7227,.F.);
#10300=ORIENTED_EDGE('',*,*,#7230,.F.);
#10301=ORIENTED_EDGE('',*,*,#7238,.F.);
#10302=ORIENTED_EDGE('',*,*,#7239,.T.);
#10303=ORIENTED_EDGE('',*,*,#7240,.T.);
#10304=ORIENTED_EDGE('',*,*,#7239,.F.);
#10305=ORIENTED_EDGE('',*,*,#7240,.F.);
#10306=ORIENTED_EDGE('',*,*,#7241,.T.);
#10307=ORIENTED_EDGE('',*,*,#7242,.T.);
#10308=ORIENTED_EDGE('',*,*,#7241,.F.);
#10309=ORIENTED_EDGE('',*,*,#7242,.F.);
#10310=ORIENTED_EDGE('',*,*,#7243,.T.);
#10311=ORIENTED_EDGE('',*,*,#7244,.T.);
#10312=ORIENTED_EDGE('',*,*,#7243,.F.);
#10313=ORIENTED_EDGE('',*,*,#7244,.F.);
#10314=ORIENTED_EDGE('',*,*,#7245,.T.);
#10315=ORIENTED_EDGE('',*,*,#7238,.T.);
#10316=ORIENTED_EDGE('',*,*,#7245,.F.);
#10317=ORIENTED_EDGE('',*,*,#7246,.F.);
#10318=ORIENTED_EDGE('',*,*,#7247,.T.);
#10319=ORIENTED_EDGE('',*,*,#7248,.T.);
#10320=ORIENTED_EDGE('',*,*,#7247,.F.);
#10321=ORIENTED_EDGE('',*,*,#7249,.F.);
#10322=ORIENTED_EDGE('',*,*,#7250,.T.);
#10323=ORIENTED_EDGE('',*,*,#7251,.T.);
#10324=ORIENTED_EDGE('',*,*,#7250,.F.);
#10325=ORIENTED_EDGE('',*,*,#7249,.T.);
#10326=ORIENTED_EDGE('',*,*,#7246,.T.);
#10327=ORIENTED_EDGE('',*,*,#7251,.F.);
#10328=ORIENTED_EDGE('',*,*,#7248,.F.);
#10329=ORIENTED_EDGE('',*,*,#7252,.F.);
#10330=ORIENTED_EDGE('',*,*,#7253,.T.);
#10331=ORIENTED_EDGE('',*,*,#7254,.T.);
#10332=ORIENTED_EDGE('',*,*,#7253,.F.);
#10333=ORIENTED_EDGE('',*,*,#7255,.T.);
#10334=ORIENTED_EDGE('',*,*,#7256,.T.);
#10335=ORIENTED_EDGE('',*,*,#7257,.F.);
#10336=ORIENTED_EDGE('',*,*,#7258,.F.);
#10337=ORIENTED_EDGE('',*,*,#7259,.T.);
#10338=ORIENTED_EDGE('',*,*,#7258,.T.);
#10339=ORIENTED_EDGE('',*,*,#7260,.F.);
#10340=ORIENTED_EDGE('',*,*,#7261,.F.);
#10341=ORIENTED_EDGE('',*,*,#7262,.T.);
#10342=ORIENTED_EDGE('',*,*,#7261,.T.);
#10343=ORIENTED_EDGE('',*,*,#7263,.F.);
#10344=ORIENTED_EDGE('',*,*,#7264,.F.);
#10345=ORIENTED_EDGE('',*,*,#7265,.T.);
#10346=ORIENTED_EDGE('',*,*,#7264,.T.);
#10347=ORIENTED_EDGE('',*,*,#7266,.F.);
#10348=ORIENTED_EDGE('',*,*,#7256,.F.);
#10349=ORIENTED_EDGE('',*,*,#7266,.T.);
#10350=ORIENTED_EDGE('',*,*,#7263,.T.);
#10351=ORIENTED_EDGE('',*,*,#7260,.T.);
#10352=ORIENTED_EDGE('',*,*,#7257,.T.);
#10353=ORIENTED_EDGE('',*,*,#7252,.T.);
#10354=ORIENTED_EDGE('',*,*,#7265,.F.);
#10355=ORIENTED_EDGE('',*,*,#7255,.F.);
#10356=ORIENTED_EDGE('',*,*,#7259,.F.);
#10357=ORIENTED_EDGE('',*,*,#7262,.F.);
#10358=ORIENTED_EDGE('',*,*,#7254,.F.);
#10359=ORIENTED_EDGE('',*,*,#7267,.F.);
#10360=ORIENTED_EDGE('',*,*,#7268,.T.);
#10361=ORIENTED_EDGE('',*,*,#7269,.T.);
#10362=ORIENTED_EDGE('',*,*,#7268,.F.);
#10363=ORIENTED_EDGE('',*,*,#7270,.F.);
#10364=ORIENTED_EDGE('',*,*,#7271,.T.);
#10365=ORIENTED_EDGE('',*,*,#7272,.T.);
#10366=ORIENTED_EDGE('',*,*,#7271,.F.);
#10367=ORIENTED_EDGE('',*,*,#7270,.T.);
#10368=ORIENTED_EDGE('',*,*,#7267,.T.);
#10369=ORIENTED_EDGE('',*,*,#7272,.F.);
#10370=ORIENTED_EDGE('',*,*,#7269,.F.);
#10371=TOROIDAL_SURFACE('',#11608,2.9,0.1);
#10372=TOROIDAL_SURFACE('',#11625,3.1,0.1);
#10373=TOROIDAL_SURFACE('',#11630,3.9,0.1);
#10374=TOROIDAL_SURFACE('',#11635,4.1,0.1);
#10375=TOROIDAL_SURFACE('',#11637,2.9,0.1);
#10376=TOROIDAL_SURFACE('',#11639,3.1,0.1);
#10377=TOROIDAL_SURFACE('',#11645,3.9,0.1);
#10378=TOROIDAL_SURFACE('',#11649,4.1,0.1);
#10379=TOROIDAL_SURFACE('',#11652,3.9,0.1);
#10380=TOROIDAL_SURFACE('',#11657,3.1,0.1);
#10381=TOROIDAL_SURFACE('',#11663,2.9,0.1);
#10382=TOROIDAL_SURFACE('',#11665,3.9,0.1);
#10383=TOROIDAL_SURFACE('',#11669,4.1,0.1);
#10384=TOROIDAL_SURFACE('',#11672,2.9,0.1);
#10385=TOROIDAL_SURFACE('',#11674,4.1,0.1);
#10386=TOROIDAL_SURFACE('',#11677,3.1,0.1);
#10387=TOROIDAL_SURFACE('',#12422,8.99999999999999,1.);
#10388=TOROIDAL_SURFACE('',#12428,35.,1.);
#10389=STYLED_ITEM('',(#19319),#10978);
#10390=STYLED_ITEM('',(#19319),#10979);
#10391=STYLED_ITEM('',(#19319),#10980);
#10392=STYLED_ITEM('',(#19319),#10981);
#10393=STYLED_ITEM('',(#19319),#10982);
#10394=STYLED_ITEM('',(#19319),#10983);
#10395=STYLED_ITEM('',(#19319),#10984);
#10396=STYLED_ITEM('',(#19319),#10985);
#10397=STYLED_ITEM('',(#19319),#10986);
#10398=STYLED_ITEM('',(#19319),#10987);
#10399=STYLED_ITEM('',(#19319),#10988);
#10400=STYLED_ITEM('',(#19319),#10989);
#10401=STYLED_ITEM('',(#19319),#10990);
#10402=STYLED_ITEM('',(#19319),#10991);
#10403=STYLED_ITEM('',(#19319),#10992);
#10404=STYLED_ITEM('',(#19319),#10993);
#10405=STYLED_ITEM('',(#19319),#10994);
#10406=STYLED_ITEM('',(#19319),#10995);
#10407=STYLED_ITEM('',(#19319),#10996);
#10408=STYLED_ITEM('',(#19319),#10997);
#10409=STYLED_ITEM('',(#19319),#10998);
#10410=STYLED_ITEM('',(#19319),#10999);
#10411=STYLED_ITEM('',(#19319),#11000);
#10412=STYLED_ITEM('',(#19319),#11001);
#10413=STYLED_ITEM('',(#19319),#11002);
#10414=STYLED_ITEM('',(#19319),#11003);
#10415=STYLED_ITEM('',(#19319),#11004);
#10416=STYLED_ITEM('',(#19319),#11005);
#10417=STYLED_ITEM('',(#19319),#11006);
#10418=STYLED_ITEM('',(#19319),#11007);
#10419=STYLED_ITEM('',(#19319),#11008);
#10420=STYLED_ITEM('',(#19319),#11009);
#10421=STYLED_ITEM('',(#19320),#11010);
#10422=STYLED_ITEM('',(#19320),#11011);
#10423=STYLED_ITEM('',(#19321),#11012);
#10424=STYLED_ITEM('',(#19321),#11013);
#10425=STYLED_ITEM('',(#19321),#11014);
#10426=STYLED_ITEM('',(#19321),#11015);
#10427=STYLED_ITEM('',(#19321),#11016);
#10428=STYLED_ITEM('',(#19321),#11017);
#10429=STYLED_ITEM('',(#19321),#11018);
#10430=STYLED_ITEM('',(#19321),#11019);
#10431=STYLED_ITEM('',(#19321),#11020);
#10432=STYLED_ITEM('',(#19321),#11021);
#10433=STYLED_ITEM('',(#19321),#11022);
#10434=STYLED_ITEM('',(#19321),#11023);
#10435=STYLED_ITEM('',(#19321),#11024);
#10436=STYLED_ITEM('',(#19321),#11025);
#10437=STYLED_ITEM('',(#19321),#11026);
#10438=STYLED_ITEM('',(#19321),#11027);
#10439=STYLED_ITEM('',(#19321),#11028);
#10440=STYLED_ITEM('',(#19321),#11029);
#10441=STYLED_ITEM('',(#19321),#11030);
#10442=STYLED_ITEM('',(#19321),#11031);
#10443=STYLED_ITEM('',(#19321),#11032);
#10444=STYLED_ITEM('',(#19321),#11033);
#10445=STYLED_ITEM('',(#19321),#11034);
#10446=STYLED_ITEM('',(#19321),#11035);
#10447=STYLED_ITEM('',(#19321),#11036);
#10448=STYLED_ITEM('',(#19321),#11037);
#10449=STYLED_ITEM('',(#19321),#11038);
#10450=STYLED_ITEM('',(#19321),#11039);
#10451=STYLED_ITEM('',(#19321),#11040);
#10452=STYLED_ITEM('',(#19321),#11041);
#10453=STYLED_ITEM('',(#19321),#11042);
#10454=STYLED_ITEM('',(#19321),#11043);
#10455=STYLED_ITEM('',(#19321),#11044);
#10456=STYLED_ITEM('',(#19321),#11045);
#10457=STYLED_ITEM('',(#19321),#11046);
#10458=STYLED_ITEM('',(#19321),#11047);
#10459=STYLED_ITEM('',(#19321),#11048);
#10460=STYLED_ITEM('',(#19321),#11049);
#10461=STYLED_ITEM('',(#19321),#11050);
#10462=STYLED_ITEM('',(#19321),#11051);
#10463=STYLED_ITEM('',(#19321),#11052);
#10464=STYLED_ITEM('',(#19321),#11053);
#10465=STYLED_ITEM('',(#19321),#11054);
#10466=STYLED_ITEM('',(#19321),#11055);
#10467=STYLED_ITEM('',(#19321),#11056);
#10468=STYLED_ITEM('',(#19321),#11057);
#10469=STYLED_ITEM('',(#19321),#11058);
#10470=STYLED_ITEM('',(#19321),#11059);
#10471=STYLED_ITEM('',(#19321),#11060);
#10472=STYLED_ITEM('',(#19321),#11061);
#10473=STYLED_ITEM('',(#19321),#11062);
#10474=STYLED_ITEM('',(#19321),#11063);
#10475=STYLED_ITEM('',(#19321),#11064);
#10476=STYLED_ITEM('',(#19321),#11065);
#10477=STYLED_ITEM('',(#19321),#11066);
#10478=STYLED_ITEM('',(#19321),#11067);
#10479=STYLED_ITEM('',(#19321),#11068);
#10480=STYLED_ITEM('',(#19321),#11069);
#10481=STYLED_ITEM('',(#19321),#11070);
#10482=STYLED_ITEM('',(#19321),#11071);
#10483=STYLED_ITEM('',(#19322),#11072);
#10484=STYLED_ITEM('',(#19322),#11073);
#10485=STYLED_ITEM('',(#19322),#11074);
#10486=STYLED_ITEM('',(#19322),#11075);
#10487=STYLED_ITEM('',(#19323),#11076);
#10488=STYLED_ITEM('',(#19323),#11077);
#10489=STYLED_ITEM('',(#19323),#11078);
#10490=STYLED_ITEM('',(#19323),#11079);
#10491=STYLED_ITEM('',(#19323),#11080);
#10492=STYLED_ITEM('',(#19323),#11081);
#10493=STYLED_ITEM('',(#19323),#11082);
#10494=STYLED_ITEM('',(#19323),#11083);
#10495=STYLED_ITEM('',(#19322),#11084);
#10496=STYLED_ITEM('',(#19319),#11085);
#10497=STYLED_ITEM('',(#19319),#11086);
#10498=STYLED_ITEM('',(#19319),#11087);
#10499=STYLED_ITEM('',(#19319),#11088);
#10500=STYLED_ITEM('',(#19320),#11089);
#10501=STYLED_ITEM('',(#19320),#11090);
#10502=STYLED_ITEM('',(#19320),#11091);
#10503=STYLED_ITEM('',(#19320),#11092);
#10504=STYLED_ITEM('',(#19320),#11093);
#10505=STYLED_ITEM('',(#19320),#11094);
#10506=STYLED_ITEM('',(#19320),#11095);
#10507=STYLED_ITEM('',(#19320),#11096);
#10508=STYLED_ITEM('',(#19320),#11097);
#10509=STYLED_ITEM('',(#19320),#11098);
#10510=STYLED_ITEM('',(#19320),#11099);
#10511=STYLED_ITEM('',(#19320),#11100);
#10512=STYLED_ITEM('',(#19320),#11101);
#10513=STYLED_ITEM('',(#19320),#11102);
#10514=STYLED_ITEM('',(#19320),#11103);
#10515=STYLED_ITEM('',(#19324),#11104);
#10516=STYLED_ITEM('',(#19324),#11105);
#10517=STYLED_ITEM('',(#19324),#11106);
#10518=STYLED_ITEM('',(#19324),#11107);
#10519=STYLED_ITEM('',(#19324),#11108);
#10520=STYLED_ITEM('',(#19324),#11109);
#10521=STYLED_ITEM('',(#19324),#11110);
#10522=STYLED_ITEM('',(#19324),#11111);
#10523=STYLED_ITEM('',(#19324),#11112);
#10524=STYLED_ITEM('',(#19324),#11113);
#10525=STYLED_ITEM('',(#19324),#11114);
#10526=STYLED_ITEM('',(#19324),#11115);
#10527=STYLED_ITEM('',(#19324),#11116);
#10528=STYLED_ITEM('',(#19324),#11117);
#10529=STYLED_ITEM('',(#19324),#11118);
#10530=STYLED_ITEM('',(#19324),#11119);
#10531=STYLED_ITEM('',(#19320),#11120);
#10532=STYLED_ITEM('',(#19320),#11121);
#10533=STYLED_ITEM('',(#19320),#11122);
#10534=STYLED_ITEM('',(#19319),#11123);
#10535=STYLED_ITEM('',(#19319),#11124);
#10536=STYLED_ITEM('',(#19319),#11125);
#10537=STYLED_ITEM('',(#19319),#11126);
#10538=STYLED_ITEM('',(#19319),#11127);
#10539=STYLED_ITEM('',(#19319),#11128);
#10540=STYLED_ITEM('',(#19319),#11129);
#10541=STYLED_ITEM('',(#19319),#11130);
#10542=STYLED_ITEM('',(#19320),#11131);
#10543=STYLED_ITEM('',(#19320),#11132);
#10544=STYLED_ITEM('',(#19320),#11133);
#10545=STYLED_ITEM('',(#19320),#11134);
#10546=STYLED_ITEM('',(#19320),#11135);
#10547=STYLED_ITEM('',(#19320),#11136);
#10548=STYLED_ITEM('',(#19320),#11137);
#10549=STYLED_ITEM('',(#19320),#11138);
#10550=STYLED_ITEM('',(#19320),#11139);
#10551=STYLED_ITEM('',(#19320),#11140);
#10552=STYLED_ITEM('',(#19320),#11141);
#10553=STYLED_ITEM('',(#19320),#11142);
#10554=STYLED_ITEM('',(#19320),#11143);
#10555=STYLED_ITEM('',(#19320),#11144);
#10556=STYLED_ITEM('',(#19320),#11145);
#10557=STYLED_ITEM('',(#19320),#11146);
#10558=STYLED_ITEM('',(#19325),#11147);
#10559=STYLED_ITEM('',(#19325),#11148);
#10560=STYLED_ITEM('',(#19325),#11149);
#10561=STYLED_ITEM('',(#19325),#11150);
#10562=STYLED_ITEM('',(#19319),#11151);
#10563=STYLED_ITEM('',(#19325),#11152);
#10564=STYLED_ITEM('',(#19325),#11153);
#10565=STYLED_ITEM('',(#19325),#11154);
#10566=STYLED_ITEM('',(#19325),#11155);
#10567=STYLED_ITEM('',(#19326),#11175);
#10568=STYLED_ITEM('',(#19325),#11176);
#10569=STYLED_ITEM('',(#19325),#11177);
#10570=STYLED_ITEM('',(#19325),#11178);
#10571=STYLED_ITEM('',(#19325),#11179);
#10572=STYLED_ITEM('',(#19321),#11180);
#10573=STYLED_ITEM('',(#19321),#11181);
#10574=STYLED_ITEM('',(#19321),#11182);
#10575=STYLED_ITEM('',(#19321),#11183);
#10576=STYLED_ITEM('',(#19321),#11184);
#10577=STYLED_ITEM('',(#19321),#11185);
#10578=STYLED_ITEM('',(#19321),#11186);
#10579=STYLED_ITEM('',(#19321),#11187);
#10580=STYLED_ITEM('',(#19321),#11188);
#10581=STYLED_ITEM('',(#19321),#11189);
#10582=STYLED_ITEM('',(#19321),#11190);
#10583=STYLED_ITEM('',(#19321),#11191);
#10584=STYLED_ITEM('',(#19321),#11192);
#10585=STYLED_ITEM('',(#19321),#11193);
#10586=STYLED_ITEM('',(#19321),#11194);
#10587=STYLED_ITEM('',(#19321),#11195);
#10588=STYLED_ITEM('',(#19321),#11196);
#10589=STYLED_ITEM('',(#19321),#11197);
#10590=STYLED_ITEM('',(#19321),#11198);
#10591=STYLED_ITEM('',(#19321),#11199);
#10592=STYLED_ITEM('',(#19321),#11200);
#10593=STYLED_ITEM('',(#19321),#11201);
#10594=STYLED_ITEM('',(#19321),#11202);
#10595=STYLED_ITEM('',(#19321),#11203);
#10596=STYLED_ITEM('',(#19321),#11204);
#10597=STYLED_ITEM('',(#19321),#11205);
#10598=STYLED_ITEM('',(#19321),#11206);
#10599=STYLED_ITEM('',(#19321),#11207);
#10600=STYLED_ITEM('',(#19321),#11208);
#10601=STYLED_ITEM('',(#19321),#11209);
#10602=STYLED_ITEM('',(#19321),#11210);
#10603=STYLED_ITEM('',(#19321),#11211);
#10604=STYLED_ITEM('',(#19321),#11212);
#10605=STYLED_ITEM('',(#19321),#11213);
#10606=STYLED_ITEM('',(#19321),#11214);
#10607=STYLED_ITEM('',(#19321),#11215);
#10608=STYLED_ITEM('',(#19321),#11216);
#10609=STYLED_ITEM('',(#19321),#11217);
#10610=STYLED_ITEM('',(#19321),#11218);
#10611=STYLED_ITEM('',(#19321),#11219);
#10612=STYLED_ITEM('',(#19321),#11220);
#10613=STYLED_ITEM('',(#19321),#11221);
#10614=STYLED_ITEM('',(#19327),#11222);
#10615=STYLED_ITEM('',(#19327),#11223);
#10616=STYLED_ITEM('',(#19327),#11224);
#10617=STYLED_ITEM('',(#19321),#11225);
#10618=STYLED_ITEM('',(#19321),#11226);
#10619=STYLED_ITEM('',(#19321),#11227);
#10620=STYLED_ITEM('',(#19321),#11228);
#10621=STYLED_ITEM('',(#19321),#11229);
#10622=STYLED_ITEM('',(#19321),#11230);
#10623=STYLED_ITEM('',(#19321),#11231);
#10624=STYLED_ITEM('',(#19321),#11232);
#10625=STYLED_ITEM('',(#19321),#11233);
#10626=STYLED_ITEM('',(#19321),#11234);
#10627=STYLED_ITEM('',(#19321),#11235);
#10628=STYLED_ITEM('',(#19321),#11236);
#10629=STYLED_ITEM('',(#19321),#11237);
#10630=STYLED_ITEM('',(#19321),#11238);
#10631=STYLED_ITEM('',(#19321),#11239);
#10632=STYLED_ITEM('',(#19321),#11240);
#10633=STYLED_ITEM('',(#19321),#11241);
#10634=STYLED_ITEM('',(#19321),#11242);
#10635=STYLED_ITEM('',(#19321),#11243);
#10636=STYLED_ITEM('',(#19321),#11244);
#10637=STYLED_ITEM('',(#19321),#11245);
#10638=STYLED_ITEM('',(#19321),#11246);
#10639=STYLED_ITEM('',(#19321),#11247);
#10640=STYLED_ITEM('',(#19321),#11248);
#10641=STYLED_ITEM('',(#19321),#11249);
#10642=STYLED_ITEM('',(#19321),#11250);
#10643=STYLED_ITEM('',(#19321),#11251);
#10644=STYLED_ITEM('',(#19321),#11252);
#10645=STYLED_ITEM('',(#19321),#11253);
#10646=STYLED_ITEM('',(#19321),#11254);
#10647=STYLED_ITEM('',(#19321),#11255);
#10648=STYLED_ITEM('',(#19321),#11256);
#10649=STYLED_ITEM('',(#19321),#11257);
#10650=STYLED_ITEM('',(#19321),#11258);
#10651=STYLED_ITEM('',(#19321),#11259);
#10652=STYLED_ITEM('',(#19321),#11260);
#10653=STYLED_ITEM('',(#19321),#11261);
#10654=STYLED_ITEM('',(#19321),#11262);
#10655=STYLED_ITEM('',(#19321),#11263);
#10656=STYLED_ITEM('',(#19321),#11264);
#10657=STYLED_ITEM('',(#19321),#11265);
#10658=STYLED_ITEM('',(#19321),#11266);
#10659=STYLED_ITEM('',(#19321),#11267);
#10660=STYLED_ITEM('',(#19321),#11268);
#10661=STYLED_ITEM('',(#19321),#11269);
#10662=STYLED_ITEM('',(#19321),#11270);
#10663=STYLED_ITEM('',(#19321),#11271);
#10664=STYLED_ITEM('',(#19321),#11272);
#10665=STYLED_ITEM('',(#19321),#11273);
#10666=STYLED_ITEM('',(#19321),#11274);
#10667=STYLED_ITEM('',(#19321),#11275);
#10668=STYLED_ITEM('',(#19321),#11276);
#10669=STYLED_ITEM('',(#19321),#11277);
#10670=STYLED_ITEM('',(#19321),#11278);
#10671=STYLED_ITEM('',(#19321),#11279);
#10672=STYLED_ITEM('',(#19321),#11280);
#10673=STYLED_ITEM('',(#19327),#11281);
#10674=STYLED_ITEM('',(#19319),#11282);
#10675=STYLED_ITEM('',(#19327),#11283);
#10676=STYLED_ITEM('',(#19327),#11284);
#10677=STYLED_ITEM('',(#19325),#11285);
#10678=STYLED_ITEM('',(#19319),#11286);
#10679=STYLED_ITEM('',(#19327),#11287);
#10680=STYLED_ITEM('',(#19319),#11288);
#10681=STYLED_ITEM('',(#19319),#11289);
#10682=STYLED_ITEM('',(#19319),#11290);
#10683=STYLED_ITEM('',(#19319),#11291);
#10684=STYLED_ITEM('',(#19319),#11292);
#10685=STYLED_ITEM('',(#19319),#11293);
#10686=STYLED_ITEM('',(#19319),#11294);
#10687=STYLED_ITEM('',(#19319),#11295);
#10688=STYLED_ITEM('',(#19319),#11296);
#10689=STYLED_ITEM('',(#19319),#11297);
#10690=STYLED_ITEM('',(#19319),#11298);
#10691=STYLED_ITEM('',(#19319),#11299);
#10692=STYLED_ITEM('',(#19319),#11300);
#10693=STYLED_ITEM('',(#19319),#11301);
#10694=STYLED_ITEM('',(#19319),#11302);
#10695=STYLED_ITEM('',(#19319),#11303);
#10696=STYLED_ITEM('',(#19319),#11304);
#10697=STYLED_ITEM('',(#19319),#11305);
#10698=STYLED_ITEM('',(#19319),#11306);
#10699=STYLED_ITEM('',(#19319),#11307);
#10700=STYLED_ITEM('',(#19319),#11308);
#10701=STYLED_ITEM('',(#19319),#11309);
#10702=STYLED_ITEM('',(#19319),#11310);
#10703=STYLED_ITEM('',(#19319),#11311);
#10704=STYLED_ITEM('',(#19319),#11312);
#10705=STYLED_ITEM('',(#19319),#11313);
#10706=STYLED_ITEM('',(#19319),#11314);
#10707=STYLED_ITEM('',(#19319),#11315);
#10708=STYLED_ITEM('',(#19319),#11316);
#10709=STYLED_ITEM('',(#19319),#11317);
#10710=STYLED_ITEM('',(#19319),#11318);
#10711=STYLED_ITEM('',(#19319),#11319);
#10712=STYLED_ITEM('',(#19319),#11320);
#10713=STYLED_ITEM('',(#19319),#11321);
#10714=STYLED_ITEM('',(#19319),#11322);
#10715=STYLED_ITEM('',(#19319),#11323);
#10716=STYLED_ITEM('',(#19319),#11324);
#10717=STYLED_ITEM('',(#19319),#11325);
#10718=STYLED_ITEM('',(#19319),#11326);
#10719=STYLED_ITEM('',(#19319),#11327);
#10720=STYLED_ITEM('',(#19319),#11328);
#10721=STYLED_ITEM('',(#19319),#11329);
#10722=STYLED_ITEM('',(#19319),#11330);
#10723=STYLED_ITEM('',(#19319),#11331);
#10724=STYLED_ITEM('',(#19319),#11332);
#10725=STYLED_ITEM('',(#19319),#11333);
#10726=STYLED_ITEM('',(#19319),#11334);
#10727=STYLED_ITEM('',(#19319),#11335);
#10728=STYLED_ITEM('',(#19319),#11336);
#10729=STYLED_ITEM('',(#19319),#11337);
#10730=STYLED_ITEM('',(#19319),#11338);
#10731=STYLED_ITEM('',(#19319),#11339);
#10732=STYLED_ITEM('',(#19319),#11340);
#10733=STYLED_ITEM('',(#19319),#11341);
#10734=STYLED_ITEM('',(#19319),#11342);
#10735=STYLED_ITEM('',(#19319),#11343);
#10736=STYLED_ITEM('',(#19319),#11344);
#10737=STYLED_ITEM('',(#19327),#11345);
#10738=STYLED_ITEM('',(#19327),#11346);
#10739=STYLED_ITEM('',(#19327),#11347);
#10740=STYLED_ITEM('',(#19327),#11348);
#10741=STYLED_ITEM('',(#19319),#11349);
#10742=STYLED_ITEM('',(#19319),#11350);
#10743=STYLED_ITEM('',(#19319),#11351);
#10744=STYLED_ITEM('',(#19319),#11352);
#10745=STYLED_ITEM('',(#19319),#11353);
#10746=STYLED_ITEM('',(#19319),#11354);
#10747=STYLED_ITEM('',(#19328),#11355);
#10748=STYLED_ITEM('',(#19328),#11356);
#10749=STYLED_ITEM('',(#19328),#11357);
#10750=STYLED_ITEM('',(#19328),#11358);
#10751=STYLED_ITEM('',(#19325),#11359);
#10752=STYLED_ITEM('',(#19325),#11360);
#10753=STYLED_ITEM('',(#19325),#11361);
#10754=STYLED_ITEM('',(#19325),#11362);
#10755=STYLED_ITEM('',(#19325),#11363);
#10756=STYLED_ITEM('',(#19325),#11364);
#10757=STYLED_ITEM('',(#19321),#11365);
#10758=STYLED_ITEM('',(#19321),#11366);
#10759=STYLED_ITEM('',(#19321),#11367);
#10760=STYLED_ITEM('',(#19321),#11368);
#10761=STYLED_ITEM('',(#19321),#11369);
#10762=STYLED_ITEM('',(#19321),#11370);
#10763=STYLED_ITEM('',(#19319),#11371);
#10764=STYLED_ITEM('',(#19321),#11372);
#10765=STYLED_ITEM('',(#19324),#11373);
#10766=STYLED_ITEM('',(#19319),#11374);
#10767=STYLED_ITEM('',(#19319),#11375);
#10768=STYLED_ITEM('',(#19319),#11376);
#10769=STYLED_ITEM('',(#19319),#11377);
#10770=STYLED_ITEM('',(#19319),#11378);
#10771=STYLED_ITEM('',(#19319),#11379);
#10772=STYLED_ITEM('',(#19319),#11380);
#10773=STYLED_ITEM('',(#19319),#11381);
#10774=STYLED_ITEM('',(#19319),#11382);
#10775=STYLED_ITEM('',(#19319),#11383);
#10776=STYLED_ITEM('',(#19319),#11384);
#10777=STYLED_ITEM('',(#19321),#11385);
#10778=STYLED_ITEM('',(#19321),#11386);
#10779=STYLED_ITEM('',(#19321),#11387);
#10780=STYLED_ITEM('',(#19319),#11388);
#10781=STYLED_ITEM('',(#19319),#11389);
#10782=STYLED_ITEM('',(#19319),#11390);
#10783=STYLED_ITEM('',(#19319),#11391);
#10784=STYLED_ITEM('',(#19319),#11392);
#10785=STYLED_ITEM('',(#19321),#11393);
#10786=STYLED_ITEM('',(#19321),#11394);
#10787=STYLED_ITEM('',(#19321),#11395);
#10788=STYLED_ITEM('',(#19321),#11396);
#10789=STYLED_ITEM('',(#19321),#11397);
#10790=STYLED_ITEM('',(#19321),#11398);
#10791=STYLED_ITEM('',(#19321),#11399);
#10792=STYLED_ITEM('',(#19321),#11400);
#10793=STYLED_ITEM('',(#19321),#11401);
#10794=STYLED_ITEM('',(#19321),#11402);
#10795=STYLED_ITEM('',(#19321),#11403);
#10796=STYLED_ITEM('',(#19321),#11404);
#10797=STYLED_ITEM('',(#19321),#11405);
#10798=STYLED_ITEM('',(#19321),#11406);
#10799=STYLED_ITEM('',(#19321),#11407);
#10800=STYLED_ITEM('',(#19321),#11408);
#10801=STYLED_ITEM('',(#19321),#11409);
#10802=STYLED_ITEM('',(#19321),#11410);
#10803=STYLED_ITEM('',(#19321),#11411);
#10804=STYLED_ITEM('',(#19321),#11412);
#10805=STYLED_ITEM('',(#19321),#11413);
#10806=STYLED_ITEM('',(#19321),#11414);
#10807=STYLED_ITEM('',(#19321),#11415);
#10808=STYLED_ITEM('',(#19321),#11416);
#10809=STYLED_ITEM('',(#19321),#11417);
#10810=STYLED_ITEM('',(#19321),#11418);
#10811=STYLED_ITEM('',(#19321),#11419);
#10812=STYLED_ITEM('',(#19321),#11420);
#10813=STYLED_ITEM('',(#19321),#11421);
#10814=STYLED_ITEM('',(#19321),#11422);
#10815=STYLED_ITEM('',(#19321),#11423);
#10816=STYLED_ITEM('',(#19321),#11424);
#10817=STYLED_ITEM('',(#19321),#11425);
#10818=STYLED_ITEM('',(#19321),#11426);
#10819=STYLED_ITEM('',(#19321),#11427);
#10820=STYLED_ITEM('',(#19321),#11428);
#10821=STYLED_ITEM('',(#19321),#11429);
#10822=STYLED_ITEM('',(#19321),#11430);
#10823=STYLED_ITEM('',(#19321),#11431);
#10824=STYLED_ITEM('',(#19321),#11432);
#10825=STYLED_ITEM('',(#19321),#11433);
#10826=STYLED_ITEM('',(#19321),#11434);
#10827=STYLED_ITEM('',(#19321),#11435);
#10828=STYLED_ITEM('',(#19321),#11436);
#10829=STYLED_ITEM('',(#19321),#11437);
#10830=STYLED_ITEM('',(#19321),#11438);
#10831=STYLED_ITEM('',(#19321),#11439);
#10832=STYLED_ITEM('',(#19321),#11440);
#10833=STYLED_ITEM('',(#19321),#11441);
#10834=STYLED_ITEM('',(#19321),#11442);
#10835=STYLED_ITEM('',(#19321),#11443);
#10836=STYLED_ITEM('',(#19321),#11444);
#10837=STYLED_ITEM('',(#19321),#11445);
#10838=STYLED_ITEM('',(#19321),#11446);
#10839=STYLED_ITEM('',(#19321),#11447);
#10840=STYLED_ITEM('',(#19321),#11448);
#10841=STYLED_ITEM('',(#19321),#11449);
#10842=STYLED_ITEM('',(#19321),#11450);
#10843=STYLED_ITEM('',(#19321),#11451);
#10844=STYLED_ITEM('',(#19321),#11452);
#10845=STYLED_ITEM('',(#19321),#11453);
#10846=STYLED_ITEM('',(#19321),#11454);
#10847=STYLED_ITEM('',(#19321),#11455);
#10848=STYLED_ITEM('',(#19321),#11456);
#10849=STYLED_ITEM('',(#19321),#11457);
#10850=STYLED_ITEM('',(#19321),#11458);
#10851=STYLED_ITEM('',(#19321),#11459);
#10852=STYLED_ITEM('',(#19321),#11460);
#10853=STYLED_ITEM('',(#19321),#11461);
#10854=STYLED_ITEM('',(#19321),#11462);
#10855=STYLED_ITEM('',(#19321),#11463);
#10856=STYLED_ITEM('',(#19321),#11464);
#10857=STYLED_ITEM('',(#19321),#11465);
#10858=STYLED_ITEM('',(#19321),#11466);
#10859=STYLED_ITEM('',(#19321),#11467);
#10860=STYLED_ITEM('',(#19321),#11468);
#10861=STYLED_ITEM('',(#19321),#11469);
#10862=STYLED_ITEM('',(#19321),#11470);
#10863=STYLED_ITEM('',(#19321),#11471);
#10864=STYLED_ITEM('',(#19321),#11472);
#10865=STYLED_ITEM('',(#19321),#11473);
#10866=STYLED_ITEM('',(#19321),#11474);
#10867=STYLED_ITEM('',(#19321),#11475);
#10868=STYLED_ITEM('',(#19321),#11476);
#10869=STYLED_ITEM('',(#19321),#11477);
#10870=STYLED_ITEM('',(#19321),#11478);
#10871=STYLED_ITEM('',(#19321),#11479);
#10872=STYLED_ITEM('',(#19321),#11480);
#10873=STYLED_ITEM('',(#19321),#11481);
#10874=STYLED_ITEM('',(#19321),#11482);
#10875=STYLED_ITEM('',(#19321),#11483);
#10876=STYLED_ITEM('',(#19321),#11484);
#10877=STYLED_ITEM('',(#19321),#11485);
#10878=STYLED_ITEM('',(#19321),#11486);
#10879=STYLED_ITEM('',(#19321),#11487);
#10880=STYLED_ITEM('',(#19321),#11488);
#10881=STYLED_ITEM('',(#19321),#11489);
#10882=STYLED_ITEM('',(#19321),#11490);
#10883=STYLED_ITEM('',(#19321),#11491);
#10884=STYLED_ITEM('',(#19321),#11492);
#10885=STYLED_ITEM('',(#19321),#11493);
#10886=STYLED_ITEM('',(#19321),#11494);
#10887=STYLED_ITEM('',(#19319),#11495);
#10888=STYLED_ITEM('',(#19319),#11496);
#10889=STYLED_ITEM('',(#19319),#11497);
#10890=STYLED_ITEM('',(#19319),#11498);
#10891=STYLED_ITEM('',(#19319),#11499);
#10892=STYLED_ITEM('',(#19321),#11500);
#10893=STYLED_ITEM('',(#19321),#11501);
#10894=STYLED_ITEM('',(#19321),#11502);
#10895=STYLED_ITEM('',(#19319),#11503);
#10896=STYLED_ITEM('',(#19321),#11504);
#10897=STYLED_ITEM('',(#19321),#11505);
#10898=STYLED_ITEM('',(#19321),#11506);
#10899=STYLED_ITEM('',(#19319),#11507);
#10900=STYLED_ITEM('',(#19319),#11508);
#10901=STYLED_ITEM('',(#19327),#11509);
#10902=STYLED_ITEM('',(#19327),#11510);
#10903=STYLED_ITEM('',(#19319),#11511);
#10904=STYLED_ITEM('',(#19319),#11512);
#10905=STYLED_ITEM('',(#19319),#11513);
#10906=STYLED_ITEM('',(#19319),#11514);
#10907=STYLED_ITEM('',(#19319),#11515);
#10908=STYLED_ITEM('',(#19319),#11516);
#10909=STYLED_ITEM('',(#19319),#11517);
#10910=STYLED_ITEM('',(#19319),#11518);
#10911=STYLED_ITEM('',(#19319),#11519);
#10912=STYLED_ITEM('',(#19319),#11520);
#10913=STYLED_ITEM('',(#19319),#11521);
#10914=STYLED_ITEM('',(#19319),#11522);
#10915=STYLED_ITEM('',(#19319),#11523);
#10916=STYLED_ITEM('',(#19319),#11524);
#10917=STYLED_ITEM('',(#19319),#11525);
#10918=STYLED_ITEM('',(#19319),#11526);
#10919=STYLED_ITEM('',(#19319),#11527);
#10920=STYLED_ITEM('',(#19319),#11528);
#10921=STYLED_ITEM('',(#19327),#11529);
#10922=STYLED_ITEM('',(#19321),#11530);
#10923=STYLED_ITEM('',(#19321),#11531);
#10924=STYLED_ITEM('',(#19321),#11532);
#10925=STYLED_ITEM('',(#19321),#11533);
#10926=STYLED_ITEM('',(#19321),#11534);
#10927=STYLED_ITEM('',(#19321),#11535);
#10928=STYLED_ITEM('',(#19321),#11536);
#10929=STYLED_ITEM('',(#19321),#11537);
#10930=STYLED_ITEM('',(#19321),#11538);
#10931=STYLED_ITEM('',(#19321),#11539);
#10932=STYLED_ITEM('',(#19321),#11540);
#10933=STYLED_ITEM('',(#19321),#11541);
#10934=STYLED_ITEM('',(#19321),#11542);
#10935=STYLED_ITEM('',(#19321),#11543);
#10936=STYLED_ITEM('',(#19321),#11544);
#10937=STYLED_ITEM('',(#19321),#11545);
#10938=STYLED_ITEM('',(#19321),#11546);
#10939=STYLED_ITEM('',(#19321),#11547);
#10940=STYLED_ITEM('',(#19321),#11548);
#10941=STYLED_ITEM('',(#19321),#11549);
#10942=STYLED_ITEM('',(#19321),#11550);
#10943=STYLED_ITEM('',(#19321),#11551);
#10944=STYLED_ITEM('',(#19321),#11552);
#10945=STYLED_ITEM('',(#19321),#11553);
#10946=STYLED_ITEM('',(#19321),#11554);
#10947=STYLED_ITEM('',(#19321),#11555);
#10948=STYLED_ITEM('',(#19321),#11556);
#10949=STYLED_ITEM('',(#19321),#11557);
#10950=STYLED_ITEM('',(#19321),#11558);
#10951=STYLED_ITEM('',(#19321),#11559);
#10952=STYLED_ITEM('',(#19318),#13);
#10953=STYLED_ITEM('',(#19318),#14);
#10954=STYLED_ITEM('',(#19318),#15);
#10955=STYLED_ITEM('',(#19321),#11560);
#10956=STYLED_ITEM('',(#19321),#11561);
#10957=STYLED_ITEM('',(#19321),#11562);
#10958=STYLED_ITEM('',(#19321),#11563);
#10959=STYLED_ITEM('',(#19318),#16);
#10960=STYLED_ITEM('',(#19329),#11564);
#10961=STYLED_ITEM('',(#19329),#11565);
#10962=STYLED_ITEM('',(#19319),#11566);
#10963=STYLED_ITEM('',(#19329),#11567);
#10964=STYLED_ITEM('',(#19318),#17);
#10965=STYLED_ITEM('',(#19324),#11568);
#10966=STYLED_ITEM('',(#19324),#11569);
#10967=STYLED_ITEM('',(#19324),#11570);
#10968=STYLED_ITEM('',(#19324),#11571);
#10969=STYLED_ITEM('',(#19324),#11572);
#10970=STYLED_ITEM('',(#19324),#11573);
#10971=STYLED_ITEM('',(#19324),#11574);
#10972=STYLED_ITEM('',(#19318),#18);
#10973=STYLED_ITEM('',(#19329),#11575);
#10974=STYLED_ITEM('',(#19329),#11576);
#10975=STYLED_ITEM('',(#19329),#11577);
#10976=STYLED_ITEM('',(#19329),#11578);
#10977=STYLED_ITEM('',(#19318),#19);
#10978=ADVANCED_FACE('',(#3034),#10371,.T.);
#10979=ADVANCED_FACE('',(#3035,#157,#158,#159,#160),#2587,.F.);
#10980=ADVANCED_FACE('',(#3036),#10372,.F.);
#10981=ADVANCED_FACE('',(#3037),#2588,.F.);
#10982=ADVANCED_FACE('',(#3038),#52,.T.);
#10983=ADVANCED_FACE('',(#3039),#10373,.T.);
#10984=ADVANCED_FACE('',(#3040),#53,.T.);
#10985=ADVANCED_FACE('',(#3041),#10374,.F.);
#10986=ADVANCED_FACE('',(#3042),#10375,.T.);
#10987=ADVANCED_FACE('',(#3043),#10376,.F.);
#10988=ADVANCED_FACE('',(#3044),#2589,.F.);
#10989=ADVANCED_FACE('',(#3045),#2590,.T.);
#10990=ADVANCED_FACE('',(#3046),#10377,.T.);
#10991=ADVANCED_FACE('',(#3047),#54,.T.);
#10992=ADVANCED_FACE('',(#3048),#10378,.F.);
#10993=ADVANCED_FACE('',(#3049),#2591,.F.);
#10994=ADVANCED_FACE('',(#3050),#10379,.T.);
#10995=ADVANCED_FACE('',(#3051),#55,.T.);
#10996=ADVANCED_FACE('',(#3052),#10380,.F.);
#10997=ADVANCED_FACE('',(#3053),#2592,.F.);
#10998=ADVANCED_FACE('',(#3054),#2593,.T.);
#10999=ADVANCED_FACE('',(#3055),#10381,.T.);
#11000=ADVANCED_FACE('',(#3056),#10382,.T.);
#11001=ADVANCED_FACE('',(#3057),#56,.T.);
#11002=ADVANCED_FACE('',(#3058),#10383,.F.);
#11003=ADVANCED_FACE('',(#3059),#2594,.F.);
#11004=ADVANCED_FACE('',(#3060),#10384,.T.);
#11005=ADVANCED_FACE('',(#3061),#10385,.F.);
#11006=ADVANCED_FACE('',(#3062),#2595,.F.);
#11007=ADVANCED_FACE('',(#3063),#10386,.F.);
#11008=ADVANCED_FACE('',(#3064),#2596,.F.);
#11009=ADVANCED_FACE('',(#3065),#2597,.T.);
#11010=ADVANCED_FACE('',(#3066),#57,.T.);
#11011=ADVANCED_FACE('',(#3067),#2598,.T.);
#11012=ADVANCED_FACE('',(#3068),#2599,.T.);
#11013=ADVANCED_FACE('',(#3069),#2600,.T.);
#11014=ADVANCED_FACE('',(#3070),#2601,.T.);
#11015=ADVANCED_FACE('',(#3071),#2602,.T.);
#11016=ADVANCED_FACE('',(#3072),#2603,.T.);
#11017=ADVANCED_FACE('',(#3073),#2604,.T.);
#11018=ADVANCED_FACE('',(#3074),#2605,.T.);
#11019=ADVANCED_FACE('',(#3075),#2606,.T.);
#11020=ADVANCED_FACE('',(#3076),#2607,.T.);
#11021=ADVANCED_FACE('',(#3077),#2608,.T.);
#11022=ADVANCED_FACE('',(#3078),#2609,.T.);
#11023=ADVANCED_FACE('',(#3079),#2610,.T.);
#11024=ADVANCED_FACE('',(#3080),#58,.T.);
#11025=ADVANCED_FACE('',(#3081,#161),#2611,.T.);
#11026=ADVANCED_FACE('',(#3082),#2612,.T.);
#11027=ADVANCED_FACE('',(#3083),#2613,.T.);
#11028=ADVANCED_FACE('',(#3084),#2614,.T.);
#11029=ADVANCED_FACE('',(#3085),#2615,.T.);
#11030=ADVANCED_FACE('',(#3086),#2616,.T.);
#11031=ADVANCED_FACE('',(#3087),#2617,.T.);
#11032=ADVANCED_FACE('',(#3088),#2618,.T.);
#11033=ADVANCED_FACE('',(#3089),#2619,.T.);
#11034=ADVANCED_FACE('',(#3090),#2620,.T.);
#11035=ADVANCED_FACE('',(#3091),#2621,.T.);
#11036=ADVANCED_FACE('',(#3092),#2622,.T.);
#11037=ADVANCED_FACE('',(#3093),#2623,.T.);
#11038=ADVANCED_FACE('',(#3094),#59,.T.);
#11039=ADVANCED_FACE('',(#3095,#162),#2624,.T.);
#11040=ADVANCED_FACE('',(#3096),#2625,.T.);
#11041=ADVANCED_FACE('',(#3097),#2626,.T.);
#11042=ADVANCED_FACE('',(#3098),#2627,.T.);
#11043=ADVANCED_FACE('',(#3099),#2628,.T.);
#11044=ADVANCED_FACE('',(#3100),#2629,.T.);
#11045=ADVANCED_FACE('',(#3101),#2630,.T.);
#11046=ADVANCED_FACE('',(#3102),#2631,.T.);
#11047=ADVANCED_FACE('',(#3103),#2632,.T.);
#11048=ADVANCED_FACE('',(#3104),#2633,.T.);
#11049=ADVANCED_FACE('',(#3105),#2634,.T.);
#11050=ADVANCED_FACE('',(#3106),#2635,.T.);
#11051=ADVANCED_FACE('',(#3107),#2636,.T.);
#11052=ADVANCED_FACE('',(#3108),#60,.T.);
#11053=ADVANCED_FACE('',(#3109,#163),#2637,.T.);
#11054=ADVANCED_FACE('',(#3110),#2638,.T.);
#11055=ADVANCED_FACE('',(#3111),#2639,.T.);
#11056=ADVANCED_FACE('',(#3112),#2640,.T.);
#11057=ADVANCED_FACE('',(#3113),#2641,.T.);
#11058=ADVANCED_FACE('',(#3114),#2642,.T.);
#11059=ADVANCED_FACE('',(#3115),#2643,.T.);
#11060=ADVANCED_FACE('',(#3116),#2644,.T.);
#11061=ADVANCED_FACE('',(#3117),#2645,.T.);
#11062=ADVANCED_FACE('',(#3118),#2646,.T.);
#11063=ADVANCED_FACE('',(#3119),#2647,.T.);
#11064=ADVANCED_FACE('',(#3120),#2648,.T.);
#11065=ADVANCED_FACE('',(#3121),#2649,.T.);
#11066=ADVANCED_FACE('',(#3122),#61,.T.);
#11067=ADVANCED_FACE('',(#3123,#164),#2650,.T.);
#11068=ADVANCED_FACE('',(#3124),#2651,.T.);
#11069=ADVANCED_FACE('',(#3125),#2652,.T.);
#11070=ADVANCED_FACE('',(#3126),#2653,.T.);
#11071=ADVANCED_FACE('',(#3127),#2654,.T.);
#11072=ADVANCED_FACE('',(#3128),#2655,.F.);
#11073=ADVANCED_FACE('',(#3129),#2656,.F.);
#11074=ADVANCED_FACE('',(#3130),#2657,.F.);
#11075=ADVANCED_FACE('',(#3131),#2658,.F.);
#11076=ADVANCED_FACE('',(#3132),#62,.T.);
#11077=ADVANCED_FACE('',(#3133),#2659,.T.);
#11078=ADVANCED_FACE('',(#3134),#63,.T.);
#11079=ADVANCED_FACE('',(#3135),#2660,.T.);
#11080=ADVANCED_FACE('',(#3136),#64,.T.);
#11081=ADVANCED_FACE('',(#3137),#2661,.T.);
#11082=ADVANCED_FACE('',(#3138),#65,.T.);
#11083=ADVANCED_FACE('',(#3139),#2662,.T.);
#11084=ADVANCED_FACE('',(#3140,#165,#166,#167,#168),#2663,.T.);
#11085=ADVANCED_FACE('',(#3141),#2664,.T.);
#11086=ADVANCED_FACE('',(#3142),#2665,.T.);
#11087=ADVANCED_FACE('',(#3143),#2666,.T.);
#11088=ADVANCED_FACE('',(#3144),#2667,.T.);
#11089=ADVANCED_FACE('',(#3145),#2668,.T.);
#11090=ADVANCED_FACE('',(#3146),#2669,.T.);
#11091=ADVANCED_FACE('',(#3147),#2670,.T.);
#11092=ADVANCED_FACE('',(#3148),#2671,.T.);
#11093=ADVANCED_FACE('',(#3149),#2672,.T.);
#11094=ADVANCED_FACE('',(#3150),#2673,.T.);
#11095=ADVANCED_FACE('',(#3151),#2674,.T.);
#11096=ADVANCED_FACE('',(#3152),#2675,.T.);
#11097=ADVANCED_FACE('',(#3153),#2676,.T.);
#11098=ADVANCED_FACE('',(#3154),#2677,.T.);
#11099=ADVANCED_FACE('',(#3155),#2678,.T.);
#11100=ADVANCED_FACE('',(#3156),#2679,.T.);
#11101=ADVANCED_FACE('',(#3157),#2680,.T.);
#11102=ADVANCED_FACE('',(#3158),#66,.F.);
#11103=ADVANCED_FACE('',(#3159,#169),#2681,.T.);
#11104=ADVANCED_FACE('',(#3160),#67,.F.);
#11105=ADVANCED_FACE('',(#3161),#68,.F.);
#11106=ADVANCED_FACE('',(#3162),#2682,.T.);
#11107=ADVANCED_FACE('',(#3163,#170),#2683,.T.);
#11108=ADVANCED_FACE('',(#3164),#2684,.T.);
#11109=ADVANCED_FACE('',(#3165),#2685,.T.);
#11110=ADVANCED_FACE('',(#3166),#2686,.T.);
#11111=ADVANCED_FACE('',(#3167,#171),#2687,.T.);
#11112=ADVANCED_FACE('',(#3168),#2688,.T.);
#11113=ADVANCED_FACE('',(#3169),#2689,.T.);
#11114=ADVANCED_FACE('',(#3170,#172),#2690,.T.);
#11115=ADVANCED_FACE('',(#3171),#2691,.T.);
#11116=ADVANCED_FACE('',(#3172),#2692,.T.);
#11117=ADVANCED_FACE('',(#3173),#2693,.T.);
#11118=ADVANCED_FACE('',(#3174,#173),#2694,.T.);
#11119=ADVANCED_FACE('',(#3175),#2695,.T.);
#11120=ADVANCED_FACE('',(#3176),#2696,.F.);
#11121=ADVANCED_FACE('',(#3177),#2697,.F.);
#11122=ADVANCED_FACE('',(#3178),#2698,.F.);
#11123=ADVANCED_FACE('',(#3179),#69,.T.);
#11124=ADVANCED_FACE('',(#3180),#2699,.T.);
#11125=ADVANCED_FACE('',(#3181),#70,.F.);
#11126=ADVANCED_FACE('',(#3182),#2700,.T.);
#11127=ADVANCED_FACE('',(#3183),#2701,.T.);
#11128=ADVANCED_FACE('',(#3184),#71,.T.);
#11129=ADVANCED_FACE('',(#3185),#2702,.T.);
#11130=ADVANCED_FACE('',(#3186),#72,.F.);
#11131=ADVANCED_FACE('',(#3187),#73,.T.);
#11132=ADVANCED_FACE('',(#3188),#2703,.T.);
#11133=ADVANCED_FACE('',(#3189),#2704,.T.);
#11134=ADVANCED_FACE('',(#3190),#74,.T.);
#11135=ADVANCED_FACE('',(#3191),#2705,.T.);
#11136=ADVANCED_FACE('',(#3192),#75,.T.);
#11137=ADVANCED_FACE('',(#3193),#2706,.T.);
#11138=ADVANCED_FACE('',(#3194),#76,.T.);
#11139=ADVANCED_FACE('',(#3195),#2707,.T.);
#11140=ADVANCED_FACE('',(#3196),#2708,.T.);
#11141=ADVANCED_FACE('',(#3197),#77,.T.);
#11142=ADVANCED_FACE('',(#3198),#2709,.T.);
#11143=ADVANCED_FACE('',(#3199),#78,.T.);
#11144=ADVANCED_FACE('',(#3200),#2710,.T.);
#11145=ADVANCED_FACE('',(#3201,#174,#175,#176,#177,#178,#179),#2711,.T.);
#11146=ADVANCED_FACE('',(#3202),#2712,.F.);
#11147=ADVANCED_FACE('',(#3203),#2713,.T.);
#11148=ADVANCED_FACE('',(#3204),#2714,.T.);
#11149=ADVANCED_FACE('',(#3205),#2715,.T.);
#11150=ADVANCED_FACE('',(#3206),#2716,.T.);
#11151=ADVANCED_FACE('',(#3207),#2717,.T.);
#11152=ADVANCED_FACE('',(#3208),#2718,.T.);
#11153=ADVANCED_FACE('',(#3209),#2719,.T.);
#11154=ADVANCED_FACE('',(#3210),#2720,.T.);
#11155=ADVANCED_FACE('',(#3211),#2721,.T.);
#11156=ADVANCED_FACE('',(#3212),#79,.T.);
#11157=ADVANCED_FACE('',(#3213),#2722,.F.);
#11158=ADVANCED_FACE('',(#3214),#80,.F.);
#11159=ADVANCED_FACE('',(#3215),#2723,.F.);
#11160=ADVANCED_FACE('',(#3216),#2724,.F.);
#11161=ADVANCED_FACE('',(#3217),#81,.F.);
#11162=ADVANCED_FACE('',(#3218),#2725,.F.);
#11163=ADVANCED_FACE('',(#3219),#2726,.F.);
#11164=ADVANCED_FACE('',(#3220),#82,.F.);
#11165=ADVANCED_FACE('',(#3221),#2727,.F.);
#11166=ADVANCED_FACE('',(#3222),#2728,.F.);
#11167=ADVANCED_FACE('',(#3223),#83,.F.);
#11168=ADVANCED_FACE('',(#3224),#2729,.F.);
#11169=ADVANCED_FACE('',(#3225),#2730,.F.);
#11170=ADVANCED_FACE('',(#3226),#84,.F.);
#11171=ADVANCED_FACE('',(#3227),#2731,.F.);
#11172=ADVANCED_FACE('',(#3228),#2732,.F.);
#11173=ADVANCED_FACE('',(#3229),#85,.F.);
#11174=ADVANCED_FACE('',(#3230),#2733,.F.);
#11175=ADVANCED_FACE('',(#3231,#180),#2734,.T.);
#11176=ADVANCED_FACE('',(#3232),#2735,.T.);
#11177=ADVANCED_FACE('',(#3233),#2736,.T.);
#11178=ADVANCED_FACE('',(#3234),#2737,.T.);
#11179=ADVANCED_FACE('',(#3235),#2738,.T.);
#11180=ADVANCED_FACE('',(#3236),#2739,.T.);
#11181=ADVANCED_FACE('',(#3237),#2740,.T.);
#11182=ADVANCED_FACE('',(#3238),#2741,.T.);
#11183=ADVANCED_FACE('',(#3239),#2742,.T.);
#11184=ADVANCED_FACE('',(#3240),#2743,.T.);
#11185=ADVANCED_FACE('',(#3241),#2744,.T.);
#11186=ADVANCED_FACE('',(#3242),#2745,.T.);
#11187=ADVANCED_FACE('',(#3243),#2746,.T.);
#11188=ADVANCED_FACE('',(#3244),#2747,.T.);
#11189=ADVANCED_FACE('',(#3245),#2748,.T.);
#11190=ADVANCED_FACE('',(#3246),#2749,.T.);
#11191=ADVANCED_FACE('',(#3247),#2750,.T.);
#11192=ADVANCED_FACE('',(#3248),#86,.T.);
#11193=ADVANCED_FACE('',(#3249,#181),#2751,.T.);
#11194=ADVANCED_FACE('',(#3250),#2752,.T.);
#11195=ADVANCED_FACE('',(#3251),#2753,.T.);
#11196=ADVANCED_FACE('',(#3252),#2754,.T.);
#11197=ADVANCED_FACE('',(#3253),#2755,.T.);
#11198=ADVANCED_FACE('',(#3254),#2756,.T.);
#11199=ADVANCED_FACE('',(#3255),#2757,.T.);
#11200=ADVANCED_FACE('',(#3256),#2758,.T.);
#11201=ADVANCED_FACE('',(#3257),#2759,.T.);
#11202=ADVANCED_FACE('',(#3258),#2760,.T.);
#11203=ADVANCED_FACE('',(#3259),#2761,.T.);
#11204=ADVANCED_FACE('',(#3260),#2762,.T.);
#11205=ADVANCED_FACE('',(#3261),#2763,.T.);
#11206=ADVANCED_FACE('',(#3262),#87,.T.);
#11207=ADVANCED_FACE('',(#3263,#182),#2764,.T.);
#11208=ADVANCED_FACE('',(#3264),#2765,.T.);
#11209=ADVANCED_FACE('',(#3265),#2766,.T.);
#11210=ADVANCED_FACE('',(#3266),#2767,.T.);
#11211=ADVANCED_FACE('',(#3267),#2768,.T.);
#11212=ADVANCED_FACE('',(#3268),#2769,.T.);
#11213=ADVANCED_FACE('',(#3269),#2770,.T.);
#11214=ADVANCED_FACE('',(#3270),#2771,.T.);
#11215=ADVANCED_FACE('',(#3271),#2772,.T.);
#11216=ADVANCED_FACE('',(#3272),#2773,.T.);
#11217=ADVANCED_FACE('',(#3273),#2774,.T.);
#11218=ADVANCED_FACE('',(#3274),#2775,.T.);
#11219=ADVANCED_FACE('',(#3275),#2776,.T.);
#11220=ADVANCED_FACE('',(#3276),#88,.T.);
#11221=ADVANCED_FACE('',(#3277,#183),#2777,.T.);
#11222=ADVANCED_FACE('',(#3278,#184),#2778,.T.);
#11223=ADVANCED_FACE('',(#3279,#185),#2779,.T.);
#11224=ADVANCED_FACE('',(#3280,#186),#2780,.T.);
#11225=ADVANCED_FACE('',(#3281),#2781,.T.);
#11226=ADVANCED_FACE('',(#3282),#2782,.T.);
#11227=ADVANCED_FACE('',(#3283),#2783,.T.);
#11228=ADVANCED_FACE('',(#3284),#2784,.T.);
#11229=ADVANCED_FACE('',(#3285),#2785,.T.);
#11230=ADVANCED_FACE('',(#3286),#2786,.T.);
#11231=ADVANCED_FACE('',(#3287),#2787,.T.);
#11232=ADVANCED_FACE('',(#3288),#2788,.T.);
#11233=ADVANCED_FACE('',(#3289),#2789,.T.);
#11234=ADVANCED_FACE('',(#3290),#2790,.T.);
#11235=ADVANCED_FACE('',(#3291),#2791,.T.);
#11236=ADVANCED_FACE('',(#3292),#2792,.T.);
#11237=ADVANCED_FACE('',(#3293),#89,.T.);
#11238=ADVANCED_FACE('',(#3294,#187),#2793,.T.);
#11239=ADVANCED_FACE('',(#3295),#2794,.T.);
#11240=ADVANCED_FACE('',(#3296),#2795,.T.);
#11241=ADVANCED_FACE('',(#3297),#2796,.T.);
#11242=ADVANCED_FACE('',(#3298),#2797,.T.);
#11243=ADVANCED_FACE('',(#3299),#2798,.T.);
#11244=ADVANCED_FACE('',(#3300),#2799,.T.);
#11245=ADVANCED_FACE('',(#3301),#2800,.T.);
#11246=ADVANCED_FACE('',(#3302),#2801,.T.);
#11247=ADVANCED_FACE('',(#3303),#2802,.T.);
#11248=ADVANCED_FACE('',(#3304),#2803,.T.);
#11249=ADVANCED_FACE('',(#3305),#2804,.T.);
#11250=ADVANCED_FACE('',(#3306),#2805,.T.);
#11251=ADVANCED_FACE('',(#3307),#90,.T.);
#11252=ADVANCED_FACE('',(#3308,#188),#2806,.T.);
#11253=ADVANCED_FACE('',(#3309),#2807,.T.);
#11254=ADVANCED_FACE('',(#3310),#2808,.T.);
#11255=ADVANCED_FACE('',(#3311),#2809,.T.);
#11256=ADVANCED_FACE('',(#3312),#2810,.T.);
#11257=ADVANCED_FACE('',(#3313),#2811,.T.);
#11258=ADVANCED_FACE('',(#3314),#2812,.T.);
#11259=ADVANCED_FACE('',(#3315),#2813,.T.);
#11260=ADVANCED_FACE('',(#3316),#2814,.T.);
#11261=ADVANCED_FACE('',(#3317),#2815,.T.);
#11262=ADVANCED_FACE('',(#3318),#2816,.T.);
#11263=ADVANCED_FACE('',(#3319),#2817,.T.);
#11264=ADVANCED_FACE('',(#3320),#2818,.T.);
#11265=ADVANCED_FACE('',(#3321),#91,.T.);
#11266=ADVANCED_FACE('',(#3322,#189),#2819,.T.);
#11267=ADVANCED_FACE('',(#3323),#2820,.T.);
#11268=ADVANCED_FACE('',(#3324),#2821,.T.);
#11269=ADVANCED_FACE('',(#3325),#2822,.T.);
#11270=ADVANCED_FACE('',(#3326),#2823,.T.);
#11271=ADVANCED_FACE('',(#3327),#2824,.T.);
#11272=ADVANCED_FACE('',(#3328),#2825,.T.);
#11273=ADVANCED_FACE('',(#3329),#2826,.T.);
#11274=ADVANCED_FACE('',(#3330),#2827,.T.);
#11275=ADVANCED_FACE('',(#3331),#2828,.T.);
#11276=ADVANCED_FACE('',(#3332),#2829,.T.);
#11277=ADVANCED_FACE('',(#3333),#2830,.T.);
#11278=ADVANCED_FACE('',(#3334),#2831,.T.);
#11279=ADVANCED_FACE('',(#3335),#92,.T.);
#11280=ADVANCED_FACE('',(#3336,#190),#2832,.T.);
#11281=ADVANCED_FACE('',(#3337,#191),#2833,.F.);
#11282=ADVANCED_FACE('',(#3338,#192),#2834,.F.);
#11283=ADVANCED_FACE('',(#3339,#193),#2835,.F.);
#11284=ADVANCED_FACE('',(#3340,#194),#2836,.F.);
#11285=ADVANCED_FACE('',(#3341),#93,.T.);
#11286=ADVANCED_FACE('',(#3342),#2837,.T.);
#11287=ADVANCED_FACE('',(#3343),#2838,.F.);
#11288=ADVANCED_FACE('',(#3344),#2839,.F.);
#11289=ADVANCED_FACE('',(#3345),#2840,.F.);
#11290=ADVANCED_FACE('',(#3346),#2841,.T.);
#11291=ADVANCED_FACE('',(#3347),#2842,.T.);
#11292=ADVANCED_FACE('',(#3348),#94,.F.);
#11293=ADVANCED_FACE('',(#3349),#2843,.F.);
#11294=ADVANCED_FACE('',(#3350),#95,.T.);
#11295=ADVANCED_FACE('',(#3351),#2844,.T.);
#11296=ADVANCED_FACE('',(#3352),#96,.T.);
#11297=ADVANCED_FACE('',(#3353),#2845,.T.);
#11298=ADVANCED_FACE('',(#3354),#97,.T.);
#11299=ADVANCED_FACE('',(#3355),#2846,.T.);
#11300=ADVANCED_FACE('',(#3356),#98,.T.);
#11301=ADVANCED_FACE('',(#3357),#2847,.T.);
#11302=ADVANCED_FACE('',(#3358),#99,.T.);
#11303=ADVANCED_FACE('',(#3359,#195),#2848,.T.);
#11304=ADVANCED_FACE('',(#3360),#100,.T.);
#11305=ADVANCED_FACE('',(#3361),#101,.T.);
#11306=ADVANCED_FACE('',(#3362),#102,.T.);
#11307=ADVANCED_FACE('',(#3363),#2849,.T.);
#11308=ADVANCED_FACE('',(#3364),#103,.F.);
#11309=ADVANCED_FACE('',(#3365),#2850,.T.);
#11310=ADVANCED_FACE('',(#3366),#2851,.T.);
#11311=ADVANCED_FACE('',(#3367),#2852,.T.);
#11312=ADVANCED_FACE('',(#3368),#2853,.T.);
#11313=ADVANCED_FACE('',(#3369),#2854,.T.);
#11314=ADVANCED_FACE('',(#3370),#2855,.T.);
#11315=ADVANCED_FACE('',(#3371,#196),#2856,.T.);
#11316=ADVANCED_FACE('',(#3372),#104,.F.);
#11317=ADVANCED_FACE('',(#3373),#2857,.T.);
#11318=ADVANCED_FACE('',(#3374),#2858,.T.);
#11319=ADVANCED_FACE('',(#3375),#2859,.T.);
#11320=ADVANCED_FACE('',(#3376),#2860,.T.);
#11321=ADVANCED_FACE('',(#3377),#2861,.T.);
#11322=ADVANCED_FACE('',(#3378),#2862,.T.);
#11323=ADVANCED_FACE('',(#3379,#197),#2863,.T.);
#11324=ADVANCED_FACE('',(#3380),#105,.F.);
#11325=ADVANCED_FACE('',(#3381),#2864,.T.);
#11326=ADVANCED_FACE('',(#3382),#2865,.T.);
#11327=ADVANCED_FACE('',(#3383),#2866,.T.);
#11328=ADVANCED_FACE('',(#3384),#2867,.T.);
#11329=ADVANCED_FACE('',(#3385),#2868,.T.);
#11330=ADVANCED_FACE('',(#3386),#2869,.T.);
#11331=ADVANCED_FACE('',(#3387,#198),#2870,.T.);
#11332=ADVANCED_FACE('',(#3388),#106,.F.);
#11333=ADVANCED_FACE('',(#3389),#2871,.T.);
#11334=ADVANCED_FACE('',(#3390),#2872,.T.);
#11335=ADVANCED_FACE('',(#3391),#2873,.T.);
#11336=ADVANCED_FACE('',(#3392),#2874,.T.);
#11337=ADVANCED_FACE('',(#3393),#2875,.T.);
#11338=ADVANCED_FACE('',(#3394),#2876,.T.);
#11339=ADVANCED_FACE('',(#3395,#199),#2877,.T.);
#11340=ADVANCED_FACE('',(#3396),#2878,.F.);
#11341=ADVANCED_FACE('',(#3397),#2879,.F.);
#11342=ADVANCED_FACE('',(#3398),#2880,.F.);
#11343=ADVANCED_FACE('',(#3399),#2881,.F.);
#11344=ADVANCED_FACE('',(#3400,#200,#201,#202),#2882,.T.);
#11345=ADVANCED_FACE('',(#3401),#2883,.F.);
#11346=ADVANCED_FACE('',(#3402),#2884,.F.);
#11347=ADVANCED_FACE('',(#3403),#2885,.F.);
#11348=ADVANCED_FACE('',(#3404),#2886,.F.);
#11349=ADVANCED_FACE('',(#3405),#107,.F.);
#11350=ADVANCED_FACE('',(#3406),#108,.F.);
#11351=ADVANCED_FACE('',(#3407),#109,.F.);
#11352=ADVANCED_FACE('',(#3408),#110,.F.);
#11353=ADVANCED_FACE('',(#3409),#111,.F.);
#11354=ADVANCED_FACE('',(#3410),#112,.F.);
#11355=ADVANCED_FACE('',(#3411),#113,.T.);
#11356=ADVANCED_FACE('',(#3412),#2887,.T.);
#11357=ADVANCED_FACE('',(#3413),#114,.T.);
#11358=ADVANCED_FACE('',(#3414),#2888,.T.);
#11359=ADVANCED_FACE('',(#3415),#115,.F.);
#11360=ADVANCED_FACE('',(#3416),#116,.T.);
#11361=ADVANCED_FACE('',(#3417),#2889,.T.);
#11362=ADVANCED_FACE('',(#3418),#117,.F.);
#11363=ADVANCED_FACE('',(#3419),#118,.T.);
#11364=ADVANCED_FACE('',(#3420),#2890,.T.);
#11365=ADVANCED_FACE('',(#3421),#2891,.F.);
#11366=ADVANCED_FACE('',(#3422),#2892,.T.);
#11367=ADVANCED_FACE('',(#3423),#2893,.T.);
#11368=ADVANCED_FACE('',(#3424),#119,.F.);
#11369=ADVANCED_FACE('',(#3425),#2894,.F.);
#11370=ADVANCED_FACE('',(#3426),#120,.F.);
#11371=ADVANCED_FACE('',(#3427,#203),#2895,.T.);
#11372=ADVANCED_FACE('',(#3428),#51,.T.);
#11373=ADVANCED_FACE('',(#3429,#204),#2896,.T.);
#11374=ADVANCED_FACE('',(#3430,#205),#2897,.T.);
#11375=ADVANCED_FACE('',(#3431),#121,.T.);
#11376=ADVANCED_FACE('',(#3432,#206),#2898,.F.);
#11377=ADVANCED_FACE('',(#3433,#207),#2899,.T.);
#11378=ADVANCED_FACE('',(#3434),#122,.T.);
#11379=ADVANCED_FACE('',(#3435,#208),#2900,.F.);
#11380=ADVANCED_FACE('',(#3436),#123,.T.);
#11381=ADVANCED_FACE('',(#3437,#209,#210),#124,.T.);
#11382=ADVANCED_FACE('',(#3438),#125,.F.);
#11383=ADVANCED_FACE('',(#3439),#126,.T.);
#11384=ADVANCED_FACE('',(#3440,#211),#2901,.T.);
#11385=ADVANCED_FACE('',(#3441,#212),#2902,.T.);
#11386=ADVANCED_FACE('',(#3442),#127,.F.);
#11387=ADVANCED_FACE('',(#3443),#2903,.T.);
#11388=ADVANCED_FACE('',(#3444),#2904,.F.);
#11389=ADVANCED_FACE('',(#3445),#2905,.F.);
#11390=ADVANCED_FACE('',(#3446),#128,.T.);
#11391=ADVANCED_FACE('',(#3447,#213),#2906,.T.);
#11392=ADVANCED_FACE('',(#3448,#214,#215,#216,#217,#218,#219),#2907,.T.);
#11393=ADVANCED_FACE('',(#3449),#20,.T.);
#11394=ADVANCED_FACE('',(#3450),#2908,.T.);
#11395=ADVANCED_FACE('',(#3451),#2909,.T.);
#11396=ADVANCED_FACE('',(#3452),#2910,.T.);
#11397=ADVANCED_FACE('',(#3453),#21,.T.);
#11398=ADVANCED_FACE('',(#3454),#22,.T.);
#11399=ADVANCED_FACE('',(#3455),#23,.T.);
#11400=ADVANCED_FACE('',(#3456),#2911,.F.);
#11401=ADVANCED_FACE('',(#3457),#24,.F.);
#11402=ADVANCED_FACE('',(#3458),#25,.F.);
#11403=ADVANCED_FACE('',(#3459),#26,.F.);
#11404=ADVANCED_FACE('',(#3460),#2912,.F.);
#11405=ADVANCED_FACE('',(#3461),#2913,.F.);
#11406=ADVANCED_FACE('',(#3462),#2914,.F.);
#11407=ADVANCED_FACE('',(#3463),#2915,.F.);
#11408=ADVANCED_FACE('',(#3464),#2916,.F.);
#11409=ADVANCED_FACE('',(#3465),#2917,.F.);
#11410=ADVANCED_FACE('',(#3466),#2918,.F.);
#11411=ADVANCED_FACE('',(#3467,#220),#2919,.F.);
#11412=ADVANCED_FACE('',(#3468),#2920,.T.);
#11413=ADVANCED_FACE('',(#3469),#2921,.T.);
#11414=ADVANCED_FACE('',(#3470),#2922,.T.);
#11415=ADVANCED_FACE('',(#3471),#2923,.F.);
#11416=ADVANCED_FACE('',(#3472),#2924,.F.);
#11417=ADVANCED_FACE('',(#3473),#2925,.F.);
#11418=ADVANCED_FACE('',(#3474),#2926,.F.);
#11419=ADVANCED_FACE('',(#3475),#2927,.F.);
#11420=ADVANCED_FACE('',(#3476),#2928,.F.);
#11421=ADVANCED_FACE('',(#3477),#2929,.F.);
#11422=ADVANCED_FACE('',(#3478),#2930,.F.);
#11423=ADVANCED_FACE('',(#3479,#221),#2931,.F.);
#11424=ADVANCED_FACE('',(#3480),#27,.T.);
#11425=ADVANCED_FACE('',(#3481),#2932,.T.);
#11426=ADVANCED_FACE('',(#3482),#2933,.T.);
#11427=ADVANCED_FACE('',(#3483),#2934,.T.);
#11428=ADVANCED_FACE('',(#3484),#28,.T.);
#11429=ADVANCED_FACE('',(#3485),#29,.T.);
#11430=ADVANCED_FACE('',(#3486),#30,.T.);
#11431=ADVANCED_FACE('',(#3487),#31,.F.);
#11432=ADVANCED_FACE('',(#3488),#32,.F.);
#11433=ADVANCED_FACE('',(#3489),#2935,.F.);
#11434=ADVANCED_FACE('',(#3490),#2936,.F.);
#11435=ADVANCED_FACE('',(#3491),#2937,.F.);
#11436=ADVANCED_FACE('',(#3492),#33,.F.);
#11437=ADVANCED_FACE('',(#3493),#34,.F.);
#11438=ADVANCED_FACE('',(#3494,#222),#2938,.T.);
#11439=ADVANCED_FACE('',(#3495),#2939,.F.);
#11440=ADVANCED_FACE('',(#3496),#2940,.F.);
#11441=ADVANCED_FACE('',(#3497),#2941,.F.);
#11442=ADVANCED_FACE('',(#3498),#2942,.F.);
#11443=ADVANCED_FACE('',(#3499),#2943,.F.);
#11444=ADVANCED_FACE('',(#3500),#2944,.F.);
#11445=ADVANCED_FACE('',(#3501),#2945,.F.);
#11446=ADVANCED_FACE('',(#3502),#35,.T.);
#11447=ADVANCED_FACE('',(#3503),#2946,.T.);
#11448=ADVANCED_FACE('',(#3504),#2947,.T.);
#11449=ADVANCED_FACE('',(#3505),#2948,.T.);
#11450=ADVANCED_FACE('',(#3506),#36,.T.);
#11451=ADVANCED_FACE('',(#3507),#37,.T.);
#11452=ADVANCED_FACE('',(#3508),#38,.T.);
#11453=ADVANCED_FACE('',(#3509),#39,.F.);
#11454=ADVANCED_FACE('',(#3510),#40,.F.);
#11455=ADVANCED_FACE('',(#3511),#2949,.F.);
#11456=ADVANCED_FACE('',(#3512),#2950,.F.);
#11457=ADVANCED_FACE('',(#3513),#2951,.F.);
#11458=ADVANCED_FACE('',(#3514),#2952,.F.);
#11459=ADVANCED_FACE('',(#3515),#2953,.F.);
#11460=ADVANCED_FACE('',(#3516),#41,.F.);
#11461=ADVANCED_FACE('',(#3517),#42,.F.);
#11462=ADVANCED_FACE('',(#3518,#223),#2954,.T.);
#11463=ADVANCED_FACE('',(#3519),#43,.T.);
#11464=ADVANCED_FACE('',(#3520),#2955,.T.);
#11465=ADVANCED_FACE('',(#3521),#2956,.T.);
#11466=ADVANCED_FACE('',(#3522),#2957,.T.);
#11467=ADVANCED_FACE('',(#3523),#44,.T.);
#11468=ADVANCED_FACE('',(#3524),#45,.T.);
#11469=ADVANCED_FACE('',(#3525),#46,.T.);
#11470=ADVANCED_FACE('',(#3526),#2958,.F.);
#11471=ADVANCED_FACE('',(#3527),#47,.F.);
#11472=ADVANCED_FACE('',(#3528),#48,.F.);
#11473=ADVANCED_FACE('',(#3529),#49,.F.);
#11474=ADVANCED_FACE('',(#3530),#2959,.F.);
#11475=ADVANCED_FACE('',(#3531),#2960,.F.);
#11476=ADVANCED_FACE('',(#3532),#2961,.F.);
#11477=ADVANCED_FACE('',(#3533),#2962,.F.);
#11478=ADVANCED_FACE('',(#3534),#2963,.F.);
#11479=ADVANCED_FACE('',(#3535),#2964,.F.);
#11480=ADVANCED_FACE('',(#3536),#2965,.F.);
#11481=ADVANCED_FACE('',(#3537,#224),#2966,.F.);
#11482=ADVANCED_FACE('',(#3538),#2967,.F.);
#11483=ADVANCED_FACE('',(#3539),#2968,.F.);
#11484=ADVANCED_FACE('',(#3540),#2969,.F.);
#11485=ADVANCED_FACE('',(#3541),#2970,.F.);
#11486=ADVANCED_FACE('',(#3542),#2971,.F.);
#11487=ADVANCED_FACE('',(#3543),#2972,.F.);
#11488=ADVANCED_FACE('',(#3544),#2973,.F.);
#11489=ADVANCED_FACE('',(#3545),#2974,.F.);
#11490=ADVANCED_FACE('',(#3546),#2975,.F.);
#11491=ADVANCED_FACE('',(#3547),#2976,.F.);
#11492=ADVANCED_FACE('',(#3548),#2977,.F.);
#11493=ADVANCED_FACE('',(#3549),#2978,.F.);
#11494=ADVANCED_FACE('',(#3550),#2979,.F.);
#11495=ADVANCED_FACE('',(#3551,#225,#226,#227,#228,#229,#230,#231),#2980,
 .T.);
#11496=ADVANCED_FACE('',(#3552),#2981,.T.);
#11497=ADVANCED_FACE('',(#3553),#2982,.T.);
#11498=ADVANCED_FACE('',(#3554),#2983,.T.);
#11499=ADVANCED_FACE('',(#3555),#2984,.T.);
#11500=ADVANCED_FACE('',(#3556),#129,.T.);
#11501=ADVANCED_FACE('',(#3557),#130,.F.);
#11502=ADVANCED_FACE('',(#3558,#232),#2985,.T.);
#11503=ADVANCED_FACE('',(#3559,#233,#234,#235,#236),#2986,.T.);
#11504=ADVANCED_FACE('',(#3560),#131,.F.);
#11505=ADVANCED_FACE('',(#3561),#132,.F.);
#11506=ADVANCED_FACE('',(#3562),#133,.F.);
#11507=ADVANCED_FACE('',(#3563),#134,.T.);
#11508=ADVANCED_FACE('',(#3564),#2987,.T.);
#11509=ADVANCED_FACE('',(#3565),#2988,.T.);
#11510=ADVANCED_FACE('',(#3566),#2989,.T.);
#11511=ADVANCED_FACE('',(#3567),#135,.F.);
#11512=ADVANCED_FACE('',(#3568),#136,.F.);
#11513=ADVANCED_FACE('',(#3569),#137,.F.);
#11514=ADVANCED_FACE('',(#3570),#2990,.T.);
#11515=ADVANCED_FACE('',(#3571),#138,.T.);
#11516=ADVANCED_FACE('',(#3572),#2991,.T.);
#11517=ADVANCED_FACE('',(#3573),#139,.T.);
#11518=ADVANCED_FACE('',(#3574),#2992,.T.);
#11519=ADVANCED_FACE('',(#3575),#140,.T.);
#11520=ADVANCED_FACE('',(#3576),#2993,.T.);
#11521=ADVANCED_FACE('',(#3577),#141,.T.);
#11522=ADVANCED_FACE('',(#3578),#2994,.T.);
#11523=ADVANCED_FACE('',(#3579),#142,.T.);
#11524=ADVANCED_FACE('',(#3580),#2995,.T.);
#11525=ADVANCED_FACE('',(#3581),#143,.T.);
#11526=ADVANCED_FACE('',(#3582),#144,.T.);
#11527=ADVANCED_FACE('',(#3583),#2996,.T.);
#11528=ADVANCED_FACE('',(#3584),#145,.T.);
#11529=ADVANCED_FACE('',(#3585),#2997,.T.);
#11530=ADVANCED_FACE('',(#3586),#2998,.T.);
#11531=ADVANCED_FACE('',(#3587),#2999,.T.);
#11532=ADVANCED_FACE('',(#3588),#3000,.T.);
#11533=ADVANCED_FACE('',(#3589),#3001,.T.);
#11534=ADVANCED_FACE('',(#3590),#3002,.T.);
#11535=ADVANCED_FACE('',(#3591),#3003,.T.);
#11536=ADVANCED_FACE('',(#3592),#3004,.T.);
#11537=ADVANCED_FACE('',(#3593),#3005,.T.);
#11538=ADVANCED_FACE('',(#3594),#3006,.T.);
#11539=ADVANCED_FACE('',(#3595),#3007,.T.);
#11540=ADVANCED_FACE('',(#3596),#3008,.T.);
#11541=ADVANCED_FACE('',(#3597),#3009,.T.);
#11542=ADVANCED_FACE('',(#3598),#146,.T.);
#11543=ADVANCED_FACE('',(#3599,#237),#3010,.T.);
#11544=ADVANCED_FACE('',(#3600,#238),#3011,.F.);
#11545=ADVANCED_FACE('',(#3601),#3012,.T.);
#11546=ADVANCED_FACE('',(#3602),#3013,.T.);
#11547=ADVANCED_FACE('',(#3603),#3014,.T.);
#11548=ADVANCED_FACE('',(#3604),#3015,.T.);
#11549=ADVANCED_FACE('',(#3605),#3016,.T.);
#11550=ADVANCED_FACE('',(#3606),#3017,.T.);
#11551=ADVANCED_FACE('',(#3607),#3018,.T.);
#11552=ADVANCED_FACE('',(#3608),#3019,.T.);
#11553=ADVANCED_FACE('',(#3609),#3020,.T.);
#11554=ADVANCED_FACE('',(#3610),#3021,.T.);
#11555=ADVANCED_FACE('',(#3611),#3022,.T.);
#11556=ADVANCED_FACE('',(#3612),#3023,.T.);
#11557=ADVANCED_FACE('',(#3613),#147,.T.);
#11558=ADVANCED_FACE('',(#3614,#239),#3024,.T.);
#11559=ADVANCED_FACE('',(#3615,#240),#3025,.F.);
#11560=ADVANCED_FACE('',(#3616),#10387,.T.);
#11561=ADVANCED_FACE('',(#3617),#148,.T.);
#11562=ADVANCED_FACE('',(#3618),#10388,.T.);
#11563=ADVANCED_FACE('',(#3619),#149,.T.);
#11564=ADVANCED_FACE('',(#3620),#150,.F.);
#11565=ADVANCED_FACE('',(#3621),#151,.T.);
#11566=ADVANCED_FACE('',(#3622,#241),#3026,.T.);
#11567=ADVANCED_FACE('',(#3623,#242),#3027,.F.);
#11568=ADVANCED_FACE('',(#3624),#152,.F.);
#11569=ADVANCED_FACE('',(#3625),#3028,.T.);
#11570=ADVANCED_FACE('',(#3626),#153,.T.);
#11571=ADVANCED_FACE('',(#3627),#3029,.T.);
#11572=ADVANCED_FACE('',(#3628),#154,.T.);
#11573=ADVANCED_FACE('',(#3629,#243),#3030,.T.);
#11574=ADVANCED_FACE('',(#3630,#244),#3031,.F.);
#11575=ADVANCED_FACE('',(#3631),#155,.F.);
#11576=ADVANCED_FACE('',(#3632),#156,.T.);
#11577=ADVANCED_FACE('',(#3633,#245),#3032,.T.);
#11578=ADVANCED_FACE('',(#3634,#246),#3033,.F.);
#11579=CLOSED_SHELL('',(#10978,#10979,#10980,#10981,#10982,#10983,#10984,
#10985,#10986,#10987,#10988,#10989,#10990,#10991,#10992,#10993,#10994,#10995,
#10996,#10997,#10998,#10999,#11000,#11001,#11002,#11003,#11004,#11005,#11006,
#11007,#11008,#11009,#11010,#11011,#11012,#11013,#11014,#11015,#11016,#11017,
#11018,#11019,#11020,#11021,#11022,#11023,#11024,#11025,#11026,#11027,#11028,
#11029,#11030,#11031,#11032,#11033,#11034,#11035,#11036,#11037,#11038,#11039,
#11040,#11041,#11042,#11043,#11044,#11045,#11046,#11047,#11048,#11049,#11050,
#11051,#11052,#11053,#11054,#11055,#11056,#11057,#11058,#11059,#11060,#11061,
#11062,#11063,#11064,#11065,#11066,#11067,#11068,#11069,#11070,#11071,#11072,
#11073,#11074,#11075,#11076,#11077,#11078,#11079,#11080,#11081,#11082,#11083,
#11084,#11085,#11086,#11087,#11088,#11089,#11090,#11091,#11092,#11093,#11094,
#11095,#11096,#11097,#11098,#11099,#11100,#11101,#11102,#11103,#11104,#11105,
#11106,#11107,#11108,#11109,#11110,#11111,#11112,#11113,#11114,#11115,#11116,
#11117,#11118,#11119,#11120,#11121,#11122,#11123,#11124,#11125,#11126,#11127,
#11128,#11129,#11130,#11131,#11132,#11133,#11134,#11135,#11136,#11137,#11138,
#11139,#11140,#11141,#11142,#11143,#11144,#11145,#11146,#11147,#11148,#11149,
#11150,#11151,#11152,#11153,#11154,#11155,#11156,#11157,#11158,#11159,#11160,
#11161,#11162,#11163,#11164,#11165,#11166,#11167,#11168,#11169,#11170,#11171,
#11172,#11173,#11174,#11175,#11176,#11177,#11178,#11179,#11180,#11181,#11182,
#11183,#11184,#11185,#11186,#11187,#11188,#11189,#11190,#11191,#11192,#11193,
#11194,#11195,#11196,#11197,#11198,#11199,#11200,#11201,#11202,#11203,#11204,
#11205,#11206,#11207,#11208,#11209,#11210,#11211,#11212,#11213,#11214,#11215,
#11216,#11217,#11218,#11219,#11220,#11221,#11222,#11223,#11224,#11225,#11226,
#11227,#11228,#11229,#11230,#11231,#11232,#11233,#11234,#11235,#11236,#11237,
#11238,#11239,#11240,#11241,#11242,#11243,#11244,#11245,#11246,#11247,#11248,
#11249,#11250,#11251,#11252,#11253,#11254,#11255,#11256,#11257,#11258,#11259,
#11260,#11261,#11262,#11263,#11264,#11265,#11266,#11267,#11268,#11269,#11270,
#11271,#11272,#11273,#11274,#11275,#11276,#11277,#11278,#11279,#11280,#11281,
#11282,#11283,#11284,#11285,#11286,#11287,#11288,#11289,#11290,#11291,#11292,
#11293,#11294,#11295,#11296,#11297,#11298,#11299,#11300,#11301,#11302,#11303,
#11304,#11305,#11306,#11307,#11308,#11309,#11310,#11311,#11312,#11313,#11314,
#11315,#11316,#11317,#11318,#11319,#11320,#11321,#11322,#11323,#11324,#11325,
#11326,#11327,#11328,#11329,#11330,#11331,#11332,#11333,#11334,#11335,#11336,
#11337,#11338,#11339,#11340,#11341,#11342,#11343,#11344,#11345,#11346,#11347,
#11348,#11349,#11350,#11351,#11352,#11353,#11354,#11355,#11356,#11357,#11358,
#11359,#11360,#11361,#11362,#11363,#11364,#11365,#11366,#11367,#11368,#11369,
#11370,#11371,#11372,#11373,#11374,#11375,#11376,#11377,#11378,#11379,#11380,
#11381,#11382,#11383,#11384,#11385,#11386,#11387,#11388,#11389,#11390,#11391,
#11392,#11393,#11394,#11395,#11396,#11397,#11398,#11399,#11400,#11401,#11402,
#11403,#11404,#11405,#11406,#11407,#11408,#11409,#11410,#11411,#11412,#11413,
#11414,#11415,#11416,#11417,#11418,#11419,#11420,#11421,#11422,#11423,#11424,
#11425,#11426,#11427,#11428,#11429,#11430,#11431,#11432,#11433,#11434,#11435,
#11436,#11437,#11438,#11439,#11440,#11441,#11442,#11443,#11444,#11445,#11446,
#11447,#11448,#11449,#11450,#11451,#11452,#11453,#11454,#11455,#11456,#11457,
#11458,#11459,#11460,#11461,#11462,#11463,#11464,#11465,#11466,#11467,#11468,
#11469,#11470,#11471,#11472,#11473,#11474,#11475,#11476,#11477,#11478,#11479,
#11480,#11481,#11482,#11483,#11484,#11485,#11486,#11487,#11488,#11489,#11490,
#11491,#11492,#11493,#11494,#11495,#11496,#11497,#11498,#11499,#11500,#11501,
#11502,#11503,#11504,#11505,#11506,#11507,#11508,#11509,#11510,#11511,#11512,
#11513,#11514,#11515,#11516,#11517,#11518,#11519,#11520,#11521,#11522,#11523,
#11524,#11525,#11526,#11527,#11528,#11529));
#11580=CLOSED_SHELL('',(#11530,#11531,#11532,#11533,#11534,#11535,#11536,
#11537,#11538,#11539,#11540,#11541,#11542,#11543,#11544));
#11581=CLOSED_SHELL('',(#11545,#11546,#11547,#11548,#11549,#11550,#11551,
#11552,#11553,#11554,#11555,#11556,#11557,#11558,#11559));
#11582=CLOSED_SHELL('',(#11560,#11561,#11562,#11563));
#11583=CLOSED_SHELL('',(#11564,#11565,#11566,#11567));
#11584=CLOSED_SHELL('',(#11568,#11569,#11570,#11571,#11572,#11573,#11574));
#11585=CLOSED_SHELL('',(#11575,#11576,#11577,#11578));
#11586=DERIVED_UNIT_ELEMENT(#11589,1.);
#11587=DERIVED_UNIT_ELEMENT(#19304,-3.);
#11588=DIMENSIONAL_EXPONENTS(0.,1.,0.,0.,0.,0.,0.);
#11589=(
CONVERSION_BASED_UNIT('gram',#11591)
MASS_UNIT()
NAMED_UNIT(#11588)
);
#11590=(
MASS_UNIT()
NAMED_UNIT(*)
SI_UNIT(.KILO.,.GRAM.)
);
#11591=MASS_MEASURE_WITH_UNIT(MASS_MEASURE(0.001),#11590);
#11592=DERIVED_UNIT((#11586,#11587));
#11593=MEASURE_REPRESENTATION_ITEM('density measure',
POSITIVE_RATIO_MEASURE(1.),#11592);
#11594=PROPERTY_DEFINITION_REPRESENTATION(#11599,#11596);
#11595=PROPERTY_DEFINITION_REPRESENTATION(#11600,#11597);
#11596=REPRESENTATION('material name',(#11598),#19301);
#11597=REPRESENTATION('density',(#11593),#19301);
#11598=DESCRIPTIVE_REPRESENTATION_ITEM('Generic','Generic');
#11599=PROPERTY_DEFINITION('material property','material name',#19311);
#11600=PROPERTY_DEFINITION('material property','density of part',#19311);
#11601=DATE_TIME_ROLE('creation_date');
#11602=APPLIED_DATE_AND_TIME_ASSIGNMENT(#11603,#11601,(#19311));
#11603=DATE_AND_TIME(#11604,#11605);
#11604=CALENDAR_DATE(2026,14,3);
#11605=LOCAL_TIME(0,0,0.,#11606);
#11606=COORDINATED_UNIVERSAL_TIME_OFFSET(0,0,.BEHIND.);
#11607=AXIS2_PLACEMENT_3D('',#15339,#12461,#12462);
#11608=AXIS2_PLACEMENT_3D('',#15340,#12463,#12464);
#11609=AXIS2_PLACEMENT_3D('',#15354,#12465,#12466);
#11610=AXIS2_PLACEMENT_3D('',#15366,#12467,#12468);
#11611=AXIS2_PLACEMENT_3D('',#15367,#12469,#12470);
#11612=AXIS2_PLACEMENT_3D('',#15377,#12475,#12476);
#11613=AXIS2_PLACEMENT_3D('',#15381,#12478,#12479);
#11614=AXIS2_PLACEMENT_3D('',#15385,#12481,#12482);
#11615=AXIS2_PLACEMENT_3D('',#15389,#12484,#12485);
#11616=AXIS2_PLACEMENT_3D('',#15393,#12487,#12488);
#11617=AXIS2_PLACEMENT_3D('',#15397,#12490,#12491);
#11618=AXIS2_PLACEMENT_3D('',#15401,#12493,#12494);
#11619=AXIS2_PLACEMENT_3D('',#15409,#12498,#12499);
#11620=AXIS2_PLACEMENT_3D('',#15413,#12501,#12502);
#11621=AXIS2_PLACEMENT_3D('',#15417,#12504,#12505);
#11622=AXIS2_PLACEMENT_3D('',#15421,#12507,#12508);
#11623=AXIS2_PLACEMENT_3D('',#15425,#12510,#12511);
#11624=AXIS2_PLACEMENT_3D('',#15428,#12513,#12514);
#11625=AXIS2_PLACEMENT_3D('',#15477,#12539,#12540);
#11626=AXIS2_PLACEMENT_3D('',#15491,#12541,#12542);
#11627=AXIS2_PLACEMENT_3D('',#15503,#12543,#12544);
#11628=AXIS2_PLACEMENT_3D('',#15504,#12545,#12546);
#11629=AXIS2_PLACEMENT_3D('',#15532,#12552,#12553);
#11630=AXIS2_PLACEMENT_3D('',#15534,#12555,#12556);
#11631=AXIS2_PLACEMENT_3D('',#15536,#12557,#12558);
#11632=AXIS2_PLACEMENT_3D('',#15548,#12559,#12560);
#11633=AXIS2_PLACEMENT_3D('',#15549,#12561,#12562);
#11634=AXIS2_PLACEMENT_3D('',#15551,#12563,#12564);
#11635=AXIS2_PLACEMENT_3D('',#15553,#12566,#12567);
#11636=AXIS2_PLACEMENT_3D('',#15555,#12568,#12569);
#11637=AXIS2_PLACEMENT_3D('',#15566,#12570,#12571);
#11638=AXIS2_PLACEMENT_3D('',#15589,#12572,#12573);
#11639=AXIS2_PLACEMENT_3D('',#15590,#12574,#12575);
#11640=AXIS2_PLACEMENT_3D('',#15604,#12576,#12577);
#11641=AXIS2_PLACEMENT_3D('',#15616,#12578,#12579);
#11642=AXIS2_PLACEMENT_3D('',#15617,#12580,#12581);
#11643=AXIS2_PLACEMENT_3D('',#15648,#12587,#12588);
#11644=AXIS2_PLACEMENT_3D('',#15651,#12590,#12591);
#11645=AXIS2_PLACEMENT_3D('',#15652,#12592,#12593);
#11646=AXIS2_PLACEMENT_3D('',#15661,#12594,#12595);
#11647=AXIS2_PLACEMENT_3D('',#15662,#12596,#12597);
#11648=AXIS2_PLACEMENT_3D('',#15665,#12599,#12600);
#11649=AXIS2_PLACEMENT_3D('',#15666,#12601,#12602);
#11650=AXIS2_PLACEMENT_3D('',#15678,#12603,#12604);
#11651=AXIS2_PLACEMENT_3D('',#15679,#12605,#12606);
#11652=AXIS2_PLACEMENT_3D('',#15688,#12612,#12613);
#11653=AXIS2_PLACEMENT_3D('',#15699,#12614,#12615);
#11654=AXIS2_PLACEMENT_3D('',#15711,#12616,#12617);
#11655=AXIS2_PLACEMENT_3D('',#15712,#12618,#12619);
#11656=AXIS2_PLACEMENT_3D('',#15716,#12621,#12622);
#11657=AXIS2_PLACEMENT_3D('',#15718,#12624,#12625);
#11658=AXIS2_PLACEMENT_3D('',#15732,#12626,#12627);
#11659=AXIS2_PLACEMENT_3D('',#15744,#12628,#12629);
#11660=AXIS2_PLACEMENT_3D('',#15745,#12630,#12631);
#11661=AXIS2_PLACEMENT_3D('',#15787,#12637,#12638);
#11662=AXIS2_PLACEMENT_3D('',#15790,#12640,#12641);
#11663=AXIS2_PLACEMENT_3D('',#15791,#12642,#12643);
#11664=AXIS2_PLACEMENT_3D('',#15803,#12644,#12645);
#11665=AXIS2_PLACEMENT_3D('',#15804,#12646,#12647);
#11666=AXIS2_PLACEMENT_3D('',#15813,#12648,#12649);
#11667=AXIS2_PLACEMENT_3D('',#15814,#12650,#12651);
#11668=AXIS2_PLACEMENT_3D('',#15817,#12653,#12654);
#11669=AXIS2_PLACEMENT_3D('',#15818,#12655,#12656);
#11670=AXIS2_PLACEMENT_3D('',#15830,#12657,#12658);
#11671=AXIS2_PLACEMENT_3D('',#15831,#12659,#12660);
#11672=AXIS2_PLACEMENT_3D('',#15836,#12664,#12665);
#11673=AXIS2_PLACEMENT_3D('',#15859,#12666,#12667);
#11674=AXIS2_PLACEMENT_3D('',#15860,#12668,#12669);
#11675=AXIS2_PLACEMENT_3D('',#15873,#12670,#12671);
#11676=AXIS2_PLACEMENT_3D('',#15884,#12672,#12673);
#11677=AXIS2_PLACEMENT_3D('',#15902,#12678,#12679);
#11678=AXIS2_PLACEMENT_3D('',#15904,#12680,#12681);
#11679=AXIS2_PLACEMENT_3D('',#15916,#12682,#12683);
#11680=AXIS2_PLACEMENT_3D('',#15917,#12684,#12685);
#11681=AXIS2_PLACEMENT_3D('',#15923,#12690,#12691);
#11682=AXIS2_PLACEMENT_3D('',#15924,#12692,#12693);
#11683=AXIS2_PLACEMENT_3D('',#15926,#12694,#12695);
#11684=AXIS2_PLACEMENT_3D('',#15929,#12697,#12698);
#11685=AXIS2_PLACEMENT_3D('',#15930,#12699,#12700);
#11686=AXIS2_PLACEMENT_3D('',#15931,#12701,#12702);
#11687=AXIS2_PLACEMENT_3D('',#15940,#12707,#12708);
#11688=AXIS2_PLACEMENT_3D('',#15946,#12712,#12713);
#11689=AXIS2_PLACEMENT_3D('',#15952,#12717,#12718);
#11690=AXIS2_PLACEMENT_3D('',#15958,#12722,#12723);
#11691=AXIS2_PLACEMENT_3D('',#15964,#12727,#12728);
#11692=AXIS2_PLACEMENT_3D('',#15970,#12732,#12733);
#11693=AXIS2_PLACEMENT_3D('',#15976,#12737,#12738);
#11694=AXIS2_PLACEMENT_3D('',#15982,#12742,#12743);
#11695=AXIS2_PLACEMENT_3D('',#15988,#12747,#12748);
#11696=AXIS2_PLACEMENT_3D('',#15994,#12752,#12753);
#11697=AXIS2_PLACEMENT_3D('',#16000,#12757,#12758);
#11698=AXIS2_PLACEMENT_3D('',#16003,#12761,#12762);
#11699=AXIS2_PLACEMENT_3D('',#16005,#12763,#12764);
#11700=AXIS2_PLACEMENT_3D('',#16008,#12766,#12767);
#11701=AXIS2_PLACEMENT_3D('',#16009,#12768,#12769);
#11702=AXIS2_PLACEMENT_3D('',#16010,#12770,#12771);
#11703=AXIS2_PLACEMENT_3D('',#16019,#12776,#12777);
#11704=AXIS2_PLACEMENT_3D('',#16025,#12781,#12782);
#11705=AXIS2_PLACEMENT_3D('',#16031,#12786,#12787);
#11706=AXIS2_PLACEMENT_3D('',#16037,#12791,#12792);
#11707=AXIS2_PLACEMENT_3D('',#16043,#12796,#12797);
#11708=AXIS2_PLACEMENT_3D('',#16049,#12801,#12802);
#11709=AXIS2_PLACEMENT_3D('',#16055,#12806,#12807);
#11710=AXIS2_PLACEMENT_3D('',#16061,#12811,#12812);
#11711=AXIS2_PLACEMENT_3D('',#16067,#12816,#12817);
#11712=AXIS2_PLACEMENT_3D('',#16073,#12821,#12822);
#11713=AXIS2_PLACEMENT_3D('',#16079,#12826,#12827);
#11714=AXIS2_PLACEMENT_3D('',#16082,#12830,#12831);
#11715=AXIS2_PLACEMENT_3D('',#16084,#12832,#12833);
#11716=AXIS2_PLACEMENT_3D('',#16087,#12835,#12836);
#11717=AXIS2_PLACEMENT_3D('',#16088,#12837,#12838);
#11718=AXIS2_PLACEMENT_3D('',#16089,#12839,#12840);
#11719=AXIS2_PLACEMENT_3D('',#16098,#12845,#12846);
#11720=AXIS2_PLACEMENT_3D('',#16104,#12850,#12851);
#11721=AXIS2_PLACEMENT_3D('',#16110,#12855,#12856);
#11722=AXIS2_PLACEMENT_3D('',#16116,#12860,#12861);
#11723=AXIS2_PLACEMENT_3D('',#16122,#12865,#12866);
#11724=AXIS2_PLACEMENT_3D('',#16128,#12870,#12871);
#11725=AXIS2_PLACEMENT_3D('',#16134,#12875,#12876);
#11726=AXIS2_PLACEMENT_3D('',#16140,#12880,#12881);
#11727=AXIS2_PLACEMENT_3D('',#16146,#12885,#12886);
#11728=AXIS2_PLACEMENT_3D('',#16152,#12890,#12891);
#11729=AXIS2_PLACEMENT_3D('',#16158,#12895,#12896);
#11730=AXIS2_PLACEMENT_3D('',#16161,#12899,#12900);
#11731=AXIS2_PLACEMENT_3D('',#16163,#12901,#12902);
#11732=AXIS2_PLACEMENT_3D('',#16166,#12904,#12905);
#11733=AXIS2_PLACEMENT_3D('',#16167,#12906,#12907);
#11734=AXIS2_PLACEMENT_3D('',#16168,#12908,#12909);
#11735=AXIS2_PLACEMENT_3D('',#16177,#12914,#12915);
#11736=AXIS2_PLACEMENT_3D('',#16183,#12919,#12920);
#11737=AXIS2_PLACEMENT_3D('',#16189,#12924,#12925);
#11738=AXIS2_PLACEMENT_3D('',#16195,#12929,#12930);
#11739=AXIS2_PLACEMENT_3D('',#16201,#12934,#12935);
#11740=AXIS2_PLACEMENT_3D('',#16207,#12939,#12940);
#11741=AXIS2_PLACEMENT_3D('',#16213,#12944,#12945);
#11742=AXIS2_PLACEMENT_3D('',#16219,#12949,#12950);
#11743=AXIS2_PLACEMENT_3D('',#16225,#12954,#12955);
#11744=AXIS2_PLACEMENT_3D('',#16231,#12959,#12960);
#11745=AXIS2_PLACEMENT_3D('',#16237,#12964,#12965);
#11746=AXIS2_PLACEMENT_3D('',#16240,#12968,#12969);
#11747=AXIS2_PLACEMENT_3D('',#16242,#12970,#12971);
#11748=AXIS2_PLACEMENT_3D('',#16245,#12973,#12974);
#11749=AXIS2_PLACEMENT_3D('',#16246,#12975,#12976);
#11750=AXIS2_PLACEMENT_3D('',#16247,#12977,#12978);
#11751=AXIS2_PLACEMENT_3D('',#16248,#12979,#12980);
#11752=AXIS2_PLACEMENT_3D('',#16249,#12981,#12982);
#11753=AXIS2_PLACEMENT_3D('',#16250,#12983,#12984);
#11754=AXIS2_PLACEMENT_3D('',#16251,#12985,#12986);
#11755=AXIS2_PLACEMENT_3D('',#16254,#12987,#12988);
#11756=AXIS2_PLACEMENT_3D('',#16258,#12990,#12991);
#11757=AXIS2_PLACEMENT_3D('',#16260,#12993,#12994);
#11758=AXIS2_PLACEMENT_3D('',#16263,#12995,#12996);
#11759=AXIS2_PLACEMENT_3D('',#16267,#12998,#12999);
#11760=AXIS2_PLACEMENT_3D('',#16269,#13001,#13002);
#11761=AXIS2_PLACEMENT_3D('',#16272,#13003,#13004);
#11762=AXIS2_PLACEMENT_3D('',#16276,#13006,#13007);
#11763=AXIS2_PLACEMENT_3D('',#16278,#13009,#13010);
#11764=AXIS2_PLACEMENT_3D('',#16281,#13011,#13012);
#11765=AXIS2_PLACEMENT_3D('',#16285,#13014,#13015);
#11766=AXIS2_PLACEMENT_3D('',#16287,#13017,#13018);
#11767=AXIS2_PLACEMENT_3D('',#16291,#13020,#13021);
#11768=AXIS2_PLACEMENT_3D('',#16293,#13023,#13024);
#11769=AXIS2_PLACEMENT_3D('',#16298,#13028,#13029);
#11770=AXIS2_PLACEMENT_3D('',#16300,#13030,#13031);
#11771=AXIS2_PLACEMENT_3D('',#16302,#13033,#13034);
#11772=AXIS2_PLACEMENT_3D('',#16307,#13038,#13039);
#11773=AXIS2_PLACEMENT_3D('',#16309,#13040,#13041);
#11774=AXIS2_PLACEMENT_3D('',#16311,#13043,#13044);
#11775=AXIS2_PLACEMENT_3D('',#16316,#13048,#13049);
#11776=AXIS2_PLACEMENT_3D('',#16318,#13050,#13051);
#11777=AXIS2_PLACEMENT_3D('',#16320,#13053,#13054);
#11778=AXIS2_PLACEMENT_3D('',#16323,#13057,#13058);
#11779=AXIS2_PLACEMENT_3D('',#16324,#13059,#13060);
#11780=AXIS2_PLACEMENT_3D('',#16326,#13061,#13062);
#11781=AXIS2_PLACEMENT_3D('',#16327,#13063,#13064);
#11782=AXIS2_PLACEMENT_3D('',#16328,#13065,#13066);
#11783=AXIS2_PLACEMENT_3D('',#16329,#13067,#13068);
#11784=AXIS2_PLACEMENT_3D('',#16330,#13069,#13070);
#11785=AXIS2_PLACEMENT_3D('',#16331,#13071,#13072);
#11786=AXIS2_PLACEMENT_3D('',#16332,#13073,#13074);
#11787=AXIS2_PLACEMENT_3D('',#16333,#13075,#13076);
#11788=AXIS2_PLACEMENT_3D('',#16334,#13077,#13078);
#11789=AXIS2_PLACEMENT_3D('',#16343,#13083,#13084);
#11790=AXIS2_PLACEMENT_3D('',#16349,#13088,#13089);
#11791=AXIS2_PLACEMENT_3D('',#16355,#13093,#13094);
#11792=AXIS2_PLACEMENT_3D('',#16361,#13098,#13099);
#11793=AXIS2_PLACEMENT_3D('',#16367,#13103,#13104);
#11794=AXIS2_PLACEMENT_3D('',#16373,#13108,#13109);
#11795=AXIS2_PLACEMENT_3D('',#16379,#13113,#13114);
#11796=AXIS2_PLACEMENT_3D('',#16385,#13118,#13119);
#11797=AXIS2_PLACEMENT_3D('',#16391,#13123,#13124);
#11798=AXIS2_PLACEMENT_3D('',#16397,#13128,#13129);
#11799=AXIS2_PLACEMENT_3D('',#16403,#13133,#13134);
#11800=AXIS2_PLACEMENT_3D('',#16406,#13137,#13138);
#11801=AXIS2_PLACEMENT_3D('',#16407,#13139,#13140);
#11802=AXIS2_PLACEMENT_3D('',#16409,#13141,#13142);
#11803=AXIS2_PLACEMENT_3D('',#16412,#13144,#13145);
#11804=AXIS2_PLACEMENT_3D('',#16413,#13146,#13147);
#11805=AXIS2_PLACEMENT_3D('',#16414,#13148,#13149);
#11806=AXIS2_PLACEMENT_3D('',#16416,#13150,#13151);
#11807=AXIS2_PLACEMENT_3D('',#16419,#13153,#13154);
#11808=AXIS2_PLACEMENT_3D('',#16420,#13155,#13156);
#11809=AXIS2_PLACEMENT_3D('',#16422,#13157,#13158);
#11810=AXIS2_PLACEMENT_3D('',#16425,#13160,#13161);
#11811=AXIS2_PLACEMENT_3D('',#16426,#13162,#13163);
#11812=AXIS2_PLACEMENT_3D('',#16435,#13168,#13169);
#11813=AXIS2_PLACEMENT_3D('',#16445,#13175,#13176);
#11814=AXIS2_PLACEMENT_3D('',#16449,#13179,#13180);
#11815=AXIS2_PLACEMENT_3D('',#16453,#13183,#13184);
#11816=AXIS2_PLACEMENT_3D('',#16462,#13189,#13190);
#11817=AXIS2_PLACEMENT_3D('',#16472,#13196,#13197);
#11818=AXIS2_PLACEMENT_3D('',#16476,#13200,#13201);
#11819=AXIS2_PLACEMENT_3D('',#16480,#13204,#13205);
#11820=AXIS2_PLACEMENT_3D('',#16486,#13209,#13210);
#11821=AXIS2_PLACEMENT_3D('',#16488,#13212,#13213);
#11822=AXIS2_PLACEMENT_3D('',#16490,#13215,#13216);
#11823=AXIS2_PLACEMENT_3D('',#16494,#13219,#13220);
#11824=AXIS2_PLACEMENT_3D('',#16498,#13223,#13224);
#11825=AXIS2_PLACEMENT_3D('',#16500,#13226,#13227);
#11826=AXIS2_PLACEMENT_3D('',#16503,#13228,#13229);
#11827=AXIS2_PLACEMENT_3D('',#16507,#13231,#13232);
#11828=AXIS2_PLACEMENT_3D('',#16509,#13233,#13234);
#11829=AXIS2_PLACEMENT_3D('',#16511,#13235,#13236);
#11830=AXIS2_PLACEMENT_3D('',#16513,#13238,#13239);
#11831=AXIS2_PLACEMENT_3D('',#16516,#13240,#13241);
#11832=AXIS2_PLACEMENT_3D('',#16520,#13243,#13244);
#11833=AXIS2_PLACEMENT_3D('',#16522,#13246,#13247);
#11834=AXIS2_PLACEMENT_3D('',#16525,#13248,#13249);
#11835=AXIS2_PLACEMENT_3D('',#16527,#13250,#13251);
#11836=AXIS2_PLACEMENT_3D('',#16529,#13252,#13253);
#11837=AXIS2_PLACEMENT_3D('',#16533,#13255,#13256);
#11838=AXIS2_PLACEMENT_3D('',#16535,#13258,#13259);
#11839=AXIS2_PLACEMENT_3D('',#16538,#13260,#13261);
#11840=AXIS2_PLACEMENT_3D('',#16542,#13263,#13264);
#11841=AXIS2_PLACEMENT_3D('',#16544,#13266,#13267);
#11842=AXIS2_PLACEMENT_3D('',#16550,#13271,#13272);
#11843=AXIS2_PLACEMENT_3D('',#16552,#13273,#13274);
#11844=AXIS2_PLACEMENT_3D('',#16554,#13275,#13276);
#11845=AXIS2_PLACEMENT_3D('',#16556,#13278,#13279);
#11846=AXIS2_PLACEMENT_3D('',#16559,#13282,#13283);
#11847=AXIS2_PLACEMENT_3D('',#16568,#13288,#13289);
#11848=AXIS2_PLACEMENT_3D('',#16570,#13290,#13291);
#11849=AXIS2_PLACEMENT_3D('',#16572,#13292,#13293);
#11850=AXIS2_PLACEMENT_3D('',#16574,#13295,#13296);
#11851=AXIS2_PLACEMENT_3D('',#16580,#13300,#13301);
#11852=AXIS2_PLACEMENT_3D('',#16581,#13302,#13303);
#11853=AXIS2_PLACEMENT_3D('',#16582,#13304,#13305);
#11854=AXIS2_PLACEMENT_3D('',#16583,#13306,#13307);
#11855=AXIS2_PLACEMENT_3D('',#16586,#13308,#13309);
#11856=AXIS2_PLACEMENT_3D('',#16590,#13311,#13312);
#11857=AXIS2_PLACEMENT_3D('',#16592,#13314,#13315);
#11858=AXIS2_PLACEMENT_3D('',#16602,#13321,#13322);
#11859=AXIS2_PLACEMENT_3D('',#16615,#13329,#13330);
#11860=AXIS2_PLACEMENT_3D('',#16617,#13331,#13332);
#11861=AXIS2_PLACEMENT_3D('',#16619,#13333,#13334);
#11862=AXIS2_PLACEMENT_3D('',#16621,#13336,#13337);
#11863=AXIS2_PLACEMENT_3D('',#16628,#13342,#13343);
#11864=AXIS2_PLACEMENT_3D('',#16632,#13345,#13346);
#11865=AXIS2_PLACEMENT_3D('',#16634,#13348,#13349);
#11866=AXIS2_PLACEMENT_3D('',#16644,#13355,#13356);
#11867=AXIS2_PLACEMENT_3D('',#16646,#13357,#13358);
#11868=AXIS2_PLACEMENT_3D('',#16648,#13359,#13360);
#11869=AXIS2_PLACEMENT_3D('',#16650,#13362,#13363);
#11870=AXIS2_PLACEMENT_3D('',#16657,#13368,#13369);
#11871=AXIS2_PLACEMENT_3D('',#16667,#13375,#13376);
#11872=AXIS2_PLACEMENT_3D('',#16669,#13377,#13378);
#11873=AXIS2_PLACEMENT_3D('',#16671,#13379,#13380);
#11874=AXIS2_PLACEMENT_3D('',#16673,#13382,#13383);
#11875=AXIS2_PLACEMENT_3D('',#16680,#13388,#13389);
#11876=AXIS2_PLACEMENT_3D('',#16684,#13391,#13392);
#11877=AXIS2_PLACEMENT_3D('',#16686,#13394,#13395);
#11878=AXIS2_PLACEMENT_3D('',#16693,#13400,#13401);
#11879=AXIS2_PLACEMENT_3D('',#16695,#13402,#13403);
#11880=AXIS2_PLACEMENT_3D('',#16699,#13406,#13407);
#11881=AXIS2_PLACEMENT_3D('',#16701,#13408,#13409);
#11882=AXIS2_PLACEMENT_3D('',#16702,#13410,#13411);
#11883=AXIS2_PLACEMENT_3D('',#16704,#13412,#13413);
#11884=AXIS2_PLACEMENT_3D('',#16708,#13416,#13417);
#11885=AXIS2_PLACEMENT_3D('',#16709,#13418,#13419);
#11886=AXIS2_PLACEMENT_3D('',#16710,#13420,#13421);
#11887=AXIS2_PLACEMENT_3D('',#16711,#13422,#13423);
#11888=AXIS2_PLACEMENT_3D('',#16713,#13424,#13425);
#11889=AXIS2_PLACEMENT_3D('',#16714,#13426,#13427);
#11890=AXIS2_PLACEMENT_3D('',#16715,#13428,#13429);
#11891=AXIS2_PLACEMENT_3D('',#16717,#13430,#13431);
#11892=AXIS2_PLACEMENT_3D('',#16720,#13433,#13434);
#11893=AXIS2_PLACEMENT_3D('',#16721,#13435,#13436);
#11894=AXIS2_PLACEMENT_3D('',#16723,#13437,#13438);
#11895=AXIS2_PLACEMENT_3D('',#16726,#13440,#13441);
#11896=AXIS2_PLACEMENT_3D('',#16727,#13442,#13443);
#11897=AXIS2_PLACEMENT_3D('',#16729,#13444,#13445);
#11898=AXIS2_PLACEMENT_3D('',#16732,#13447,#13448);
#11899=AXIS2_PLACEMENT_3D('',#16733,#13449,#13450);
#11900=AXIS2_PLACEMENT_3D('',#16735,#13451,#13452);
#11901=AXIS2_PLACEMENT_3D('',#16738,#13454,#13455);
#11902=AXIS2_PLACEMENT_3D('',#16739,#13456,#13457);
#11903=AXIS2_PLACEMENT_3D('',#16740,#13458,#13459);
#11904=AXIS2_PLACEMENT_3D('',#16741,#13460,#13461);
#11905=AXIS2_PLACEMENT_3D('',#16742,#13462,#13463);
#11906=AXIS2_PLACEMENT_3D('',#16743,#13464,#13465);
#11907=AXIS2_PLACEMENT_3D('',#16744,#13466,#13467);
#11908=AXIS2_PLACEMENT_3D('',#16745,#13468,#13469);
#11909=AXIS2_PLACEMENT_3D('',#16746,#13470,#13471);
#11910=AXIS2_PLACEMENT_3D('',#16747,#13472,#13473);
#11911=AXIS2_PLACEMENT_3D('',#16748,#13474,#13475);
#11912=AXIS2_PLACEMENT_3D('',#16751,#13477,#13478);
#11913=AXIS2_PLACEMENT_3D('',#16752,#13479,#13480);
#11914=AXIS2_PLACEMENT_3D('',#16761,#13485,#13486);
#11915=AXIS2_PLACEMENT_3D('',#16764,#13488,#13489);
#11916=AXIS2_PLACEMENT_3D('',#16765,#13490,#13491);
#11917=AXIS2_PLACEMENT_3D('',#16766,#13492,#13493);
#11918=AXIS2_PLACEMENT_3D('',#16770,#13496,#13497);
#11919=AXIS2_PLACEMENT_3D('',#16776,#13501,#13502);
#11920=AXIS2_PLACEMENT_3D('',#16778,#13503,#13504);
#11921=AXIS2_PLACEMENT_3D('',#16781,#13506,#13507);
#11922=AXIS2_PLACEMENT_3D('',#16782,#13508,#13509);
#11923=AXIS2_PLACEMENT_3D('',#16788,#13513,#13514);
#11924=AXIS2_PLACEMENT_3D('',#16794,#13518,#13519);
#11925=AXIS2_PLACEMENT_3D('',#16797,#13521,#13522);
#11926=AXIS2_PLACEMENT_3D('',#16798,#13523,#13524);
#11927=AXIS2_PLACEMENT_3D('',#16802,#13527,#13528);
#11928=AXIS2_PLACEMENT_3D('',#16811,#13533,#13534);
#11929=AXIS2_PLACEMENT_3D('',#16814,#13536,#13537);
#11930=AXIS2_PLACEMENT_3D('',#16815,#13538,#13539);
#11931=AXIS2_PLACEMENT_3D('',#16816,#13540,#13541);
#11932=AXIS2_PLACEMENT_3D('',#16820,#13544,#13545);
#11933=AXIS2_PLACEMENT_3D('',#16826,#13549,#13550);
#11934=AXIS2_PLACEMENT_3D('',#16828,#13551,#13552);
#11935=AXIS2_PLACEMENT_3D('',#16831,#13554,#13555);
#11936=AXIS2_PLACEMENT_3D('',#16832,#13556,#13557);
#11937=AXIS2_PLACEMENT_3D('',#16838,#13561,#13562);
#11938=AXIS2_PLACEMENT_3D('',#16844,#13566,#13567);
#11939=AXIS2_PLACEMENT_3D('',#16847,#13569,#13570);
#11940=AXIS2_PLACEMENT_3D('',#16848,#13571,#13572);
#11941=AXIS2_PLACEMENT_3D('',#16852,#13575,#13576);
#11942=AXIS2_PLACEMENT_3D('',#16853,#13577,#13578);
#11943=AXIS2_PLACEMENT_3D('',#16854,#13579,#13580);
#11944=AXIS2_PLACEMENT_3D('',#16855,#13581,#13582);
#11945=AXIS2_PLACEMENT_3D('',#16856,#13583,#13584);
#11946=AXIS2_PLACEMENT_3D('',#16857,#13585,#13586);
#11947=AXIS2_PLACEMENT_3D('',#16858,#13587,#13588);
#11948=AXIS2_PLACEMENT_3D('',#16859,#13589,#13590);
#11949=AXIS2_PLACEMENT_3D('',#16860,#13591,#13592);
#11950=AXIS2_PLACEMENT_3D('',#16861,#13593,#13594);
#11951=AXIS2_PLACEMENT_3D('',#16862,#13595,#13596);
#11952=AXIS2_PLACEMENT_3D('',#16863,#13597,#13598);
#11953=AXIS2_PLACEMENT_3D('',#16864,#13599,#13600);
#11954=AXIS2_PLACEMENT_3D('',#16865,#13601,#13602);
#11955=AXIS2_PLACEMENT_3D('',#16866,#13603,#13604);
#11956=AXIS2_PLACEMENT_3D('',#16867,#13605,#13606);
#11957=AXIS2_PLACEMENT_3D('',#16876,#13611,#13612);
#11958=AXIS2_PLACEMENT_3D('',#16882,#13616,#13617);
#11959=AXIS2_PLACEMENT_3D('',#16888,#13621,#13622);
#11960=AXIS2_PLACEMENT_3D('',#16894,#13626,#13627);
#11961=AXIS2_PLACEMENT_3D('',#16900,#13631,#13632);
#11962=AXIS2_PLACEMENT_3D('',#16906,#13636,#13637);
#11963=AXIS2_PLACEMENT_3D('',#16912,#13641,#13642);
#11964=AXIS2_PLACEMENT_3D('',#16918,#13646,#13647);
#11965=AXIS2_PLACEMENT_3D('',#16924,#13651,#13652);
#11966=AXIS2_PLACEMENT_3D('',#16930,#13656,#13657);
#11967=AXIS2_PLACEMENT_3D('',#16936,#13661,#13662);
#11968=AXIS2_PLACEMENT_3D('',#16939,#13665,#13666);
#11969=AXIS2_PLACEMENT_3D('',#16941,#13667,#13668);
#11970=AXIS2_PLACEMENT_3D('',#16944,#13670,#13671);
#11971=AXIS2_PLACEMENT_3D('',#16945,#13672,#13673);
#11972=AXIS2_PLACEMENT_3D('',#16946,#13674,#13675);
#11973=AXIS2_PLACEMENT_3D('',#16955,#13680,#13681);
#11974=AXIS2_PLACEMENT_3D('',#16961,#13685,#13686);
#11975=AXIS2_PLACEMENT_3D('',#16967,#13690,#13691);
#11976=AXIS2_PLACEMENT_3D('',#16973,#13695,#13696);
#11977=AXIS2_PLACEMENT_3D('',#16979,#13700,#13701);
#11978=AXIS2_PLACEMENT_3D('',#16985,#13705,#13706);
#11979=AXIS2_PLACEMENT_3D('',#16991,#13710,#13711);
#11980=AXIS2_PLACEMENT_3D('',#16997,#13715,#13716);
#11981=AXIS2_PLACEMENT_3D('',#17003,#13720,#13721);
#11982=AXIS2_PLACEMENT_3D('',#17009,#13725,#13726);
#11983=AXIS2_PLACEMENT_3D('',#17015,#13730,#13731);
#11984=AXIS2_PLACEMENT_3D('',#17018,#13734,#13735);
#11985=AXIS2_PLACEMENT_3D('',#17020,#13736,#13737);
#11986=AXIS2_PLACEMENT_3D('',#17023,#13739,#13740);
#11987=AXIS2_PLACEMENT_3D('',#17024,#13741,#13742);
#11988=AXIS2_PLACEMENT_3D('',#17025,#13743,#13744);
#11989=AXIS2_PLACEMENT_3D('',#17034,#13749,#13750);
#11990=AXIS2_PLACEMENT_3D('',#17040,#13754,#13755);
#11991=AXIS2_PLACEMENT_3D('',#17046,#13759,#13760);
#11992=AXIS2_PLACEMENT_3D('',#17052,#13764,#13765);
#11993=AXIS2_PLACEMENT_3D('',#17058,#13769,#13770);
#11994=AXIS2_PLACEMENT_3D('',#17064,#13774,#13775);
#11995=AXIS2_PLACEMENT_3D('',#17070,#13779,#13780);
#11996=AXIS2_PLACEMENT_3D('',#17076,#13784,#13785);
#11997=AXIS2_PLACEMENT_3D('',#17082,#13789,#13790);
#11998=AXIS2_PLACEMENT_3D('',#17088,#13794,#13795);
#11999=AXIS2_PLACEMENT_3D('',#17094,#13799,#13800);
#12000=AXIS2_PLACEMENT_3D('',#17097,#13803,#13804);
#12001=AXIS2_PLACEMENT_3D('',#17099,#13805,#13806);
#12002=AXIS2_PLACEMENT_3D('',#17102,#13808,#13809);
#12003=AXIS2_PLACEMENT_3D('',#17103,#13810,#13811);
#12004=AXIS2_PLACEMENT_3D('',#17104,#13812,#13813);
#12005=AXIS2_PLACEMENT_3D('',#17106,#13814,#13815);
#12006=AXIS2_PLACEMENT_3D('',#17107,#13816,#13817);
#12007=AXIS2_PLACEMENT_3D('',#17109,#13818,#13819);
#12008=AXIS2_PLACEMENT_3D('',#17110,#13820,#13821);
#12009=AXIS2_PLACEMENT_3D('',#17112,#13822,#13823);
#12010=AXIS2_PLACEMENT_3D('',#17113,#13824,#13825);
#12011=AXIS2_PLACEMENT_3D('',#17122,#13830,#13831);
#12012=AXIS2_PLACEMENT_3D('',#17128,#13835,#13836);
#12013=AXIS2_PLACEMENT_3D('',#17134,#13840,#13841);
#12014=AXIS2_PLACEMENT_3D('',#17140,#13845,#13846);
#12015=AXIS2_PLACEMENT_3D('',#17146,#13850,#13851);
#12016=AXIS2_PLACEMENT_3D('',#17152,#13855,#13856);
#12017=AXIS2_PLACEMENT_3D('',#17158,#13860,#13861);
#12018=AXIS2_PLACEMENT_3D('',#17164,#13865,#13866);
#12019=AXIS2_PLACEMENT_3D('',#17170,#13870,#13871);
#12020=AXIS2_PLACEMENT_3D('',#17176,#13875,#13876);
#12021=AXIS2_PLACEMENT_3D('',#17182,#13880,#13881);
#12022=AXIS2_PLACEMENT_3D('',#17185,#13884,#13885);
#12023=AXIS2_PLACEMENT_3D('',#17187,#13886,#13887);
#12024=AXIS2_PLACEMENT_3D('',#17190,#13889,#13890);
#12025=AXIS2_PLACEMENT_3D('',#17191,#13891,#13892);
#12026=AXIS2_PLACEMENT_3D('',#17192,#13893,#13894);
#12027=AXIS2_PLACEMENT_3D('',#17201,#13899,#13900);
#12028=AXIS2_PLACEMENT_3D('',#17207,#13904,#13905);
#12029=AXIS2_PLACEMENT_3D('',#17213,#13909,#13910);
#12030=AXIS2_PLACEMENT_3D('',#17219,#13914,#13915);
#12031=AXIS2_PLACEMENT_3D('',#17225,#13919,#13920);
#12032=AXIS2_PLACEMENT_3D('',#17231,#13924,#13925);
#12033=AXIS2_PLACEMENT_3D('',#17237,#13929,#13930);
#12034=AXIS2_PLACEMENT_3D('',#17243,#13934,#13935);
#12035=AXIS2_PLACEMENT_3D('',#17249,#13939,#13940);
#12036=AXIS2_PLACEMENT_3D('',#17255,#13944,#13945);
#12037=AXIS2_PLACEMENT_3D('',#17261,#13949,#13950);
#12038=AXIS2_PLACEMENT_3D('',#17264,#13953,#13954);
#12039=AXIS2_PLACEMENT_3D('',#17266,#13955,#13956);
#12040=AXIS2_PLACEMENT_3D('',#17269,#13958,#13959);
#12041=AXIS2_PLACEMENT_3D('',#17270,#13960,#13961);
#12042=AXIS2_PLACEMENT_3D('',#17271,#13962,#13963);
#12043=AXIS2_PLACEMENT_3D('',#17280,#13968,#13969);
#12044=AXIS2_PLACEMENT_3D('',#17286,#13973,#13974);
#12045=AXIS2_PLACEMENT_3D('',#17292,#13978,#13979);
#12046=AXIS2_PLACEMENT_3D('',#17298,#13983,#13984);
#12047=AXIS2_PLACEMENT_3D('',#17304,#13988,#13989);
#12048=AXIS2_PLACEMENT_3D('',#17310,#13993,#13994);
#12049=AXIS2_PLACEMENT_3D('',#17316,#13998,#13999);
#12050=AXIS2_PLACEMENT_3D('',#17322,#14003,#14004);
#12051=AXIS2_PLACEMENT_3D('',#17328,#14008,#14009);
#12052=AXIS2_PLACEMENT_3D('',#17334,#14013,#14014);
#12053=AXIS2_PLACEMENT_3D('',#17340,#14018,#14019);
#12054=AXIS2_PLACEMENT_3D('',#17343,#14022,#14023);
#12055=AXIS2_PLACEMENT_3D('',#17345,#14024,#14025);
#12056=AXIS2_PLACEMENT_3D('',#17348,#14027,#14028);
#12057=AXIS2_PLACEMENT_3D('',#17349,#14029,#14030);
#12058=AXIS2_PLACEMENT_3D('',#17350,#14031,#14032);
#12059=AXIS2_PLACEMENT_3D('',#17359,#14037,#14038);
#12060=AXIS2_PLACEMENT_3D('',#17365,#14042,#14043);
#12061=AXIS2_PLACEMENT_3D('',#17371,#14047,#14048);
#12062=AXIS2_PLACEMENT_3D('',#17377,#14052,#14053);
#12063=AXIS2_PLACEMENT_3D('',#17383,#14057,#14058);
#12064=AXIS2_PLACEMENT_3D('',#17389,#14062,#14063);
#12065=AXIS2_PLACEMENT_3D('',#17395,#14067,#14068);
#12066=AXIS2_PLACEMENT_3D('',#17401,#14072,#14073);
#12067=AXIS2_PLACEMENT_3D('',#17407,#14077,#14078);
#12068=AXIS2_PLACEMENT_3D('',#17413,#14082,#14083);
#12069=AXIS2_PLACEMENT_3D('',#17419,#14087,#14088);
#12070=AXIS2_PLACEMENT_3D('',#17422,#14091,#14092);
#12071=AXIS2_PLACEMENT_3D('',#17424,#14093,#14094);
#12072=AXIS2_PLACEMENT_3D('',#17427,#14096,#14097);
#12073=AXIS2_PLACEMENT_3D('',#17428,#14098,#14099);
#12074=AXIS2_PLACEMENT_3D('',#17429,#14100,#14101);
#12075=AXIS2_PLACEMENT_3D('',#17431,#14102,#14103);
#12076=AXIS2_PLACEMENT_3D('',#17432,#14104,#14105);
#12077=AXIS2_PLACEMENT_3D('',#17434,#14106,#14107);
#12078=AXIS2_PLACEMENT_3D('',#17435,#14108,#14109);
#12079=AXIS2_PLACEMENT_3D('',#17437,#14110,#14111);
#12080=AXIS2_PLACEMENT_3D('',#17438,#14112,#14113);
#12081=AXIS2_PLACEMENT_3D('',#17440,#14114,#14115);
#12082=AXIS2_PLACEMENT_3D('',#17441,#14116,#14117);
#12083=AXIS2_PLACEMENT_3D('',#17445,#14119,#14120);
#12084=AXIS2_PLACEMENT_3D('',#17447,#14121,#14122);
#12085=AXIS2_PLACEMENT_3D('',#17448,#14123,#14124);
#12086=AXIS2_PLACEMENT_3D('',#17449,#14125,#14126);
#12087=AXIS2_PLACEMENT_3D('',#17450,#14127,#14128);
#12088=AXIS2_PLACEMENT_3D('',#17452,#14130,#14131);
#12089=AXIS2_PLACEMENT_3D('',#17456,#14134,#14135);
#12090=AXIS2_PLACEMENT_3D('',#17462,#14139,#14140);
#12091=AXIS2_PLACEMENT_3D('',#17464,#14141,#14142);
#12092=AXIS2_PLACEMENT_3D('',#17468,#14144,#14145);
#12093=AXIS2_PLACEMENT_3D('',#17471,#14148,#14149);
#12094=AXIS2_PLACEMENT_3D('',#17477,#14153,#14154);
#12095=AXIS2_PLACEMENT_3D('',#17480,#14156,#14157);
#12096=AXIS2_PLACEMENT_3D('',#17481,#14158,#14159);
#12097=AXIS2_PLACEMENT_3D('',#17484,#14162,#14163);
#12098=AXIS2_PLACEMENT_3D('',#17487,#14165,#14166);
#12099=AXIS2_PLACEMENT_3D('',#17488,#14167,#14168);
#12100=AXIS2_PLACEMENT_3D('',#17497,#14173,#14174);
#12101=AXIS2_PLACEMENT_3D('',#17499,#14175,#14176);
#12102=AXIS2_PLACEMENT_3D('',#17501,#14177,#14178);
#12103=AXIS2_PLACEMENT_3D('',#17503,#14180,#14181);
#12104=AXIS2_PLACEMENT_3D('',#17509,#14185,#14186);
#12105=AXIS2_PLACEMENT_3D('',#17511,#14187,#14188);
#12106=AXIS2_PLACEMENT_3D('',#17513,#14189,#14190);
#12107=AXIS2_PLACEMENT_3D('',#17515,#14192,#14193);
#12108=AXIS2_PLACEMENT_3D('',#17521,#14197,#14198);
#12109=AXIS2_PLACEMENT_3D('',#17523,#14199,#14200);
#12110=AXIS2_PLACEMENT_3D('',#17525,#14201,#14202);
#12111=AXIS2_PLACEMENT_3D('',#17527,#14204,#14205);
#12112=AXIS2_PLACEMENT_3D('',#17534,#14210,#14211);
#12113=AXIS2_PLACEMENT_3D('',#17535,#14212,#14213);
#12114=AXIS2_PLACEMENT_3D('',#17536,#14214,#14215);
#12115=AXIS2_PLACEMENT_3D('',#17537,#14216,#14217);
#12116=AXIS2_PLACEMENT_3D('',#17538,#14218,#14219);
#12117=AXIS2_PLACEMENT_3D('',#17539,#14220,#14221);
#12118=AXIS2_PLACEMENT_3D('',#17540,#14222,#14223);
#12119=AXIS2_PLACEMENT_3D('',#17541,#14224,#14225);
#12120=AXIS2_PLACEMENT_3D('',#17542,#14226,#14227);
#12121=AXIS2_PLACEMENT_3D('',#17544,#14228,#14229);
#12122=AXIS2_PLACEMENT_3D('',#17547,#14231,#14232);
#12123=AXIS2_PLACEMENT_3D('',#17548,#14233,#14234);
#12124=AXIS2_PLACEMENT_3D('',#17554,#14238,#14239);
#12125=AXIS2_PLACEMENT_3D('',#17558,#14242,#14243);
#12126=AXIS2_PLACEMENT_3D('',#17562,#14246,#14247);
#12127=AXIS2_PLACEMENT_3D('',#17566,#14250,#14251);
#12128=AXIS2_PLACEMENT_3D('',#17570,#14254,#14255);
#12129=AXIS2_PLACEMENT_3D('',#17572,#14257,#14258);
#12130=AXIS2_PLACEMENT_3D('',#17573,#14259,#14260);
#12131=AXIS2_PLACEMENT_3D('',#17575,#14261,#14262);
#12132=AXIS2_PLACEMENT_3D('',#17578,#14264,#14265);
#12133=AXIS2_PLACEMENT_3D('',#17579,#14266,#14267);
#12134=AXIS2_PLACEMENT_3D('',#17585,#14271,#14272);
#12135=AXIS2_PLACEMENT_3D('',#17589,#14275,#14276);
#12136=AXIS2_PLACEMENT_3D('',#17593,#14279,#14280);
#12137=AXIS2_PLACEMENT_3D('',#17597,#14283,#14284);
#12138=AXIS2_PLACEMENT_3D('',#17601,#14287,#14288);
#12139=AXIS2_PLACEMENT_3D('',#17603,#14290,#14291);
#12140=AXIS2_PLACEMENT_3D('',#17604,#14292,#14293);
#12141=AXIS2_PLACEMENT_3D('',#17606,#14294,#14295);
#12142=AXIS2_PLACEMENT_3D('',#17609,#14297,#14298);
#12143=AXIS2_PLACEMENT_3D('',#17610,#14299,#14300);
#12144=AXIS2_PLACEMENT_3D('',#17616,#14304,#14305);
#12145=AXIS2_PLACEMENT_3D('',#17620,#14308,#14309);
#12146=AXIS2_PLACEMENT_3D('',#17624,#14312,#14313);
#12147=AXIS2_PLACEMENT_3D('',#17628,#14316,#14317);
#12148=AXIS2_PLACEMENT_3D('',#17632,#14320,#14321);
#12149=AXIS2_PLACEMENT_3D('',#17634,#14323,#14324);
#12150=AXIS2_PLACEMENT_3D('',#17635,#14325,#14326);
#12151=AXIS2_PLACEMENT_3D('',#17637,#14327,#14328);
#12152=AXIS2_PLACEMENT_3D('',#17640,#14330,#14331);
#12153=AXIS2_PLACEMENT_3D('',#17641,#14332,#14333);
#12154=AXIS2_PLACEMENT_3D('',#17647,#14337,#14338);
#12155=AXIS2_PLACEMENT_3D('',#17651,#14341,#14342);
#12156=AXIS2_PLACEMENT_3D('',#17655,#14345,#14346);
#12157=AXIS2_PLACEMENT_3D('',#17659,#14349,#14350);
#12158=AXIS2_PLACEMENT_3D('',#17663,#14353,#14354);
#12159=AXIS2_PLACEMENT_3D('',#17665,#14356,#14357);
#12160=AXIS2_PLACEMENT_3D('',#17666,#14358,#14359);
#12161=AXIS2_PLACEMENT_3D('',#17667,#14360,#14361);
#12162=AXIS2_PLACEMENT_3D('',#17668,#14362,#14363);
#12163=AXIS2_PLACEMENT_3D('',#17669,#14364,#14365);
#12164=AXIS2_PLACEMENT_3D('',#17670,#14366,#14367);
#12165=AXIS2_PLACEMENT_3D('',#17671,#14368,#14369);
#12166=AXIS2_PLACEMENT_3D('',#17672,#14370,#14371);
#12167=AXIS2_PLACEMENT_3D('',#17673,#14372,#14373);
#12168=AXIS2_PLACEMENT_3D('',#17675,#14374,#14375);
#12169=AXIS2_PLACEMENT_3D('',#17677,#14376,#14377);
#12170=AXIS2_PLACEMENT_3D('',#17678,#14378,#14379);
#12171=AXIS2_PLACEMENT_3D('',#17679,#14380,#14381);
#12172=AXIS2_PLACEMENT_3D('',#17680,#14382,#14383);
#12173=AXIS2_PLACEMENT_3D('',#17681,#14384,#14385);
#12174=AXIS2_PLACEMENT_3D('',#17682,#14386,#14387);
#12175=AXIS2_PLACEMENT_3D('',#17684,#14388,#14389);
#12176=AXIS2_PLACEMENT_3D('',#17686,#14391,#14392);
#12177=AXIS2_PLACEMENT_3D('',#17688,#14393,#14394);
#12178=AXIS2_PLACEMENT_3D('',#17690,#14396,#14397);
#12179=AXIS2_PLACEMENT_3D('',#17691,#14398,#14399);
#12180=AXIS2_PLACEMENT_3D('',#17692,#14400,#14401);
#12181=AXIS2_PLACEMENT_3D('',#17693,#14402,#14403);
#12182=AXIS2_PLACEMENT_3D('',#17695,#14404,#14405);
#12183=AXIS2_PLACEMENT_3D('',#17697,#14407,#14408);
#12184=AXIS2_PLACEMENT_3D('',#17699,#14409,#14410);
#12185=AXIS2_PLACEMENT_3D('',#17702,#14412,#14413);
#12186=AXIS2_PLACEMENT_3D('',#17703,#14414,#14415);
#12187=AXIS2_PLACEMENT_3D('',#17704,#14416,#14417);
#12188=AXIS2_PLACEMENT_3D('',#17706,#14418,#14419);
#12189=AXIS2_PLACEMENT_3D('',#17709,#14421,#14422);
#12190=AXIS2_PLACEMENT_3D('',#17710,#14423,#14424);
#12191=AXIS2_PLACEMENT_3D('',#17711,#14425,#14426);
#12192=AXIS2_PLACEMENT_3D('',#17714,#14427,#14428);
#12193=AXIS2_PLACEMENT_3D('',#17718,#14430,#14431);
#12194=AXIS2_PLACEMENT_3D('',#17720,#14433,#14434);
#12195=AXIS2_PLACEMENT_3D('',#17723,#14435,#14436);
#12196=AXIS2_PLACEMENT_3D('',#17727,#14438,#14439);
#12197=AXIS2_PLACEMENT_3D('',#17729,#14441,#14442);
#12198=AXIS2_PLACEMENT_3D('',#17732,#14445,#14446);
#12199=AXIS2_PLACEMENT_3D('',#17735,#14447,#14448);
#12200=AXIS2_PLACEMENT_3D('',#17739,#14450,#14451);
#12201=AXIS2_PLACEMENT_3D('',#17741,#14453,#14454);
#12202=AXIS2_PLACEMENT_3D('',#17744,#14455,#14456);
#12203=AXIS2_PLACEMENT_3D('',#17748,#14458,#14459);
#12204=AXIS2_PLACEMENT_3D('',#17750,#14461,#14462);
#12205=AXIS2_PLACEMENT_3D('',#17753,#14465,#14466);
#12206=AXIS2_PLACEMENT_3D('',#17759,#14469,#14470);
#12207=AXIS2_PLACEMENT_3D('',#17764,#14474,#14475);
#12208=AXIS2_PLACEMENT_3D('',#17766,#14476,#14477);
#12209=AXIS2_PLACEMENT_3D('',#17768,#14479,#14480);
#12210=AXIS2_PLACEMENT_3D('',#17771,#14482,#14483);
#12211=AXIS2_PLACEMENT_3D('',#17772,#14484,#14485);
#12212=AXIS2_PLACEMENT_3D('',#17791,#14487,#14488);
#12213=AXIS2_PLACEMENT_3D('',#17795,#14491,#14492);
#12214=AXIS2_PLACEMENT_3D('',#17796,#14493,#14494);
#12215=AXIS2_PLACEMENT_3D('',#17816,#14495,#14496);
#12216=AXIS2_PLACEMENT_3D('',#17912,#14497,#14498);
#12217=AXIS2_PLACEMENT_3D('',#17913,#14499,#14500);
#12218=AXIS2_PLACEMENT_3D('',#17914,#14501,#14502);
#12219=AXIS2_PLACEMENT_3D('',#17916,#14503,#14504);
#12220=AXIS2_PLACEMENT_3D('',#17918,#14505,#14506);
#12221=AXIS2_PLACEMENT_3D('',#17919,#14507,#14508);
#12222=AXIS2_PLACEMENT_3D('',#17922,#14510,#14511);
#12223=AXIS2_PLACEMENT_3D('',#17923,#14512,#14513);
#12224=AXIS2_PLACEMENT_3D('',#17925,#14514,#14515);
#12225=AXIS2_PLACEMENT_3D('',#17926,#14516,#14517);
#12226=AXIS2_PLACEMENT_3D('',#17928,#14518,#14519);
#12227=AXIS2_PLACEMENT_3D('',#17930,#14520,#14521);
#12228=AXIS2_PLACEMENT_3D('',#17931,#14522,#14523);
#12229=AXIS2_PLACEMENT_3D('',#17934,#14525,#14526);
#12230=AXIS2_PLACEMENT_3D('',#17935,#14527,#14528);
#12231=AXIS2_PLACEMENT_3D('',#17937,#14529,#14530);
#12232=AXIS2_PLACEMENT_3D('',#17938,#14531,#14532);
#12233=AXIS2_PLACEMENT_3D('',#17940,#14533,#14534);
#12234=AXIS2_PLACEMENT_3D('',#17942,#14536,#14537);
#12235=AXIS2_PLACEMENT_3D('',#17944,#14538,#14539);
#12236=AXIS2_PLACEMENT_3D('',#17946,#14541,#14542);
#12237=AXIS2_PLACEMENT_3D('',#17948,#14543,#14544);
#12238=AXIS2_PLACEMENT_3D('',#17951,#14546,#14547);
#12239=AXIS2_PLACEMENT_3D('',#17952,#14548,#14549);
#12240=AXIS2_PLACEMENT_3D('',#17954,#14550,#14551);
#12241=AXIS2_PLACEMENT_3D('',#17957,#14553,#14554);
#12242=AXIS2_PLACEMENT_3D('',#17958,#14555,#14556);
#12243=AXIS2_PLACEMENT_3D('',#17959,#14557,#14558);
#12244=AXIS2_PLACEMENT_3D('',#17961,#14559,#14560);
#12245=AXIS2_PLACEMENT_3D('',#17962,#14561,#14562);
#12246=AXIS2_PLACEMENT_3D('',#17964,#14563,#14564);
#12247=AXIS2_PLACEMENT_3D('',#17966,#14566,#14567);
#12248=AXIS2_PLACEMENT_3D('',#17967,#14568,#14569);
#12249=AXIS2_PLACEMENT_3D('',#17970,#14570,#14571);
#12250=AXIS2_PLACEMENT_3D('',#17971,#14572,#14573);
#12251=AXIS2_PLACEMENT_3D('',#17972,#14574,#14575);
#12252=AXIS2_PLACEMENT_3D('',#17975,#14576,#14577);
#12253=AXIS2_PLACEMENT_3D('',#17976,#14578,#14579);
#12254=AXIS2_PLACEMENT_3D('',#17977,#14580,#14581);
#12255=AXIS2_PLACEMENT_3D('',#17980,#14583,#14584);
#12256=AXIS2_PLACEMENT_3D('',#17981,#14585,#14586);
#12257=AXIS2_PLACEMENT_3D('',#17982,#14587,#14588);
#12258=AXIS2_PLACEMENT_3D('',#17983,#14589,#14590);
#12259=AXIS2_PLACEMENT_3D('',#17984,#14591,#14592);
#12260=AXIS2_PLACEMENT_3D('',#17987,#14593,#14594);
#12261=AXIS2_PLACEMENT_3D('',#17990,#14596,#14597);
#12262=AXIS2_PLACEMENT_3D('',#17992,#14598,#14599);
#12263=AXIS2_PLACEMENT_3D('',#17996,#14601,#14602);
#12264=AXIS2_PLACEMENT_3D('',#18000,#14604,#14605);
#12265=AXIS2_PLACEMENT_3D('',#18004,#14607,#14608);
#12266=AXIS2_PLACEMENT_3D('',#18008,#14610,#14611);
#12267=AXIS2_PLACEMENT_3D('',#18012,#14613,#14614);
#12268=AXIS2_PLACEMENT_3D('',#18015,#14616,#14617);
#12269=AXIS2_PLACEMENT_3D('',#18017,#14618,#14619);
#12270=AXIS2_PLACEMENT_3D('',#18019,#14620,#14621);
#12271=AXIS2_PLACEMENT_3D('',#18020,#14622,#14623);
#12272=AXIS2_PLACEMENT_3D('',#18022,#14624,#14625);
#12273=AXIS2_PLACEMENT_3D('',#18023,#14626,#14627);
#12274=AXIS2_PLACEMENT_3D('',#18046,#14630,#14631);
#12275=AXIS2_PLACEMENT_3D('',#18052,#14635,#14636);
#12276=AXIS2_PLACEMENT_3D('',#18058,#14640,#14641);
#12277=AXIS2_PLACEMENT_3D('',#18118,#14647,#14648);
#12278=AXIS2_PLACEMENT_3D('',#18184,#14656,#14657);
#12279=AXIS2_PLACEMENT_3D('',#18190,#14661,#14662);
#12280=AXIS2_PLACEMENT_3D('',#18196,#14666,#14667);
#12281=AXIS2_PLACEMENT_3D('',#18202,#14671,#14672);
#12282=AXIS2_PLACEMENT_3D('',#18208,#14676,#14677);
#12283=AXIS2_PLACEMENT_3D('',#18214,#14681,#14682);
#12284=AXIS2_PLACEMENT_3D('',#18220,#14686,#14687);
#12285=AXIS2_PLACEMENT_3D('',#18223,#14690,#14691);
#12286=AXIS2_PLACEMENT_3D('',#18224,#14692,#14693);
#12287=AXIS2_PLACEMENT_3D('',#18233,#14698,#14699);
#12288=AXIS2_PLACEMENT_3D('',#18239,#14703,#14704);
#12289=AXIS2_PLACEMENT_3D('',#18242,#14707,#14708);
#12290=AXIS2_PLACEMENT_3D('',#18251,#14713,#14714);
#12291=AXIS2_PLACEMENT_3D('',#18257,#14718,#14719);
#12292=AXIS2_PLACEMENT_3D('',#18263,#14723,#14724);
#12293=AXIS2_PLACEMENT_3D('',#18269,#14728,#14729);
#12294=AXIS2_PLACEMENT_3D('',#18275,#14733,#14734);
#12295=AXIS2_PLACEMENT_3D('',#18281,#14738,#14739);
#12296=AXIS2_PLACEMENT_3D('',#18287,#14743,#14744);
#12297=AXIS2_PLACEMENT_3D('',#18290,#14747,#14748);
#12298=AXIS2_PLACEMENT_3D('',#18313,#14751,#14752);
#12299=AXIS2_PLACEMENT_3D('',#18319,#14756,#14757);
#12300=AXIS2_PLACEMENT_3D('',#18325,#14761,#14762);
#12301=AXIS2_PLACEMENT_3D('',#18426,#14771,#14772);
#12302=AXIS2_PLACEMENT_3D('',#18432,#14776,#14777);
#12303=AXIS2_PLACEMENT_3D('',#18438,#14781,#14782);
#12304=AXIS2_PLACEMENT_3D('',#18479,#14787,#14788);
#12305=AXIS2_PLACEMENT_3D('',#18480,#14789,#14790);
#12306=AXIS2_PLACEMENT_3D('',#18489,#14795,#14796);
#12307=AXIS2_PLACEMENT_3D('',#18495,#14800,#14801);
#12308=AXIS2_PLACEMENT_3D('',#18501,#14805,#14806);
#12309=AXIS2_PLACEMENT_3D('',#18507,#14810,#14811);
#12310=AXIS2_PLACEMENT_3D('',#18513,#14815,#14816);
#12311=AXIS2_PLACEMENT_3D('',#18516,#14819,#14820);
#12312=AXIS2_PLACEMENT_3D('',#18539,#14823,#14824);
#12313=AXIS2_PLACEMENT_3D('',#18545,#14828,#14829);
#12314=AXIS2_PLACEMENT_3D('',#18551,#14833,#14834);
#12315=AXIS2_PLACEMENT_3D('',#18652,#14843,#14844);
#12316=AXIS2_PLACEMENT_3D('',#18658,#14848,#14849);
#12317=AXIS2_PLACEMENT_3D('',#18664,#14853,#14854);
#12318=AXIS2_PLACEMENT_3D('',#18670,#14858,#14859);
#12319=AXIS2_PLACEMENT_3D('',#18676,#14863,#14864);
#12320=AXIS2_PLACEMENT_3D('',#18717,#14869,#14870);
#12321=AXIS2_PLACEMENT_3D('',#18740,#14873,#14874);
#12322=AXIS2_PLACEMENT_3D('',#18746,#14878,#14879);
#12323=AXIS2_PLACEMENT_3D('',#18752,#14883,#14884);
#12324=AXIS2_PLACEMENT_3D('',#18812,#14890,#14891);
#12325=AXIS2_PLACEMENT_3D('',#18878,#14899,#14900);
#12326=AXIS2_PLACEMENT_3D('',#18884,#14904,#14905);
#12327=AXIS2_PLACEMENT_3D('',#18890,#14909,#14910);
#12328=AXIS2_PLACEMENT_3D('',#18896,#14914,#14915);
#12329=AXIS2_PLACEMENT_3D('',#18902,#14919,#14920);
#12330=AXIS2_PLACEMENT_3D('',#18908,#14924,#14925);
#12331=AXIS2_PLACEMENT_3D('',#18914,#14929,#14930);
#12332=AXIS2_PLACEMENT_3D('',#18917,#14933,#14934);
#12333=AXIS2_PLACEMENT_3D('',#18918,#14935,#14936);
#12334=AXIS2_PLACEMENT_3D('',#18927,#14941,#14942);
#12335=AXIS2_PLACEMENT_3D('',#18933,#14946,#14947);
#12336=AXIS2_PLACEMENT_3D('',#18939,#14951,#14952);
#12337=AXIS2_PLACEMENT_3D('',#18945,#14956,#14957);
#12338=AXIS2_PLACEMENT_3D('',#18951,#14961,#14962);
#12339=AXIS2_PLACEMENT_3D('',#18957,#14966,#14967);
#12340=AXIS2_PLACEMENT_3D('',#18963,#14971,#14972);
#12341=AXIS2_PLACEMENT_3D('',#18969,#14976,#14977);
#12342=AXIS2_PLACEMENT_3D('',#18975,#14981,#14982);
#12343=AXIS2_PLACEMENT_3D('',#18981,#14986,#14987);
#12344=AXIS2_PLACEMENT_3D('',#18987,#14991,#14992);
#12345=AXIS2_PLACEMENT_3D('',#18990,#14995,#14996);
#12346=AXIS2_PLACEMENT_3D('',#18991,#14997,#14998);
#12347=AXIS2_PLACEMENT_3D('',#18993,#14999,#15000);
#12348=AXIS2_PLACEMENT_3D('',#18994,#15001,#15002);
#12349=AXIS2_PLACEMENT_3D('',#18995,#15003,#15004);
#12350=AXIS2_PLACEMENT_3D('',#18996,#15005,#15006);
#12351=AXIS2_PLACEMENT_3D('',#18997,#15007,#15008);
#12352=AXIS2_PLACEMENT_3D('',#18998,#15009,#15010);
#12353=AXIS2_PLACEMENT_3D('',#19001,#15012,#15013);
#12354=AXIS2_PLACEMENT_3D('',#19002,#15014,#15015);
#12355=AXIS2_PLACEMENT_3D('',#19004,#15016,#15017);
#12356=AXIS2_PLACEMENT_3D('',#19007,#15019,#15020);
#12357=AXIS2_PLACEMENT_3D('',#19008,#15021,#15022);
#12358=AXIS2_PLACEMENT_3D('',#19009,#15023,#15024);
#12359=AXIS2_PLACEMENT_3D('',#19011,#15025,#15026);
#12360=AXIS2_PLACEMENT_3D('',#19013,#15027,#15028);
#12361=AXIS2_PLACEMENT_3D('',#19015,#15029,#15030);
#12362=AXIS2_PLACEMENT_3D('',#19016,#15031,#15032);
#12363=AXIS2_PLACEMENT_3D('',#19018,#15034,#15035);
#12364=AXIS2_PLACEMENT_3D('',#19020,#15037,#15038);
#12365=AXIS2_PLACEMENT_3D('',#19022,#15040,#15041);
#12366=AXIS2_PLACEMENT_3D('',#19024,#15043,#15044);
#12367=AXIS2_PLACEMENT_3D('',#19025,#15045,#15046);
#12368=AXIS2_PLACEMENT_3D('',#19026,#15047,#15048);
#12369=AXIS2_PLACEMENT_3D('',#19027,#15049,#15050);
#12370=AXIS2_PLACEMENT_3D('',#19029,#15052,#15053);
#12371=AXIS2_PLACEMENT_3D('',#19031,#15055,#15056);
#12372=AXIS2_PLACEMENT_3D('',#19033,#15058,#15059);
#12373=AXIS2_PLACEMENT_3D('',#19036,#15062,#15063);
#12374=AXIS2_PLACEMENT_3D('',#19038,#15065,#15066);
#12375=AXIS2_PLACEMENT_3D('',#19040,#15068,#15069);
#12376=AXIS2_PLACEMENT_3D('',#19042,#15071,#15072);
#12377=AXIS2_PLACEMENT_3D('',#19044,#15074,#15075);
#12378=AXIS2_PLACEMENT_3D('',#19046,#15077,#15078);
#12379=AXIS2_PLACEMENT_3D('',#19048,#15080,#15081);
#12380=AXIS2_PLACEMENT_3D('',#19050,#15083,#15084);
#12381=AXIS2_PLACEMENT_3D('',#19052,#15086,#15087);
#12382=AXIS2_PLACEMENT_3D('',#19054,#15089,#15090);
#12383=AXIS2_PLACEMENT_3D('',#19056,#15092,#15093);
#12384=AXIS2_PLACEMENT_3D('',#19057,#15094,#15095);
#12385=AXIS2_PLACEMENT_3D('',#19059,#15097,#15098);
#12386=AXIS2_PLACEMENT_3D('',#19061,#15100,#15101);
#12387=AXIS2_PLACEMENT_3D('',#19062,#15102,#15103);
#12388=AXIS2_PLACEMENT_3D('',#19063,#15104,#15105);
#12389=AXIS2_PLACEMENT_3D('',#19072,#15110,#15111);
#12390=AXIS2_PLACEMENT_3D('',#19078,#15115,#15116);
#12391=AXIS2_PLACEMENT_3D('',#19084,#15120,#15121);
#12392=AXIS2_PLACEMENT_3D('',#19090,#15125,#15126);
#12393=AXIS2_PLACEMENT_3D('',#19096,#15130,#15131);
#12394=AXIS2_PLACEMENT_3D('',#19102,#15135,#15136);
#12395=AXIS2_PLACEMENT_3D('',#19108,#15140,#15141);
#12396=AXIS2_PLACEMENT_3D('',#19114,#15145,#15146);
#12397=AXIS2_PLACEMENT_3D('',#19120,#15150,#15151);
#12398=AXIS2_PLACEMENT_3D('',#19126,#15155,#15156);
#12399=AXIS2_PLACEMENT_3D('',#19132,#15160,#15161);
#12400=AXIS2_PLACEMENT_3D('',#19135,#15164,#15165);
#12401=AXIS2_PLACEMENT_3D('',#19137,#15166,#15167);
#12402=AXIS2_PLACEMENT_3D('',#19140,#15169,#15170);
#12403=AXIS2_PLACEMENT_3D('',#19141,#15171,#15172);
#12404=AXIS2_PLACEMENT_3D('',#19142,#15173,#15174);
#12405=AXIS2_PLACEMENT_3D('',#19143,#15175,#15176);
#12406=AXIS2_PLACEMENT_3D('',#19152,#15181,#15182);
#12407=AXIS2_PLACEMENT_3D('',#19158,#15186,#15187);
#12408=AXIS2_PLACEMENT_3D('',#19164,#15191,#15192);
#12409=AXIS2_PLACEMENT_3D('',#19170,#15196,#15197);
#12410=AXIS2_PLACEMENT_3D('',#19176,#15201,#15202);
#12411=AXIS2_PLACEMENT_3D('',#19182,#15206,#15207);
#12412=AXIS2_PLACEMENT_3D('',#19188,#15211,#15212);
#12413=AXIS2_PLACEMENT_3D('',#19194,#15216,#15217);
#12414=AXIS2_PLACEMENT_3D('',#19200,#15221,#15222);
#12415=AXIS2_PLACEMENT_3D('',#19206,#15226,#15227);
#12416=AXIS2_PLACEMENT_3D('',#19212,#15231,#15232);
#12417=AXIS2_PLACEMENT_3D('',#19215,#15235,#15236);
#12418=AXIS2_PLACEMENT_3D('',#19217,#15237,#15238);
#12419=AXIS2_PLACEMENT_3D('',#19220,#15240,#15241);
#12420=AXIS2_PLACEMENT_3D('',#19221,#15242,#15243);
#12421=AXIS2_PLACEMENT_3D('',#19222,#15244,#15245);
#12422=AXIS2_PLACEMENT_3D('',#19223,#15246,#15247);
#12423=AXIS2_PLACEMENT_3D('',#19225,#15248,#15249);
#12424=AXIS2_PLACEMENT_3D('',#19227,#15250,#15251);
#12425=AXIS2_PLACEMENT_3D('',#19228,#15252,#15253);
#12426=AXIS2_PLACEMENT_3D('',#19229,#15254,#15255);
#12427=AXIS2_PLACEMENT_3D('',#19232,#15257,#15258);
#12428=AXIS2_PLACEMENT_3D('',#19233,#15259,#15260);
#12429=AXIS2_PLACEMENT_3D('',#19235,#15261,#15262);
#12430=AXIS2_PLACEMENT_3D('',#19236,#15263,#15264);
#12431=AXIS2_PLACEMENT_3D('',#19237,#15265,#15266);
#12432=AXIS2_PLACEMENT_3D('',#19239,#15268,#15269);
#12433=AXIS2_PLACEMENT_3D('',#19241,#15270,#15271);
#12434=AXIS2_PLACEMENT_3D('',#19244,#15273,#15274);
#12435=AXIS2_PLACEMENT_3D('',#19245,#15275,#15276);
#12436=AXIS2_PLACEMENT_3D('',#19247,#15277,#15278);
#12437=AXIS2_PLACEMENT_3D('',#19250,#15280,#15281);
#12438=AXIS2_PLACEMENT_3D('',#19251,#15282,#15283);
#12439=AXIS2_PLACEMENT_3D('',#19252,#15284,#15285);
#12440=AXIS2_PLACEMENT_3D('',#19253,#15286,#15287);
#12441=AXIS2_PLACEMENT_3D('',#19255,#15288,#15289);
#12442=AXIS2_PLACEMENT_3D('',#19258,#15291,#15292);
#12443=AXIS2_PLACEMENT_3D('',#19259,#15293,#15294);
#12444=AXIS2_PLACEMENT_3D('',#19268,#15299,#15300);
#12445=AXIS2_PLACEMENT_3D('',#19270,#15301,#15302);
#12446=AXIS2_PLACEMENT_3D('',#19272,#15303,#15304);
#12447=AXIS2_PLACEMENT_3D('',#19274,#15306,#15307);
#12448=AXIS2_PLACEMENT_3D('',#19280,#15311,#15312);
#12449=AXIS2_PLACEMENT_3D('',#19281,#15313,#15314);
#12450=AXIS2_PLACEMENT_3D('',#19282,#15315,#15316);
#12451=AXIS2_PLACEMENT_3D('',#19283,#15317,#15318);
#12452=AXIS2_PLACEMENT_3D('',#19284,#15319,#15320);
#12453=AXIS2_PLACEMENT_3D('',#19285,#15321,#15322);
#12454=AXIS2_PLACEMENT_3D('',#19287,#15323,#15324);
#12455=AXIS2_PLACEMENT_3D('',#19290,#15326,#15327);
#12456=AXIS2_PLACEMENT_3D('',#19291,#15328,#15329);
#12457=AXIS2_PLACEMENT_3D('',#19293,#15330,#15331);
#12458=AXIS2_PLACEMENT_3D('',#19296,#15333,#15334);
#12459=AXIS2_PLACEMENT_3D('',#19297,#15335,#15336);
#12460=AXIS2_PLACEMENT_3D('',#19298,#15337,#15338);
#12461=DIRECTION('axis',(0.,0.,1.));
#12462=DIRECTION('refdir',(1.,0.,0.));
#12463=DIRECTION('center_axis',(0.,1.,0.));
#12464=DIRECTION('ref_axis',(-0.495969699565986,0.,-0.868339828127459));
#12465=DIRECTION('center_axis',(0.,1.,0.));
#12466=DIRECTION('ref_axis',(-0.495969699566046,0.,-0.868339828127425));
#12467=DIRECTION('center_axis',(0.,-1.,0.));
#12468=DIRECTION('ref_axis',(-0.495969699566046,0.,-0.868339828127425));
#12469=DIRECTION('center_axis',(0.,1.,0.));
#12470=DIRECTION('ref_axis',(0.,0.,1.));
#12471=DIRECTION('',(0.954279957753024,0.,-0.298914305831768));
#12472=DIRECTION('',(0.742268041240318,0.,-0.670103092779956));
#12473=DIRECTION('',(0.67010309278473,0.,0.742268041236007));
#12474=DIRECTION('',(0.742268041237113,0.,-0.670103092783506));
#12475=DIRECTION('center_axis',(0.,1.,0.));
#12476=DIRECTION('ref_axis',(-1.,0.,0.));
#12477=DIRECTION('',(0.954279957752977,0.,-0.298914305831915));
#12478=DIRECTION('center_axis',(0.,1.,0.));
#12479=DIRECTION('ref_axis',(-1.,0.,0.));
#12480=DIRECTION('',(0.990176433965948,0.,0.139823566034053));
#12481=DIRECTION('center_axis',(0.,1.,0.));
#12482=DIRECTION('ref_axis',(-1.,0.,0.));
#12483=DIRECTION('',(0.139823566034054,0.,0.990176433965948));
#12484=DIRECTION('center_axis',(0.,1.,0.));
#12485=DIRECTION('ref_axis',(-1.,0.,0.));
#12486=DIRECTION('',(-0.139823566034053,0.,0.990176433965948));
#12487=DIRECTION('center_axis',(0.,1.,0.));
#12488=DIRECTION('ref_axis',(-1.,0.,0.));
#12489=DIRECTION('',(-0.990176433965947,0.,0.139823566034056));
#12490=DIRECTION('center_axis',(0.,1.,0.));
#12491=DIRECTION('ref_axis',(-1.,0.,0.));
#12492=DIRECTION('',(-0.954279957752977,0.,-0.298914305831916));
#12493=DIRECTION('center_axis',(0.,1.,0.));
#12494=DIRECTION('ref_axis',(-1.,0.,0.));
#12495=DIRECTION('',(-0.742268041237113,0.,-0.670103092783505));
#12496=DIRECTION('',(-0.670103092788623,0.,0.742268041232493));
#12497=DIRECTION('',(-0.742268041235794,0.,-0.670103092784967));
#12498=DIRECTION('center_axis',(0.,1.,0.));
#12499=DIRECTION('ref_axis',(-0.495969699572157,0.,0.868339828123934));
#12500=DIRECTION('',(-0.9542799577531,0.,-0.298914305831522));
#12501=DIRECTION('center_axis',(0.,1.,0.));
#12502=DIRECTION('ref_axis',(-0.139823566027684,0.,-0.990176433966847));
#12503=DIRECTION('',(-0.990176433966035,0.,0.139823566033434));
#12504=DIRECTION('center_axis',(0.,1.,0.));
#12505=DIRECTION('ref_axis',(0.707106781186493,0.,0.707106781186602));
#12506=DIRECTION('',(-0.139823566034474,0.,0.990176433965888));
#12507=DIRECTION('center_axis',(0.,1.,0.));
#12508=DIRECTION('ref_axis',(-0.99017643396519,0.,0.139823566039416));
#12509=DIRECTION('',(0.139823566034474,0.,0.990176433965888));
#12510=DIRECTION('center_axis',(0.,1.,0.));
#12511=DIRECTION('ref_axis',(0.707106781183173,0.,-0.707106781189922));
#12512=DIRECTION('',(0.990176433965916,0.,0.13982356603428));
#12513=DIRECTION('center_axis',(0.,1.,0.));
#12514=DIRECTION('ref_axis',(0.298914305824574,0.,0.954279957755277));
#12515=DIRECTION('',(0.,0.,1.));
#12516=DIRECTION('',(0.866025403784438,0.,0.5));
#12517=DIRECTION('',(-0.866025403784439,0.,0.5));
#12518=DIRECTION('',(-3.22973970800046E-15,0.,1.));
#12519=DIRECTION('',(0.866025403784439,0.,0.5));
#12520=DIRECTION('',(-0.866025403784438,0.,0.5));
#12521=DIRECTION('',(-0.866025403784439,0.,-0.5));
#12522=DIRECTION('',(-0.866025403784439,0.,0.499999999999999));
#12523=DIRECTION('',(0.,0.,-1.));
#12524=DIRECTION('',(-0.866025403784438,0.,-0.5));
#12525=DIRECTION('',(0.866025403784439,0.,-0.499999999999999));
#12526=DIRECTION('',(0.,0.,-1.));
#12527=DIRECTION('',(-0.866025403784439,0.,-0.5));
#12528=DIRECTION('',(-0.866025403784439,0.,0.5));
#12529=DIRECTION('',(0.,0.,1.));
#12530=DIRECTION('',(-0.866025403784439,0.,-0.5));
#12531=DIRECTION('',(-0.866025403784438,0.,0.5));
#12532=DIRECTION('',(-1.61486985400023E-15,0.,1.));
#12533=DIRECTION('',(0.866025403784439,0.,-0.5));
#12534=DIRECTION('',(0.,0.,-1.));
#12535=DIRECTION('',(0.866025403784438,0.,0.5));
#12536=DIRECTION('',(0.866025403784438,0.,-0.5));
#12537=DIRECTION('',(0.,0.,1.));
#12538=DIRECTION('',(0.866025403784439,0.,0.5));
#12539=DIRECTION('center_axis',(0.,1.,0.));
#12540=DIRECTION('ref_axis',(-0.495969699566045,0.,-0.868339828127425));
#12541=DIRECTION('center_axis',(0.,-1.,0.));
#12542=DIRECTION('ref_axis',(-0.495969699566046,0.,-0.868339828127425));
#12543=DIRECTION('center_axis',(0.,1.,0.));
#12544=DIRECTION('ref_axis',(-0.495969699566046,0.,-0.868339828127425));
#12545=DIRECTION('center_axis',(0.298914305831768,0.,0.954279957753024));
#12546=DIRECTION('ref_axis',(0.954279957753024,0.,-0.298914305831768));
#12547=DIRECTION('',(0.,-1.,0.));
#12548=DIRECTION('',(0.,1.,0.));
#12549=DIRECTION('',(0.954279957753024,0.,-0.298914305831768));
#12550=DIRECTION('',(0.,-1.,0.));
#12551=DIRECTION('',(0.954279957753024,0.,-0.298914305831768));
#12552=DIRECTION('center_axis',(0.,-1.,0.));
#12553=DIRECTION('ref_axis',(-0.495969699566046,0.,-0.868339828127425));
#12554=DIRECTION('',(0.,1.,0.));
#12555=DIRECTION('center_axis',(0.,-1.,0.));
#12556=DIRECTION('ref_axis',(0.,0.,-1.));
#12557=DIRECTION('center_axis',(0.,-1.,0.));
#12558=DIRECTION('ref_axis',(-0.49596969956643,0.,-0.868339828127206));
#12559=DIRECTION('center_axis',(0.,1.,0.));
#12560=DIRECTION('ref_axis',(-0.49596969956643,0.,-0.868339828127206));
#12561=DIRECTION('center_axis',(0.,-1.,0.));
#12562=DIRECTION('ref_axis',(-0.495969699566429,0.,-0.868339828127206));
#12563=DIRECTION('center_axis',(0.,1.,0.));
#12564=DIRECTION('ref_axis',(-0.49596969956643,0.,-0.868339828127206));
#12565=DIRECTION('',(0.,1.,0.));
#12566=DIRECTION('center_axis',(0.,1.,0.));
#12567=DIRECTION('ref_axis',(-0.495969699566429,0.,-0.868339828127206));
#12568=DIRECTION('center_axis',(0.,-1.,0.));
#12569=DIRECTION('ref_axis',(-0.49596969956643,0.,-0.868339828127206));
#12570=DIRECTION('center_axis',(0.,1.,0.));
#12571=DIRECTION('ref_axis',(0.,0.,1.));
#12572=DIRECTION('center_axis',(0.,-1.,0.));
#12573=DIRECTION('ref_axis',(-0.495969699572157,0.,0.868339828123934));
#12574=DIRECTION('center_axis',(0.,1.,0.));
#12575=DIRECTION('ref_axis',(0.,0.,1.));
#12576=DIRECTION('center_axis',(0.,-1.,0.));
#12577=DIRECTION('ref_axis',(-0.495969699572158,0.,0.868339828123935));
#12578=DIRECTION('center_axis',(0.,1.,0.));
#12579=DIRECTION('ref_axis',(-0.495969699572157,0.,0.868339828123934));
#12580=DIRECTION('center_axis',(0.298914305831522,0.,-0.954279957753101));
#12581=DIRECTION('ref_axis',(-0.9542799577531,0.,-0.298914305831522));
#12582=DIRECTION('',(-0.9542799577531,0.,-0.298914305831522));
#12583=DIRECTION('',(0.,1.,0.));
#12584=DIRECTION('',(-0.9542799577531,0.,-0.298914305831522));
#12585=DIRECTION('',(0.,1.,0.));
#12586=DIRECTION('',(0.,1.,0.));
#12587=DIRECTION('center_axis',(0.,-1.,0.));
#12588=DIRECTION('ref_axis',(0.,0.,-1.));
#12589=DIRECTION('',(-0.742268041235794,0.,-0.670103092784967));
#12590=DIRECTION('center_axis',(0.,1.,0.));
#12591=DIRECTION('ref_axis',(-0.495969699571555,0.,0.868339828124278));
#12592=DIRECTION('center_axis',(0.,-1.,0.));
#12593=DIRECTION('ref_axis',(-0.495969699571599,0.,0.868339828124253));
#12594=DIRECTION('center_axis',(0.,-1.,0.));
#12595=DIRECTION('ref_axis',(-0.495969699571555,0.,0.868339828124278));
#12596=DIRECTION('center_axis',(0.,-1.,0.));
#12597=DIRECTION('ref_axis',(-0.495969699571557,0.,0.868339828124278));
#12598=DIRECTION('',(0.,-1.,0.));
#12599=DIRECTION('center_axis',(0.,1.,0.));
#12600=DIRECTION('ref_axis',(-0.495969699571555,0.,0.868339828124278));
#12601=DIRECTION('center_axis',(0.,1.,0.));
#12602=DIRECTION('ref_axis',(0.,0.,1.));
#12603=DIRECTION('center_axis',(0.,-1.,0.));
#12604=DIRECTION('ref_axis',(-0.495969699571555,0.,0.868339828124278));
#12605=DIRECTION('center_axis',(0.670103092784967,0.,-0.742268041235794));
#12606=DIRECTION('ref_axis',(-0.742268041235794,0.,-0.670103092784967));
#12607=DIRECTION('',(0.,-1.,0.));
#12608=DIRECTION('',(0.,1.,0.));
#12609=DIRECTION('',(0.742268041235794,0.,0.670103092784967));
#12610=DIRECTION('',(0.,1.,0.));
#12611=DIRECTION('',(-0.742268041235794,0.,-0.670103092784967));
#12612=DIRECTION('center_axis',(0.,-1.,0.));
#12613=DIRECTION('ref_axis',(0.707106781186407,0.,0.707106781186688));
#12614=DIRECTION('center_axis',(0.,-1.,0.));
#12615=DIRECTION('ref_axis',(0.707106781186402,0.,0.707106781186693));
#12616=DIRECTION('center_axis',(0.,1.,0.));
#12617=DIRECTION('ref_axis',(0.707106781186402,0.,0.707106781186693));
#12618=DIRECTION('center_axis',(0.,-1.,0.));
#12619=DIRECTION('ref_axis',(0.708247007552753,0.,-0.705964713206383));
#12620=DIRECTION('',(0.,-1.,0.));
#12621=DIRECTION('center_axis',(0.,1.,0.));
#12622=DIRECTION('ref_axis',(0.707106781186402,0.,0.707106781186693));
#12623=DIRECTION('',(0.,1.,0.));
#12624=DIRECTION('center_axis',(0.,1.,0.));
#12625=DIRECTION('ref_axis',(0.707106781183169,0.,-0.707106781189926));
#12626=DIRECTION('center_axis',(0.,-1.,0.));
#12627=DIRECTION('ref_axis',(0.707106781183173,0.,-0.707106781189922));
#12628=DIRECTION('center_axis',(0.,1.,0.));
#12629=DIRECTION('ref_axis',(0.707106781183173,0.,-0.707106781189922));
#12630=DIRECTION('center_axis',(-0.13982356603428,0.,0.990176433965916));
#12631=DIRECTION('ref_axis',(0.990176433965916,0.,0.13982356603428));
#12632=DIRECTION('',(0.990176433965916,0.,0.13982356603428));
#12633=DIRECTION('',(0.,1.,0.));
#12634=DIRECTION('',(0.990176433965916,0.,0.13982356603428));
#12635=DIRECTION('',(0.,1.,0.));
#12636=DIRECTION('',(0.,1.,0.));
#12637=DIRECTION('center_axis',(0.,-1.,0.));
#12638=DIRECTION('ref_axis',(0.,0.,-1.));
#12639=DIRECTION('',(0.139823566034474,0.,0.990176433965888));
#12640=DIRECTION('center_axis',(0.,1.,0.));
#12641=DIRECTION('ref_axis',(0.707106781184159,0.,-0.707106781188936));
#12642=DIRECTION('center_axis',(0.,1.,0.));
#12643=DIRECTION('ref_axis',(0.707106781183013,0.,-0.707106781190083));
#12644=DIRECTION('center_axis',(0.,-1.,0.));
#12645=DIRECTION('ref_axis',(0.707106781183173,0.,-0.707106781189922));
#12646=DIRECTION('center_axis',(0.,-1.,0.));
#12647=DIRECTION('ref_axis',(0.,0.,-1.));
#12648=DIRECTION('center_axis',(0.,-1.,0.));
#12649=DIRECTION('ref_axis',(0.707106781184159,0.,-0.707106781188936));
#12650=DIRECTION('center_axis',(0.,-1.,0.));
#12651=DIRECTION('ref_axis',(-0.705964713219047,0.,-0.708247007540129));
#12652=DIRECTION('',(0.,-1.,0.));
#12653=DIRECTION('center_axis',(0.,1.,0.));
#12654=DIRECTION('ref_axis',(0.707106781184159,0.,-0.707106781188936));
#12655=DIRECTION('center_axis',(0.,1.,0.));
#12656=DIRECTION('ref_axis',(0.707106781184159,0.,-0.707106781188936));
#12657=DIRECTION('center_axis',(0.,-1.,0.));
#12658=DIRECTION('ref_axis',(0.707106781184159,0.,-0.707106781188936));
#12659=DIRECTION('center_axis',(-0.990176433965888,0.,0.139823566034474));
#12660=DIRECTION('ref_axis',(0.139823566034474,0.,0.990176433965888));
#12661=DIRECTION('',(0.,-1.,0.));
#12662=DIRECTION('',(0.,1.,0.));
#12663=DIRECTION('',(0.139823566034474,0.,0.990176433965888));
#12664=DIRECTION('center_axis',(0.,1.,0.));
#12665=DIRECTION('ref_axis',(0.,0.,1.));
#12666=DIRECTION('center_axis',(0.,-1.,0.));
#12667=DIRECTION('ref_axis',(0.707106781186493,0.,0.707106781186602));
#12668=DIRECTION('center_axis',(0.,1.,0.));
#12669=DIRECTION('ref_axis',(0.,0.,1.));
#12670=DIRECTION('center_axis',(0.,-1.,0.));
#12671=DIRECTION('ref_axis',(0.707106781186402,0.,0.707106781186693));
#12672=DIRECTION('center_axis',(-0.139823566033434,0.,-0.990176433966035));
#12673=DIRECTION('ref_axis',(-0.990176433966035,0.,0.139823566033434));
#12674=DIRECTION('',(-0.990176433966035,0.,0.139823566033434));
#12675=DIRECTION('',(0.,-1.,0.));
#12676=DIRECTION('',(0.,1.,0.));
#12677=DIRECTION('',(-0.990176433966035,0.,0.139823566033434));
#12678=DIRECTION('center_axis',(0.,1.,0.));
#12679=DIRECTION('ref_axis',(0.,0.,1.));
#12680=DIRECTION('center_axis',(0.,-1.,0.));
#12681=DIRECTION('ref_axis',(0.707106781186493,0.,0.707106781186602));
#12682=DIRECTION('center_axis',(0.,1.,0.));
#12683=DIRECTION('ref_axis',(0.707106781186493,0.,0.707106781186602));
#12684=DIRECTION('center_axis',(-0.990176433965888,0.,-0.139823566034474));
#12685=DIRECTION('ref_axis',(-0.139823566034474,0.,0.990176433965888));
#12686=DIRECTION('',(-0.139823566034474,0.,0.990176433965888));
#12687=DIRECTION('',(0.,1.,0.));
#12688=DIRECTION('',(0.,1.,0.));
#12689=DIRECTION('',(-0.139823566034474,0.,0.990176433965888));
#12690=DIRECTION('center_axis',(0.,-1.,0.));
#12691=DIRECTION('ref_axis',(0.,0.,-1.));
#12692=DIRECTION('center_axis',(0.,-1.,0.));
#12693=DIRECTION('ref_axis',(1.,0.,0.));
#12694=DIRECTION('center_axis',(0.,-1.,0.));
#12695=DIRECTION('ref_axis',(1.,0.,0.));
#12696=DIRECTION('',(0.,1.,0.));
#12697=DIRECTION('center_axis',(0.,1.,0.));
#12698=DIRECTION('ref_axis',(1.,0.,0.));
#12699=DIRECTION('center_axis',(0.,-1.,0.));
#12700=DIRECTION('ref_axis',(0.,0.,-1.));
#12701=DIRECTION('center_axis',(1.,0.,0.));
#12702=DIRECTION('ref_axis',(0.,0.,1.));
#12703=DIRECTION('',(0.,0.,1.));
#12704=DIRECTION('',(0.,-1.,0.));
#12705=DIRECTION('',(0.,0.,1.));
#12706=DIRECTION('',(0.,-1.,0.));
#12707=DIRECTION('center_axis',(0.,0.,-1.));
#12708=DIRECTION('ref_axis',(1.,0.,0.));
#12709=DIRECTION('',(1.,0.,0.));
#12710=DIRECTION('',(1.,0.,0.));
#12711=DIRECTION('',(0.,-1.,0.));
#12712=DIRECTION('center_axis',(1.,0.,0.));
#12713=DIRECTION('ref_axis',(0.,0.,1.));
#12714=DIRECTION('',(0.,0.,-1.));
#12715=DIRECTION('',(0.,0.,1.));
#12716=DIRECTION('',(0.,-1.,0.));
#12717=DIRECTION('center_axis',(0.,0.,1.));
#12718=DIRECTION('ref_axis',(-1.,0.,0.));
#12719=DIRECTION('',(-1.,0.,0.));
#12720=DIRECTION('',(-1.,0.,0.));
#12721=DIRECTION('',(0.,-1.,0.));
#12722=DIRECTION('center_axis',(1.,0.,0.));
#12723=DIRECTION('ref_axis',(0.,0.,1.));
#12724=DIRECTION('',(0.,0.,-1.));
#12725=DIRECTION('',(0.,0.,1.));
#12726=DIRECTION('',(0.,-1.,0.));
#12727=DIRECTION('center_axis',(0.,0.,1.));
#12728=DIRECTION('ref_axis',(-1.,0.,0.));
#12729=DIRECTION('',(1.,0.,0.));
#12730=DIRECTION('',(-1.,0.,0.));
#12731=DIRECTION('',(0.,-1.,0.));
#12732=DIRECTION('center_axis',(-1.,0.,0.));
#12733=DIRECTION('ref_axis',(0.,0.,-1.));
#12734=DIRECTION('',(0.,0.,-1.));
#12735=DIRECTION('',(0.,0.,-1.));
#12736=DIRECTION('',(0.,-1.,0.));
#12737=DIRECTION('center_axis',(0.,0.,1.));
#12738=DIRECTION('ref_axis',(-1.,0.,0.));
#12739=DIRECTION('',(1.,0.,0.));
#12740=DIRECTION('',(-1.,0.,0.));
#12741=DIRECTION('',(0.,-1.,0.));
#12742=DIRECTION('center_axis',(-1.,0.,0.));
#12743=DIRECTION('ref_axis',(0.,0.,-1.));
#12744=DIRECTION('',(0.,0.,1.));
#12745=DIRECTION('',(0.,0.,-1.));
#12746=DIRECTION('',(0.,-1.,0.));
#12747=DIRECTION('center_axis',(0.,0.,-1.));
#12748=DIRECTION('ref_axis',(1.,0.,0.));
#12749=DIRECTION('',(1.,0.,0.));
#12750=DIRECTION('',(1.,0.,0.));
#12751=DIRECTION('',(0.,-1.,0.));
#12752=DIRECTION('center_axis',(-1.,0.,0.));
#12753=DIRECTION('ref_axis',(0.,0.,-1.));
#12754=DIRECTION('',(0.,0.,-1.));
#12755=DIRECTION('',(0.,0.,-1.));
#12756=DIRECTION('',(0.,-1.,0.));
#12757=DIRECTION('center_axis',(0.,0.,-1.));
#12758=DIRECTION('ref_axis',(1.,0.,0.));
#12759=DIRECTION('',(-1.,0.,0.));
#12760=DIRECTION('',(1.,0.,0.));
#12761=DIRECTION('center_axis',(0.,-1.,0.));
#12762=DIRECTION('ref_axis',(1.,0.,0.));
#12763=DIRECTION('center_axis',(0.,-1.,0.));
#12764=DIRECTION('ref_axis',(1.,0.,0.));
#12765=DIRECTION('',(0.,1.,0.));
#12766=DIRECTION('center_axis',(0.,1.,0.));
#12767=DIRECTION('ref_axis',(1.,0.,0.));
#12768=DIRECTION('center_axis',(0.,-1.,0.));
#12769=DIRECTION('ref_axis',(0.,0.,-1.));
#12770=DIRECTION('center_axis',(0.,0.,1.));
#12771=DIRECTION('ref_axis',(-1.,0.,0.));
#12772=DIRECTION('',(-1.,0.,0.));
#12773=DIRECTION('',(0.,-1.,0.));
#12774=DIRECTION('',(-1.,0.,0.));
#12775=DIRECTION('',(0.,-1.,0.));
#12776=DIRECTION('center_axis',(1.,0.,0.));
#12777=DIRECTION('ref_axis',(0.,0.,1.));
#12778=DIRECTION('',(0.,0.,-1.));
#12779=DIRECTION('',(0.,0.,1.));
#12780=DIRECTION('',(0.,-1.,0.));
#12781=DIRECTION('center_axis',(0.,0.,1.));
#12782=DIRECTION('ref_axis',(-1.,0.,0.));
#12783=DIRECTION('',(1.,0.,0.));
#12784=DIRECTION('',(-1.,0.,0.));
#12785=DIRECTION('',(0.,-1.,0.));
#12786=DIRECTION('center_axis',(-1.,0.,0.));
#12787=DIRECTION('ref_axis',(0.,0.,-1.));
#12788=DIRECTION('',(0.,0.,-1.));
#12789=DIRECTION('',(0.,0.,-1.));
#12790=DIRECTION('',(0.,-1.,0.));
#12791=DIRECTION('center_axis',(0.,0.,1.));
#12792=DIRECTION('ref_axis',(-1.,0.,0.));
#12793=DIRECTION('',(-1.,0.,0.));
#12794=DIRECTION('',(-1.,0.,0.));
#12795=DIRECTION('',(0.,-1.,0.));
#12796=DIRECTION('center_axis',(-1.,0.,0.));
#12797=DIRECTION('ref_axis',(0.,0.,-1.));
#12798=DIRECTION('',(0.,0.,1.));
#12799=DIRECTION('',(0.,0.,-1.));
#12800=DIRECTION('',(0.,-1.,0.));
#12801=DIRECTION('center_axis',(0.,0.,-1.));
#12802=DIRECTION('ref_axis',(1.,0.,0.));
#12803=DIRECTION('',(1.,0.,0.));
#12804=DIRECTION('',(1.,0.,0.));
#12805=DIRECTION('',(0.,-1.,0.));
#12806=DIRECTION('center_axis',(-1.,0.,0.));
#12807=DIRECTION('ref_axis',(0.,0.,-1.));
#12808=DIRECTION('',(0.,0.,-1.));
#12809=DIRECTION('',(0.,0.,-1.));
#12810=DIRECTION('',(0.,-1.,0.));
#12811=DIRECTION('center_axis',(0.,0.,-1.));
#12812=DIRECTION('ref_axis',(1.,0.,0.));
#12813=DIRECTION('',(-1.,0.,0.));
#12814=DIRECTION('',(1.,0.,0.));
#12815=DIRECTION('',(0.,-1.,0.));
#12816=DIRECTION('center_axis',(1.,0.,0.));
#12817=DIRECTION('ref_axis',(0.,0.,1.));
#12818=DIRECTION('',(0.,0.,1.));
#12819=DIRECTION('',(0.,0.,1.));
#12820=DIRECTION('',(0.,-1.,0.));
#12821=DIRECTION('center_axis',(0.,0.,-1.));
#12822=DIRECTION('ref_axis',(1.,0.,0.));
#12823=DIRECTION('',(-1.,0.,0.));
#12824=DIRECTION('',(1.,0.,0.));
#12825=DIRECTION('',(0.,-1.,0.));
#12826=DIRECTION('center_axis',(1.,0.,0.));
#12827=DIRECTION('ref_axis',(0.,0.,1.));
#12828=DIRECTION('',(0.,0.,-1.));
#12829=DIRECTION('',(0.,0.,1.));
#12830=DIRECTION('center_axis',(0.,-1.,0.));
#12831=DIRECTION('ref_axis',(1.,0.,0.));
#12832=DIRECTION('center_axis',(0.,-1.,0.));
#12833=DIRECTION('ref_axis',(1.,0.,0.));
#12834=DIRECTION('',(0.,1.,0.));
#12835=DIRECTION('center_axis',(0.,1.,0.));
#12836=DIRECTION('ref_axis',(1.,0.,0.));
#12837=DIRECTION('center_axis',(0.,-1.,0.));
#12838=DIRECTION('ref_axis',(0.,0.,-1.));
#12839=DIRECTION('center_axis',(1.,0.,0.));
#12840=DIRECTION('ref_axis',(0.,0.,1.));
#12841=DIRECTION('',(0.,0.,1.));
#12842=DIRECTION('',(0.,-1.,0.));
#12843=DIRECTION('',(0.,0.,1.));
#12844=DIRECTION('',(0.,-1.,0.));
#12845=DIRECTION('center_axis',(0.,0.,-1.));
#12846=DIRECTION('ref_axis',(1.,0.,0.));
#12847=DIRECTION('',(1.,0.,0.));
#12848=DIRECTION('',(1.,0.,0.));
#12849=DIRECTION('',(0.,-1.,0.));
#12850=DIRECTION('center_axis',(1.,0.,0.));
#12851=DIRECTION('ref_axis',(0.,0.,1.));
#12852=DIRECTION('',(0.,0.,-1.));
#12853=DIRECTION('',(0.,0.,1.));
#12854=DIRECTION('',(0.,-1.,0.));
#12855=DIRECTION('center_axis',(0.,0.,1.));
#12856=DIRECTION('ref_axis',(-1.,0.,0.));
#12857=DIRECTION('',(-1.,0.,0.));
#12858=DIRECTION('',(-1.,0.,0.));
#12859=DIRECTION('',(0.,-1.,0.));
#12860=DIRECTION('center_axis',(1.,0.,0.));
#12861=DIRECTION('ref_axis',(0.,0.,1.));
#12862=DIRECTION('',(0.,0.,-1.));
#12863=DIRECTION('',(0.,0.,1.));
#12864=DIRECTION('',(0.,-1.,0.));
#12865=DIRECTION('center_axis',(0.,0.,1.));
#12866=DIRECTION('ref_axis',(-1.,0.,0.));
#12867=DIRECTION('',(1.,0.,0.));
#12868=DIRECTION('',(-1.,0.,0.));
#12869=DIRECTION('',(0.,-1.,0.));
#12870=DIRECTION('center_axis',(-1.,0.,0.));
#12871=DIRECTION('ref_axis',(0.,0.,-1.));
#12872=DIRECTION('',(0.,0.,-1.));
#12873=DIRECTION('',(0.,0.,-1.));
#12874=DIRECTION('',(0.,-1.,0.));
#12875=DIRECTION('center_axis',(0.,0.,1.));
#12876=DIRECTION('ref_axis',(-1.,0.,0.));
#12877=DIRECTION('',(1.,0.,0.));
#12878=DIRECTION('',(-1.,0.,0.));
#12879=DIRECTION('',(0.,-1.,0.));
#12880=DIRECTION('center_axis',(-1.,0.,0.));
#12881=DIRECTION('ref_axis',(0.,0.,-1.));
#12882=DIRECTION('',(0.,0.,1.));
#12883=DIRECTION('',(0.,0.,-1.));
#12884=DIRECTION('',(0.,-1.,0.));
#12885=DIRECTION('center_axis',(0.,0.,-1.));
#12886=DIRECTION('ref_axis',(1.,0.,0.));
#12887=DIRECTION('',(1.,0.,0.));
#12888=DIRECTION('',(1.,0.,0.));
#12889=DIRECTION('',(0.,-1.,0.));
#12890=DIRECTION('center_axis',(-1.,0.,0.));
#12891=DIRECTION('ref_axis',(0.,0.,-1.));
#12892=DIRECTION('',(0.,0.,-1.));
#12893=DIRECTION('',(0.,0.,-1.));
#12894=DIRECTION('',(0.,-1.,0.));
#12895=DIRECTION('center_axis',(0.,0.,-1.));
#12896=DIRECTION('ref_axis',(1.,0.,0.));
#12897=DIRECTION('',(-1.,0.,0.));
#12898=DIRECTION('',(1.,0.,0.));
#12899=DIRECTION('center_axis',(0.,-1.,0.));
#12900=DIRECTION('ref_axis',(1.,0.,0.));
#12901=DIRECTION('center_axis',(0.,-1.,0.));
#12902=DIRECTION('ref_axis',(1.,0.,0.));
#12903=DIRECTION('',(0.,1.,0.));
#12904=DIRECTION('center_axis',(0.,1.,0.));
#12905=DIRECTION('ref_axis',(1.,0.,0.));
#12906=DIRECTION('center_axis',(0.,-1.,0.));
#12907=DIRECTION('ref_axis',(0.,0.,-1.));
#12908=DIRECTION('center_axis',(0.,0.,1.));
#12909=DIRECTION('ref_axis',(-1.,0.,0.));
#12910=DIRECTION('',(-1.,0.,0.));
#12911=DIRECTION('',(0.,-1.,0.));
#12912=DIRECTION('',(-1.,0.,0.));
#12913=DIRECTION('',(0.,-1.,0.));
#12914=DIRECTION('center_axis',(1.,0.,0.));
#12915=DIRECTION('ref_axis',(0.,0.,1.));
#12916=DIRECTION('',(0.,0.,-1.));
#12917=DIRECTION('',(0.,0.,1.));
#12918=DIRECTION('',(0.,-1.,0.));
#12919=DIRECTION('center_axis',(0.,0.,1.));
#12920=DIRECTION('ref_axis',(-1.,0.,0.));
#12921=DIRECTION('',(1.,0.,0.));
#12922=DIRECTION('',(-1.,0.,0.));
#12923=DIRECTION('',(0.,-1.,0.));
#12924=DIRECTION('center_axis',(-1.,0.,0.));
#12925=DIRECTION('ref_axis',(0.,0.,-1.));
#12926=DIRECTION('',(0.,0.,-1.));
#12927=DIRECTION('',(0.,0.,-1.));
#12928=DIRECTION('',(0.,-1.,0.));
#12929=DIRECTION('center_axis',(0.,0.,1.));
#12930=DIRECTION('ref_axis',(-1.,0.,0.));
#12931=DIRECTION('',(-1.,0.,0.));
#12932=DIRECTION('',(-1.,0.,0.));
#12933=DIRECTION('',(0.,-1.,0.));
#12934=DIRECTION('center_axis',(-1.,0.,0.));
#12935=DIRECTION('ref_axis',(0.,0.,-1.));
#12936=DIRECTION('',(0.,0.,1.));
#12937=DIRECTION('',(0.,0.,-1.));
#12938=DIRECTION('',(0.,-1.,0.));
#12939=DIRECTION('center_axis',(0.,0.,-1.));
#12940=DIRECTION('ref_axis',(1.,0.,0.));
#12941=DIRECTION('',(1.,0.,0.));
#12942=DIRECTION('',(1.,0.,0.));
#12943=DIRECTION('',(0.,-1.,0.));
#12944=DIRECTION('center_axis',(-1.,0.,0.));
#12945=DIRECTION('ref_axis',(0.,0.,-1.));
#12946=DIRECTION('',(0.,0.,-1.));
#12947=DIRECTION('',(0.,0.,-1.));
#12948=DIRECTION('',(0.,-1.,0.));
#12949=DIRECTION('center_axis',(4.16333634234433E-15,0.,-1.));
#12950=DIRECTION('ref_axis',(1.,0.,4.16333634234433E-15));
#12951=DIRECTION('',(-1.,0.,-4.16333634234433E-15));
#12952=DIRECTION('',(1.,0.,4.16333634234433E-15));
#12953=DIRECTION('',(0.,-1.,0.));
#12954=DIRECTION('center_axis',(1.,0.,0.));
#12955=DIRECTION('ref_axis',(0.,0.,1.));
#12956=DIRECTION('',(0.,0.,1.));
#12957=DIRECTION('',(0.,0.,1.));
#12958=DIRECTION('',(0.,-1.,0.));
#12959=DIRECTION('center_axis',(0.,0.,-1.));
#12960=DIRECTION('ref_axis',(1.,0.,0.));
#12961=DIRECTION('',(-1.,0.,0.));
#12962=DIRECTION('',(1.,0.,0.));
#12963=DIRECTION('',(0.,-1.,0.));
#12964=DIRECTION('center_axis',(1.,0.,0.));
#12965=DIRECTION('ref_axis',(0.,0.,1.));
#12966=DIRECTION('',(0.,0.,-1.));
#12967=DIRECTION('',(0.,0.,1.));
#12968=DIRECTION('center_axis',(0.,-1.,0.));
#12969=DIRECTION('ref_axis',(1.,0.,0.));
#12970=DIRECTION('center_axis',(0.,-1.,0.));
#12971=DIRECTION('ref_axis',(1.,0.,0.));
#12972=DIRECTION('',(0.,1.,0.));
#12973=DIRECTION('center_axis',(0.,1.,0.));
#12974=DIRECTION('ref_axis',(1.,0.,0.));
#12975=DIRECTION('center_axis',(0.,-1.,0.));
#12976=DIRECTION('ref_axis',(0.,0.,-1.));
#12977=DIRECTION('center_axis',(0.,-1.,0.));
#12978=DIRECTION('ref_axis',(0.,0.,-1.));
#12979=DIRECTION('center_axis',(0.,-1.,0.));
#12980=DIRECTION('ref_axis',(0.,0.,-1.));
#12981=DIRECTION('center_axis',(0.,-1.,0.));
#12982=DIRECTION('ref_axis',(0.,0.,-1.));
#12983=DIRECTION('center_axis',(0.,-1.,0.));
#12984=DIRECTION('ref_axis',(0.,0.,-1.));
#12985=DIRECTION('center_axis',(0.,-1.,0.));
#12986=DIRECTION('ref_axis',(0.,0.,-1.));
#12987=DIRECTION('center_axis',(0.,-1.,0.));
#12988=DIRECTION('ref_axis',(1.,0.,0.));
#12989=DIRECTION('',(-1.,0.,-1.26882631385732E-16));
#12990=DIRECTION('center_axis',(0.,-1.,0.));
#12991=DIRECTION('ref_axis',(1.,0.,0.));
#12992=DIRECTION('',(-1.93082265152201E-16,0.,1.));
#12993=DIRECTION('center_axis',(0.,-1.,0.));
#12994=DIRECTION('ref_axis',(0.,0.,-1.));
#12995=DIRECTION('center_axis',(0.,-1.,0.));
#12996=DIRECTION('ref_axis',(1.,0.,0.));
#12997=DIRECTION('',(9.65411325761006E-17,0.,-1.));
#12998=DIRECTION('center_axis',(0.,-1.,0.));
#12999=DIRECTION('ref_axis',(-4.03717463500056E-16,0.,1.));
#13000=DIRECTION('',(-1.,0.,-1.26882631385732E-16));
#13001=DIRECTION('center_axis',(0.,-1.,0.));
#13002=DIRECTION('ref_axis',(0.,0.,-1.));
#13003=DIRECTION('center_axis',(0.,-1.,0.));
#13004=DIRECTION('ref_axis',(1.,0.,0.));
#13005=DIRECTION('',(1.,0.,0.));
#13006=DIRECTION('center_axis',(0.,-1.,0.));
#13007=DIRECTION('ref_axis',(-1.,0.,0.));
#13008=DIRECTION('',(9.65411325761006E-17,0.,-1.));
#13009=DIRECTION('center_axis',(0.,-1.,0.));
#13010=DIRECTION('ref_axis',(0.,0.,-1.));
#13011=DIRECTION('center_axis',(0.,-1.,0.));
#13012=DIRECTION('ref_axis',(1.,0.,0.));
#13013=DIRECTION('',(-1.93082265152201E-16,0.,1.));
#13014=DIRECTION('center_axis',(0.,-1.,0.));
#13015=DIRECTION('ref_axis',(0.,0.,-1.));
#13016=DIRECTION('',(1.,0.,0.));
#13017=DIRECTION('center_axis',(0.,-1.,0.));
#13018=DIRECTION('ref_axis',(1.,0.,0.));
#13019=DIRECTION('',(0.,-1.,0.));
#13020=DIRECTION('center_axis',(0.,-1.,0.));
#13021=DIRECTION('ref_axis',(1.,0.,0.));
#13022=DIRECTION('',(0.,-1.,0.));
#13023=DIRECTION('center_axis',(1.,0.,1.93082265152201E-16));
#13024=DIRECTION('ref_axis',(-1.93082265152201E-16,0.,1.));
#13025=DIRECTION('',(1.93082265152201E-16,0.,-1.));
#13026=DIRECTION('',(-1.93082265152201E-16,0.,1.));
#13027=DIRECTION('',(0.,-1.,0.));
#13028=DIRECTION('center_axis',(0.,-1.,0.));
#13029=DIRECTION('ref_axis',(0.,0.,-1.));
#13030=DIRECTION('center_axis',(0.,-1.,0.));
#13031=DIRECTION('ref_axis',(0.,0.,-1.));
#13032=DIRECTION('',(0.,-1.,0.));
#13033=DIRECTION('center_axis',(0.,0.,-1.));
#13034=DIRECTION('ref_axis',(1.,0.,0.));
#13035=DIRECTION('',(-1.,0.,0.));
#13036=DIRECTION('',(1.,0.,0.));
#13037=DIRECTION('',(0.,-1.,0.));
#13038=DIRECTION('center_axis',(0.,-1.,0.));
#13039=DIRECTION('ref_axis',(-1.,0.,0.));
#13040=DIRECTION('center_axis',(0.,-1.,0.));
#13041=DIRECTION('ref_axis',(-1.,0.,0.));
#13042=DIRECTION('',(0.,-1.,0.));
#13043=DIRECTION('center_axis',(-1.,0.,-9.65411325761006E-17));
#13044=DIRECTION('ref_axis',(9.65411325761006E-17,0.,-1.));
#13045=DIRECTION('',(-9.65411325761006E-17,0.,1.));
#13046=DIRECTION('',(9.65411325761006E-17,0.,-1.));
#13047=DIRECTION('',(0.,-1.,0.));
#13048=DIRECTION('center_axis',(0.,-1.,0.));
#13049=DIRECTION('ref_axis',(-4.03717463500056E-16,0.,1.));
#13050=DIRECTION('center_axis',(0.,-1.,0.));
#13051=DIRECTION('ref_axis',(-4.03717463500056E-16,0.,1.));
#13052=DIRECTION('',(0.,-1.,0.));
#13053=DIRECTION('center_axis',(-1.26882631385732E-16,0.,1.));
#13054=DIRECTION('ref_axis',(-1.,0.,-1.26882631385732E-16));
#13055=DIRECTION('',(1.,0.,1.26882631385732E-16));
#13056=DIRECTION('',(-1.,0.,-1.26882631385732E-16));
#13057=DIRECTION('center_axis',(0.,-1.,0.));
#13058=DIRECTION('ref_axis',(0.,0.,-1.));
#13059=DIRECTION('center_axis',(0.,-1.,0.));
#13060=DIRECTION('ref_axis',(0.,0.,-1.));
#13061=DIRECTION('center_axis',(0.,-1.,0.));
#13062=DIRECTION('ref_axis',(1.,0.,0.));
#13063=DIRECTION('center_axis',(0.,-1.,0.));
#13064=DIRECTION('ref_axis',(1.,0.,0.));
#13065=DIRECTION('center_axis',(0.,-1.,0.));
#13066=DIRECTION('ref_axis',(0.,0.,-1.));
#13067=DIRECTION('center_axis',(0.,-1.,0.));
#13068=DIRECTION('ref_axis',(1.,0.,0.));
#13069=DIRECTION('center_axis',(0.,-1.,0.));
#13070=DIRECTION('ref_axis',(0.,0.,-1.));
#13071=DIRECTION('center_axis',(0.,-1.,0.));
#13072=DIRECTION('ref_axis',(1.,0.,0.));
#13073=DIRECTION('center_axis',(0.,-1.,0.));
#13074=DIRECTION('ref_axis',(0.,0.,-1.));
#13075=DIRECTION('center_axis',(0.,-1.,0.));
#13076=DIRECTION('ref_axis',(1.,0.,0.));
#13077=DIRECTION('center_axis',(0.,0.,-1.));
#13078=DIRECTION('ref_axis',(1.,0.,0.));
#13079=DIRECTION('',(-1.,0.,0.));
#13080=DIRECTION('',(0.,-1.,0.));
#13081=DIRECTION('',(1.,0.,0.));
#13082=DIRECTION('',(0.,-1.,0.));
#13083=DIRECTION('center_axis',(-1.,0.,0.));
#13084=DIRECTION('ref_axis',(0.,0.,-1.));
#13085=DIRECTION('',(0.,0.,1.));
#13086=DIRECTION('',(0.,0.,-1.));
#13087=DIRECTION('',(0.,-1.,0.));
#13088=DIRECTION('center_axis',(2.77555756156289E-16,0.,-1.));
#13089=DIRECTION('ref_axis',(1.,0.,2.77555756156289E-16));
#13090=DIRECTION('',(-1.,0.,-2.77555756156289E-16));
#13091=DIRECTION('',(1.,0.,2.77555756156289E-16));
#13092=DIRECTION('',(0.,-1.,0.));
#13093=DIRECTION('center_axis',(-1.,0.,0.));
#13094=DIRECTION('ref_axis',(0.,0.,-1.));
#13095=DIRECTION('',(0.,0.,1.));
#13096=DIRECTION('',(0.,0.,-1.));
#13097=DIRECTION('',(0.,-1.,0.));
#13098=DIRECTION('center_axis',(-1.2490009027033E-16,0.,1.));
#13099=DIRECTION('ref_axis',(-1.,0.,-1.2490009027033E-16));
#13100=DIRECTION('',(1.,0.,1.2490009027033E-16));
#13101=DIRECTION('',(-1.,0.,-1.2490009027033E-16));
#13102=DIRECTION('',(0.,-1.,0.));
#13103=DIRECTION('center_axis',(-1.,0.,0.));
#13104=DIRECTION('ref_axis',(0.,0.,-1.));
#13105=DIRECTION('',(0.,0.,1.));
#13106=DIRECTION('',(0.,0.,-1.));
#13107=DIRECTION('',(0.,-1.,0.));
#13108=DIRECTION('center_axis',(0.,0.,1.));
#13109=DIRECTION('ref_axis',(-1.,0.,0.));
#13110=DIRECTION('',(1.,0.,0.));
#13111=DIRECTION('',(-1.,0.,0.));
#13112=DIRECTION('',(0.,-1.,0.));
#13113=DIRECTION('center_axis',(1.,0.,0.));
#13114=DIRECTION('ref_axis',(0.,0.,1.));
#13115=DIRECTION('',(0.,0.,-1.));
#13116=DIRECTION('',(0.,0.,1.));
#13117=DIRECTION('',(0.,-1.,0.));
#13118=DIRECTION('center_axis',(-1.2490009027033E-16,0.,1.));
#13119=DIRECTION('ref_axis',(-1.,0.,-1.2490009027033E-16));
#13120=DIRECTION('',(1.,0.,1.2490009027033E-16));
#13121=DIRECTION('',(-1.,0.,-1.2490009027033E-16));
#13122=DIRECTION('',(0.,-1.,0.));
#13123=DIRECTION('center_axis',(1.,0.,2.77555756156289E-16));
#13124=DIRECTION('ref_axis',(-2.77555756156289E-16,0.,1.));
#13125=DIRECTION('',(2.77555756156289E-16,0.,-1.));
#13126=DIRECTION('',(-2.77555756156289E-16,0.,1.));
#13127=DIRECTION('',(0.,-1.,0.));
#13128=DIRECTION('center_axis',(2.77555756156289E-16,0.,-1.));
#13129=DIRECTION('ref_axis',(1.,0.,2.77555756156289E-16));
#13130=DIRECTION('',(-1.,0.,-2.77555756156289E-16));
#13131=DIRECTION('',(1.,0.,2.77555756156289E-16));
#13132=DIRECTION('',(0.,-1.,0.));
#13133=DIRECTION('center_axis',(1.,0.,0.));
#13134=DIRECTION('ref_axis',(0.,0.,1.));
#13135=DIRECTION('',(0.,0.,-1.));
#13136=DIRECTION('',(0.,0.,1.));
#13137=DIRECTION('center_axis',(0.,-1.,0.));
#13138=DIRECTION('ref_axis',(0.,0.,-1.));
#13139=DIRECTION('center_axis',(0.,1.,0.));
#13140=DIRECTION('ref_axis',(1.,0.,0.));
#13141=DIRECTION('center_axis',(0.,1.,0.));
#13142=DIRECTION('ref_axis',(1.,0.,0.));
#13143=DIRECTION('',(0.,1.,0.));
#13144=DIRECTION('center_axis',(0.,1.,0.));
#13145=DIRECTION('ref_axis',(1.,0.,0.));
#13146=DIRECTION('center_axis',(0.,-1.,0.));
#13147=DIRECTION('ref_axis',(0.,0.,-1.));
#13148=DIRECTION('center_axis',(-1.,0.,0.));
#13149=DIRECTION('ref_axis',(0.,0.,-1.));
#13150=DIRECTION('center_axis',(-1.,0.,0.));
#13151=DIRECTION('ref_axis',(0.,0.,-1.));
#13152=DIRECTION('',(-1.,0.,0.));
#13153=DIRECTION('center_axis',(1.,0.,2.77555756156289E-16));
#13154=DIRECTION('ref_axis',(0.,0.,-1.));
#13155=DIRECTION('center_axis',(-1.,0.,-2.80625093112204E-16));
#13156=DIRECTION('ref_axis',(2.80625093112204E-16,0.,-1.));
#13157=DIRECTION('center_axis',(-1.,0.,-2.77555756156289E-16));
#13158=DIRECTION('ref_axis',(2.80625093112204E-16,0.,-1.));
#13159=DIRECTION('',(-1.,0.,-2.80625093112204E-16));
#13160=DIRECTION('center_axis',(1.,0.,0.));
#13161=DIRECTION('ref_axis',(2.80625093112204E-16,0.,-1.));
#13162=DIRECTION('center_axis',(0.,-0.707106781186549,0.707106781186546));
#13163=DIRECTION('ref_axis',(1.,0.,0.));
#13164=DIRECTION('',(1.96261557335472E-16,-0.707106781186546,-0.707106781186549));
#13165=DIRECTION('',(1.,0.,0.));
#13166=DIRECTION('',(0.,0.707106781186546,0.707106781186549));
#13167=DIRECTION('',(-1.,0.,0.));
#13168=DIRECTION('center_axis',(1.,0.,0.));
#13169=DIRECTION('ref_axis',(0.,0.,1.));
#13170=DIRECTION('',(0.,0.,1.));
#13171=DIRECTION('',(0.,-0.707106781186546,0.707106781186549));
#13172=DIRECTION('',(0.,-1.,0.));
#13173=DIRECTION('',(0.,0.,-1.));
#13174=DIRECTION('',(0.,-1.,0.));
#13175=DIRECTION('center_axis',(0.,-1.,0.));
#13176=DIRECTION('ref_axis',(0.,0.,-1.));
#13177=DIRECTION('',(2.77555756156289E-16,0.,-1.));
#13178=DIRECTION('',(-1.,0.,0.));
#13179=DIRECTION('center_axis',(0.,-0.707106781186549,-0.707106781186546));
#13180=DIRECTION('ref_axis',(-1.,0.,0.));
#13181=DIRECTION('',(1.96261557335472E-16,0.707106781186546,-0.707106781186549));
#13182=DIRECTION('',(1.,0.,0.));
#13183=DIRECTION('center_axis',(0.,-0.707106781186549,0.707106781186546));
#13184=DIRECTION('ref_axis',(1.,0.,0.));
#13185=DIRECTION('',(0.,-0.707106781186546,-0.707106781186549));
#13186=DIRECTION('',(1.,0.,0.));
#13187=DIRECTION('',(-1.96261557335472E-16,0.707106781186546,0.707106781186549));
#13188=DIRECTION('',(-1.,0.,0.));
#13189=DIRECTION('center_axis',(1.,0.,2.77555756156289E-16));
#13190=DIRECTION('ref_axis',(-2.77555756156289E-16,0.,1.));
#13191=DIRECTION('',(-2.77555756156289E-16,0.,1.));
#13192=DIRECTION('',(-1.96261557335472E-16,-0.707106781186546,0.707106781186549));
#13193=DIRECTION('',(0.,-1.,0.));
#13194=DIRECTION('',(2.77555756156289E-16,0.,-1.));
#13195=DIRECTION('',(0.,-1.,0.));
#13196=DIRECTION('center_axis',(0.,-1.,0.));
#13197=DIRECTION('ref_axis',(0.,0.,-1.));
#13198=DIRECTION('',(0.,0.,-1.));
#13199=DIRECTION('',(-1.,0.,0.));
#13200=DIRECTION('center_axis',(0.,-0.707106781186549,-0.707106781186546));
#13201=DIRECTION('ref_axis',(-1.,0.,0.));
#13202=DIRECTION('',(0.,0.707106781186546,-0.707106781186549));
#13203=DIRECTION('',(1.,0.,0.));
#13204=DIRECTION('center_axis',(-1.,0.,-2.77555756156289E-16));
#13205=DIRECTION('ref_axis',(2.77555756156289E-16,0.,-1.));
#13206=DIRECTION('',(0.,-1.,0.));
#13207=DIRECTION('',(-2.77555756156289E-16,0.,1.));
#13208=DIRECTION('',(0.,-1.,0.));
#13209=DIRECTION('center_axis',(0.,0.,1.));
#13210=DIRECTION('ref_axis',(-1.,0.,0.));
#13211=DIRECTION('',(1.,0.,0.));
#13212=DIRECTION('center_axis',(0.,0.,-1.));
#13213=DIRECTION('ref_axis',(1.,0.,0.));
#13214=DIRECTION('',(-1.,0.,0.));
#13215=DIRECTION('center_axis',(0.,0.,-1.));
#13216=DIRECTION('ref_axis',(1.,0.,0.));
#13217=DIRECTION('',(0.,-1.,0.));
#13218=DIRECTION('',(-1.,0.,0.));
#13219=DIRECTION('center_axis',(-1.,0.,0.));
#13220=DIRECTION('ref_axis',(0.,0.,-1.));
#13221=DIRECTION('',(0.,-1.,0.));
#13222=DIRECTION('',(0.,0.,1.));
#13223=DIRECTION('center_axis',(0.,0.,1.));
#13224=DIRECTION('ref_axis',(-1.,0.,0.));
#13225=DIRECTION('',(1.,0.,0.));
#13226=DIRECTION('center_axis',(0.,-1.,0.));
#13227=DIRECTION('ref_axis',(0.,0.,-1.));
#13228=DIRECTION('center_axis',(0.,-1.,0.));
#13229=DIRECTION('ref_axis',(-1.,0.,0.));
#13230=DIRECTION('',(0.,0.,-1.));
#13231=DIRECTION('center_axis',(0.,1.,0.));
#13232=DIRECTION('ref_axis',(1.,0.,0.));
#13233=DIRECTION('center_axis',(0.,-1.,0.));
#13234=DIRECTION('ref_axis',(1.,0.,0.));
#13235=DIRECTION('center_axis',(0.,1.,0.));
#13236=DIRECTION('ref_axis',(1.,0.,0.));
#13237=DIRECTION('',(0.,0.,1.));
#13238=DIRECTION('center_axis',(0.,-1.,0.));
#13239=DIRECTION('ref_axis',(0.,0.,-1.));
#13240=DIRECTION('center_axis',(0.,1.,0.));
#13241=DIRECTION('ref_axis',(1.,0.,0.));
#13242=DIRECTION('',(-1.,0.,0.));
#13243=DIRECTION('center_axis',(0.,-1.,0.));
#13244=DIRECTION('ref_axis',(-1.,0.,0.));
#13245=DIRECTION('',(1.,0.,0.));
#13246=DIRECTION('center_axis',(0.,-1.,0.));
#13247=DIRECTION('ref_axis',(0.,0.,-1.));
#13248=DIRECTION('center_axis',(0.,1.,0.));
#13249=DIRECTION('ref_axis',(1.,0.,0.));
#13250=DIRECTION('center_axis',(0.,-1.,0.));
#13251=DIRECTION('ref_axis',(1.,0.,0.));
#13252=DIRECTION('center_axis',(0.,1.,0.));
#13253=DIRECTION('ref_axis',(1.,0.,0.));
#13254=DIRECTION('',(0.,0.,-1.));
#13255=DIRECTION('center_axis',(0.,-1.,0.));
#13256=DIRECTION('ref_axis',(-1.,0.,0.));
#13257=DIRECTION('',(0.,0.,1.));
#13258=DIRECTION('center_axis',(0.,-1.,0.));
#13259=DIRECTION('ref_axis',(1.,0.,0.));
#13260=DIRECTION('center_axis',(0.,1.,0.));
#13261=DIRECTION('ref_axis',(1.,0.,0.));
#13262=DIRECTION('',(0.,-1.,0.));
#13263=DIRECTION('center_axis',(0.,-1.,0.));
#13264=DIRECTION('ref_axis',(1.,0.,0.));
#13265=DIRECTION('',(0.,-1.,0.));
#13266=DIRECTION('center_axis',(0.707106781186548,0.,-0.707106781186548));
#13267=DIRECTION('ref_axis',(0.707106781186548,0.,0.707106781186548));
#13268=DIRECTION('',(-0.707106781186548,0.,-0.707106781186548));
#13269=DIRECTION('',(0.707106781186548,0.,0.707106781186548));
#13270=DIRECTION('',(0.,-1.,0.));
#13271=DIRECTION('center_axis',(0.,-1.,0.));
#13272=DIRECTION('ref_axis',(-1.,0.,0.));
#13273=DIRECTION('center_axis',(0.,-1.,0.));
#13274=DIRECTION('ref_axis',(-1.,0.,0.));
#13275=DIRECTION('center_axis',(0.,1.,0.));
#13276=DIRECTION('ref_axis',(-1.,0.,0.));
#13277=DIRECTION('',(0.,-1.,0.));
#13278=DIRECTION('center_axis',(-0.707106781186548,0.,-0.707106781186548));
#13279=DIRECTION('ref_axis',(0.707106781186548,0.,-0.707106781186548));
#13280=DIRECTION('',(-0.707106781186547,0.,0.707106781186547));
#13281=DIRECTION('',(0.707106781186548,0.,-0.707106781186548));
#13282=DIRECTION('center_axis',(0.707106781186548,0.,0.707106781186548));
#13283=DIRECTION('ref_axis',(-0.707106781186548,0.,0.707106781186548));
#13284=DIRECTION('',(0.707106781186547,0.,-0.707106781186547));
#13285=DIRECTION('',(0.,-1.,0.));
#13286=DIRECTION('',(-0.707106781186547,0.,0.707106781186547));
#13287=DIRECTION('',(0.,-1.,0.));
#13288=DIRECTION('center_axis',(0.,-1.,0.));
#13289=DIRECTION('ref_axis',(1.,0.,0.));
#13290=DIRECTION('center_axis',(0.,1.,0.));
#13291=DIRECTION('ref_axis',(1.,0.,0.));
#13292=DIRECTION('center_axis',(0.,-1.,0.));
#13293=DIRECTION('ref_axis',(1.,0.,0.));
#13294=DIRECTION('',(0.,-1.,0.));
#13295=DIRECTION('center_axis',(-0.707106781186548,0.,0.707106781186548));
#13296=DIRECTION('ref_axis',(-0.707106781186548,0.,-0.707106781186548));
#13297=DIRECTION('',(0.707106781186547,0.,0.707106781186547));
#13298=DIRECTION('',(-0.707106781186547,0.,-0.707106781186547));
#13299=DIRECTION('',(0.,-1.,0.));
#13300=DIRECTION('center_axis',(0.,-1.,0.));
#13301=DIRECTION('ref_axis',(-1.,0.,0.));
#13302=DIRECTION('center_axis',(0.,-1.,0.));
#13303=DIRECTION('ref_axis',(-1.,0.,0.));
#13304=DIRECTION('center_axis',(0.,1.,0.));
#13305=DIRECTION('ref_axis',(-1.,0.,0.));
#13306=DIRECTION('center_axis',(0.,-1.,0.));
#13307=DIRECTION('ref_axis',(1.,0.,0.));
#13308=DIRECTION('center_axis',(0.,1.,0.));
#13309=DIRECTION('ref_axis',(1.,0.,0.));
#13310=DIRECTION('',(0.,-1.,0.));
#13311=DIRECTION('center_axis',(0.,-1.,0.));
#13312=DIRECTION('ref_axis',(1.,0.,0.));
#13313=DIRECTION('',(0.,-1.,0.));
#13314=DIRECTION('center_axis',(0.,0.,1.));
#13315=DIRECTION('ref_axis',(-1.,0.,0.));
#13316=DIRECTION('',(1.,0.,0.));
#13317=DIRECTION('',(-1.,0.,0.));
#13318=DIRECTION('',(1.,0.,0.));
#13319=DIRECTION('',(-1.,0.,0.));
#13320=DIRECTION('',(0.,-1.,0.));
#13321=DIRECTION('center_axis',(0.,0.,-1.));
#13322=DIRECTION('ref_axis',(1.,0.,0.));
#13323=DIRECTION('',(-1.,0.,0.));
#13324=DIRECTION('',(1.,0.,0.));
#13325=DIRECTION('',(-1.,0.,0.));
#13326=DIRECTION('',(0.,-1.,0.));
#13327=DIRECTION('',(1.,0.,0.));
#13328=DIRECTION('',(0.,-1.,0.));
#13329=DIRECTION('center_axis',(0.,-1.,0.));
#13330=DIRECTION('ref_axis',(1.,0.,0.));
#13331=DIRECTION('center_axis',(0.,1.,0.));
#13332=DIRECTION('ref_axis',(1.,0.,0.));
#13333=DIRECTION('center_axis',(0.,-1.,0.));
#13334=DIRECTION('ref_axis',(1.,0.,0.));
#13335=DIRECTION('',(0.,-1.,0.));
#13336=DIRECTION('center_axis',(1.,0.,0.));
#13337=DIRECTION('ref_axis',(0.,0.,1.));
#13338=DIRECTION('',(0.,0.,-1.));
#13339=DIRECTION('',(0.,0.,-1.));
#13340=DIRECTION('',(0.,0.,1.));
#13341=DIRECTION('',(0.,-1.,0.));
#13342=DIRECTION('center_axis',(0.,-1.,0.));
#13343=DIRECTION('ref_axis',(1.,0.,0.));
#13344=DIRECTION('',(0.,-1.,0.));
#13345=DIRECTION('center_axis',(0.,-1.,0.));
#13346=DIRECTION('ref_axis',(1.,0.,0.));
#13347=DIRECTION('',(0.,-1.,0.));
#13348=DIRECTION('center_axis',(-1.,0.,0.));
#13349=DIRECTION('ref_axis',(0.,0.,-1.));
#13350=DIRECTION('',(0.,0.,1.));
#13351=DIRECTION('',(0.,0.,1.));
#13352=DIRECTION('',(0.,-1.,0.));
#13353=DIRECTION('',(0.,0.,-1.));
#13354=DIRECTION('',(0.,-1.,0.));
#13355=DIRECTION('center_axis',(0.,-1.,0.));
#13356=DIRECTION('ref_axis',(1.,0.,0.));
#13357=DIRECTION('center_axis',(0.,1.,0.));
#13358=DIRECTION('ref_axis',(1.,0.,0.));
#13359=DIRECTION('center_axis',(0.,-1.,0.));
#13360=DIRECTION('ref_axis',(1.,0.,0.));
#13361=DIRECTION('',(0.,-1.,0.));
#13362=DIRECTION('center_axis',(0.,0.,-1.));
#13363=DIRECTION('ref_axis',(1.,0.,0.));
#13364=DIRECTION('',(-1.,0.,0.));
#13365=DIRECTION('',(-1.,0.,0.));
#13366=DIRECTION('',(1.,0.,0.));
#13367=DIRECTION('',(0.,-1.,0.));
#13368=DIRECTION('center_axis',(0.,0.,1.));
#13369=DIRECTION('ref_axis',(-1.,0.,0.));
#13370=DIRECTION('',(1.,0.,0.));
#13371=DIRECTION('',(1.,0.,0.));
#13372=DIRECTION('',(0.,-1.,0.));
#13373=DIRECTION('',(-1.,0.,0.));
#13374=DIRECTION('',(0.,-1.,0.));
#13375=DIRECTION('center_axis',(0.,-1.,0.));
#13376=DIRECTION('ref_axis',(1.,0.,0.));
#13377=DIRECTION('center_axis',(0.,1.,0.));
#13378=DIRECTION('ref_axis',(1.,0.,0.));
#13379=DIRECTION('center_axis',(0.,-1.,0.));
#13380=DIRECTION('ref_axis',(1.,0.,0.));
#13381=DIRECTION('',(0.,-1.,0.));
#13382=DIRECTION('center_axis',(-1.,0.,0.));
#13383=DIRECTION('ref_axis',(0.,0.,-1.));
#13384=DIRECTION('',(0.,0.,1.));
#13385=DIRECTION('',(0.,0.,1.));
#13386=DIRECTION('',(0.,0.,-1.));
#13387=DIRECTION('',(0.,-1.,0.));
#13388=DIRECTION('center_axis',(0.,-1.,0.));
#13389=DIRECTION('ref_axis',(1.,0.,0.));
#13390=DIRECTION('',(0.,-1.,0.));
#13391=DIRECTION('center_axis',(0.,-1.,0.));
#13392=DIRECTION('ref_axis',(1.,0.,0.));
#13393=DIRECTION('',(0.,-1.,0.));
#13394=DIRECTION('center_axis',(1.,0.,0.));
#13395=DIRECTION('ref_axis',(0.,0.,1.));
#13396=DIRECTION('',(0.,0.,-1.));
#13397=DIRECTION('',(0.,0.,-1.));
#13398=DIRECTION('',(0.,-1.,0.));
#13399=DIRECTION('',(0.,0.,1.));
#13400=DIRECTION('center_axis',(0.,-1.,0.));
#13401=DIRECTION('ref_axis',(0.,0.,-1.));
#13402=DIRECTION('center_axis',(0.,-1.,0.));
#13403=DIRECTION('ref_axis',(0.90348961003969,0.,0.428609991192843));
#13404=DIRECTION('',(0.,0.,-1.));
#13405=DIRECTION('',(2.20926560224869E-15,0.,1.));
#13406=DIRECTION('center_axis',(0.,-1.,0.));
#13407=DIRECTION('ref_axis',(-0.0937499999999999,0.,0.995595770129625));
#13408=DIRECTION('center_axis',(0.,-1.,0.));
#13409=DIRECTION('ref_axis',(-0.967618386913253,0.,0.252417624795485));
#13410=DIRECTION('center_axis',(0.,-1.,0.));
#13411=DIRECTION('ref_axis',(-0.967618386913253,0.,0.252417624795485));
#13412=DIRECTION('center_axis',(0.,-1.,0.));
#13413=DIRECTION('ref_axis',(-0.90348961003969,0.,-0.428609991192843));
#13414=DIRECTION('',(0.,0.,1.));
#13415=DIRECTION('',(0.,0.,-1.));
#13416=DIRECTION('center_axis',(0.,-1.,0.));
#13417=DIRECTION('ref_axis',(0.0937500000000002,0.,-0.995595770129624));
#13418=DIRECTION('center_axis',(0.,-1.,0.));
#13419=DIRECTION('ref_axis',(0.967618386913253,0.,-0.252417624795485));
#13420=DIRECTION('center_axis',(0.,-1.,0.));
#13421=DIRECTION('ref_axis',(0.,0.,-1.));
#13422=DIRECTION('center_axis',(0.,1.,0.));
#13423=DIRECTION('ref_axis',(1.,0.,0.));
#13424=DIRECTION('center_axis',(0.,-1.,0.));
#13425=DIRECTION('ref_axis',(-1.,0.,0.));
#13426=DIRECTION('center_axis',(0.,-1.,0.));
#13427=DIRECTION('ref_axis',(-1.,0.,0.));
#13428=DIRECTION('center_axis',(0.,-1.,0.));
#13429=DIRECTION('ref_axis',(0.,0.,-1.));
#13430=DIRECTION('center_axis',(0.,-1.,0.));
#13431=DIRECTION('ref_axis',(1.,0.,0.));
#13432=DIRECTION('',(-0.939692620785908,0.,-0.342020143325669));
#13433=DIRECTION('center_axis',(0.,1.,0.));
#13434=DIRECTION('ref_axis',(1.,0.,0.));
#13435=DIRECTION('center_axis',(0.,-1.,0.));
#13436=DIRECTION('ref_axis',(0.,0.,-1.));
#13437=DIRECTION('center_axis',(0.,1.,0.));
#13438=DIRECTION('ref_axis',(1.,0.,0.));
#13439=DIRECTION('',(0.939692620785908,0.,-0.342020143325669));
#13440=DIRECTION('center_axis',(0.,-1.,0.));
#13441=DIRECTION('ref_axis',(1.,0.,0.));
#13442=DIRECTION('center_axis',(0.,-1.,0.));
#13443=DIRECTION('ref_axis',(0.,0.,-1.));
#13444=DIRECTION('center_axis',(0.,-1.,0.));
#13445=DIRECTION('ref_axis',(1.,0.,0.));
#13446=DIRECTION('',(0.939692620785908,0.,0.342020143325669));
#13447=DIRECTION('center_axis',(0.,1.,0.));
#13448=DIRECTION('ref_axis',(1.,0.,0.));
#13449=DIRECTION('center_axis',(0.,-1.,0.));
#13450=DIRECTION('ref_axis',(0.,0.,-1.));
#13451=DIRECTION('center_axis',(0.,1.,0.));
#13452=DIRECTION('ref_axis',(1.,0.,0.));
#13453=DIRECTION('',(-0.939692620785908,0.,0.342020143325669));
#13454=DIRECTION('center_axis',(0.,-1.,0.));
#13455=DIRECTION('ref_axis',(1.,0.,0.));
#13456=DIRECTION('center_axis',(0.,-1.,0.));
#13457=DIRECTION('ref_axis',(0.,0.,-1.));
#13458=DIRECTION('center_axis',(0.,-1.,0.));
#13459=DIRECTION('ref_axis',(0.,0.,-1.));
#13460=DIRECTION('center_axis',(0.,-1.,0.));
#13461=DIRECTION('ref_axis',(-1.,0.,0.));
#13462=DIRECTION('center_axis',(0.,-1.,0.));
#13463=DIRECTION('ref_axis',(0.,0.,-1.));
#13464=DIRECTION('center_axis',(0.,-1.,0.));
#13465=DIRECTION('ref_axis',(-1.,0.,0.));
#13466=DIRECTION('center_axis',(0.,-1.,0.));
#13467=DIRECTION('ref_axis',(0.,0.,-1.));
#13468=DIRECTION('center_axis',(0.,-1.,0.));
#13469=DIRECTION('ref_axis',(-1.,0.,0.));
#13470=DIRECTION('center_axis',(0.,-1.,0.));
#13471=DIRECTION('ref_axis',(0.,0.,-1.));
#13472=DIRECTION('center_axis',(0.,-1.,0.));
#13473=DIRECTION('ref_axis',(-1.,0.,0.));
#13474=DIRECTION('center_axis',(0.,1.,0.));
#13475=DIRECTION('ref_axis',(-1.,0.,0.));
#13476=DIRECTION('',(0.,1.,0.));
#13477=DIRECTION('center_axis',(0.,-1.,0.));
#13478=DIRECTION('ref_axis',(-1.,0.,0.));
#13479=DIRECTION('center_axis',(0.342020143325669,0.,-0.939692620785908));
#13480=DIRECTION('ref_axis',(-0.939692620785908,0.,-0.342020143325669));
#13481=DIRECTION('',(-0.939692620785908,0.,-0.342020143325669));
#13482=DIRECTION('',(0.,1.,0.));
#13483=DIRECTION('',(-0.939692620785908,0.,-0.342020143325669));
#13484=DIRECTION('',(0.,1.,0.));
#13485=DIRECTION('center_axis',(0.,1.,0.));
#13486=DIRECTION('ref_axis',(1.,0.,0.));
#13487=DIRECTION('',(0.,1.,0.));
#13488=DIRECTION('center_axis',(0.,1.,0.));
#13489=DIRECTION('ref_axis',(1.,0.,0.));
#13490=DIRECTION('center_axis',(0.,1.,0.));
#13491=DIRECTION('ref_axis',(1.,0.,0.));
#13492=DIRECTION('center_axis',(-1.,0.,0.));
#13493=DIRECTION('ref_axis',(0.,0.,1.));
#13494=DIRECTION('',(0.,-1.,0.));
#13495=DIRECTION('',(0.,0.,1.));
#13496=DIRECTION('center_axis',(1.,0.,0.));
#13497=DIRECTION('ref_axis',(0.,0.,-1.));
#13498=DIRECTION('',(0.,1.,0.));
#13499=DIRECTION('',(0.,0.,-1.));
#13500=DIRECTION('',(0.,1.,0.));
#13501=DIRECTION('center_axis',(0.,1.,0.));
#13502=DIRECTION('ref_axis',(1.,0.,0.));
#13503=DIRECTION('center_axis',(0.,1.,0.));
#13504=DIRECTION('ref_axis',(1.,0.,0.));
#13505=DIRECTION('',(0.,1.,0.));
#13506=DIRECTION('center_axis',(0.,1.,0.));
#13507=DIRECTION('ref_axis',(1.,0.,0.));
#13508=DIRECTION('center_axis',(-0.342020143325669,0.,-0.939692620785908));
#13509=DIRECTION('ref_axis',(-0.939692620785908,0.,0.342020143325669));
#13510=DIRECTION('',(-0.939692620785908,0.,0.342020143325669));
#13511=DIRECTION('',(0.,-1.,0.));
#13512=DIRECTION('',(-0.939692620785908,0.,0.342020143325669));
#13513=DIRECTION('center_axis',(0.342020143325669,0.,0.939692620785908));
#13514=DIRECTION('ref_axis',(0.939692620785908,0.,-0.342020143325669));
#13515=DIRECTION('',(0.,1.,0.));
#13516=DIRECTION('',(0.939692620785908,0.,-0.342020143325669));
#13517=DIRECTION('',(0.,1.,0.));
#13518=DIRECTION('center_axis',(0.,1.,0.));
#13519=DIRECTION('ref_axis',(1.,0.,0.));
#13520=DIRECTION('',(0.,1.,0.));
#13521=DIRECTION('center_axis',(0.,1.,0.));
#13522=DIRECTION('ref_axis',(1.,0.,0.));
#13523=DIRECTION('center_axis',(0.342020143325669,0.,-0.939692620785908));
#13524=DIRECTION('ref_axis',(-0.939692620785908,0.,-0.342020143325669));
#13525=DIRECTION('',(0.,-1.,0.));
#13526=DIRECTION('',(-0.939692620785908,0.,-0.342020143325669));
#13527=DIRECTION('center_axis',(-0.342020143325669,0.,0.939692620785908));
#13528=DIRECTION('ref_axis',(0.939692620785908,0.,0.342020143325669));
#13529=DIRECTION('',(0.939692620785908,0.,0.342020143325669));
#13530=DIRECTION('',(0.,1.,0.));
#13531=DIRECTION('',(0.939692620785908,0.,0.342020143325669));
#13532=DIRECTION('',(0.,1.,0.));
#13533=DIRECTION('center_axis',(0.,1.,0.));
#13534=DIRECTION('ref_axis',(1.,0.,0.));
#13535=DIRECTION('',(0.,1.,0.));
#13536=DIRECTION('center_axis',(0.,1.,0.));
#13537=DIRECTION('ref_axis',(1.,0.,0.));
#13538=DIRECTION('center_axis',(0.,1.,0.));
#13539=DIRECTION('ref_axis',(1.,0.,0.));
#13540=DIRECTION('center_axis',(1.,0.,0.));
#13541=DIRECTION('ref_axis',(0.,0.,-1.));
#13542=DIRECTION('',(0.,-1.,0.));
#13543=DIRECTION('',(0.,0.,-1.));
#13544=DIRECTION('center_axis',(-1.,0.,0.));
#13545=DIRECTION('ref_axis',(0.,0.,1.));
#13546=DIRECTION('',(0.,1.,0.));
#13547=DIRECTION('',(0.,0.,1.));
#13548=DIRECTION('',(0.,1.,0.));
#13549=DIRECTION('center_axis',(0.,1.,0.));
#13550=DIRECTION('ref_axis',(1.,0.,0.));
#13551=DIRECTION('center_axis',(0.,1.,0.));
#13552=DIRECTION('ref_axis',(1.,0.,0.));
#13553=DIRECTION('',(0.,1.,0.));
#13554=DIRECTION('center_axis',(0.,1.,0.));
#13555=DIRECTION('ref_axis',(1.,0.,0.));
#13556=DIRECTION('center_axis',(0.342020143325669,0.,0.939692620785908));
#13557=DIRECTION('ref_axis',(0.939692620785908,0.,-0.342020143325669));
#13558=DIRECTION('',(0.939692620785908,0.,-0.342020143325669));
#13559=DIRECTION('',(0.,-1.,0.));
#13560=DIRECTION('',(0.939692620785908,0.,-0.342020143325669));
#13561=DIRECTION('center_axis',(-0.342020143325669,0.,-0.939692620785908));
#13562=DIRECTION('ref_axis',(-0.939692620785908,0.,0.342020143325669));
#13563=DIRECTION('',(0.,1.,0.));
#13564=DIRECTION('',(-0.939692620785908,0.,0.342020143325669));
#13565=DIRECTION('',(0.,1.,0.));
#13566=DIRECTION('center_axis',(0.,1.,0.));
#13567=DIRECTION('ref_axis',(-1.,0.,-1.22464679914735E-16));
#13568=DIRECTION('',(0.,1.,0.));
#13569=DIRECTION('center_axis',(0.,1.,0.));
#13570=DIRECTION('ref_axis',(1.,0.,0.));
#13571=DIRECTION('center_axis',(-0.342020143325669,0.,0.939692620785908));
#13572=DIRECTION('ref_axis',(0.939692620785908,0.,0.342020143325669));
#13573=DIRECTION('',(0.,-1.,0.));
#13574=DIRECTION('',(0.939692620785908,0.,0.342020143325669));
#13575=DIRECTION('center_axis',(0.,-1.,0.));
#13576=DIRECTION('ref_axis',(0.,0.,-1.));
#13577=DIRECTION('center_axis',(0.,1.,0.));
#13578=DIRECTION('ref_axis',(1.,0.,0.));
#13579=DIRECTION('center_axis',(0.,1.,0.));
#13580=DIRECTION('ref_axis',(1.,0.,0.));
#13581=DIRECTION('center_axis',(0.,1.,0.));
#13582=DIRECTION('ref_axis',(1.,0.,0.));
#13583=DIRECTION('center_axis',(0.,1.,0.));
#13584=DIRECTION('ref_axis',(1.,0.,0.));
#13585=DIRECTION('center_axis',(0.,1.,0.));
#13586=DIRECTION('ref_axis',(1.,0.,0.));
#13587=DIRECTION('center_axis',(0.,1.,0.));
#13588=DIRECTION('ref_axis',(1.,0.,0.));
#13589=DIRECTION('center_axis',(0.,-1.,0.));
#13590=DIRECTION('ref_axis',(0.,0.,-1.));
#13591=DIRECTION('center_axis',(0.,-1.,0.));
#13592=DIRECTION('ref_axis',(1.,0.,0.));
#13593=DIRECTION('center_axis',(0.,-1.,0.));
#13594=DIRECTION('ref_axis',(0.,0.,-1.));
#13595=DIRECTION('center_axis',(0.,-1.,0.));
#13596=DIRECTION('ref_axis',(1.,0.,0.));
#13597=DIRECTION('center_axis',(0.,-1.,0.));
#13598=DIRECTION('ref_axis',(0.,0.,-1.));
#13599=DIRECTION('center_axis',(0.,-1.,0.));
#13600=DIRECTION('ref_axis',(1.,0.,0.));
#13601=DIRECTION('center_axis',(0.,-1.,0.));
#13602=DIRECTION('ref_axis',(0.,0.,-1.));
#13603=DIRECTION('center_axis',(0.,-1.,0.));
#13604=DIRECTION('ref_axis',(1.,0.,0.));
#13605=DIRECTION('center_axis',(-1.,0.,0.));
#13606=DIRECTION('ref_axis',(0.,0.,1.));
#13607=DIRECTION('',(0.,0.,-1.));
#13608=DIRECTION('',(0.,1.,0.));
#13609=DIRECTION('',(0.,0.,1.));
#13610=DIRECTION('',(0.,1.,0.));
#13611=DIRECTION('center_axis',(0.,0.,-1.));
#13612=DIRECTION('ref_axis',(-1.,0.,0.));
#13613=DIRECTION('',(1.,0.,0.));
#13614=DIRECTION('',(-1.,0.,0.));
#13615=DIRECTION('',(0.,1.,0.));
#13616=DIRECTION('center_axis',(-1.,0.,0.));
#13617=DIRECTION('ref_axis',(0.,0.,1.));
#13618=DIRECTION('',(0.,0.,-1.));
#13619=DIRECTION('',(0.,0.,1.));
#13620=DIRECTION('',(0.,1.,0.));
#13621=DIRECTION('center_axis',(0.,0.,1.));
#13622=DIRECTION('ref_axis',(1.,0.,0.));
#13623=DIRECTION('',(-1.,0.,0.));
#13624=DIRECTION('',(1.,0.,0.));
#13625=DIRECTION('',(0.,1.,0.));
#13626=DIRECTION('center_axis',(-1.,0.,0.));
#13627=DIRECTION('ref_axis',(0.,0.,1.));
#13628=DIRECTION('',(0.,0.,-1.));
#13629=DIRECTION('',(0.,0.,1.));
#13630=DIRECTION('',(0.,1.,0.));
#13631=DIRECTION('center_axis',(0.,0.,1.));
#13632=DIRECTION('ref_axis',(1.,0.,0.));
#13633=DIRECTION('',(-1.,0.,0.));
#13634=DIRECTION('',(1.,0.,0.));
#13635=DIRECTION('',(0.,1.,0.));
#13636=DIRECTION('center_axis',(1.,0.,0.));
#13637=DIRECTION('ref_axis',(0.,0.,-1.));
#13638=DIRECTION('',(0.,0.,1.));
#13639=DIRECTION('',(0.,0.,-1.));
#13640=DIRECTION('',(0.,1.,0.));
#13641=DIRECTION('center_axis',(0.,0.,1.));
#13642=DIRECTION('ref_axis',(1.,0.,0.));
#13643=DIRECTION('',(-1.,0.,0.));
#13644=DIRECTION('',(1.,0.,0.));
#13645=DIRECTION('',(0.,1.,0.));
#13646=DIRECTION('center_axis',(1.,0.,0.));
#13647=DIRECTION('ref_axis',(0.,0.,-1.));
#13648=DIRECTION('',(0.,0.,1.));
#13649=DIRECTION('',(0.,0.,-1.));
#13650=DIRECTION('',(0.,1.,0.));
#13651=DIRECTION('center_axis',(0.,0.,-1.));
#13652=DIRECTION('ref_axis',(-1.,0.,0.));
#13653=DIRECTION('',(1.,0.,0.));
#13654=DIRECTION('',(-1.,0.,0.));
#13655=DIRECTION('',(0.,1.,0.));
#13656=DIRECTION('center_axis',(1.,0.,0.));
#13657=DIRECTION('ref_axis',(0.,0.,-1.));
#13658=DIRECTION('',(0.,0.,1.));
#13659=DIRECTION('',(0.,0.,-1.));
#13660=DIRECTION('',(0.,1.,0.));
#13661=DIRECTION('center_axis',(0.,0.,-1.));
#13662=DIRECTION('ref_axis',(-1.,0.,0.));
#13663=DIRECTION('',(1.,0.,0.));
#13664=DIRECTION('',(-1.,0.,0.));
#13665=DIRECTION('center_axis',(0.,1.,0.));
#13666=DIRECTION('ref_axis',(1.,0.,0.));
#13667=DIRECTION('center_axis',(0.,1.,0.));
#13668=DIRECTION('ref_axis',(1.,0.,0.));
#13669=DIRECTION('',(0.,-1.,0.));
#13670=DIRECTION('center_axis',(0.,-1.,0.));
#13671=DIRECTION('ref_axis',(1.,0.,0.));
#13672=DIRECTION('center_axis',(0.,1.,0.));
#13673=DIRECTION('ref_axis',(0.,0.,1.));
#13674=DIRECTION('center_axis',(-1.,0.,6.93889390390723E-17));
#13675=DIRECTION('ref_axis',(6.93889390390723E-17,0.,1.));
#13676=DIRECTION('',(-6.93889390390723E-17,0.,-1.));
#13677=DIRECTION('',(0.,1.,0.));
#13678=DIRECTION('',(6.93889390390723E-17,0.,1.));
#13679=DIRECTION('',(0.,1.,0.));
#13680=DIRECTION('center_axis',(0.,0.,-1.));
#13681=DIRECTION('ref_axis',(-1.,0.,0.));
#13682=DIRECTION('',(1.,0.,0.));
#13683=DIRECTION('',(-1.,0.,0.));
#13684=DIRECTION('',(0.,1.,0.));
#13685=DIRECTION('center_axis',(-1.,0.,0.));
#13686=DIRECTION('ref_axis',(0.,0.,1.));
#13687=DIRECTION('',(0.,0.,-1.));
#13688=DIRECTION('',(0.,0.,1.));
#13689=DIRECTION('',(0.,1.,0.));
#13690=DIRECTION('center_axis',(0.,0.,1.));
#13691=DIRECTION('ref_axis',(1.,0.,0.));
#13692=DIRECTION('',(-1.,0.,0.));
#13693=DIRECTION('',(1.,0.,0.));
#13694=DIRECTION('',(0.,1.,0.));
#13695=DIRECTION('center_axis',(-1.,0.,6.93889390390723E-17));
#13696=DIRECTION('ref_axis',(6.93889390390723E-17,0.,1.));
#13697=DIRECTION('',(-6.93889390390723E-17,0.,-1.));
#13698=DIRECTION('',(6.93889390390723E-17,0.,1.));
#13699=DIRECTION('',(0.,1.,0.));
#13700=DIRECTION('center_axis',(3.46944695195361E-16,0.,1.));
#13701=DIRECTION('ref_axis',(1.,0.,-3.46944695195361E-16));
#13702=DIRECTION('',(-1.,0.,3.46944695195361E-16));
#13703=DIRECTION('',(1.,0.,-3.46944695195361E-16));
#13704=DIRECTION('',(0.,1.,0.));
#13705=DIRECTION('center_axis',(1.,0.,6.93889390390723E-17));
#13706=DIRECTION('ref_axis',(6.93889390390723E-17,0.,-1.));
#13707=DIRECTION('',(-6.93889390390723E-17,0.,1.));
#13708=DIRECTION('',(6.93889390390723E-17,0.,-1.));
#13709=DIRECTION('',(0.,1.,0.));
#13710=DIRECTION('center_axis',(0.,0.,1.));
#13711=DIRECTION('ref_axis',(1.,0.,0.));
#13712=DIRECTION('',(-1.,0.,0.));
#13713=DIRECTION('',(1.,0.,0.));
#13714=DIRECTION('',(0.,1.,0.));
#13715=DIRECTION('center_axis',(1.,0.,0.));
#13716=DIRECTION('ref_axis',(0.,0.,-1.));
#13717=DIRECTION('',(0.,0.,1.));
#13718=DIRECTION('',(0.,0.,-1.));
#13719=DIRECTION('',(0.,1.,0.));
#13720=DIRECTION('center_axis',(0.,0.,-1.));
#13721=DIRECTION('ref_axis',(-1.,0.,0.));
#13722=DIRECTION('',(1.,0.,0.));
#13723=DIRECTION('',(-1.,0.,0.));
#13724=DIRECTION('',(0.,1.,0.));
#13725=DIRECTION('center_axis',(1.,0.,6.93889390390723E-17));
#13726=DIRECTION('ref_axis',(6.93889390390723E-17,0.,-1.));
#13727=DIRECTION('',(-6.93889390390723E-17,0.,1.));
#13728=DIRECTION('',(6.93889390390723E-17,0.,-1.));
#13729=DIRECTION('',(0.,1.,0.));
#13730=DIRECTION('center_axis',(-3.46944695195361E-16,0.,-1.));
#13731=DIRECTION('ref_axis',(-1.,0.,3.46944695195361E-16));
#13732=DIRECTION('',(1.,0.,-3.46944695195361E-16));
#13733=DIRECTION('',(-1.,0.,3.46944695195361E-16));
#13734=DIRECTION('center_axis',(0.,1.,0.));
#13735=DIRECTION('ref_axis',(1.,0.,0.));
#13736=DIRECTION('center_axis',(0.,1.,0.));
#13737=DIRECTION('ref_axis',(1.,0.,0.));
#13738=DIRECTION('',(0.,-1.,0.));
#13739=DIRECTION('center_axis',(0.,-1.,0.));
#13740=DIRECTION('ref_axis',(1.,0.,0.));
#13741=DIRECTION('center_axis',(0.,1.,0.));
#13742=DIRECTION('ref_axis',(0.,0.,1.));
#13743=DIRECTION('center_axis',(-1.,0.,0.));
#13744=DIRECTION('ref_axis',(0.,0.,1.));
#13745=DIRECTION('',(0.,0.,-1.));
#13746=DIRECTION('',(0.,1.,0.));
#13747=DIRECTION('',(0.,0.,1.));
#13748=DIRECTION('',(0.,1.,0.));
#13749=DIRECTION('center_axis',(0.,0.,-1.));
#13750=DIRECTION('ref_axis',(-1.,0.,0.));
#13751=DIRECTION('',(1.,0.,0.));
#13752=DIRECTION('',(-1.,0.,0.));
#13753=DIRECTION('',(0.,1.,0.));
#13754=DIRECTION('center_axis',(-1.,0.,0.));
#13755=DIRECTION('ref_axis',(0.,0.,1.));
#13756=DIRECTION('',(0.,0.,-1.));
#13757=DIRECTION('',(0.,0.,1.));
#13758=DIRECTION('',(0.,1.,0.));
#13759=DIRECTION('center_axis',(0.,0.,1.));
#13760=DIRECTION('ref_axis',(1.,0.,0.));
#13761=DIRECTION('',(-1.,0.,0.));
#13762=DIRECTION('',(1.,0.,0.));
#13763=DIRECTION('',(0.,1.,0.));
#13764=DIRECTION('center_axis',(-1.,0.,0.));
#13765=DIRECTION('ref_axis',(0.,0.,1.));
#13766=DIRECTION('',(0.,0.,-1.));
#13767=DIRECTION('',(0.,0.,1.));
#13768=DIRECTION('',(0.,1.,0.));
#13769=DIRECTION('center_axis',(0.,0.,1.));
#13770=DIRECTION('ref_axis',(1.,0.,0.));
#13771=DIRECTION('',(-1.,0.,0.));
#13772=DIRECTION('',(1.,0.,0.));
#13773=DIRECTION('',(0.,1.,0.));
#13774=DIRECTION('center_axis',(1.,0.,0.));
#13775=DIRECTION('ref_axis',(0.,0.,-1.));
#13776=DIRECTION('',(0.,0.,1.));
#13777=DIRECTION('',(0.,0.,-1.));
#13778=DIRECTION('',(0.,1.,0.));
#13779=DIRECTION('center_axis',(0.,0.,1.));
#13780=DIRECTION('ref_axis',(1.,0.,0.));
#13781=DIRECTION('',(-1.,0.,0.));
#13782=DIRECTION('',(1.,0.,0.));
#13783=DIRECTION('',(0.,1.,0.));
#13784=DIRECTION('center_axis',(1.,0.,0.));
#13785=DIRECTION('ref_axis',(0.,0.,-1.));
#13786=DIRECTION('',(0.,0.,1.));
#13787=DIRECTION('',(0.,0.,-1.));
#13788=DIRECTION('',(0.,1.,0.));
#13789=DIRECTION('center_axis',(0.,0.,-1.));
#13790=DIRECTION('ref_axis',(-1.,0.,0.));
#13791=DIRECTION('',(1.,0.,0.));
#13792=DIRECTION('',(-1.,0.,0.));
#13793=DIRECTION('',(0.,1.,0.));
#13794=DIRECTION('center_axis',(1.,0.,0.));
#13795=DIRECTION('ref_axis',(0.,0.,-1.));
#13796=DIRECTION('',(0.,0.,1.));
#13797=DIRECTION('',(0.,0.,-1.));
#13798=DIRECTION('',(0.,1.,0.));
#13799=DIRECTION('center_axis',(0.,0.,-1.));
#13800=DIRECTION('ref_axis',(-1.,0.,0.));
#13801=DIRECTION('',(1.,0.,0.));
#13802=DIRECTION('',(-1.,0.,0.));
#13803=DIRECTION('center_axis',(0.,1.,0.));
#13804=DIRECTION('ref_axis',(1.,0.,0.));
#13805=DIRECTION('center_axis',(0.,1.,0.));
#13806=DIRECTION('ref_axis',(1.,0.,0.));
#13807=DIRECTION('',(0.,-1.,0.));
#13808=DIRECTION('center_axis',(0.,-1.,0.));
#13809=DIRECTION('ref_axis',(1.,0.,0.));
#13810=DIRECTION('center_axis',(0.,1.,0.));
#13811=DIRECTION('ref_axis',(0.,0.,1.));
#13812=DIRECTION('center_axis',(0.,1.,0.));
#13813=DIRECTION('ref_axis',(0.,0.,1.));
#13814=DIRECTION('center_axis',(0.,1.,0.));
#13815=DIRECTION('ref_axis',(-1.,0.,0.));
#13816=DIRECTION('center_axis',(0.,1.,0.));
#13817=DIRECTION('ref_axis',(0.,0.,1.));
#13818=DIRECTION('center_axis',(0.,1.,0.));
#13819=DIRECTION('ref_axis',(-1.,0.,0.));
#13820=DIRECTION('center_axis',(0.,1.,0.));
#13821=DIRECTION('ref_axis',(0.,0.,1.));
#13822=DIRECTION('center_axis',(0.,1.,0.));
#13823=DIRECTION('ref_axis',(-1.,0.,0.));
#13824=DIRECTION('center_axis',(-1.,0.,0.));
#13825=DIRECTION('ref_axis',(0.,0.,1.));
#13826=DIRECTION('',(0.,0.,-1.));
#13827=DIRECTION('',(0.,1.,0.));
#13828=DIRECTION('',(0.,0.,1.));
#13829=DIRECTION('',(0.,1.,0.));
#13830=DIRECTION('center_axis',(0.,0.,-1.));
#13831=DIRECTION('ref_axis',(-1.,0.,0.));
#13832=DIRECTION('',(1.,0.,0.));
#13833=DIRECTION('',(-1.,0.,0.));
#13834=DIRECTION('',(0.,1.,0.));
#13835=DIRECTION('center_axis',(-1.,0.,0.));
#13836=DIRECTION('ref_axis',(0.,0.,1.));
#13837=DIRECTION('',(0.,0.,-1.));
#13838=DIRECTION('',(0.,0.,1.));
#13839=DIRECTION('',(0.,1.,0.));
#13840=DIRECTION('center_axis',(0.,0.,1.));
#13841=DIRECTION('ref_axis',(1.,0.,0.));
#13842=DIRECTION('',(-1.,0.,0.));
#13843=DIRECTION('',(1.,0.,0.));
#13844=DIRECTION('',(0.,1.,0.));
#13845=DIRECTION('center_axis',(-1.,0.,0.));
#13846=DIRECTION('ref_axis',(0.,0.,1.));
#13847=DIRECTION('',(0.,0.,-1.));
#13848=DIRECTION('',(0.,0.,1.));
#13849=DIRECTION('',(0.,1.,0.));
#13850=DIRECTION('center_axis',(0.,0.,1.));
#13851=DIRECTION('ref_axis',(1.,0.,0.));
#13852=DIRECTION('',(-1.,0.,0.));
#13853=DIRECTION('',(1.,0.,0.));
#13854=DIRECTION('',(0.,1.,0.));
#13855=DIRECTION('center_axis',(1.,0.,0.));
#13856=DIRECTION('ref_axis',(0.,0.,-1.));
#13857=DIRECTION('',(0.,0.,1.));
#13858=DIRECTION('',(0.,0.,-1.));
#13859=DIRECTION('',(0.,1.,0.));
#13860=DIRECTION('center_axis',(0.,0.,1.));
#13861=DIRECTION('ref_axis',(1.,0.,0.));
#13862=DIRECTION('',(-1.,0.,0.));
#13863=DIRECTION('',(1.,0.,0.));
#13864=DIRECTION('',(0.,1.,0.));
#13865=DIRECTION('center_axis',(1.,0.,0.));
#13866=DIRECTION('ref_axis',(0.,0.,-1.));
#13867=DIRECTION('',(0.,0.,1.));
#13868=DIRECTION('',(0.,0.,-1.));
#13869=DIRECTION('',(0.,1.,0.));
#13870=DIRECTION('center_axis',(0.,0.,-1.));
#13871=DIRECTION('ref_axis',(-1.,0.,0.));
#13872=DIRECTION('',(1.,0.,0.));
#13873=DIRECTION('',(-1.,0.,0.));
#13874=DIRECTION('',(0.,1.,0.));
#13875=DIRECTION('center_axis',(1.,0.,0.));
#13876=DIRECTION('ref_axis',(0.,0.,-1.));
#13877=DIRECTION('',(0.,0.,1.));
#13878=DIRECTION('',(0.,0.,-1.));
#13879=DIRECTION('',(0.,1.,0.));
#13880=DIRECTION('center_axis',(0.,0.,-1.));
#13881=DIRECTION('ref_axis',(-1.,0.,0.));
#13882=DIRECTION('',(1.,0.,0.));
#13883=DIRECTION('',(-1.,0.,0.));
#13884=DIRECTION('center_axis',(0.,1.,0.));
#13885=DIRECTION('ref_axis',(1.,0.,0.));
#13886=DIRECTION('center_axis',(0.,1.,0.));
#13887=DIRECTION('ref_axis',(1.,0.,0.));
#13888=DIRECTION('',(0.,-1.,0.));
#13889=DIRECTION('center_axis',(0.,-1.,0.));
#13890=DIRECTION('ref_axis',(1.,0.,0.));
#13891=DIRECTION('center_axis',(0.,1.,0.));
#13892=DIRECTION('ref_axis',(0.,0.,1.));
#13893=DIRECTION('center_axis',(-1.,0.,0.));
#13894=DIRECTION('ref_axis',(0.,0.,1.));
#13895=DIRECTION('',(0.,0.,-1.));
#13896=DIRECTION('',(0.,1.,0.));
#13897=DIRECTION('',(0.,0.,1.));
#13898=DIRECTION('',(0.,1.,0.));
#13899=DIRECTION('center_axis',(0.,0.,-1.));
#13900=DIRECTION('ref_axis',(-1.,0.,0.));
#13901=DIRECTION('',(1.,0.,0.));
#13902=DIRECTION('',(-1.,0.,0.));
#13903=DIRECTION('',(0.,1.,0.));
#13904=DIRECTION('center_axis',(-1.,0.,0.));
#13905=DIRECTION('ref_axis',(0.,0.,1.));
#13906=DIRECTION('',(0.,0.,-1.));
#13907=DIRECTION('',(0.,0.,1.));
#13908=DIRECTION('',(0.,1.,0.));
#13909=DIRECTION('center_axis',(0.,0.,1.));
#13910=DIRECTION('ref_axis',(1.,0.,0.));
#13911=DIRECTION('',(-1.,0.,0.));
#13912=DIRECTION('',(1.,0.,0.));
#13913=DIRECTION('',(0.,1.,0.));
#13914=DIRECTION('center_axis',(-1.,0.,0.));
#13915=DIRECTION('ref_axis',(0.,0.,1.));
#13916=DIRECTION('',(0.,0.,-1.));
#13917=DIRECTION('',(0.,0.,1.));
#13918=DIRECTION('',(0.,1.,0.));
#13919=DIRECTION('center_axis',(0.,0.,1.));
#13920=DIRECTION('ref_axis',(1.,0.,0.));
#13921=DIRECTION('',(-1.,0.,0.));
#13922=DIRECTION('',(1.,0.,0.));
#13923=DIRECTION('',(0.,1.,0.));
#13924=DIRECTION('center_axis',(1.,0.,0.));
#13925=DIRECTION('ref_axis',(0.,0.,-1.));
#13926=DIRECTION('',(0.,0.,1.));
#13927=DIRECTION('',(0.,0.,-1.));
#13928=DIRECTION('',(0.,1.,0.));
#13929=DIRECTION('center_axis',(0.,0.,1.));
#13930=DIRECTION('ref_axis',(1.,0.,0.));
#13931=DIRECTION('',(-1.,0.,0.));
#13932=DIRECTION('',(1.,0.,0.));
#13933=DIRECTION('',(0.,1.,0.));
#13934=DIRECTION('center_axis',(1.,0.,0.));
#13935=DIRECTION('ref_axis',(0.,0.,-1.));
#13936=DIRECTION('',(0.,0.,1.));
#13937=DIRECTION('',(0.,0.,-1.));
#13938=DIRECTION('',(0.,1.,0.));
#13939=DIRECTION('center_axis',(0.,0.,-1.));
#13940=DIRECTION('ref_axis',(-1.,0.,0.));
#13941=DIRECTION('',(1.,0.,0.));
#13942=DIRECTION('',(-1.,0.,0.));
#13943=DIRECTION('',(0.,1.,0.));
#13944=DIRECTION('center_axis',(1.,0.,0.));
#13945=DIRECTION('ref_axis',(0.,0.,-1.));
#13946=DIRECTION('',(0.,0.,1.));
#13947=DIRECTION('',(0.,0.,-1.));
#13948=DIRECTION('',(0.,1.,0.));
#13949=DIRECTION('center_axis',(0.,0.,-1.));
#13950=DIRECTION('ref_axis',(-1.,0.,0.));
#13951=DIRECTION('',(1.,0.,0.));
#13952=DIRECTION('',(-1.,0.,0.));
#13953=DIRECTION('center_axis',(0.,1.,0.));
#13954=DIRECTION('ref_axis',(1.,0.,0.));
#13955=DIRECTION('center_axis',(0.,1.,0.));
#13956=DIRECTION('ref_axis',(1.,0.,0.));
#13957=DIRECTION('',(0.,-1.,0.));
#13958=DIRECTION('center_axis',(0.,-1.,0.));
#13959=DIRECTION('ref_axis',(1.,0.,0.));
#13960=DIRECTION('center_axis',(0.,1.,0.));
#13961=DIRECTION('ref_axis',(0.,0.,1.));
#13962=DIRECTION('center_axis',(-1.,0.,0.));
#13963=DIRECTION('ref_axis',(0.,0.,1.));
#13964=DIRECTION('',(0.,0.,-1.));
#13965=DIRECTION('',(0.,1.,0.));
#13966=DIRECTION('',(0.,0.,1.));
#13967=DIRECTION('',(0.,1.,0.));
#13968=DIRECTION('center_axis',(0.,0.,-1.));
#13969=DIRECTION('ref_axis',(-1.,0.,0.));
#13970=DIRECTION('',(1.,0.,0.));
#13971=DIRECTION('',(-1.,0.,0.));
#13972=DIRECTION('',(0.,1.,0.));
#13973=DIRECTION('center_axis',(-1.,0.,0.));
#13974=DIRECTION('ref_axis',(0.,0.,1.));
#13975=DIRECTION('',(0.,0.,-1.));
#13976=DIRECTION('',(0.,0.,1.));
#13977=DIRECTION('',(0.,1.,0.));
#13978=DIRECTION('center_axis',(0.,0.,1.));
#13979=DIRECTION('ref_axis',(1.,0.,0.));
#13980=DIRECTION('',(-1.,0.,0.));
#13981=DIRECTION('',(1.,0.,0.));
#13982=DIRECTION('',(0.,1.,0.));
#13983=DIRECTION('center_axis',(-1.,0.,0.));
#13984=DIRECTION('ref_axis',(0.,0.,1.));
#13985=DIRECTION('',(0.,0.,-1.));
#13986=DIRECTION('',(0.,0.,1.));
#13987=DIRECTION('',(0.,1.,0.));
#13988=DIRECTION('center_axis',(0.,0.,1.));
#13989=DIRECTION('ref_axis',(1.,0.,0.));
#13990=DIRECTION('',(-1.,0.,0.));
#13991=DIRECTION('',(1.,0.,0.));
#13992=DIRECTION('',(0.,1.,0.));
#13993=DIRECTION('center_axis',(1.,0.,0.));
#13994=DIRECTION('ref_axis',(0.,0.,-1.));
#13995=DIRECTION('',(0.,0.,1.));
#13996=DIRECTION('',(0.,0.,-1.));
#13997=DIRECTION('',(0.,1.,0.));
#13998=DIRECTION('center_axis',(0.,0.,1.));
#13999=DIRECTION('ref_axis',(1.,0.,0.));
#14000=DIRECTION('',(-1.,0.,0.));
#14001=DIRECTION('',(1.,0.,0.));
#14002=DIRECTION('',(0.,1.,0.));
#14003=DIRECTION('center_axis',(1.,0.,0.));
#14004=DIRECTION('ref_axis',(0.,0.,-1.));
#14005=DIRECTION('',(0.,0.,1.));
#14006=DIRECTION('',(0.,0.,-1.));
#14007=DIRECTION('',(0.,1.,0.));
#14008=DIRECTION('center_axis',(0.,0.,-1.));
#14009=DIRECTION('ref_axis',(-1.,0.,0.));
#14010=DIRECTION('',(1.,0.,0.));
#14011=DIRECTION('',(-1.,0.,0.));
#14012=DIRECTION('',(0.,1.,0.));
#14013=DIRECTION('center_axis',(1.,0.,0.));
#14014=DIRECTION('ref_axis',(0.,0.,-1.));
#14015=DIRECTION('',(0.,0.,1.));
#14016=DIRECTION('',(0.,0.,-1.));
#14017=DIRECTION('',(0.,1.,0.));
#14018=DIRECTION('center_axis',(0.,0.,-1.));
#14019=DIRECTION('ref_axis',(-1.,0.,0.));
#14020=DIRECTION('',(1.,0.,0.));
#14021=DIRECTION('',(-1.,0.,0.));
#14022=DIRECTION('center_axis',(0.,1.,0.));
#14023=DIRECTION('ref_axis',(1.,0.,0.));
#14024=DIRECTION('center_axis',(0.,1.,0.));
#14025=DIRECTION('ref_axis',(1.,0.,0.));
#14026=DIRECTION('',(0.,-1.,0.));
#14027=DIRECTION('center_axis',(0.,-1.,0.));
#14028=DIRECTION('ref_axis',(1.,0.,0.));
#14029=DIRECTION('center_axis',(0.,1.,0.));
#14030=DIRECTION('ref_axis',(0.,0.,1.));
#14031=DIRECTION('center_axis',(-1.,0.,6.93889390390723E-17));
#14032=DIRECTION('ref_axis',(6.93889390390723E-17,0.,1.));
#14033=DIRECTION('',(-6.93889390390723E-17,0.,-1.));
#14034=DIRECTION('',(0.,1.,0.));
#14035=DIRECTION('',(6.93889390390723E-17,0.,1.));
#14036=DIRECTION('',(0.,1.,0.));
#14037=DIRECTION('center_axis',(0.,0.,-1.));
#14038=DIRECTION('ref_axis',(-1.,0.,0.));
#14039=DIRECTION('',(1.,0.,0.));
#14040=DIRECTION('',(-1.,0.,0.));
#14041=DIRECTION('',(0.,1.,0.));
#14042=DIRECTION('center_axis',(-1.,0.,0.));
#14043=DIRECTION('ref_axis',(0.,0.,1.));
#14044=DIRECTION('',(0.,0.,-1.));
#14045=DIRECTION('',(0.,0.,1.));
#14046=DIRECTION('',(0.,1.,0.));
#14047=DIRECTION('center_axis',(0.,0.,1.));
#14048=DIRECTION('ref_axis',(1.,0.,0.));
#14049=DIRECTION('',(-1.,0.,0.));
#14050=DIRECTION('',(1.,0.,0.));
#14051=DIRECTION('',(0.,1.,0.));
#14052=DIRECTION('center_axis',(-1.,0.,6.93889390390723E-17));
#14053=DIRECTION('ref_axis',(6.93889390390723E-17,0.,1.));
#14054=DIRECTION('',(-6.93889390390723E-17,0.,-1.));
#14055=DIRECTION('',(6.93889390390723E-17,0.,1.));
#14056=DIRECTION('',(0.,1.,0.));
#14057=DIRECTION('center_axis',(0.,0.,1.));
#14058=DIRECTION('ref_axis',(1.,0.,0.));
#14059=DIRECTION('',(-1.,0.,0.));
#14060=DIRECTION('',(1.,0.,0.));
#14061=DIRECTION('',(0.,1.,0.));
#14062=DIRECTION('center_axis',(1.,0.,4.62592926927149E-17));
#14063=DIRECTION('ref_axis',(4.62592926927149E-17,0.,-1.));
#14064=DIRECTION('',(-4.62592926927149E-17,0.,1.));
#14065=DIRECTION('',(4.62592926927149E-17,0.,-1.));
#14066=DIRECTION('',(0.,1.,0.));
#14067=DIRECTION('center_axis',(0.,0.,1.));
#14068=DIRECTION('ref_axis',(1.,0.,0.));
#14069=DIRECTION('',(-1.,0.,0.));
#14070=DIRECTION('',(1.,0.,0.));
#14071=DIRECTION('',(0.,1.,0.));
#14072=DIRECTION('center_axis',(1.,0.,0.));
#14073=DIRECTION('ref_axis',(0.,0.,-1.));
#14074=DIRECTION('',(0.,0.,1.));
#14075=DIRECTION('',(0.,0.,-1.));
#14076=DIRECTION('',(0.,1.,0.));
#14077=DIRECTION('center_axis',(0.,0.,-1.));
#14078=DIRECTION('ref_axis',(-1.,0.,0.));
#14079=DIRECTION('',(1.,0.,0.));
#14080=DIRECTION('',(-1.,0.,0.));
#14081=DIRECTION('',(0.,1.,0.));
#14082=DIRECTION('center_axis',(1.,0.,4.62592926927149E-17));
#14083=DIRECTION('ref_axis',(4.62592926927149E-17,0.,-1.));
#14084=DIRECTION('',(-4.62592926927149E-17,0.,1.));
#14085=DIRECTION('',(4.62592926927149E-17,0.,-1.));
#14086=DIRECTION('',(0.,1.,0.));
#14087=DIRECTION('center_axis',(0.,0.,-1.));
#14088=DIRECTION('ref_axis',(-1.,0.,0.));
#14089=DIRECTION('',(1.,0.,0.));
#14090=DIRECTION('',(-1.,0.,0.));
#14091=DIRECTION('center_axis',(0.,1.,0.));
#14092=DIRECTION('ref_axis',(1.,0.,0.));
#14093=DIRECTION('center_axis',(0.,1.,0.));
#14094=DIRECTION('ref_axis',(1.,0.,0.));
#14095=DIRECTION('',(0.,-1.,0.));
#14096=DIRECTION('center_axis',(0.,-1.,0.));
#14097=DIRECTION('ref_axis',(1.,0.,0.));
#14098=DIRECTION('center_axis',(0.,1.,0.));
#14099=DIRECTION('ref_axis',(0.,0.,1.));
#14100=DIRECTION('center_axis',(0.,-1.,0.));
#14101=DIRECTION('ref_axis',(0.,0.,-1.));
#14102=DIRECTION('center_axis',(0.,-1.,0.));
#14103=DIRECTION('ref_axis',(1.,0.,0.));
#14104=DIRECTION('center_axis',(0.,-1.,0.));
#14105=DIRECTION('ref_axis',(0.,0.,-1.));
#14106=DIRECTION('center_axis',(0.,-1.,0.));
#14107=DIRECTION('ref_axis',(1.,0.,0.));
#14108=DIRECTION('center_axis',(0.,-1.,0.));
#14109=DIRECTION('ref_axis',(0.,0.,-1.));
#14110=DIRECTION('center_axis',(0.,-1.,0.));
#14111=DIRECTION('ref_axis',(1.,0.,0.));
#14112=DIRECTION('center_axis',(0.,-1.,0.));
#14113=DIRECTION('ref_axis',(0.,0.,-1.));
#14114=DIRECTION('center_axis',(0.,-1.,0.));
#14115=DIRECTION('ref_axis',(1.,0.,0.));
#14116=DIRECTION('center_axis',(0.,-1.,0.));
#14117=DIRECTION('ref_axis',(1.,0.,0.));
#14118=DIRECTION('',(0.,1.,0.));
#14119=DIRECTION('center_axis',(0.,1.,0.));
#14120=DIRECTION('ref_axis',(1.,0.,0.));
#14121=DIRECTION('center_axis',(0.,-1.,0.));
#14122=DIRECTION('ref_axis',(1.,0.,0.));
#14123=DIRECTION('center_axis',(0.,1.,0.));
#14124=DIRECTION('ref_axis',(1.,0.,0.));
#14125=DIRECTION('center_axis',(0.,-1.,0.));
#14126=DIRECTION('ref_axis',(0.,0.,-1.));
#14127=DIRECTION('center_axis',(0.,-1.,0.));
#14128=DIRECTION('ref_axis',(0.,0.,-1.));
#14129=DIRECTION('',(0.,0.,1.));
#14130=DIRECTION('center_axis',(-0.742268041232493,0.,-0.670103092788623));
#14131=DIRECTION('ref_axis',(-0.670103092788623,0.,0.742268041232493));
#14132=DIRECTION('',(0.,-1.,0.));
#14133=DIRECTION('',(-0.670103092788623,0.,0.742268041232493));
#14134=DIRECTION('center_axis',(-0.742268041236007,0.,0.67010309278473));
#14135=DIRECTION('ref_axis',(0.67010309278473,0.,0.742268041236007));
#14136=DIRECTION('',(0.,-1.,0.));
#14137=DIRECTION('',(0.67010309278473,0.,0.742268041236007));
#14138=DIRECTION('',(0.,1.,0.));
#14139=DIRECTION('center_axis',(0.,-1.,0.));
#14140=DIRECTION('ref_axis',(0.,0.,-1.));
#14141=DIRECTION('center_axis',(0.,-1.,0.));
#14142=DIRECTION('ref_axis',(0.670103092782774,0.,-0.742268041237774));
#14143=DIRECTION('',(-0.742268041237113,0.,-0.670103092783505));
#14144=DIRECTION('center_axis',(0.,1.,0.));
#14145=DIRECTION('ref_axis',(-1.,0.,0.));
#14146=DIRECTION('',(0.742268041237113,0.,-0.670103092783506));
#14147=DIRECTION('',(-0.742268041240318,0.,0.670103092779956));
#14148=DIRECTION('center_axis',(0.670103092783505,0.,-0.742268041237113));
#14149=DIRECTION('ref_axis',(-0.742268041237113,0.,-0.670103092783505));
#14150=DIRECTION('',(0.,1.,0.));
#14151=DIRECTION('',(-0.742268041237113,0.,-0.670103092783505));
#14152=DIRECTION('',(0.,1.,0.));
#14153=DIRECTION('center_axis',(0.,1.,0.));
#14154=DIRECTION('ref_axis',(0.670103092782774,0.,-0.742268041237774));
#14155=DIRECTION('',(0.,1.,0.));
#14156=DIRECTION('center_axis',(0.,1.,0.));
#14157=DIRECTION('ref_axis',(0.670103092782774,0.,-0.742268041237774));
#14158=DIRECTION('center_axis',(0.670103092779956,0.,0.742268041240318));
#14159=DIRECTION('ref_axis',(0.742268041240318,0.,-0.670103092779956));
#14160=DIRECTION('',(0.742268041240318,0.,-0.670103092779956));
#14161=DIRECTION('',(0.742268041240318,0.,-0.670103092779956));
#14162=DIRECTION('center_axis',(0.,-1.,0.));
#14163=DIRECTION('ref_axis',(1.,0.,0.));
#14164=DIRECTION('',(0.,1.,0.));
#14165=DIRECTION('center_axis',(0.,1.,0.));
#14166=DIRECTION('ref_axis',(1.,0.,0.));
#14167=DIRECTION('center_axis',(-1.96261557335472E-16,0.,-1.));
#14168=DIRECTION('ref_axis',(1.,0.,-1.96261557335472E-16));
#14169=DIRECTION('',(-1.,0.,1.96261557335472E-16));
#14170=DIRECTION('',(0.,-1.,0.));
#14171=DIRECTION('',(1.,0.,-1.96261557335472E-16));
#14172=DIRECTION('',(0.,-1.,0.));
#14173=DIRECTION('center_axis',(0.,-1.,0.));
#14174=DIRECTION('ref_axis',(1.,0.,0.));
#14175=DIRECTION('center_axis',(0.,1.,0.));
#14176=DIRECTION('ref_axis',(1.,0.,0.));
#14177=DIRECTION('center_axis',(0.,-1.,0.));
#14178=DIRECTION('ref_axis',(1.,0.,0.));
#14179=DIRECTION('',(0.,-1.,0.));
#14180=DIRECTION('center_axis',(-1.,0.,0.));
#14181=DIRECTION('ref_axis',(0.,0.,-1.));
#14182=DIRECTION('',(0.,0.,1.));
#14183=DIRECTION('',(0.,0.,-1.));
#14184=DIRECTION('',(0.,-1.,0.));
#14185=DIRECTION('center_axis',(0.,-1.,0.));
#14186=DIRECTION('ref_axis',(1.,0.,0.));
#14187=DIRECTION('center_axis',(0.,1.,0.));
#14188=DIRECTION('ref_axis',(1.,0.,0.));
#14189=DIRECTION('center_axis',(0.,-1.,0.));
#14190=DIRECTION('ref_axis',(1.,0.,0.));
#14191=DIRECTION('',(0.,-1.,0.));
#14192=DIRECTION('center_axis',(-1.96261557335472E-16,0.,1.));
#14193=DIRECTION('ref_axis',(-1.,0.,-1.96261557335472E-16));
#14194=DIRECTION('',(1.,0.,1.96261557335472E-16));
#14195=DIRECTION('',(-1.,0.,-1.96261557335472E-16));
#14196=DIRECTION('',(0.,-1.,0.));
#14197=DIRECTION('center_axis',(0.,-1.,0.));
#14198=DIRECTION('ref_axis',(1.,0.,0.));
#14199=DIRECTION('center_axis',(0.,1.,0.));
#14200=DIRECTION('ref_axis',(1.,0.,0.));
#14201=DIRECTION('center_axis',(0.,-1.,0.));
#14202=DIRECTION('ref_axis',(1.,0.,0.));
#14203=DIRECTION('',(0.,-1.,0.));
#14204=DIRECTION('center_axis',(1.,0.,0.));
#14205=DIRECTION('ref_axis',(0.,0.,1.));
#14206=DIRECTION('',(0.,0.,-1.));
#14207=DIRECTION('',(0.,0.,1.));
#14208=DIRECTION('',(0.,0.,1.));
#14209=DIRECTION('',(0.,-1.,0.));
#14210=DIRECTION('center_axis',(0.,-1.,0.));
#14211=DIRECTION('ref_axis',(1.,0.,0.));
#14212=DIRECTION('center_axis',(0.,1.,0.));
#14213=DIRECTION('ref_axis',(1.,0.,0.));
#14214=DIRECTION('center_axis',(0.,-1.,0.));
#14215=DIRECTION('ref_axis',(1.,0.,0.));
#14216=DIRECTION('center_axis',(0.,-1.,0.));
#14217=DIRECTION('ref_axis',(0.,0.,-1.));
#14218=DIRECTION('center_axis',(0.,-1.,0.));
#14219=DIRECTION('ref_axis',(-0.705964713219047,0.,-0.70824700754013));
#14220=DIRECTION('center_axis',(0.,-1.,0.));
#14221=DIRECTION('ref_axis',(-0.495969699572158,0.,0.868339828123934));
#14222=DIRECTION('center_axis',(0.,-1.,0.));
#14223=DIRECTION('ref_axis',(0.708247007552754,0.,-0.705964713206382));
#14224=DIRECTION('center_axis',(0.,-1.,0.));
#14225=DIRECTION('ref_axis',(0.,0.,-1.));
#14226=DIRECTION('center_axis',(0.,-1.,0.));
#14227=DIRECTION('ref_axis',(-1.,0.,0.));
#14228=DIRECTION('center_axis',(0.,1.,0.));
#14229=DIRECTION('ref_axis',(-1.,0.,0.));
#14230=DIRECTION('',(0.,1.,0.));
#14231=DIRECTION('center_axis',(0.,-1.,0.));
#14232=DIRECTION('ref_axis',(-1.,0.,0.));
#14233=DIRECTION('center_axis',(-0.5,0.,0.866025403784438));
#14234=DIRECTION('ref_axis',(-0.866025403784438,0.,-0.5));
#14235=DIRECTION('',(0.,-1.,0.));
#14236=DIRECTION('',(-0.866025403784438,0.,-0.5));
#14237=DIRECTION('',(0.,-1.,0.));
#14238=DIRECTION('center_axis',(0.5,0.,0.866025403784438));
#14239=DIRECTION('ref_axis',(-0.866025403784438,0.,0.5));
#14240=DIRECTION('',(-0.866025403784438,0.,0.5));
#14241=DIRECTION('',(0.,-1.,0.));
#14242=DIRECTION('center_axis',(1.,0.,0.));
#14243=DIRECTION('ref_axis',(0.,0.,1.));
#14244=DIRECTION('',(0.,0.,1.));
#14245=DIRECTION('',(0.,-1.,0.));
#14246=DIRECTION('center_axis',(0.5,0.,-0.866025403784439));
#14247=DIRECTION('ref_axis',(0.866025403784439,0.,0.5));
#14248=DIRECTION('',(0.866025403784439,0.,0.5));
#14249=DIRECTION('',(0.,-1.,0.));
#14250=DIRECTION('center_axis',(-0.5,0.,-0.866025403784439));
#14251=DIRECTION('ref_axis',(0.866025403784439,0.,-0.5));
#14252=DIRECTION('',(0.866025403784439,0.,-0.5));
#14253=DIRECTION('',(0.,-1.,0.));
#14254=DIRECTION('center_axis',(-1.,0.,0.));
#14255=DIRECTION('ref_axis',(0.,0.,-1.));
#14256=DIRECTION('',(0.,0.,-1.));
#14257=DIRECTION('center_axis',(0.,-1.,0.));
#14258=DIRECTION('ref_axis',(0.,0.,-1.));
#14259=DIRECTION('center_axis',(0.,-1.,0.));
#14260=DIRECTION('ref_axis',(-1.,0.,0.));
#14261=DIRECTION('center_axis',(0.,1.,0.));
#14262=DIRECTION('ref_axis',(-1.,0.,0.));
#14263=DIRECTION('',(0.,1.,0.));
#14264=DIRECTION('center_axis',(0.,-1.,0.));
#14265=DIRECTION('ref_axis',(-1.,0.,0.));
#14266=DIRECTION('center_axis',(0.5,0.,-0.866025403784438));
#14267=DIRECTION('ref_axis',(0.866025403784438,0.,0.5));
#14268=DIRECTION('',(0.,-1.,0.));
#14269=DIRECTION('',(0.866025403784438,0.,0.5));
#14270=DIRECTION('',(0.,-1.,0.));
#14271=DIRECTION('center_axis',(-0.499999999999999,0.,-0.866025403784439));
#14272=DIRECTION('ref_axis',(0.866025403784439,0.,-0.499999999999999));
#14273=DIRECTION('',(0.866025403784439,0.,-0.499999999999999));
#14274=DIRECTION('',(0.,-1.,0.));
#14275=DIRECTION('center_axis',(-1.,0.,0.));
#14276=DIRECTION('ref_axis',(0.,0.,-1.));
#14277=DIRECTION('',(0.,0.,-1.));
#14278=DIRECTION('',(0.,-1.,0.));
#14279=DIRECTION('center_axis',(-0.5,0.,0.866025403784439));
#14280=DIRECTION('ref_axis',(-0.866025403784439,0.,-0.5));
#14281=DIRECTION('',(-0.866025403784439,0.,-0.5));
#14282=DIRECTION('',(0.,-1.,0.));
#14283=DIRECTION('center_axis',(0.499999999999999,0.,0.866025403784439));
#14284=DIRECTION('ref_axis',(-0.866025403784439,0.,0.499999999999999));
#14285=DIRECTION('',(-0.866025403784439,0.,0.499999999999999));
#14286=DIRECTION('',(0.,-1.,0.));
#14287=DIRECTION('center_axis',(1.,0.,0.));
#14288=DIRECTION('ref_axis',(0.,0.,1.));
#14289=DIRECTION('',(0.,0.,1.));
#14290=DIRECTION('center_axis',(0.,-1.,0.));
#14291=DIRECTION('ref_axis',(0.,0.,-1.));
#14292=DIRECTION('center_axis',(0.,-1.,0.));
#14293=DIRECTION('ref_axis',(-1.,0.,0.));
#14294=DIRECTION('center_axis',(0.,1.,0.));
#14295=DIRECTION('ref_axis',(-1.,0.,0.));
#14296=DIRECTION('',(0.,1.,0.));
#14297=DIRECTION('center_axis',(0.,-1.,0.));
#14298=DIRECTION('ref_axis',(-1.,0.,0.));
#14299=DIRECTION('center_axis',(-0.5,0.,0.866025403784439));
#14300=DIRECTION('ref_axis',(-0.866025403784439,0.,-0.5));
#14301=DIRECTION('',(0.,-1.,0.));
#14302=DIRECTION('',(-0.866025403784439,0.,-0.5));
#14303=DIRECTION('',(0.,-1.,0.));
#14304=DIRECTION('center_axis',(0.5,0.,0.866025403784438));
#14305=DIRECTION('ref_axis',(-0.866025403784438,0.,0.5));
#14306=DIRECTION('',(-0.866025403784438,0.,0.5));
#14307=DIRECTION('',(0.,-1.,0.));
#14308=DIRECTION('center_axis',(1.,0.,0.));
#14309=DIRECTION('ref_axis',(0.,0.,1.));
#14310=DIRECTION('',(0.,0.,1.));
#14311=DIRECTION('',(0.,-1.,0.));
#14312=DIRECTION('center_axis',(0.5,0.,-0.866025403784438));
#14313=DIRECTION('ref_axis',(0.866025403784438,0.,0.5));
#14314=DIRECTION('',(0.866025403784438,0.,0.5));
#14315=DIRECTION('',(0.,-1.,0.));
#14316=DIRECTION('center_axis',(-0.5,0.,-0.866025403784439));
#14317=DIRECTION('ref_axis',(0.866025403784439,0.,-0.5));
#14318=DIRECTION('',(0.866025403784439,0.,-0.5));
#14319=DIRECTION('',(0.,-1.,0.));
#14320=DIRECTION('center_axis',(-1.,0.,-3.22973970800046E-15));
#14321=DIRECTION('ref_axis',(3.22973970800046E-15,0.,-1.));
#14322=DIRECTION('',(3.22973970800046E-15,0.,-1.));
#14323=DIRECTION('center_axis',(0.,-1.,0.));
#14324=DIRECTION('ref_axis',(0.,0.,-1.));
#14325=DIRECTION('center_axis',(0.,-1.,0.));
#14326=DIRECTION('ref_axis',(-1.,0.,0.));
#14327=DIRECTION('center_axis',(0.,1.,0.));
#14328=DIRECTION('ref_axis',(-1.,0.,0.));
#14329=DIRECTION('',(0.,1.,0.));
#14330=DIRECTION('center_axis',(0.,-1.,0.));
#14331=DIRECTION('ref_axis',(-1.,0.,0.));
#14332=DIRECTION('center_axis',(0.5,0.,-0.866025403784439));
#14333=DIRECTION('ref_axis',(0.866025403784439,0.,0.5));
#14334=DIRECTION('',(0.,-1.,0.));
#14335=DIRECTION('',(0.866025403784439,0.,0.5));
#14336=DIRECTION('',(0.,-1.,0.));
#14337=DIRECTION('center_axis',(-0.5,0.,-0.866025403784439));
#14338=DIRECTION('ref_axis',(0.866025403784439,0.,-0.5));
#14339=DIRECTION('',(0.866025403784439,0.,-0.5));
#14340=DIRECTION('',(0.,-1.,0.));
#14341=DIRECTION('center_axis',(-1.,0.,0.));
#14342=DIRECTION('ref_axis',(0.,0.,-1.));
#14343=DIRECTION('',(0.,0.,-1.));
#14344=DIRECTION('',(0.,-1.,0.));
#14345=DIRECTION('center_axis',(-0.5,0.,0.866025403784439));
#14346=DIRECTION('ref_axis',(-0.866025403784439,0.,-0.5));
#14347=DIRECTION('',(-0.866025403784439,0.,-0.5));
#14348=DIRECTION('',(0.,-1.,0.));
#14349=DIRECTION('center_axis',(0.5,0.,0.866025403784438));
#14350=DIRECTION('ref_axis',(-0.866025403784438,0.,0.5));
#14351=DIRECTION('',(-0.866025403784438,0.,0.5));
#14352=DIRECTION('',(0.,-1.,0.));
#14353=DIRECTION('center_axis',(1.,0.,1.61486985400023E-15));
#14354=DIRECTION('ref_axis',(-1.61486985400023E-15,0.,1.));
#14355=DIRECTION('',(-1.61486985400023E-15,0.,1.));
#14356=DIRECTION('center_axis',(0.,-1.,0.));
#14357=DIRECTION('ref_axis',(0.,0.,-1.));
#14358=DIRECTION('center_axis',(0.,1.,0.));
#14359=DIRECTION('ref_axis',(0.,0.,1.));
#14360=DIRECTION('center_axis',(0.,1.,0.));
#14361=DIRECTION('ref_axis',(0.,0.,1.));
#14362=DIRECTION('center_axis',(0.,1.,0.));
#14363=DIRECTION('ref_axis',(0.,0.,1.));
#14364=DIRECTION('center_axis',(0.,1.,0.));
#14365=DIRECTION('ref_axis',(0.,0.,1.));
#14366=DIRECTION('center_axis',(0.,-1.,0.));
#14367=DIRECTION('ref_axis',(0.,0.,-1.));
#14368=DIRECTION('center_axis',(0.,1.,0.));
#14369=DIRECTION('ref_axis',(0.298914305824574,0.,0.954279957755277));
#14370=DIRECTION('center_axis',(0.,1.,0.));
#14371=DIRECTION('ref_axis',(-0.99017643396519,0.,0.139823566039416));
#14372=DIRECTION('center_axis',(0.,1.,0.));
#14373=DIRECTION('ref_axis',(-0.139823566027684,0.,-0.990176433966847));
#14374=DIRECTION('center_axis',(0.,-1.,0.));
#14375=DIRECTION('ref_axis',(1.,0.,0.));
#14376=DIRECTION('center_axis',(0.,-1.,0.));
#14377=DIRECTION('ref_axis',(1.,0.,0.));
#14378=DIRECTION('center_axis',(0.,-1.,0.));
#14379=DIRECTION('ref_axis',(0.,0.,-1.));
#14380=DIRECTION('center_axis',(0.,-1.,0.));
#14381=DIRECTION('ref_axis',(0.,0.,-1.));
#14382=DIRECTION('center_axis',(0.,-1.,0.));
#14383=DIRECTION('ref_axis',(0.,0.,-1.));
#14384=DIRECTION('center_axis',(0.,-1.,0.));
#14385=DIRECTION('ref_axis',(0.,0.,-1.));
#14386=DIRECTION('center_axis',(0.,1.,0.));
#14387=DIRECTION('ref_axis',(1.,0.,0.));
#14388=DIRECTION('center_axis',(0.,-1.,0.));
#14389=DIRECTION('ref_axis',(1.,0.,0.));
#14390=DIRECTION('',(0.,-1.,0.));
#14391=DIRECTION('center_axis',(0.,1.,0.));
#14392=DIRECTION('ref_axis',(1.,0.,0.));
#14393=DIRECTION('center_axis',(0.,-1.,0.));
#14394=DIRECTION('ref_axis',(1.,0.,0.));
#14395=DIRECTION('',(0.,-1.,0.));
#14396=DIRECTION('center_axis',(0.,1.,0.));
#14397=DIRECTION('ref_axis',(-0.99017643396519,0.,0.139823566039416));
#14398=DIRECTION('center_axis',(0.,1.,0.));
#14399=DIRECTION('ref_axis',(-0.139823566027684,0.,-0.990176433966847));
#14400=DIRECTION('center_axis',(0.,1.,0.));
#14401=DIRECTION('ref_axis',(0.298914305824574,0.,0.954279957755277));
#14402=DIRECTION('center_axis',(0.,1.,0.));
#14403=DIRECTION('ref_axis',(1.,0.,0.));
#14404=DIRECTION('center_axis',(0.,-1.,0.));
#14405=DIRECTION('ref_axis',(1.,0.,0.));
#14406=DIRECTION('',(0.,-1.,0.));
#14407=DIRECTION('center_axis',(0.,0.,1.));
#14408=DIRECTION('ref_axis',(1.,0.,0.));
#14409=DIRECTION('center_axis',(0.,0.,1.));
#14410=DIRECTION('ref_axis',(1.,0.,0.));
#14411=DIRECTION('',(0.,0.,-1.));
#14412=DIRECTION('center_axis',(0.,0.,-1.));
#14413=DIRECTION('ref_axis',(1.,0.,0.));
#14414=DIRECTION('center_axis',(0.,0.,1.));
#14415=DIRECTION('ref_axis',(1.,0.,0.));
#14416=DIRECTION('center_axis',(0.,0.,1.));
#14417=DIRECTION('ref_axis',(1.,0.,0.));
#14418=DIRECTION('center_axis',(0.,0.,1.));
#14419=DIRECTION('ref_axis',(1.,0.,0.));
#14420=DIRECTION('',(0.,0.,-1.));
#14421=DIRECTION('center_axis',(0.,0.,-1.));
#14422=DIRECTION('ref_axis',(1.,0.,0.));
#14423=DIRECTION('center_axis',(0.,0.,1.));
#14424=DIRECTION('ref_axis',(1.,0.,0.));
#14425=DIRECTION('center_axis',(0.,0.,1.));
#14426=DIRECTION('ref_axis',(-0.663353475024731,0.748306198806754,0.));
#14427=DIRECTION('center_axis',(0.,0.,1.));
#14428=DIRECTION('ref_axis',(-0.663353475024731,0.748306198806754,0.));
#14429=DIRECTION('',(0.,0.,-1.));
#14430=DIRECTION('center_axis',(0.,0.,-1.));
#14431=DIRECTION('ref_axis',(-0.663353475024731,0.748306198806754,0.));
#14432=DIRECTION('',(0.,0.,1.));
#14433=DIRECTION('center_axis',(0.,0.,1.));
#14434=DIRECTION('ref_axis',(0.71783963649237,-0.696208486216953,0.));
#14435=DIRECTION('center_axis',(0.,0.,-1.));
#14436=DIRECTION('ref_axis',(0.71783963649237,-0.696208486216953,0.));
#14437=DIRECTION('',(0.,0.,-1.));
#14438=DIRECTION('center_axis',(0.,0.,1.));
#14439=DIRECTION('ref_axis',(0.71783963649237,-0.696208486216953,0.));
#14440=DIRECTION('',(0.,0.,1.));
#14441=DIRECTION('center_axis',(0.,0.,1.));
#14442=DIRECTION('ref_axis',(1.,0.,0.));
#14443=DIRECTION('',(-1.,-2.50897858672352E-16,0.));
#14444=DIRECTION('',(1.,-2.50897858672352E-16,0.));
#14445=DIRECTION('center_axis',(0.,0.,1.));
#14446=DIRECTION('ref_axis',(0.66335347502473,-0.748306198806755,0.));
#14447=DIRECTION('center_axis',(0.,0.,1.));
#14448=DIRECTION('ref_axis',(0.66335347502473,-0.748306198806755,0.));
#14449=DIRECTION('',(0.,0.,-1.));
#14450=DIRECTION('center_axis',(0.,0.,-1.));
#14451=DIRECTION('ref_axis',(0.66335347502473,-0.748306198806755,0.));
#14452=DIRECTION('',(0.,0.,1.));
#14453=DIRECTION('center_axis',(0.,0.,1.));
#14454=DIRECTION('ref_axis',(-0.71783963649237,0.696208486216954,0.));
#14455=DIRECTION('center_axis',(0.,0.,-1.));
#14456=DIRECTION('ref_axis',(-0.71783963649237,0.696208486216954,0.));
#14457=DIRECTION('',(0.,0.,-1.));
#14458=DIRECTION('center_axis',(0.,0.,1.));
#14459=DIRECTION('ref_axis',(-0.71783963649237,0.696208486216954,0.));
#14460=DIRECTION('',(0.,0.,1.));
#14461=DIRECTION('center_axis',(0.,0.,1.));
#14462=DIRECTION('ref_axis',(1.,0.,0.));
#14463=DIRECTION('',(1.,-2.50897858672352E-16,0.));
#14464=DIRECTION('',(-1.,-2.50897858672352E-16,0.));
#14465=DIRECTION('center_axis',(2.50897858672352E-16,1.,0.));
#14466=DIRECTION('ref_axis',(1.,-2.50897858672352E-16,0.));
#14467=DIRECTION('',(1.,-2.50897858672352E-16,0.));
#14468=DIRECTION('',(0.,0.,-1.));
#14469=DIRECTION('center_axis',(2.50897858672352E-16,1.,0.));
#14470=DIRECTION('ref_axis',(1.,0.,0.));
#14471=DIRECTION('',(0.,0.,-1.));
#14472=DIRECTION('',(1.,-2.50897858672352E-16,0.));
#14473=DIRECTION('',(1.,-2.50897858672352E-16,0.));
#14474=DIRECTION('center_axis',(0.,0.,1.));
#14475=DIRECTION('ref_axis',(1.,0.,0.));
#14476=DIRECTION('center_axis',(0.,0.,-1.));
#14477=DIRECTION('ref_axis',(-0.759169671914856,0.650892778608497,0.));
#14478=DIRECTION('',(-1.,-2.50897858672352E-16,0.));
#14479=DIRECTION('center_axis',(0.,0.,1.));
#14480=DIRECTION('ref_axis',(1.,0.,0.));
#14481=DIRECTION('',(-1.,-2.50897858672352E-16,0.));
#14482=DIRECTION('center_axis',(0.,0.,-1.));
#14483=DIRECTION('ref_axis',(0.759169671914857,-0.650892778608496,0.));
#14484=DIRECTION('center_axis',(0.,0.,-1.));
#14485=DIRECTION('ref_axis',(0.759169671914857,-0.650892778608496,0.));
#14486=DIRECTION('',(0.,0.,-1.));
#14487=DIRECTION('center_axis',(2.50897858672352E-16,-1.,0.));
#14488=DIRECTION('ref_axis',(-1.,-2.50897858672352E-16,0.));
#14489=DIRECTION('',(-1.,-2.50897858672352E-16,0.));
#14490=DIRECTION('',(0.,0.,-1.));
#14491=DIRECTION('center_axis',(2.50897858672352E-16,-1.,0.));
#14492=DIRECTION('ref_axis',(1.,0.,0.));
#14493=DIRECTION('center_axis',(0.,0.,-1.));
#14494=DIRECTION('ref_axis',(-0.759169671914856,0.650892778608497,0.));
#14495=DIRECTION('center_axis',(0.,0.,1.));
#14496=DIRECTION('ref_axis',(1.,0.,0.));
#14497=DIRECTION('center_axis',(0.,0.,-1.));
#14498=DIRECTION('ref_axis',(1.,0.,0.));
#14499=DIRECTION('center_axis',(0.,0.,1.));
#14500=DIRECTION('ref_axis',(1.,0.,0.));
#14501=DIRECTION('center_axis',(0.,1.,0.));
#14502=DIRECTION('ref_axis',(0.,0.,1.));
#14503=DIRECTION('center_axis',(0.,-1.,0.));
#14504=DIRECTION('ref_axis',(1.,0.,0.));
#14505=DIRECTION('center_axis',(0.,1.,0.));
#14506=DIRECTION('ref_axis',(-1.,0.,0.));
#14507=DIRECTION('center_axis',(0.,1.,0.));
#14508=DIRECTION('ref_axis',(-1.,0.,0.));
#14509=DIRECTION('',(0.,1.,0.));
#14510=DIRECTION('center_axis',(0.,-1.,0.));
#14511=DIRECTION('ref_axis',(-1.,0.,0.));
#14512=DIRECTION('center_axis',(0.,1.,0.));
#14513=DIRECTION('ref_axis',(0.,0.,1.));
#14514=DIRECTION('center_axis',(0.,1.,0.));
#14515=DIRECTION('ref_axis',(1.,0.,0.));
#14516=DIRECTION('center_axis',(0.,1.,0.));
#14517=DIRECTION('ref_axis',(0.,0.,1.));
#14518=DIRECTION('center_axis',(0.,-1.,0.));
#14519=DIRECTION('ref_axis',(1.,0.,0.));
#14520=DIRECTION('center_axis',(0.,1.,0.));
#14521=DIRECTION('ref_axis',(-1.,0.,0.));
#14522=DIRECTION('center_axis',(0.,1.,0.));
#14523=DIRECTION('ref_axis',(-1.,0.,0.));
#14524=DIRECTION('',(0.,1.,0.));
#14525=DIRECTION('center_axis',(0.,-1.,0.));
#14526=DIRECTION('ref_axis',(-1.,0.,0.));
#14527=DIRECTION('center_axis',(0.,1.,0.));
#14528=DIRECTION('ref_axis',(0.,0.,1.));
#14529=DIRECTION('center_axis',(0.,1.,0.));
#14530=DIRECTION('ref_axis',(1.,0.,0.));
#14531=DIRECTION('center_axis',(0.,1.,0.));
#14532=DIRECTION('ref_axis',(1.,0.,0.));
#14533=DIRECTION('center_axis',(0.,1.,0.));
#14534=DIRECTION('ref_axis',(1.,0.,0.));
#14535=DIRECTION('',(0.,-1.,0.));
#14536=DIRECTION('center_axis',(0.,1.,0.));
#14537=DIRECTION('ref_axis',(1.,0.,0.));
#14538=DIRECTION('center_axis',(0.,1.,0.));
#14539=DIRECTION('ref_axis',(1.,0.,0.));
#14540=DIRECTION('',(0.,-1.,0.));
#14541=DIRECTION('center_axis',(0.,1.,0.));
#14542=DIRECTION('ref_axis',(-1.,0.,0.));
#14543=DIRECTION('center_axis',(0.,-1.,0.));
#14544=DIRECTION('ref_axis',(-1.,0.,0.));
#14545=DIRECTION('',(0.,-1.,0.));
#14546=DIRECTION('center_axis',(0.,1.,0.));
#14547=DIRECTION('ref_axis',(-1.,0.,0.));
#14548=DIRECTION('center_axis',(0.,1.,0.));
#14549=DIRECTION('ref_axis',(1.,0.,0.));
#14550=DIRECTION('center_axis',(0.,1.,0.));
#14551=DIRECTION('ref_axis',(1.,0.,0.));
#14552=DIRECTION('',(0.,-1.,0.));
#14553=DIRECTION('center_axis',(0.,-1.,0.));
#14554=DIRECTION('ref_axis',(1.,0.,0.));
#14555=DIRECTION('center_axis',(0.,1.,0.));
#14556=DIRECTION('ref_axis',(0.,0.,1.));
#14557=DIRECTION('center_axis',(0.,1.,0.));
#14558=DIRECTION('ref_axis',(0.,0.,1.));
#14559=DIRECTION('center_axis',(0.,-1.,0.));
#14560=DIRECTION('ref_axis',(1.,0.,0.));
#14561=DIRECTION('center_axis',(0.,-1.,0.));
#14562=DIRECTION('ref_axis',(1.,0.,0.));
#14563=DIRECTION('center_axis',(0.,-1.,0.));
#14564=DIRECTION('ref_axis',(1.,0.,0.));
#14565=DIRECTION('',(0.,-1.,0.));
#14566=DIRECTION('center_axis',(0.,1.,0.));
#14567=DIRECTION('ref_axis',(0.,0.,1.));
#14568=DIRECTION('center_axis',(0.,1.,0.));
#14569=DIRECTION('ref_axis',(0.,0.,1.));
#14570=DIRECTION('center_axis',(0.,-1.,0.));
#14571=DIRECTION('ref_axis',(1.,0.,0.));
#14572=DIRECTION('center_axis',(0.,1.,0.));
#14573=DIRECTION('ref_axis',(1.,0.,0.));
#14574=DIRECTION('center_axis',(0.,1.,0.));
#14575=DIRECTION('ref_axis',(0.,0.,1.));
#14576=DIRECTION('center_axis',(0.,-1.,0.));
#14577=DIRECTION('ref_axis',(1.,0.,0.));
#14578=DIRECTION('center_axis',(0.,1.,0.));
#14579=DIRECTION('ref_axis',(1.,0.,0.));
#14580=DIRECTION('center_axis',(0.,1.,0.));
#14581=DIRECTION('ref_axis',(1.,0.,0.));
#14582=DIRECTION('',(0.,-1.,0.));
#14583=DIRECTION('center_axis',(0.,-1.,0.));
#14584=DIRECTION('ref_axis',(1.,0.,0.));
#14585=DIRECTION('center_axis',(0.,-1.,0.));
#14586=DIRECTION('ref_axis',(1.,0.,0.));
#14587=DIRECTION('center_axis',(0.,-1.,0.));
#14588=DIRECTION('ref_axis',(1.,0.,0.));
#14589=DIRECTION('center_axis',(0.,1.,0.));
#14590=DIRECTION('ref_axis',(0.,0.,1.));
#14591=DIRECTION('center_axis',(0.,1.,0.));
#14592=DIRECTION('ref_axis',(0.,0.,1.));
#14593=DIRECTION('center_axis',(0.,1.,0.));
#14594=DIRECTION('ref_axis',(-1.,0.,0.));
#14595=DIRECTION('',(0.742268041237113,0.,-0.670103092783506));
#14596=DIRECTION('center_axis',(0.,1.,0.));
#14597=DIRECTION('ref_axis',(-1.,0.,0.));
#14598=DIRECTION('center_axis',(0.,1.,0.));
#14599=DIRECTION('ref_axis',(-1.,0.,0.));
#14600=DIRECTION('',(-0.954279957752977,0.,-0.298914305831916));
#14601=DIRECTION('center_axis',(0.,1.,0.));
#14602=DIRECTION('ref_axis',(-1.,0.,0.));
#14603=DIRECTION('',(-0.990176433965947,0.,0.139823566034056));
#14604=DIRECTION('center_axis',(0.,1.,0.));
#14605=DIRECTION('ref_axis',(-1.,0.,0.));
#14606=DIRECTION('',(-0.139823566034053,0.,0.990176433965948));
#14607=DIRECTION('center_axis',(0.,1.,0.));
#14608=DIRECTION('ref_axis',(-1.,0.,0.));
#14609=DIRECTION('',(0.139823566034054,0.,0.990176433965948));
#14610=DIRECTION('center_axis',(0.,1.,0.));
#14611=DIRECTION('ref_axis',(-1.,0.,0.));
#14612=DIRECTION('',(0.990176433965948,0.,0.139823566034053));
#14613=DIRECTION('center_axis',(0.,1.,0.));
#14614=DIRECTION('ref_axis',(-1.,0.,0.));
#14615=DIRECTION('',(0.954279957752977,0.,-0.298914305831915));
#14616=DIRECTION('center_axis',(0.,-1.,0.));
#14617=DIRECTION('ref_axis',(1.,0.,0.));
#14618=DIRECTION('center_axis',(0.,-1.,0.));
#14619=DIRECTION('ref_axis',(1.,0.,0.));
#14620=DIRECTION('center_axis',(0.,-1.,0.));
#14621=DIRECTION('ref_axis',(1.,0.,0.));
#14622=DIRECTION('center_axis',(0.,-1.,0.));
#14623=DIRECTION('ref_axis',(1.,0.,0.));
#14624=DIRECTION('center_axis',(0.,-1.,0.));
#14625=DIRECTION('ref_axis',(1.,0.,0.));
#14626=DIRECTION('center_axis',(0.,-1.,0.));
#14627=DIRECTION('ref_axis',(1.,0.,0.));
#14628=DIRECTION('',(0.,-1.,0.));
#14629=DIRECTION('',(0.,-1.,0.));
#14630=DIRECTION('center_axis',(0.,0.,1.));
#14631=DIRECTION('ref_axis',(-1.,0.,0.));
#14632=DIRECTION('',(1.,0.,0.));
#14633=DIRECTION('',(1.,0.,0.));
#14634=DIRECTION('',(0.,-1.,0.));
#14635=DIRECTION('center_axis',(1.,0.,0.));
#14636=DIRECTION('ref_axis',(0.,0.,1.));
#14637=DIRECTION('',(0.,0.,-1.));
#14638=DIRECTION('',(0.,0.,-1.));
#14639=DIRECTION('',(0.,-1.,0.));
#14640=DIRECTION('center_axis',(0.,0.,-1.));
#14641=DIRECTION('ref_axis',(1.,0.,0.));
#14642=DIRECTION('',(-1.,0.,0.));
#14643=DIRECTION('',(-1.,0.,0.));
#14644=DIRECTION('',(0.,-1.,0.));
#14645=DIRECTION('',(0.,-1.,0.));
#14646=DIRECTION('',(0.,-1.,0.));
#14647=DIRECTION('center_axis',(-0.774214179185869,0.,0.632923695833511));
#14648=DIRECTION('ref_axis',(-0.632923695833511,0.,-0.774214179185869));
#14649=DIRECTION('',(-0.632923695833511,0.,-0.774214179185869));
#14650=DIRECTION('',(0.,-1.,0.));
#14651=DIRECTION('',(-0.632923695833511,0.,-0.774214179185869));
#14652=DIRECTION('',(0.,-1.,0.));
#14653=DIRECTION('',(0.,-1.,0.));
#14654=DIRECTION('',(0.,-1.,0.));
#14655=DIRECTION('',(0.,-1.,0.));
#14656=DIRECTION('center_axis',(0.,0.,1.));
#14657=DIRECTION('ref_axis',(-1.,0.,0.));
#14658=DIRECTION('',(-1.,0.,0.));
#14659=DIRECTION('',(0.,-1.,0.));
#14660=DIRECTION('',(-1.,0.,0.));
#14661=DIRECTION('center_axis',(1.,0.,0.));
#14662=DIRECTION('ref_axis',(0.,0.,1.));
#14663=DIRECTION('',(0.,0.,1.));
#14664=DIRECTION('',(0.,-1.,0.));
#14665=DIRECTION('',(0.,0.,1.));
#14666=DIRECTION('center_axis',(0.,0.,-1.));
#14667=DIRECTION('ref_axis',(1.,0.,0.));
#14668=DIRECTION('',(1.,0.,0.));
#14669=DIRECTION('',(0.,-1.,0.));
#14670=DIRECTION('',(1.,0.,0.));
#14671=DIRECTION('center_axis',(-1.,0.,0.));
#14672=DIRECTION('ref_axis',(0.,0.,-1.));
#14673=DIRECTION('',(0.,0.,-1.));
#14674=DIRECTION('',(0.,-1.,0.));
#14675=DIRECTION('',(0.,0.,-1.));
#14676=DIRECTION('center_axis',(0.,0.,-1.));
#14677=DIRECTION('ref_axis',(1.,0.,0.));
#14678=DIRECTION('',(1.,0.,0.));
#14679=DIRECTION('',(0.,-1.,0.));
#14680=DIRECTION('',(1.,0.,0.));
#14681=DIRECTION('center_axis',(0.783042313268789,0.,-0.621968436201278));
#14682=DIRECTION('ref_axis',(0.621968436201278,0.,0.783042313268789));
#14683=DIRECTION('',(0.621968436201278,0.,0.783042313268789));
#14684=DIRECTION('',(0.,-1.,0.));
#14685=DIRECTION('',(0.621968436201278,0.,0.783042313268789));
#14686=DIRECTION('center_axis',(0.,0.,-1.));
#14687=DIRECTION('ref_axis',(1.,0.,0.));
#14688=DIRECTION('',(1.,0.,0.));
#14689=DIRECTION('',(1.,0.,0.));
#14690=DIRECTION('center_axis',(0.,-1.,0.));
#14691=DIRECTION('ref_axis',(0.,0.,-1.));
#14692=DIRECTION('center_axis',(0.950467445728689,0.,0.31082412166687));
#14693=DIRECTION('ref_axis',(-0.31082412166687,0.,0.950467445728689));
#14694=DIRECTION('',(0.31082412166687,0.,-0.950467445728689));
#14695=DIRECTION('',(0.,-1.,0.));
#14696=DIRECTION('',(0.31082412166687,0.,-0.950467445728689));
#14697=DIRECTION('',(0.,-1.,0.));
#14698=DIRECTION('center_axis',(3.99537838635303E-16,0.,-1.));
#14699=DIRECTION('ref_axis',(1.,0.,3.99537838635303E-16));
#14700=DIRECTION('',(-1.,0.,-3.99537838635303E-16));
#14701=DIRECTION('',(-1.,0.,-3.99537838635303E-16));
#14702=DIRECTION('',(0.,-1.,0.));
#14703=DIRECTION('center_axis',(-0.949983248285707,0.,0.312300861312512));
#14704=DIRECTION('ref_axis',(-0.312300861312512,0.,-0.949983248285707));
#14705=DIRECTION('',(0.312300861312512,0.,0.949983248285707));
#14706=DIRECTION('',(0.312300861312512,0.,0.949983248285707));
#14707=DIRECTION('center_axis',(4.58505772650755E-16,0.,-1.));
#14708=DIRECTION('ref_axis',(1.,0.,4.58505772650755E-16));
#14709=DIRECTION('',(1.,0.,4.58505772650755E-16));
#14710=DIRECTION('',(0.,-1.,0.));
#14711=DIRECTION('',(1.,0.,4.58505772650755E-16));
#14712=DIRECTION('',(0.,-1.,0.));
#14713=DIRECTION('center_axis',(-0.951135317488762,0.,-0.308774363938381));
#14714=DIRECTION('ref_axis',(0.308774363938381,0.,-0.951135317488762));
#14715=DIRECTION('',(0.308774363938381,0.,-0.951135317488762));
#14716=DIRECTION('',(0.,-1.,0.));
#14717=DIRECTION('',(0.308774363938381,0.,-0.951135317488762));
#14718=DIRECTION('center_axis',(3.2319302870499E-16,0.,-1.));
#14719=DIRECTION('ref_axis',(1.,0.,3.2319302870499E-16));
#14720=DIRECTION('',(1.,0.,3.2319302870499E-16));
#14721=DIRECTION('',(0.,-1.,0.));
#14722=DIRECTION('',(1.,0.,3.2319302870499E-16));
#14723=DIRECTION('center_axis',(0.951135317488763,0.,-0.30877436393838));
#14724=DIRECTION('ref_axis',(0.30877436393838,0.,0.951135317488763));
#14725=DIRECTION('',(0.30877436393838,0.,0.951135317488763));
#14726=DIRECTION('',(0.,-1.,0.));
#14727=DIRECTION('',(0.30877436393838,0.,0.951135317488763));
#14728=DIRECTION('center_axis',(0.,0.,-1.));
#14729=DIRECTION('ref_axis',(1.,0.,0.));
#14730=DIRECTION('',(1.,0.,0.));
#14731=DIRECTION('',(0.,-1.,0.));
#14732=DIRECTION('',(1.,0.,0.));
#14733=DIRECTION('center_axis',(-0.947602739606771,0.,0.319451166674567));
#14734=DIRECTION('ref_axis',(-0.319451166674567,0.,-0.947602739606771));
#14735=DIRECTION('',(-0.319451166674567,0.,-0.947602739606771));
#14736=DIRECTION('',(0.,-1.,0.));
#14737=DIRECTION('',(-0.319451166674567,0.,-0.947602739606771));
#14738=DIRECTION('center_axis',(0.,0.,1.));
#14739=DIRECTION('ref_axis',(-1.,0.,0.));
#14740=DIRECTION('',(-1.,0.,0.));
#14741=DIRECTION('',(0.,-1.,0.));
#14742=DIRECTION('',(-1.,0.,0.));
#14743=DIRECTION('center_axis',(0.947602739606771,0.,0.319451166674568));
#14744=DIRECTION('ref_axis',(-0.319451166674568,0.,0.947602739606771));
#14745=DIRECTION('',(-0.319451166674568,0.,0.947602739606771));
#14746=DIRECTION('',(-0.319451166674568,0.,0.947602739606771));
#14747=DIRECTION('center_axis',(0.,-1.,0.));
#14748=DIRECTION('ref_axis',(0.,0.,-1.));
#14749=DIRECTION('',(0.,-1.,0.));
#14750=DIRECTION('',(0.,-1.,0.));
#14751=DIRECTION('center_axis',(0.,0.,1.));
#14752=DIRECTION('ref_axis',(-1.,0.,0.));
#14753=DIRECTION('',(1.,0.,0.));
#14754=DIRECTION('',(1.,0.,0.));
#14755=DIRECTION('',(0.,-1.,0.));
#14756=DIRECTION('center_axis',(1.,0.,0.));
#14757=DIRECTION('ref_axis',(0.,0.,1.));
#14758=DIRECTION('',(0.,0.,-1.));
#14759=DIRECTION('',(0.,0.,-1.));
#14760=DIRECTION('',(0.,-1.,0.));
#14761=DIRECTION('center_axis',(0.,0.,-1.));
#14762=DIRECTION('ref_axis',(1.,0.,0.));
#14763=DIRECTION('',(-1.,0.,0.));
#14764=DIRECTION('',(-1.,0.,0.));
#14765=DIRECTION('',(0.,-1.,0.));
#14766=DIRECTION('',(0.,-1.,0.));
#14767=DIRECTION('',(0.,-1.,0.));
#14768=DIRECTION('',(0.,-1.,0.));
#14769=DIRECTION('',(0.,-1.,0.));
#14770=DIRECTION('',(0.,-1.,0.));
#14771=DIRECTION('center_axis',(0.,0.,1.));
#14772=DIRECTION('ref_axis',(-1.,0.,0.));
#14773=DIRECTION('',(-1.,0.,0.));
#14774=DIRECTION('',(0.,-1.,0.));
#14775=DIRECTION('',(-1.,0.,0.));
#14776=DIRECTION('center_axis',(1.,0.,0.));
#14777=DIRECTION('ref_axis',(0.,0.,1.));
#14778=DIRECTION('',(0.,0.,1.));
#14779=DIRECTION('',(0.,-1.,0.));
#14780=DIRECTION('',(0.,0.,1.));
#14781=DIRECTION('center_axis',(2.67999853028258E-16,0.,-1.));
#14782=DIRECTION('ref_axis',(1.,0.,2.67999853028258E-16));
#14783=DIRECTION('',(1.,0.,2.67999853028258E-16));
#14784=DIRECTION('',(0.,-1.,0.));
#14785=DIRECTION('',(1.,0.,2.67999853028258E-16));
#14786=DIRECTION('',(0.,-1.,0.));
#14787=DIRECTION('center_axis',(0.,1.,0.));
#14788=DIRECTION('ref_axis',(0.,0.,1.));
#14789=DIRECTION('center_axis',(-1.,0.,0.));
#14790=DIRECTION('ref_axis',(0.,0.,-1.));
#14791=DIRECTION('',(0.,0.,-1.));
#14792=DIRECTION('',(0.,-1.,0.));
#14793=DIRECTION('',(0.,0.,-1.));
#14794=DIRECTION('',(0.,-1.,0.));
#14795=DIRECTION('center_axis',(0.,0.,1.));
#14796=DIRECTION('ref_axis',(-1.,0.,0.));
#14797=DIRECTION('',(-1.,0.,0.));
#14798=DIRECTION('',(0.,-1.,0.));
#14799=DIRECTION('',(-1.,0.,0.));
#14800=DIRECTION('center_axis',(-1.,0.,0.));
#14801=DIRECTION('ref_axis',(0.,0.,-1.));
#14802=DIRECTION('',(0.,0.,-1.));
#14803=DIRECTION('',(0.,-1.,0.));
#14804=DIRECTION('',(0.,0.,-1.));
#14805=DIRECTION('center_axis',(0.,0.,1.));
#14806=DIRECTION('ref_axis',(-1.,0.,0.));
#14807=DIRECTION('',(-1.,0.,0.));
#14808=DIRECTION('',(0.,-1.,0.));
#14809=DIRECTION('',(-1.,0.,0.));
#14810=DIRECTION('center_axis',(1.,0.,2.46716234230227E-16));
#14811=DIRECTION('ref_axis',(-2.46716234230227E-16,0.,1.));
#14812=DIRECTION('',(-2.46716234230227E-16,0.,1.));
#14813=DIRECTION('',(0.,-1.,0.));
#14814=DIRECTION('',(-2.46716234230227E-16,0.,1.));
#14815=DIRECTION('center_axis',(1.06450291272762E-16,0.,-1.));
#14816=DIRECTION('ref_axis',(1.,0.,1.06450291272762E-16));
#14817=DIRECTION('',(1.,0.,1.06450291272762E-16));
#14818=DIRECTION('',(1.,0.,1.06450291272762E-16));
#14819=DIRECTION('center_axis',(0.,-1.,0.));
#14820=DIRECTION('ref_axis',(0.,0.,-1.));
#14821=DIRECTION('',(0.,-1.,0.));
#14822=DIRECTION('',(0.,-1.,0.));
#14823=DIRECTION('center_axis',(0.,0.,1.));
#14824=DIRECTION('ref_axis',(-1.,0.,0.));
#14825=DIRECTION('',(1.,0.,0.));
#14826=DIRECTION('',(1.,0.,0.));
#14827=DIRECTION('',(0.,-1.,0.));
#14828=DIRECTION('center_axis',(1.,0.,6.18796408618091E-16));
#14829=DIRECTION('ref_axis',(-6.18796408618091E-16,0.,1.));
#14830=DIRECTION('',(6.18796408618091E-16,0.,-1.));
#14831=DIRECTION('',(6.18796408618091E-16,0.,-1.));
#14832=DIRECTION('',(0.,-1.,0.));
#14833=DIRECTION('center_axis',(0.,0.,-1.));
#14834=DIRECTION('ref_axis',(1.,0.,0.));
#14835=DIRECTION('',(-1.,0.,0.));
#14836=DIRECTION('',(-1.,0.,0.));
#14837=DIRECTION('',(0.,-1.,0.));
#14838=DIRECTION('',(0.,-1.,0.));
#14839=DIRECTION('',(0.,-1.,0.));
#14840=DIRECTION('',(0.,-1.,0.));
#14841=DIRECTION('',(0.,-1.,0.));
#14842=DIRECTION('',(0.,-1.,0.));
#14843=DIRECTION('center_axis',(0.,0.,1.));
#14844=DIRECTION('ref_axis',(-1.,0.,0.));
#14845=DIRECTION('',(-1.,0.,0.));
#14846=DIRECTION('',(0.,-1.,0.));
#14847=DIRECTION('',(-1.,0.,0.));
#14848=DIRECTION('center_axis',(1.,0.,2.46716234230228E-16));
#14849=DIRECTION('ref_axis',(-2.46716234230228E-16,0.,1.));
#14850=DIRECTION('',(-2.46716234230228E-16,0.,1.));
#14851=DIRECTION('',(0.,-1.,0.));
#14852=DIRECTION('',(-2.46716234230228E-16,0.,1.));
#14853=DIRECTION('center_axis',(4.64097306463568E-16,0.,-1.));
#14854=DIRECTION('ref_axis',(1.,0.,4.64097306463568E-16));
#14855=DIRECTION('',(1.,0.,4.64097306463568E-16));
#14856=DIRECTION('',(0.,-1.,0.));
#14857=DIRECTION('',(1.,0.,4.64097306463568E-16));
#14858=DIRECTION('center_axis',(-1.,0.,0.));
#14859=DIRECTION('ref_axis',(0.,0.,-1.));
#14860=DIRECTION('',(0.,0.,-1.));
#14861=DIRECTION('',(0.,-1.,0.));
#14862=DIRECTION('',(0.,0.,-1.));
#14863=DIRECTION('center_axis',(0.,0.,-1.));
#14864=DIRECTION('ref_axis',(1.,0.,0.));
#14865=DIRECTION('',(1.,0.,0.));
#14866=DIRECTION('',(0.,-1.,0.));
#14867=DIRECTION('',(1.,0.,0.));
#14868=DIRECTION('',(0.,-1.,0.));
#14869=DIRECTION('center_axis',(0.,1.,0.));
#14870=DIRECTION('ref_axis',(0.,0.,1.));
#14871=DIRECTION('',(0.,-1.,0.));
#14872=DIRECTION('',(0.,-1.,0.));
#14873=DIRECTION('center_axis',(0.,0.,1.));
#14874=DIRECTION('ref_axis',(-1.,0.,0.));
#14875=DIRECTION('',(1.,0.,0.));
#14876=DIRECTION('',(1.,0.,0.));
#14877=DIRECTION('',(0.,-1.,0.));
#14878=DIRECTION('center_axis',(1.,0.,6.56137571207113E-16));
#14879=DIRECTION('ref_axis',(-6.56137571207113E-16,0.,1.));
#14880=DIRECTION('',(6.56137571207113E-16,0.,-1.));
#14881=DIRECTION('',(6.56137571207113E-16,0.,-1.));
#14882=DIRECTION('',(0.,-1.,0.));
#14883=DIRECTION('center_axis',(0.,0.,-1.));
#14884=DIRECTION('ref_axis',(1.,0.,0.));
#14885=DIRECTION('',(-1.,0.,0.));
#14886=DIRECTION('',(-1.,0.,0.));
#14887=DIRECTION('',(0.,-1.,0.));
#14888=DIRECTION('',(0.,-1.,0.));
#14889=DIRECTION('',(0.,-1.,0.));
#14890=DIRECTION('center_axis',(-0.774214179185869,0.,0.632923695833512));
#14891=DIRECTION('ref_axis',(-0.632923695833512,0.,-0.774214179185869));
#14892=DIRECTION('',(-0.632923695833512,0.,-0.774214179185869));
#14893=DIRECTION('',(0.,-1.,0.));
#14894=DIRECTION('',(-0.632923695833512,0.,-0.774214179185869));
#14895=DIRECTION('',(0.,-1.,0.));
#14896=DIRECTION('',(0.,-1.,0.));
#14897=DIRECTION('',(0.,-1.,0.));
#14898=DIRECTION('',(0.,-1.,0.));
#14899=DIRECTION('center_axis',(0.,0.,1.));
#14900=DIRECTION('ref_axis',(-1.,0.,0.));
#14901=DIRECTION('',(-1.,0.,0.));
#14902=DIRECTION('',(0.,-1.,0.));
#14903=DIRECTION('',(-1.,0.,0.));
#14904=DIRECTION('center_axis',(1.,0.,2.46716234230227E-16));
#14905=DIRECTION('ref_axis',(-2.46716234230227E-16,0.,1.));
#14906=DIRECTION('',(-2.46716234230227E-16,0.,1.));
#14907=DIRECTION('',(0.,-1.,0.));
#14908=DIRECTION('',(-2.46716234230227E-16,0.,1.));
#14909=DIRECTION('center_axis',(0.,0.,-1.));
#14910=DIRECTION('ref_axis',(1.,0.,0.));
#14911=DIRECTION('',(1.,0.,0.));
#14912=DIRECTION('',(0.,-1.,0.));
#14913=DIRECTION('',(1.,0.,0.));
#14914=DIRECTION('center_axis',(-1.,0.,0.));
#14915=DIRECTION('ref_axis',(0.,0.,-1.));
#14916=DIRECTION('',(0.,0.,-1.));
#14917=DIRECTION('',(0.,-1.,0.));
#14918=DIRECTION('',(0.,0.,-1.));
#14919=DIRECTION('center_axis',(0.,0.,-1.));
#14920=DIRECTION('ref_axis',(1.,0.,0.));
#14921=DIRECTION('',(1.,0.,0.));
#14922=DIRECTION('',(0.,-1.,0.));
#14923=DIRECTION('',(1.,0.,0.));
#14924=DIRECTION('center_axis',(0.783042313268789,0.,-0.621968436201278));
#14925=DIRECTION('ref_axis',(0.621968436201278,0.,0.783042313268789));
#14926=DIRECTION('',(0.621968436201278,0.,0.783042313268789));
#14927=DIRECTION('',(0.,-1.,0.));
#14928=DIRECTION('',(0.621968436201278,0.,0.783042313268789));
#14929=DIRECTION('center_axis',(0.,0.,-1.));
#14930=DIRECTION('ref_axis',(1.,0.,0.));
#14931=DIRECTION('',(1.,0.,0.));
#14932=DIRECTION('',(1.,0.,0.));
#14933=DIRECTION('center_axis',(0.,-1.,0.));
#14934=DIRECTION('ref_axis',(0.,0.,-1.));
#14935=DIRECTION('center_axis',(-1.,0.,0.));
#14936=DIRECTION('ref_axis',(0.,0.,-1.));
#14937=DIRECTION('',(0.,0.,-1.));
#14938=DIRECTION('',(0.,-1.,0.));
#14939=DIRECTION('',(0.,0.,-1.));
#14940=DIRECTION('',(0.,-1.,0.));
#14941=DIRECTION('center_axis',(-4.84789543057486E-16,0.,1.));
#14942=DIRECTION('ref_axis',(-1.,0.,-4.84789543057486E-16));
#14943=DIRECTION('',(-1.,0.,-4.84789543057486E-16));
#14944=DIRECTION('',(0.,-1.,0.));
#14945=DIRECTION('',(-1.,0.,-4.84789543057486E-16));
#14946=DIRECTION('center_axis',(-1.,0.,0.));
#14947=DIRECTION('ref_axis',(0.,0.,-1.));
#14948=DIRECTION('',(0.,0.,-1.));
#14949=DIRECTION('',(0.,-1.,0.));
#14950=DIRECTION('',(0.,0.,-1.));
#14951=DIRECTION('center_axis',(0.,0.,-1.));
#14952=DIRECTION('ref_axis',(1.,0.,0.));
#14953=DIRECTION('',(1.,0.,0.));
#14954=DIRECTION('',(0.,-1.,0.));
#14955=DIRECTION('',(1.,0.,0.));
#14956=DIRECTION('center_axis',(-1.,0.,0.));
#14957=DIRECTION('ref_axis',(0.,0.,-1.));
#14958=DIRECTION('',(0.,0.,-1.));
#14959=DIRECTION('',(0.,-1.,0.));
#14960=DIRECTION('',(0.,0.,-1.));
#14961=DIRECTION('center_axis',(0.,0.,1.));
#14962=DIRECTION('ref_axis',(-1.,0.,0.));
#14963=DIRECTION('',(-1.,0.,0.));
#14964=DIRECTION('',(0.,-1.,0.));
#14965=DIRECTION('',(-1.,0.,0.));
#14966=DIRECTION('center_axis',(1.,0.,0.));
#14967=DIRECTION('ref_axis',(0.,0.,1.));
#14968=DIRECTION('',(0.,0.,1.));
#14969=DIRECTION('',(0.,-1.,0.));
#14970=DIRECTION('',(0.,0.,1.));
#14971=DIRECTION('center_axis',(0.,0.,-1.));
#14972=DIRECTION('ref_axis',(1.,0.,0.));
#14973=DIRECTION('',(1.,0.,0.));
#14974=DIRECTION('',(0.,-1.,0.));
#14975=DIRECTION('',(1.,0.,0.));
#14976=DIRECTION('center_axis',(1.,0.,0.));
#14977=DIRECTION('ref_axis',(0.,0.,1.));
#14978=DIRECTION('',(0.,0.,1.));
#14979=DIRECTION('',(0.,-1.,0.));
#14980=DIRECTION('',(0.,0.,1.));
#14981=DIRECTION('center_axis',(0.,0.,1.));
#14982=DIRECTION('ref_axis',(-1.,0.,0.));
#14983=DIRECTION('',(-1.,0.,0.));
#14984=DIRECTION('',(0.,-1.,0.));
#14985=DIRECTION('',(-1.,0.,0.));
#14986=DIRECTION('center_axis',(1.,0.,0.));
#14987=DIRECTION('ref_axis',(0.,0.,1.));
#14988=DIRECTION('',(0.,0.,1.));
#14989=DIRECTION('',(0.,-1.,0.));
#14990=DIRECTION('',(0.,0.,1.));
#14991=DIRECTION('center_axis',(1.59230038200889E-16,0.,-1.));
#14992=DIRECTION('ref_axis',(1.,0.,1.59230038200889E-16));
#14993=DIRECTION('',(1.,0.,1.59230038200889E-16));
#14994=DIRECTION('',(1.,0.,1.59230038200889E-16));
#14995=DIRECTION('center_axis',(0.,-1.,0.));
#14996=DIRECTION('ref_axis',(0.,0.,-1.));
#14997=DIRECTION('center_axis',(0.,1.,0.));
#14998=DIRECTION('ref_axis',(0.,0.,1.));
#14999=DIRECTION('center_axis',(0.,1.,0.));
#15000=DIRECTION('ref_axis',(-1.,0.,0.));
#15001=DIRECTION('center_axis',(0.,1.,0.));
#15002=DIRECTION('ref_axis',(0.,0.,1.));
#15003=DIRECTION('center_axis',(0.,1.,0.));
#15004=DIRECTION('ref_axis',(0.,0.,1.));
#15005=DIRECTION('center_axis',(0.,1.,0.));
#15006=DIRECTION('ref_axis',(0.,0.,1.));
#15007=DIRECTION('center_axis',(0.,1.,0.));
#15008=DIRECTION('ref_axis',(0.,0.,1.));
#15009=DIRECTION('center_axis',(0.,-1.,0.));
#15010=DIRECTION('ref_axis',(-1.,0.,0.));
#15011=DIRECTION('',(0.,-1.,0.));
#15012=DIRECTION('center_axis',(0.,1.,0.));
#15013=DIRECTION('ref_axis',(-1.,0.,0.));
#15014=DIRECTION('center_axis',(0.,-1.,0.));
#15015=DIRECTION('ref_axis',(1.,0.,0.));
#15016=DIRECTION('center_axis',(0.,-1.,0.));
#15017=DIRECTION('ref_axis',(1.,0.,0.));
#15018=DIRECTION('',(0.,-1.,0.));
#15019=DIRECTION('center_axis',(0.,-1.,0.));
#15020=DIRECTION('ref_axis',(1.,0.,0.));
#15021=DIRECTION('center_axis',(0.,1.,0.));
#15022=DIRECTION('ref_axis',(0.,0.,1.));
#15023=DIRECTION('center_axis',(0.,1.,0.));
#15024=DIRECTION('ref_axis',(0.,0.,1.));
#15025=DIRECTION('center_axis',(0.,-1.,0.));
#15026=DIRECTION('ref_axis',(-1.,0.,0.));
#15027=DIRECTION('center_axis',(0.,-1.,0.));
#15028=DIRECTION('ref_axis',(-1.,0.,0.));
#15029=DIRECTION('center_axis',(0.,-1.,0.));
#15030=DIRECTION('ref_axis',(-1.,0.,0.));
#15031=DIRECTION('center_axis',(0.,1.,0.));
#15032=DIRECTION('ref_axis',(-1.,0.,0.));
#15033=DIRECTION('',(0.,-1.,0.));
#15034=DIRECTION('center_axis',(0.,1.,0.));
#15035=DIRECTION('ref_axis',(-1.,0.,0.));
#15036=DIRECTION('',(0.,-1.,0.));
#15037=DIRECTION('center_axis',(0.,1.,0.));
#15038=DIRECTION('ref_axis',(-1.,0.,0.));
#15039=DIRECTION('',(0.,-1.,0.));
#15040=DIRECTION('center_axis',(0.,1.,0.));
#15041=DIRECTION('ref_axis',(1.,0.,0.));
#15042=DIRECTION('',(0.,-1.,0.));
#15043=DIRECTION('center_axis',(0.,1.,0.));
#15044=DIRECTION('ref_axis',(0.,0.,1.));
#15045=DIRECTION('center_axis',(0.,1.,0.));
#15046=DIRECTION('ref_axis',(0.,0.,1.));
#15047=DIRECTION('center_axis',(0.,1.,0.));
#15048=DIRECTION('ref_axis',(0.,0.,1.));
#15049=DIRECTION('center_axis',(0.,1.,0.));
#15050=DIRECTION('ref_axis',(1.,0.,0.));
#15051=DIRECTION('',(0.,-1.,0.));
#15052=DIRECTION('center_axis',(0.,1.,0.));
#15053=DIRECTION('ref_axis',(1.,0.,0.));
#15054=DIRECTION('',(0.,-1.,0.));
#15055=DIRECTION('center_axis',(0.,1.,0.));
#15056=DIRECTION('ref_axis',(1.,0.,0.));
#15057=DIRECTION('',(0.,-1.,0.));
#15058=DIRECTION('center_axis',(0.298914305831915,0.,0.954279957752977));
#15059=DIRECTION('ref_axis',(0.954279957752977,0.,-0.298914305831915));
#15060=DIRECTION('',(0.,1.,0.));
#15061=DIRECTION('',(0.,1.,0.));
#15062=DIRECTION('center_axis',(0.,1.,0.));
#15063=DIRECTION('ref_axis',(-1.,0.,0.));
#15064=DIRECTION('',(0.,1.,0.));
#15065=DIRECTION('center_axis',(-0.139823566034053,0.,0.990176433965948));
#15066=DIRECTION('ref_axis',(0.990176433965948,0.,0.139823566034053));
#15067=DIRECTION('',(0.,1.,0.));
#15068=DIRECTION('center_axis',(0.,1.,0.));
#15069=DIRECTION('ref_axis',(-1.,0.,0.));
#15070=DIRECTION('',(0.,1.,0.));
#15071=DIRECTION('center_axis',(-0.990176433965948,0.,0.139823566034054));
#15072=DIRECTION('ref_axis',(0.139823566034054,0.,0.990176433965948));
#15073=DIRECTION('',(0.,1.,0.));
#15074=DIRECTION('center_axis',(0.,1.,0.));
#15075=DIRECTION('ref_axis',(-1.,0.,0.));
#15076=DIRECTION('',(0.,1.,0.));
#15077=DIRECTION('center_axis',(-0.990176433965948,0.,-0.139823566034053));
#15078=DIRECTION('ref_axis',(-0.139823566034053,0.,0.990176433965948));
#15079=DIRECTION('',(0.,1.,0.));
#15080=DIRECTION('center_axis',(0.,1.,0.));
#15081=DIRECTION('ref_axis',(-1.,0.,0.));
#15082=DIRECTION('',(0.,1.,0.));
#15083=DIRECTION('center_axis',(-0.139823566034056,0.,-0.990176433965947));
#15084=DIRECTION('ref_axis',(-0.990176433965947,0.,0.139823566034056));
#15085=DIRECTION('',(0.,1.,0.));
#15086=DIRECTION('center_axis',(0.,1.,0.));
#15087=DIRECTION('ref_axis',(-1.,0.,0.));
#15088=DIRECTION('',(0.,1.,0.));
#15089=DIRECTION('center_axis',(0.298914305831916,0.,-0.954279957752977));
#15090=DIRECTION('ref_axis',(-0.954279957752977,0.,-0.298914305831916));
#15091=DIRECTION('',(0.,1.,0.));
#15092=DIRECTION('center_axis',(0.,1.,0.));
#15093=DIRECTION('ref_axis',(-1.,0.,0.));
#15094=DIRECTION('center_axis',(0.,1.,0.));
#15095=DIRECTION('ref_axis',(1.,0.,-7.6571373978539E-16));
#15096=DIRECTION('',(0.,1.,0.));
#15097=DIRECTION('center_axis',(0.670103092783506,0.,0.742268041237113));
#15098=DIRECTION('ref_axis',(0.742268041237113,0.,-0.670103092783506));
#15099=DIRECTION('',(0.,1.,0.));
#15100=DIRECTION('center_axis',(0.,1.,0.));
#15101=DIRECTION('ref_axis',(-1.,0.,0.));
#15102=DIRECTION('center_axis',(0.,1.,0.));
#15103=DIRECTION('ref_axis',(0.,0.,1.));
#15104=DIRECTION('center_axis',(-1.,0.,0.));
#15105=DIRECTION('ref_axis',(0.,0.,1.));
#15106=DIRECTION('',(0.,0.,1.));
#15107=DIRECTION('',(0.,1.,0.));
#15108=DIRECTION('',(0.,0.,1.));
#15109=DIRECTION('',(0.,1.,0.));
#15110=DIRECTION('center_axis',(0.,0.,-1.));
#15111=DIRECTION('ref_axis',(-1.,0.,0.));
#15112=DIRECTION('',(-1.,0.,0.));
#15113=DIRECTION('',(-1.,0.,0.));
#15114=DIRECTION('',(0.,1.,0.));
#15115=DIRECTION('center_axis',(-1.,0.,0.));
#15116=DIRECTION('ref_axis',(0.,0.,1.));
#15117=DIRECTION('',(0.,0.,1.));
#15118=DIRECTION('',(0.,0.,1.));
#15119=DIRECTION('',(0.,1.,0.));
#15120=DIRECTION('center_axis',(0.,0.,1.));
#15121=DIRECTION('ref_axis',(1.,0.,0.));
#15122=DIRECTION('',(1.,0.,0.));
#15123=DIRECTION('',(1.,0.,0.));
#15124=DIRECTION('',(0.,1.,0.));
#15125=DIRECTION('center_axis',(-1.,0.,0.));
#15126=DIRECTION('ref_axis',(0.,0.,1.));
#15127=DIRECTION('',(0.,0.,1.));
#15128=DIRECTION('',(0.,0.,1.));
#15129=DIRECTION('',(0.,1.,0.));
#15130=DIRECTION('center_axis',(0.,0.,1.));
#15131=DIRECTION('ref_axis',(1.,0.,0.));
#15132=DIRECTION('',(1.,0.,0.));
#15133=DIRECTION('',(1.,0.,0.));
#15134=DIRECTION('',(0.,1.,0.));
#15135=DIRECTION('center_axis',(1.,0.,0.));
#15136=DIRECTION('ref_axis',(0.,0.,-1.));
#15137=DIRECTION('',(0.,0.,-1.));
#15138=DIRECTION('',(0.,0.,-1.));
#15139=DIRECTION('',(0.,1.,0.));
#15140=DIRECTION('center_axis',(0.,0.,1.));
#15141=DIRECTION('ref_axis',(1.,0.,0.));
#15142=DIRECTION('',(1.,0.,0.));
#15143=DIRECTION('',(1.,0.,0.));
#15144=DIRECTION('',(0.,1.,0.));
#15145=DIRECTION('center_axis',(1.,0.,0.));
#15146=DIRECTION('ref_axis',(0.,0.,-1.));
#15147=DIRECTION('',(0.,0.,-1.));
#15148=DIRECTION('',(0.,0.,-1.));
#15149=DIRECTION('',(0.,1.,0.));
#15150=DIRECTION('center_axis',(0.,0.,-1.));
#15151=DIRECTION('ref_axis',(-1.,0.,0.));
#15152=DIRECTION('',(-1.,0.,0.));
#15153=DIRECTION('',(-1.,0.,0.));
#15154=DIRECTION('',(0.,1.,0.));
#15155=DIRECTION('center_axis',(1.,0.,0.));
#15156=DIRECTION('ref_axis',(0.,0.,-1.));
#15157=DIRECTION('',(0.,0.,-1.));
#15158=DIRECTION('',(0.,0.,-1.));
#15159=DIRECTION('',(0.,1.,0.));
#15160=DIRECTION('center_axis',(0.,0.,-1.));
#15161=DIRECTION('ref_axis',(-1.,0.,0.));
#15162=DIRECTION('',(-1.,0.,0.));
#15163=DIRECTION('',(-1.,0.,0.));
#15164=DIRECTION('center_axis',(0.,1.,0.));
#15165=DIRECTION('ref_axis',(1.,0.,0.));
#15166=DIRECTION('center_axis',(0.,1.,0.));
#15167=DIRECTION('ref_axis',(1.,0.,0.));
#15168=DIRECTION('',(0.,-1.,0.));
#15169=DIRECTION('center_axis',(0.,1.,0.));
#15170=DIRECTION('ref_axis',(1.,0.,0.));
#15171=DIRECTION('center_axis',(0.,1.,0.));
#15172=DIRECTION('ref_axis',(0.,0.,1.));
#15173=DIRECTION('center_axis',(0.,1.,0.));
#15174=DIRECTION('ref_axis',(0.,0.,1.));
#15175=DIRECTION('center_axis',(-1.,0.,0.));
#15176=DIRECTION('ref_axis',(0.,0.,1.));
#15177=DIRECTION('',(0.,0.,1.));
#15178=DIRECTION('',(0.,1.,0.));
#15179=DIRECTION('',(0.,0.,1.));
#15180=DIRECTION('',(0.,1.,0.));
#15181=DIRECTION('center_axis',(0.,0.,-1.));
#15182=DIRECTION('ref_axis',(-1.,0.,0.));
#15183=DIRECTION('',(-1.,0.,0.));
#15184=DIRECTION('',(-1.,0.,0.));
#15185=DIRECTION('',(0.,1.,0.));
#15186=DIRECTION('center_axis',(-1.,0.,0.));
#15187=DIRECTION('ref_axis',(0.,0.,1.));
#15188=DIRECTION('',(0.,0.,1.));
#15189=DIRECTION('',(0.,0.,1.));
#15190=DIRECTION('',(0.,1.,0.));
#15191=DIRECTION('center_axis',(0.,0.,1.));
#15192=DIRECTION('ref_axis',(1.,0.,0.));
#15193=DIRECTION('',(1.,0.,0.));
#15194=DIRECTION('',(1.,0.,0.));
#15195=DIRECTION('',(0.,1.,0.));
#15196=DIRECTION('center_axis',(-1.,0.,0.));
#15197=DIRECTION('ref_axis',(0.,0.,1.));
#15198=DIRECTION('',(0.,0.,1.));
#15199=DIRECTION('',(0.,0.,1.));
#15200=DIRECTION('',(0.,1.,0.));
#15201=DIRECTION('center_axis',(0.,0.,1.));
#15202=DIRECTION('ref_axis',(1.,0.,0.));
#15203=DIRECTION('',(1.,0.,0.));
#15204=DIRECTION('',(1.,0.,0.));
#15205=DIRECTION('',(0.,1.,0.));
#15206=DIRECTION('center_axis',(1.,0.,0.));
#15207=DIRECTION('ref_axis',(0.,0.,-1.));
#15208=DIRECTION('',(0.,0.,-1.));
#15209=DIRECTION('',(0.,0.,-1.));
#15210=DIRECTION('',(0.,1.,0.));
#15211=DIRECTION('center_axis',(0.,0.,1.));
#15212=DIRECTION('ref_axis',(1.,0.,0.));
#15213=DIRECTION('',(1.,0.,0.));
#15214=DIRECTION('',(1.,0.,0.));
#15215=DIRECTION('',(0.,1.,0.));
#15216=DIRECTION('center_axis',(1.,0.,0.));
#15217=DIRECTION('ref_axis',(0.,0.,-1.));
#15218=DIRECTION('',(0.,0.,-1.));
#15219=DIRECTION('',(0.,0.,-1.));
#15220=DIRECTION('',(0.,1.,0.));
#15221=DIRECTION('center_axis',(0.,0.,-1.));
#15222=DIRECTION('ref_axis',(-1.,0.,0.));
#15223=DIRECTION('',(-1.,0.,0.));
#15224=DIRECTION('',(-1.,0.,0.));
#15225=DIRECTION('',(0.,1.,0.));
#15226=DIRECTION('center_axis',(1.,0.,0.));
#15227=DIRECTION('ref_axis',(0.,0.,-1.));
#15228=DIRECTION('',(0.,0.,-1.));
#15229=DIRECTION('',(0.,0.,-1.));
#15230=DIRECTION('',(0.,1.,0.));
#15231=DIRECTION('center_axis',(0.,0.,-1.));
#15232=DIRECTION('ref_axis',(-1.,0.,0.));
#15233=DIRECTION('',(-1.,0.,0.));
#15234=DIRECTION('',(-1.,0.,0.));
#15235=DIRECTION('center_axis',(0.,1.,0.));
#15236=DIRECTION('ref_axis',(1.,0.,0.));
#15237=DIRECTION('center_axis',(0.,1.,0.));
#15238=DIRECTION('ref_axis',(1.,0.,0.));
#15239=DIRECTION('',(0.,-1.,0.));
#15240=DIRECTION('center_axis',(0.,1.,0.));
#15241=DIRECTION('ref_axis',(1.,0.,0.));
#15242=DIRECTION('center_axis',(0.,1.,0.));
#15243=DIRECTION('ref_axis',(0.,0.,1.));
#15244=DIRECTION('center_axis',(0.,1.,0.));
#15245=DIRECTION('ref_axis',(0.,0.,1.));
#15246=DIRECTION('center_axis',(0.,-1.,0.));
#15247=DIRECTION('ref_axis',(1.,0.,-7.21644966006352E-16));
#15248=DIRECTION('center_axis',(-0.82065180664829,6.12323399573677E-17,
0.571428571428571));
#15249=DIRECTION('ref_axis',(0.571428571428571,0.,0.82065180664829));
#15250=DIRECTION('center_axis',(0.,1.,0.));
#15251=DIRECTION('ref_axis',(1.,0.,-7.21644966006352E-16));
#15252=DIRECTION('center_axis',(0.82065180664829,6.12323399573677E-17,0.571428571428571));
#15253=DIRECTION('ref_axis',(0.571428571428571,0.,-0.82065180664829));
#15254=DIRECTION('center_axis',(0.82065180664829,0.,0.571428571428571));
#15255=DIRECTION('ref_axis',(0.571428571428571,0.,-0.82065180664829));
#15256=DIRECTION('',(-0.82065180664829,0.,-0.571428571428571));
#15257=DIRECTION('center_axis',(0.82065180664829,6.12323399573677E-17,0.571428571428571));
#15258=DIRECTION('ref_axis',(0.571428571428571,0.,-0.82065180664829));
#15259=DIRECTION('center_axis',(0.,-1.,0.));
#15260=DIRECTION('ref_axis',(-1.,0.,-6.12323399573677E-17));
#15261=DIRECTION('center_axis',(0.,1.,0.));
#15262=DIRECTION('ref_axis',(-1.,0.,-6.12323399573677E-17));
#15263=DIRECTION('center_axis',(-0.82065180664829,6.12323399573677E-17,
0.571428571428571));
#15264=DIRECTION('ref_axis',(0.571428571428571,0.,0.82065180664829));
#15265=DIRECTION('center_axis',(-0.82065180664829,0.,0.571428571428571));
#15266=DIRECTION('ref_axis',(0.571428571428571,0.,0.82065180664829));
#15267=DIRECTION('',(0.82065180664829,0.,-0.571428571428571));
#15268=DIRECTION('center_axis',(0.,0.,1.));
#15269=DIRECTION('ref_axis',(-1.,0.,0.));
#15270=DIRECTION('center_axis',(0.,0.,-1.));
#15271=DIRECTION('ref_axis',(-1.,0.,0.));
#15272=DIRECTION('',(0.,0.,-1.));
#15273=DIRECTION('center_axis',(0.,0.,-1.));
#15274=DIRECTION('ref_axis',(-1.,0.,0.));
#15275=DIRECTION('center_axis',(0.,0.,1.));
#15276=DIRECTION('ref_axis',(1.,0.,0.));
#15277=DIRECTION('center_axis',(0.,0.,1.));
#15278=DIRECTION('ref_axis',(1.,0.,0.));
#15279=DIRECTION('',(0.,0.,-1.));
#15280=DIRECTION('center_axis',(0.,0.,1.));
#15281=DIRECTION('ref_axis',(1.,0.,0.));
#15282=DIRECTION('center_axis',(0.,0.,1.));
#15283=DIRECTION('ref_axis',(1.,0.,0.));
#15284=DIRECTION('center_axis',(0.,0.,1.));
#15285=DIRECTION('ref_axis',(1.,0.,0.));
#15286=DIRECTION('center_axis',(0.,0.,1.));
#15287=DIRECTION('ref_axis',(-1.,0.,0.));
#15288=DIRECTION('center_axis',(0.,0.,-1.));
#15289=DIRECTION('ref_axis',(-1.,0.,0.));
#15290=DIRECTION('',(0.,0.,-1.));
#15291=DIRECTION('center_axis',(0.,0.,-1.));
#15292=DIRECTION('ref_axis',(-1.,0.,0.));
#15293=DIRECTION('center_axis',(0.,-1.,0.));
#15294=DIRECTION('ref_axis',(1.,0.,0.));
#15295=DIRECTION('',(1.,0.,0.));
#15296=DIRECTION('',(0.,0.,1.));
#15297=DIRECTION('',(1.,0.,0.));
#15298=DIRECTION('',(0.,0.,1.));
#15299=DIRECTION('center_axis',(0.,0.,1.));
#15300=DIRECTION('ref_axis',(-1.,1.22464679914735E-16,0.));
#15301=DIRECTION('center_axis',(0.,0.,1.));
#15302=DIRECTION('ref_axis',(1.,0.,0.));
#15303=DIRECTION('center_axis',(0.,0.,1.));
#15304=DIRECTION('ref_axis',(1.,0.,0.));
#15305=DIRECTION('',(0.,0.,1.));
#15306=DIRECTION('center_axis',(0.,1.,0.));
#15307=DIRECTION('ref_axis',(-1.,0.,0.));
#15308=DIRECTION('',(-1.,0.,0.));
#15309=DIRECTION('',(-1.,0.,0.));
#15310=DIRECTION('',(0.,0.,1.));
#15311=DIRECTION('center_axis',(0.,0.,1.));
#15312=DIRECTION('ref_axis',(1.,0.,0.));
#15313=DIRECTION('center_axis',(0.,0.,1.));
#15314=DIRECTION('ref_axis',(1.,0.,0.));
#15315=DIRECTION('center_axis',(0.,0.,1.));
#15316=DIRECTION('ref_axis',(1.,0.,0.));
#15317=DIRECTION('center_axis',(0.,0.,1.));
#15318=DIRECTION('ref_axis',(1.,0.,0.));
#15319=DIRECTION('center_axis',(0.,0.,1.));
#15320=DIRECTION('ref_axis',(1.,0.,0.));
#15321=DIRECTION('center_axis',(0.,0.,1.));
#15322=DIRECTION('ref_axis',(-1.,0.,0.));
#15323=DIRECTION('center_axis',(0.,0.,-1.));
#15324=DIRECTION('ref_axis',(-1.,0.,0.));
#15325=DIRECTION('',(0.,0.,-1.));
#15326=DIRECTION('center_axis',(0.,0.,-1.));
#15327=DIRECTION('ref_axis',(-1.,0.,0.));
#15328=DIRECTION('center_axis',(0.,0.,1.));
#15329=DIRECTION('ref_axis',(1.,0.,0.));
#15330=DIRECTION('center_axis',(0.,0.,1.));
#15331=DIRECTION('ref_axis',(1.,0.,0.));
#15332=DIRECTION('',(0.,0.,-1.));
#15333=DIRECTION('center_axis',(0.,0.,1.));
#15334=DIRECTION('ref_axis',(1.,0.,0.));
#15335=DIRECTION('center_axis',(0.,0.,1.));
#15336=DIRECTION('ref_axis',(1.,0.,0.));
#15337=DIRECTION('center_axis',(0.,0.,1.));
#15338=DIRECTION('ref_axis',(1.,0.,0.));
#15339=CARTESIAN_POINT('',(0.,0.,0.));
#15340=CARTESIAN_POINT('Origin',(28.77,0.1,20.));
#15341=CARTESIAN_POINT('',(31.7036235795764,0.1,19.3724231574114));
#15342=CARTESIAN_POINT('',(31.6174154691093,0.,19.4502499238045));
#15343=CARTESIAN_POINT('Ctrl Pts',(31.6174154691093,6.93889390390723E-17,
19.4502499238045));
#15344=CARTESIAN_POINT('Ctrl Pts',(31.6286193292097,7.01799456794278E-17,
19.4401353278806));
#15345=CARTESIAN_POINT('Ctrl Pts',(31.6418587418288,0.00315264000397916,
19.4281830803774));
#15346=CARTESIAN_POINT('Ctrl Pts',(31.6619860486426,0.0134411794871077,
19.4100125950596));
#15347=CARTESIAN_POINT('Ctrl Pts',(31.6726207638609,0.0220013170771047,
19.4004118104876));
#15348=CARTESIAN_POINT('Ctrl Pts',(31.6871766306743,0.0399552053145222,
19.3872710973923));
#15349=CARTESIAN_POINT('Ctrl Pts',(31.6939213125054,0.0521591558293769,
19.381182148517));
#15350=CARTESIAN_POINT('Ctrl Pts',(31.7013649273727,0.0744508000608535,
19.3744622184285));
#15351=CARTESIAN_POINT('Ctrl Pts',(31.7036235795764,0.0882358864988825,
19.3724231574114));
#15352=CARTESIAN_POINT('Ctrl Pts',(31.7036235795764,0.1,19.3724231574114));
#15353=CARTESIAN_POINT('',(26.84991089026,0.,22.1733057333605));
#15354=CARTESIAN_POINT('Origin',(28.77,0.,20.));
#15355=CARTESIAN_POINT('',(26.7390794015745,0.1,22.2080220838775));
#15356=CARTESIAN_POINT('Ctrl Pts',(26.7390794015745,0.1,22.2080220838775));
#15357=CARTESIAN_POINT('Ctrl Pts',(26.7390794015745,0.0882358864988758,
22.2080220838775));
#15358=CARTESIAN_POINT('Ctrl Pts',(26.7419831862045,0.0744508000608383,
22.207112515611));
#15359=CARTESIAN_POINT('Ctrl Pts',(26.751552899686,0.052159155829356,22.2041149421641));
#15360=CARTESIAN_POINT('Ctrl Pts',(26.7602240458694,0.0399552053144991,
22.2013988318433));
#15361=CARTESIAN_POINT('Ctrl Pts',(26.7789374636591,0.0220013170770877,
22.1955371261217));
#15362=CARTESIAN_POINT('Ctrl Pts',(26.792609742439,0.0134411794870948,22.1912544838138));
#15363=CARTESIAN_POINT('Ctrl Pts',(26.8184859548431,0.00315264000397683,
22.1831491369442));
#15364=CARTESIAN_POINT('Ctrl Pts',(26.8355069033587,-1.93120882162291E-16,
22.1778175725863));
#15365=CARTESIAN_POINT('Ctrl Pts',(26.84991089026,6.93889390390723E-17,
22.1733057333605));
#15366=CARTESIAN_POINT('Origin',(28.77,0.1,20.));
#15367=CARTESIAN_POINT('Origin',(28.77,0.,20.));
#15368=CARTESIAN_POINT('',(-3.32397990496247,0.,31.6248378000455));
#15369=CARTESIAN_POINT('',(12.947195776899,0.,26.5281288683578));
#15370=CARTESIAN_POINT('',(35.7132989691291,0.,15.7525773196555));
#15371=CARTESIAN_POINT('',(29.7751546392069,0.,21.1134020618949));
#15372=CARTESIAN_POINT('',(37.0535051546392,0.,17.2371134020619));
#15373=CARTESIAN_POINT('',(35.2107216495064,0.,15.1958762886908));
#15374=CARTESIAN_POINT('',(31.1153608247423,0.,22.5979381443299));
#15375=CARTESIAN_POINT('',(31.1153608247423,0.,22.5979381443299));
#15376=CARTESIAN_POINT('',(29.8162000704118,0.,23.3399798521354));
#15377=CARTESIAN_POINT('Origin',(28.77,0.,20.));
#15378=CARTESIAN_POINT('',(-2.72615129306648,0.,33.5333977154396));
#15379=CARTESIAN_POINT('',(-2.72615129306648,0.,33.5333977154396));
#15380=CARTESIAN_POINT('',(-18.1434001104366,0.,34.7947998895634));
#15381=CARTESIAN_POINT('Origin',(-13.23,0.,4.44089209850063E-15));
#15382=CARTESIAN_POINT('',(-41.7193824811191,0.,31.4656175188808));
#15383=CARTESIAN_POINT('',(-41.7193824811191,0.,31.4656175188808));
#15384=CARTESIAN_POINT('',(-44.6956175188808,0.,28.4893824811192));
#15385=CARTESIAN_POINT('Origin',(-41.23,0.,28.));
#15386=CARTESIAN_POINT('',(-48.0247998895634,0.,4.91340011043664));
#15387=CARTESIAN_POINT('',(-48.0247998895634,0.,4.91340011043664));
#15388=CARTESIAN_POINT('',(-48.0247998895634,0.,-4.91340011043661));
#15389=CARTESIAN_POINT('Origin',(-13.23,0.,4.44089209850063E-15));
#15390=CARTESIAN_POINT('',(-44.6956175188808,0.,-28.4893824811191));
#15391=CARTESIAN_POINT('',(-44.6956175188808,0.,-28.4893824811191));
#15392=CARTESIAN_POINT('',(-41.7193824811192,0.,-31.4656175188807));
#15393=CARTESIAN_POINT('Origin',(-41.23,0.,-28.));
#15394=CARTESIAN_POINT('',(-18.1434001104367,0.,-34.7947998895634));
#15395=CARTESIAN_POINT('',(-18.1434001104367,0.,-34.7947998895634));
#15396=CARTESIAN_POINT('',(-2.72615129306646,0.,-33.5333977154396));
#15397=CARTESIAN_POINT('Origin',(-13.23,0.,4.44089209850063E-15));
#15398=CARTESIAN_POINT('',(29.8162000704117,0.,-23.3399798521354));
#15399=CARTESIAN_POINT('',(29.8162000704117,0.,-23.3399798521354));
#15400=CARTESIAN_POINT('',(31.1153608247423,0.,-22.5979381443299));
#15401=CARTESIAN_POINT('Origin',(28.77,0.,-20.));
#15402=CARTESIAN_POINT('',(37.0535051546392,0.,-17.2371134020619));
#15403=CARTESIAN_POINT('',(42.9916494845361,0.,-11.8762886597938));
#15404=CARTESIAN_POINT('',(35.7132989690197,0.,-15.7525773195501));
#15405=CARTESIAN_POINT('',(25.9329025400797,0.,-4.91890742918207));
#15406=CARTESIAN_POINT('',(31.617415469084,0.,-19.4502499236734));
#15407=CARTESIAN_POINT('',(45.6612211711768,0.,-6.77181422034495));
#15408=CARTESIAN_POINT('',(26.8499108901913,0.,-22.1733057332998));
#15409=CARTESIAN_POINT('Origin',(28.77,0.,-20.));
#15410=CARTESIAN_POINT('',(-3.32397990467143,0.,-31.6248377998636));
#15411=CARTESIAN_POINT('',(34.9233300816056,0.,-19.6444246919641));
#15412=CARTESIAN_POINT('',(-17.8637529781554,0.,-32.8144470216466));
#15413=CARTESIAN_POINT('Origin',(-13.23,0.,4.44089209850063E-15));
#15414=CARTESIAN_POINT('',(-38.9821820695563,0.,-29.8322976154478));
#15415=CARTESIAN_POINT('',(1.34118379977092,0.,-35.5263907254375));
#15416=CARTESIAN_POINT('',(-43.062297615448,0.,-25.7521820695565));
#15417=CARTESIAN_POINT('Origin',(-41.23,0.,-28.));
#15418=CARTESIAN_POINT('',(-46.0444470216135,0.,-4.63375297855237));
#15419=CARTESIAN_POINT('',(-45.3537926143033,0.,-9.52470045992768));
#15420=CARTESIAN_POINT('',(-46.0444470216498,0.,4.63375297855237));
#15421=CARTESIAN_POINT('Origin',(-13.23,0.,4.44089209850063E-15));
#15422=CARTESIAN_POINT('',(-43.0622976154806,0.,25.7521820695831));
#15423=CARTESIAN_POINT('',(-44.2493837996668,0.,17.3456966822931));
#15424=CARTESIAN_POINT('',(-38.9821820695647,0.,29.8322976154582));
#15425=CARTESIAN_POINT('Origin',(-41.23,0.,28.));
#15426=CARTESIAN_POINT('',(-17.863752978883,0.,32.8144470215739));
#15427=CARTESIAN_POINT('',(-7.67780738602838,0.,34.2528121324457));
#15428=CARTESIAN_POINT('Origin',(-13.23,0.,4.44089209850063E-15));
#15429=CARTESIAN_POINT('',(-38.8484301395928,0.,26.625));
#15430=CARTESIAN_POINT('',(-38.8484301395928,0.,29.375));
#15431=CARTESIAN_POINT('',(-38.8484301395928,0.,26.625));
#15432=CARTESIAN_POINT('',(-41.23,0.,25.25));
#15433=CARTESIAN_POINT('',(-41.23,0.,25.25));
#15434=CARTESIAN_POINT('',(-43.6115698604072,0.,26.625));
#15435=CARTESIAN_POINT('',(-15.0341265877365,0.,10.1258054337723));
#15436=CARTESIAN_POINT('',(-43.6115698604072,0.,29.375));
#15437=CARTESIAN_POINT('',(-43.6115698604072,0.,24.6874999999999));
#15438=CARTESIAN_POINT('',(-41.23,0.,30.75));
#15439=CARTESIAN_POINT('',(-17.3074432726707,0.,44.5616945662277));
#15440=CARTESIAN_POINT('',(-38.8484301395928,0.,29.375));
#15441=CARTESIAN_POINT('',(28.77,0.,-17.25));
#15442=CARTESIAN_POINT('',(26.3884301395928,0.,-18.625));
#15443=CARTESIAN_POINT('',(28.77,0.,-17.25));
#15444=CARTESIAN_POINT('',(31.1515698604072,0.,-18.625));
#15445=CARTESIAN_POINT('',(31.1515698604072,0.,-18.625));
#15446=CARTESIAN_POINT('',(31.1515698604072,0.,-21.375));
#15447=CARTESIAN_POINT('',(31.1515698604072,0.,-0.687499999999999));
#15448=CARTESIAN_POINT('',(28.77,0.,-22.75));
#15449=CARTESIAN_POINT('',(38.0256465029462,0.,-17.40625));
#15450=CARTESIAN_POINT('',(26.3884301395928,0.,-21.375));
#15451=CARTESIAN_POINT('',(26.3884301395928,0.,-21.375));
#15452=CARTESIAN_POINT('',(26.3884301395928,0.,-18.625));
#15453=CARTESIAN_POINT('',(-38.8484301395928,0.,-29.375));
#15454=CARTESIAN_POINT('',(-41.23,0.,-30.75));
#15455=CARTESIAN_POINT('',(-3.99230268948492,0.,-9.25080543377234));
#15456=CARTESIAN_POINT('',(-43.6115698604072,0.,-29.375));
#15457=CARTESIAN_POINT('',(-27.1584822407186,0.,-38.8741945662277));
#15458=CARTESIAN_POINT('',(-43.6115698604072,0.,-26.625));
#15459=CARTESIAN_POINT('',(-43.6115698604072,0.,-3.3125));
#15460=CARTESIAN_POINT('',(-41.23,0.,-25.25));
#15461=CARTESIAN_POINT('',(-41.23,0.,-25.25));
#15462=CARTESIAN_POINT('',(-38.8484301395928,0.,-26.625));
#15463=CARTESIAN_POINT('',(-38.8484301395928,0.,-26.625));
#15464=CARTESIAN_POINT('',(-38.8484301395928,0.,-29.375));
#15465=CARTESIAN_POINT('',(26.3884301395928,0.,18.625));
#15466=CARTESIAN_POINT('',(28.77,0.,17.25));
#15467=CARTESIAN_POINT('',(26.3884301395928,0.,18.625));
#15468=CARTESIAN_POINT('',(26.3884301395928,0.,21.375));
#15469=CARTESIAN_POINT('',(26.3884301395928,0.,21.375));
#15470=CARTESIAN_POINT('',(28.77,0.,22.75));
#15471=CARTESIAN_POINT('',(28.1746075348982,0.,22.40625));
#15472=CARTESIAN_POINT('',(31.1515698604072,0.,21.375));
#15473=CARTESIAN_POINT('',(30.5561773953054,0.,21.71875));
#15474=CARTESIAN_POINT('',(31.1515698604072,0.,18.625));
#15475=CARTESIAN_POINT('',(31.1515698604072,0.,18.625));
#15476=CARTESIAN_POINT('',(28.77,0.,17.25));
#15477=CARTESIAN_POINT('Origin',(28.77,2.4,20.));
#15478=CARTESIAN_POINT('',(26.6294748308773,2.5,22.2423541201943));
#15479=CARTESIAN_POINT('',(26.7390794015745,2.4,22.2080220838775));
#15480=CARTESIAN_POINT('Ctrl Pts',(26.6294748308773,2.5,22.2423541201943));
#15481=CARTESIAN_POINT('Ctrl Pts',(26.6553120706195,2.5,22.2342609809437));
#15482=CARTESIAN_POINT('Ctrl Pts',(26.6852103962707,2.48983990597111,22.2248957656471));
#15483=CARTESIAN_POINT('Ctrl Pts',(26.7056534447354,2.47178986610101,22.2184922782939));
#15484=CARTESIAN_POINT('Ctrl Pts',(26.7225826277319,2.45684236800236,22.2131894581492));
#15485=CARTESIAN_POINT('Ctrl Pts',(26.7354312142274,2.43507828492823,22.2091648254593));
#15486=CARTESIAN_POINT('Ctrl Pts',(26.7383909539721,2.41116107340029,22.2082377300676));
#15487=CARTESIAN_POINT('Ctrl Pts',(26.7388631896707,2.40734500777633,22.2080898091091));
#15488=CARTESIAN_POINT('Ctrl Pts',(26.7390794015745,2.4035773871585,22.2080220838775));
#15489=CARTESIAN_POINT('Ctrl Pts',(26.7390794015745,2.4,22.2080220838775));
#15490=CARTESIAN_POINT('',(31.788877355831,2.5,19.2954579427378));
#15491=CARTESIAN_POINT('Origin',(28.77,2.5,20.));
#15492=CARTESIAN_POINT('',(31.7036235795764,2.4,19.3724231574114));
#15493=CARTESIAN_POINT('Ctrl Pts',(31.7036235795764,2.4,19.3724231574114));
#15494=CARTESIAN_POINT('Ctrl Pts',(31.7036235795764,2.42336899176088,19.3724231574114));
#15495=CARTESIAN_POINT('Ctrl Pts',(31.7124518535381,2.44958446405761,19.3644531878627));
#15496=CARTESIAN_POINT('Ctrl Pts',(31.7252158469204,2.46640060726217,19.3529301382815));
#15497=CARTESIAN_POINT('Ctrl Pts',(31.7387849054928,2.48427739748524,19.3406802937371));
#15498=CARTESIAN_POINT('Ctrl Pts',(31.7577515375574,2.4959700113788,19.3235576397901));
#15499=CARTESIAN_POINT('Ctrl Pts',(31.7775638950949,2.49910759478498,19.30567148368));
#15500=CARTESIAN_POINT('Ctrl Pts',(31.7814412461629,2.49972163137037,19.3021710972992));
#15501=CARTESIAN_POINT('Ctrl Pts',(31.7852685555084,2.5,19.2987158874734));
#15502=CARTESIAN_POINT('Ctrl Pts',(31.788877355831,2.5,19.2954579427378));
#15503=CARTESIAN_POINT('Origin',(28.77,2.4,20.));
#15504=CARTESIAN_POINT('Origin',(-3.32397990496247,0.,31.6248378000455));
#15505=CARTESIAN_POINT('',(26.7390794015745,2.5,22.2080220838775));
#15506=CARTESIAN_POINT('',(-3.32397990496247,4.5,31.6248378000455));
#15507=CARTESIAN_POINT('',(-3.32397990496247,0.,31.6248378000455));
#15508=CARTESIAN_POINT('',(25.5770712154679,4.5,22.5720042334542));
#15509=CARTESIAN_POINT('',(29.2183714584098,4.5,21.43141993678));
#15510=CARTESIAN_POINT('',(25.6798066693,4.4,22.5398238480054));
#15511=CARTESIAN_POINT('Ctrl Pts',(25.5770712154679,4.5,22.5720042334542));
#15512=CARTESIAN_POINT('Ctrl Pts',(25.5992082372497,4.5,22.5650701336177));
#15513=CARTESIAN_POINT('Ctrl Pts',(25.6241052291913,4.4919949299406,22.5572715133039));
#15514=CARTESIAN_POINT('Ctrl Pts',(25.6428492944977,4.47677743539706,22.5514002076938));
#15515=CARTESIAN_POINT('Ctrl Pts',(25.6628952382092,4.46050300217983,22.5451211076241));
#15516=CARTESIAN_POINT('Ctrl Pts',(25.6765036769365,4.43655691708507,22.5408584622834));
#15517=CARTESIAN_POINT('Ctrl Pts',(25.6792758059825,4.41014275136103,22.5399901332122));
#15518=CARTESIAN_POINT('Ctrl Pts',(25.6796399226149,4.40667327468432,22.5398760789773));
#15519=CARTESIAN_POINT('Ctrl Pts',(25.6798066693,4.40325861596975,22.5398238480054));
#15520=CARTESIAN_POINT('Ctrl Pts',(25.6798066693,4.4,22.5398238480054));
#15521=CARTESIAN_POINT('',(25.6798066693,2.6,22.5398238480054));
#15522=CARTESIAN_POINT('',(25.6798066693,4.5,22.5398238480054));
#15523=CARTESIAN_POINT('',(25.7829636108665,2.5,22.5075114376592));
#15524=CARTESIAN_POINT('Ctrl Pts',(25.6798066693,2.6,22.5398238480054));
#15525=CARTESIAN_POINT('Ctrl Pts',(25.6798066693,2.57556348898142,22.5398238480054));
#15526=CARTESIAN_POINT('Ctrl Pts',(25.6917522874824,2.54762272958551,22.5360820569957));
#15527=CARTESIAN_POINT('Ctrl Pts',(25.7086199952903,2.53062931763415,22.5307984930589));
#15528=CARTESIAN_POINT('Ctrl Pts',(25.7272263087104,2.51188434336474,22.524970336222));
#15529=CARTESIAN_POINT('Ctrl Pts',(25.7561612073032,2.50019192865051,22.5159069004274));
#15530=CARTESIAN_POINT('Ctrl Pts',(25.7828933432359,2.50001207516436,22.5075334479717));
#15531=CARTESIAN_POINT('',(12.9961289131332,2.5,26.5128012757255));
#15532=CARTESIAN_POINT('Origin',(28.77,2.5,20.));
#15533=CARTESIAN_POINT('',(31.7036235795764,2.5,19.3724231574114));
#15534=CARTESIAN_POINT('Origin',(28.77,2.6,20.));
#15535=CARTESIAN_POINT('',(32.5275582014215,2.6,18.628593290475));
#15536=CARTESIAN_POINT('Origin',(28.77,2.6,20.));
#15537=CARTESIAN_POINT('',(32.4473195876532,2.5,18.701030927904));
#15538=CARTESIAN_POINT('Ctrl Pts',(32.4472208951288,2.49998511401699,18.7011200253219));
#15539=CARTESIAN_POINT('Ctrl Pts',(32.454384297295,2.49998342863674,18.694653065033));
#15540=CARTESIAN_POINT('Ctrl Pts',(32.4615901496943,2.50116769434523,18.6881477816171));
#15541=CARTESIAN_POINT('Ctrl Pts',(32.4686434814579,2.50358443278203,18.6817801904416));
#15542=CARTESIAN_POINT('Ctrl Pts',(32.4895507783344,2.5107480640508,18.6629055474283));
#15543=CARTESIAN_POINT('Ctrl Pts',(32.5076327500854,2.52819310198719,18.6465815451532));
#15544=CARTESIAN_POINT('Ctrl Pts',(32.5182393528021,2.55318403524484,18.637006139923));
#15545=CARTESIAN_POINT('Ctrl Pts',(32.5243525496525,2.56758775136017,18.6314872816553));
#15546=CARTESIAN_POINT('Ctrl Pts',(32.5275582014215,2.58452227016431,18.628593290475));
#15547=CARTESIAN_POINT('Ctrl Pts',(32.5275582014215,2.6,18.628593290475));
#15548=CARTESIAN_POINT('Origin',(28.77,2.5,20.));
#15549=CARTESIAN_POINT('Origin',(28.77,4.5,20.));
#15550=CARTESIAN_POINT('',(32.5275582014215,4.4,18.628593290475));
#15551=CARTESIAN_POINT('Origin',(28.77,4.4,20.));
#15552=CARTESIAN_POINT('',(32.5275582014215,4.5,18.628593290475));
#15553=CARTESIAN_POINT('Origin',(28.77,4.4,20.));
#15554=CARTESIAN_POINT('',(32.6074689691814,4.5,18.5564516251369));
#15555=CARTESIAN_POINT('Origin',(28.77,4.5,20.));
#15556=CARTESIAN_POINT('Ctrl Pts',(32.5275582014215,4.4,18.628593290475));
#15557=CARTESIAN_POINT('Ctrl Pts',(32.5275582014215,4.4237047816732,18.628593290475));
#15558=CARTESIAN_POINT('Ctrl Pts',(32.5360834147054,4.45062924417886,18.6208969173716));
#15559=CARTESIAN_POINT('Ctrl Pts',(32.54878003406,4.46782664971865,18.6094346915654));
#15560=CARTESIAN_POINT('Ctrl Pts',(32.5612887181492,4.48476949938921,18.5981421295406));
#15561=CARTESIAN_POINT('Ctrl Pts',(32.579127463015,4.49637632440393,18.5820377070925));
#15562=CARTESIAN_POINT('Ctrl Pts',(32.5977028702577,4.49924782355652,18.5652682422207));
#15563=CARTESIAN_POINT('Ctrl Pts',(32.6010485638924,4.49976502117763,18.562247824356));
#15564=CARTESIAN_POINT('Ctrl Pts',(32.6043467163158,4.5,18.5592703256405));
#15565=CARTESIAN_POINT('Ctrl Pts',(32.6074689691814,4.5,18.5564516251369));
#15566=CARTESIAN_POINT('Origin',(28.77,0.1,-20.));
#15567=CARTESIAN_POINT('',(26.7390794015078,0.1,-22.2080220838162));
#15568=CARTESIAN_POINT('Ctrl Pts',(26.8499108901913,6.93889390390723E-17,
-22.1733057332998));
#15569=CARTESIAN_POINT('Ctrl Pts',(26.8355069032904,1.41889910165526E-16,
-22.1778175725255));
#15570=CARTESIAN_POINT('Ctrl Pts',(26.8184859547752,0.0031526400039451,
-22.1831491368832));
#15571=CARTESIAN_POINT('Ctrl Pts',(26.7926097423716,0.013441179486957,-22.1912544837527));
#15572=CARTESIAN_POINT('Ctrl Pts',(26.778937463592,0.0220013170769102,-22.1955371260605));
#15573=CARTESIAN_POINT('Ctrl Pts',(26.7602240458025,0.0399552053142625,
-22.201398831782));
#15574=CARTESIAN_POINT('Ctrl Pts',(26.7515528996192,0.0521591558291352,
-22.2041149421027));
#15575=CARTESIAN_POINT('Ctrl Pts',(26.7419831861378,0.0744508000606789,
-22.2071125155497));
#15576=CARTESIAN_POINT('Ctrl Pts',(26.7390794015078,0.0882358864988062,
-22.2080220838162));
#15577=CARTESIAN_POINT('Ctrl Pts',(26.7390794015078,0.1,-22.2080220838162));
#15578=CARTESIAN_POINT('',(31.7036235795486,0.1,-19.3724231572814));
#15579=CARTESIAN_POINT('Ctrl Pts',(31.7036235795486,0.1,-19.3724231572814));
#15580=CARTESIAN_POINT('Ctrl Pts',(31.7036235795486,0.0882358864987957,
-19.3724231572814));
#15581=CARTESIAN_POINT('Ctrl Pts',(31.701364927345,0.0744508000606555,-19.3744622182986));
#15582=CARTESIAN_POINT('Ctrl Pts',(31.6939213124777,0.0521591558291023,
-19.3811821483871));
#15583=CARTESIAN_POINT('Ctrl Pts',(31.6871766306467,0.0399552053142263,
-19.3872710972623));
#15584=CARTESIAN_POINT('Ctrl Pts',(31.6726207638337,0.0220013170768839,
-19.4004118103575));
#15585=CARTESIAN_POINT('Ctrl Pts',(31.6619860486157,0.0134411794869361,
-19.4100125949293));
#15586=CARTESIAN_POINT('Ctrl Pts',(31.6418587418025,0.00315264000393951,
-19.4281830802469));
#15587=CARTESIAN_POINT('Ctrl Pts',(31.628619329184,-8.30725386359189E-17,
-19.4401353277497));
#15588=CARTESIAN_POINT('Ctrl Pts',(31.617415469084,6.93889390390723E-17,
-19.4502499236734));
#15589=CARTESIAN_POINT('Origin',(28.77,0.1,-20.));
#15590=CARTESIAN_POINT('Origin',(28.77,2.4,-20.));
#15591=CARTESIAN_POINT('',(31.7888773558009,2.5,-19.2954579426089));
#15592=CARTESIAN_POINT('',(31.7036235795486,2.4,-19.3724231572814));
#15593=CARTESIAN_POINT('Ctrl Pts',(31.7888773558009,2.5,-19.2954579426089));
#15594=CARTESIAN_POINT('Ctrl Pts',(31.7687803631116,2.5,-19.313601061009));
#15595=CARTESIAN_POINT('Ctrl Pts',(31.7455245340047,2.48983990597034,-19.3345959067306));
#15596=CARTESIAN_POINT('Ctrl Pts',(31.7296233077273,2.47178986609983,-19.3489511804534));
#15597=CARTESIAN_POINT('Ctrl Pts',(31.7164552731273,2.45684236800136,-19.3608389894673));
#15598=CARTESIAN_POINT('Ctrl Pts',(31.7064612508777,2.43507828492735,-19.3698613706649));
#15599=CARTESIAN_POINT('Ctrl Pts',(31.7041590750802,2.41116107340012,-19.3719397238154));
#15600=CARTESIAN_POINT('Ctrl Pts',(31.7037917557583,2.40734500777622,-19.3722713315366));
#15601=CARTESIAN_POINT('Ctrl Pts',(31.7036235795486,2.40357738715845,-19.3724231572814));
#15602=CARTESIAN_POINT('Ctrl Pts',(31.7036235795486,2.4,-19.3724231572814));
#15603=CARTESIAN_POINT('',(26.6294748308125,2.5,-22.2423541201324));
#15604=CARTESIAN_POINT('Origin',(28.77,2.5,-20.));
#15605=CARTESIAN_POINT('',(26.7390794015078,2.4,-22.2080220838162));
#15606=CARTESIAN_POINT('Ctrl Pts',(26.7390794015078,2.4,-22.2080220838162));
#15607=CARTESIAN_POINT('Ctrl Pts',(26.7390794015078,2.42336899176098,-22.2080220838162));
#15608=CARTESIAN_POINT('Ctrl Pts',(26.7277295326801,2.4495844640579,-22.2115772650126));
#15609=CARTESIAN_POINT('Ctrl Pts',(26.71131979605,2.46640060726257,-22.2167173761444));
#15610=CARTESIAN_POINT('Ctrl Pts',(26.6938750457422,2.48427739748537,-22.2221816902445));
#15611=CARTESIAN_POINT('Ctrl Pts',(26.6694910283261,2.49597001137892,-22.2298196287552));
#15612=CARTESIAN_POINT('Ctrl Pts',(26.6440197232677,2.49910759478502,-22.2377981442929));
#15613=CARTESIAN_POINT('Ctrl Pts',(26.6390348954055,2.49972163137038,-22.2393595690593));
#15614=CARTESIAN_POINT('Ctrl Pts',(26.6341144025411,2.5,-22.2409008418241));
#15615=CARTESIAN_POINT('Ctrl Pts',(26.6294748308125,2.5,-22.2423541201324));
#15616=CARTESIAN_POINT('Origin',(28.77,2.4,-20.));
#15617=CARTESIAN_POINT('Origin',(29.2183714588464,0.,-21.4314199365617));
#15618=CARTESIAN_POINT('',(25.7829636108116,2.5,-22.5075114375939));
#15619=CARTESIAN_POINT('',(29.2673045950201,2.5,-21.4160923439484));
#15620=CARTESIAN_POINT('',(25.6798066692461,2.6,-22.5398238479398));
#15621=CARTESIAN_POINT('Ctrl Pts',(25.7830904926022,2.49998511401701,-22.50747169372));
#15622=CARTESIAN_POINT('Ctrl Pts',(25.7738810281824,2.49998342863673,-22.5103564243923));
#15623=CARTESIAN_POINT('Ctrl Pts',(25.7646169885897,2.50116769434496,-22.5132582499431));
#15624=CARTESIAN_POINT('Ctrl Pts',(25.7555490336694,2.50358443278127,-22.5160986548246));
#15625=CARTESIAN_POINT('Ctrl Pts',(25.7286700448501,2.51074806404983,-22.5245181068094));
#15626=CARTESIAN_POINT('Ctrl Pts',(25.7054233707633,2.52819310198771,-22.5317997890779));
#15627=CARTESIAN_POINT('Ctrl Pts',(25.6917872341792,2.55318403524696,-22.5360711103691));
#15628=CARTESIAN_POINT('Ctrl Pts',(25.6839279422423,2.56758775136167,-22.5385329191649));
#15629=CARTESIAN_POINT('Ctrl Pts',(25.6798066692461,2.58452227016508,-22.5398238479398));
#15630=CARTESIAN_POINT('Ctrl Pts',(25.6798066692461,2.6,-22.5398238479398));
#15631=CARTESIAN_POINT('',(25.6798066692461,4.4,-22.5398238479398));
#15632=CARTESIAN_POINT('',(25.6798066692461,4.5,-22.5398238479398));
#15633=CARTESIAN_POINT('',(25.5770712154148,4.5,-22.5720042333883));
#15634=CARTESIAN_POINT('Ctrl Pts',(25.6798066692461,4.4,-22.5398238479398));
#15635=CARTESIAN_POINT('Ctrl Pts',(25.6798066692461,4.42370478167323,-22.5398238479398));
#15636=CARTESIAN_POINT('Ctrl Pts',(25.6688464234584,4.45062924417896,-22.5432569853904));
#15637=CARTESIAN_POINT('Ctrl Pts',(25.6525233047086,4.46782664971882,-22.5483699647321));
#15638=CARTESIAN_POINT('Ctrl Pts',(25.6364418006415,4.48476949938929,-22.5534072617914));
#15639=CARTESIAN_POINT('Ctrl Pts',(25.6135078256474,4.496376324404,-22.5605909956209));
#15640=CARTESIAN_POINT('Ctrl Pts',(25.5896267774899,4.49924782355654,-22.5680713863328));
#15641=CARTESIAN_POINT('Ctrl Pts',(25.5853254628663,4.49976502117764,-22.5694187105267));
#15642=CARTESIAN_POINT('Ctrl Pts',(25.5810852685157,4.5,-22.5707468896848));
#15643=CARTESIAN_POINT('Ctrl Pts',(25.5770712154148,4.5,-22.5720042333883));
#15644=CARTESIAN_POINT('',(-3.32397990467143,4.5,-31.6248377998636));
#15645=CARTESIAN_POINT('',(-3.32397990467143,4.5,-31.6248377998636));
#15646=CARTESIAN_POINT('',(-3.32397990467143,0.,-31.6248377998636));
#15647=CARTESIAN_POINT('',(26.7390794015078,2.5,-22.2080220838162));
#15648=CARTESIAN_POINT('Origin',(28.6487791006881,2.5,-19.2699119239699));
#15649=CARTESIAN_POINT('',(32.4473195876093,2.5,-18.7010309277796));
#15650=CARTESIAN_POINT('',(35.8614764083814,2.5,-15.6188060201258));
#15651=CARTESIAN_POINT('Origin',(28.77,2.5,-20.));
#15652=CARTESIAN_POINT('Origin',(28.77,2.6,-20.));
#15653=CARTESIAN_POINT('',(32.5275582013762,2.6,-18.6285932903508));
#15654=CARTESIAN_POINT('Ctrl Pts',(32.5275582013762,2.6,-18.6285932903508));
#15655=CARTESIAN_POINT('Ctrl Pts',(32.5275582013762,2.57556348898127,-18.6285932903508));
#15656=CARTESIAN_POINT('Ctrl Pts',(32.5182665354058,2.54762272958512,-18.6369815999074));
#15657=CARTESIAN_POINT('Ctrl Pts',(32.5051463180806,2.53062931763373,-18.6488262405483));
#15658=CARTESIAN_POINT('Ctrl Pts',(32.4906737603113,2.5118843433647,-18.6618917440901));
#15659=CARTESIAN_POINT('Ctrl Pts',(32.46816731414,2.50019192865052,-18.6822100635503));
#15660=CARTESIAN_POINT('Ctrl Pts',(32.4473742439144,2.50001207516436,-18.7009815852819));
#15661=CARTESIAN_POINT('Origin',(28.77,2.6,-20.));
#15662=CARTESIAN_POINT('Origin',(28.77,4.5,-20.));
#15663=CARTESIAN_POINT('',(32.5275582013762,4.4,-18.6285932903508));
#15664=CARTESIAN_POINT('',(32.5275582013762,4.5,-18.6285932903508));
#15665=CARTESIAN_POINT('Origin',(28.77,4.4,-20.));
#15666=CARTESIAN_POINT('Origin',(28.77,4.4,-20.));
#15667=CARTESIAN_POINT('',(32.6074689691348,4.5,-18.5564516250129));
#15668=CARTESIAN_POINT('Ctrl Pts',(32.6074689691348,4.5,-18.5564516250129));
#15669=CARTESIAN_POINT('Ctrl Pts',(32.5902501187719,4.5,-18.5719964204795));
#15670=CARTESIAN_POINT('Ctrl Pts',(32.5708844794841,4.49199492994023,-18.589479289281));
#15671=CARTESIAN_POINT('Ctrl Pts',(32.5563047740983,4.47677743539636,-18.6026415233099));
#15672=CARTESIAN_POINT('Ctrl Pts',(32.5407124280032,4.46050300217915,-18.6167179468681));
#15673=CARTESIAN_POINT('Ctrl Pts',(32.5301273695242,4.43655691708459,-18.6262739024394));
#15674=CARTESIAN_POINT('Ctrl Pts',(32.5279711230473,4.41014275136097,-18.6282205138422));
#15675=CARTESIAN_POINT('Ctrl Pts',(32.5276879020309,4.40667327468429,-18.6284761994819));
#15676=CARTESIAN_POINT('Ctrl Pts',(32.5275582013762,4.40325861596974,-18.6285932903508));
#15677=CARTESIAN_POINT('Ctrl Pts',(32.5275582013762,4.4,-18.6285932903508));
#15678=CARTESIAN_POINT('Origin',(28.77,4.5,-20.));
#15679=CARTESIAN_POINT('Origin',(41.6514432989061,0.,-10.3917525772704));
#15680=CARTESIAN_POINT('',(31.7036235795486,2.5,-19.3724231572814));
#15681=CARTESIAN_POINT('',(35.7132989690197,2.,-15.7525773195501));
#15682=CARTESIAN_POINT('',(35.7132989690197,0.,-15.7525773195501));
#15683=CARTESIAN_POINT('',(41.6514432989061,2.,-10.3917525772704));
#15684=CARTESIAN_POINT('',(45.1474950063574,2.,-7.23559478580875));
#15685=CARTESIAN_POINT('',(41.6514432989061,4.5,-10.3917525772704));
#15686=CARTESIAN_POINT('',(41.6514432989061,0.,-10.3917525772704));
#15687=CARTESIAN_POINT('',(29.7751546390646,4.5,-21.113402061892));
#15688=CARTESIAN_POINT('Origin',(-41.23,2.6,-28.));
#15689=CARTESIAN_POINT('',(-37.8751001867724,2.5,-29.9886294886695));
#15690=CARTESIAN_POINT('',(-37.7680628632818,2.6,-30.0037443103878));
#15691=CARTESIAN_POINT('Ctrl Pts',(-37.7680628632818,2.6,-30.0037443103878));
#15692=CARTESIAN_POINT('Ctrl Pts',(-37.7680628632818,2.57556348898136,-30.0037443103878));
#15693=CARTESIAN_POINT('Ctrl Pts',(-37.7804578313594,2.54762272958534,-30.0019940075347));
#15694=CARTESIAN_POINT('Ctrl Pts',(-37.7979600398368,2.53062931763396,-29.999522507387));
#15695=CARTESIAN_POINT('Ctrl Pts',(-37.8172662538275,2.51188434336473,-29.9967962622511));
#15696=CARTESIAN_POINT('Ctrl Pts',(-37.8472895760955,2.50019192865052,-29.9925566461184));
#15697=CARTESIAN_POINT('Ctrl Pts',(-37.875027275934,2.50001207516436,-29.9886397844643));
#15698=CARTESIAN_POINT('',(-43.2337443103892,2.6,-24.5380628632827));
#15699=CARTESIAN_POINT('Origin',(-41.23,2.6,-28.));
#15700=CARTESIAN_POINT('',(-43.2186294886708,2.5,-24.6451001867732));
#15701=CARTESIAN_POINT('Ctrl Pts',(-43.2186108976229,2.499985114017,-24.6452318413866));
#15702=CARTESIAN_POINT('Ctrl Pts',(-43.2199602921544,2.49998342863674,-24.6356759510376));
#15703=CARTESIAN_POINT('Ctrl Pts',(-43.2213176831813,2.5011676943451,-24.6260634326001));
#15704=CARTESIAN_POINT('Ctrl Pts',(-43.2226463433751,2.50358443278166,-24.6166543748138));
#15705=CARTESIAN_POINT('Ctrl Pts',(-43.2265847222936,2.51074806405031,-24.5887642980283));
#15706=CARTESIAN_POINT('Ctrl Pts',(-43.2299908850687,2.52819310198734,-24.5646431701967));
#15707=CARTESIAN_POINT('Ctrl Pts',(-43.2319888870477,2.55318403524567,-24.550494092679));
#15708=CARTESIAN_POINT('Ctrl Pts',(-43.2331404508171,2.56758775136077,-24.5423391632992));
#15709=CARTESIAN_POINT('Ctrl Pts',(-43.2337443103893,2.58452227016461,-24.5380628632827));
#15710=CARTESIAN_POINT('Ctrl Pts',(-43.2337443103893,2.6,-24.5380628632827));
#15711=CARTESIAN_POINT('Origin',(-41.23,2.5,-28.));
#15712=CARTESIAN_POINT('Origin',(-41.23,4.5,-28.));
#15713=CARTESIAN_POINT('',(-37.7680628632818,4.4,-30.0037443103878));
#15714=CARTESIAN_POINT('',(-37.7680628632818,4.5,-30.0037443103878));
#15715=CARTESIAN_POINT('',(-43.2337443103892,4.4,-24.5380628632827));
#15716=CARTESIAN_POINT('Origin',(-41.23,4.4,-28.));
#15717=CARTESIAN_POINT('',(-43.2337443103892,4.5,-24.5380628632827));
#15718=CARTESIAN_POINT('Origin',(-41.23,2.4,28.));
#15719=CARTESIAN_POINT('',(-43.0945964766848,2.5,25.5234540224065));
#15720=CARTESIAN_POINT('',(-43.0785369316802,2.4,25.6371815109463));
#15721=CARTESIAN_POINT('Ctrl Pts',(-43.0945964766848,2.5,25.5234540224065));
#15722=CARTESIAN_POINT('Ctrl Pts',(-43.0908107375337,2.5,25.5502631633756));
#15723=CARTESIAN_POINT('Ctrl Pts',(-43.086429957578,2.48983990597107,25.5812861532585));
#15724=CARTESIAN_POINT('Ctrl Pts',(-43.0834345892758,2.47178986610098,25.6024981934608));
#15725=CARTESIAN_POINT('Ctrl Pts',(-43.0809540816245,2.45684236800232,25.6200641895956));
#15726=CARTESIAN_POINT('Ctrl Pts',(-43.0790714735202,2.43507828492819,25.6333960923084));
#15727=CARTESIAN_POINT('Ctrl Pts',(-43.0786378048024,2.41116107340028,25.6364671664959));
#15728=CARTESIAN_POINT('Ctrl Pts',(-43.0785686116072,2.40734500777633,25.6369571659518));
#15729=CARTESIAN_POINT('Ctrl Pts',(-43.0785369316802,2.4035773871585,25.6371815109463));
#15730=CARTESIAN_POINT('Ctrl Pts',(-43.0785369316802,2.4,25.6371815109463));
#15731=CARTESIAN_POINT('',(-38.7534540223894,2.5,29.8645964766622));
#15732=CARTESIAN_POINT('Origin',(-41.23,2.5,28.));
#15733=CARTESIAN_POINT('',(-38.8671815109286,2.4,29.8485369316577));
#15734=CARTESIAN_POINT('Ctrl Pts',(-38.8671815109286,2.4,29.8485369316577));
#15735=CARTESIAN_POINT('Ctrl Pts',(-38.8671815109286,2.42336899176093,29.8485369316577));
#15736=CARTESIAN_POINT('Ctrl Pts',(-38.855404702089,2.44958446405774,29.8501999437755));
#15737=CARTESIAN_POINT('Ctrl Pts',(-38.8383776919683,2.46640060726236,29.8526043408024));
#15738=CARTESIAN_POINT('Ctrl Pts',(-38.8202767347899,2.48427739748532,29.8551603907088));
#15739=CARTESIAN_POINT('Ctrl Pts',(-38.7949754809861,2.49597001137887,29.8587331999684));
#15740=CARTESIAN_POINT('Ctrl Pts',(-38.7685460398073,2.49910759478501,29.8624653214239));
#15741=CARTESIAN_POINT('Ctrl Pts',(-38.7633737011907,2.49972163137038,29.8631957112871));
#15742=CARTESIAN_POINT('Ctrl Pts',(-38.758268117616,2.5,29.8639166746201));
#15743=CARTESIAN_POINT('Ctrl Pts',(-38.7534540223894,2.5,29.8645964766622));
#15744=CARTESIAN_POINT('Origin',(-41.23,2.4,28.));
#15745=CARTESIAN_POINT('Origin',(-41.4397353497043,0.,29.4852646508662));
#15746=CARTESIAN_POINT('',(-37.8751001867793,2.5,29.988629488681));
#15747=CARTESIAN_POINT('',(-41.0195238409433,2.5,29.5446030370649));
#15748=CARTESIAN_POINT('',(-37.7680628632886,2.6,30.0037443103995));
#15749=CARTESIAN_POINT('Ctrl Pts',(-37.8752318413926,2.499985114017,29.9886108976331));
#15750=CARTESIAN_POINT('Ctrl Pts',(-37.8656759510435,2.49998342863674,29.9899602921647));
#15751=CARTESIAN_POINT('Ctrl Pts',(-37.8560634326059,2.50116769434514,29.9913176831916));
#15752=CARTESIAN_POINT('Ctrl Pts',(-37.8466543748194,2.50358443278177,29.9926463433854));
#15753=CARTESIAN_POINT('Ctrl Pts',(-37.8187642980341,2.51074806405047,29.9965847223039));
#15754=CARTESIAN_POINT('Ctrl Pts',(-37.7946431702027,2.52819310198738,29.999990885079));
#15755=CARTESIAN_POINT('Ctrl Pts',(-37.780494092685,2.55318403524556,30.001988887058));
#15756=CARTESIAN_POINT('Ctrl Pts',(-37.7723391633051,2.56758775136068,30.0031404508274));
#15757=CARTESIAN_POINT('Ctrl Pts',(-37.7680628632886,2.58452227016457,30.0037443103995));
#15758=CARTESIAN_POINT('Ctrl Pts',(-37.7680628632886,2.6,30.0037443103995));
#15759=CARTESIAN_POINT('',(-37.7680628632886,4.4,30.0037443103995));
#15760=CARTESIAN_POINT('',(-37.7680628632886,4.5,30.0037443103995));
#15761=CARTESIAN_POINT('',(-37.6614628823391,4.5,30.0187973746457));
#15762=CARTESIAN_POINT('Ctrl Pts',(-37.7680628632886,4.4,30.0037443103995));
#15763=CARTESIAN_POINT('Ctrl Pts',(-37.7680628632886,4.4237047816732,30.0037443103995));
#15764=CARTESIAN_POINT('Ctrl Pts',(-37.7566903336643,4.45062924417887,30.0053502339424));
#15765=CARTESIAN_POINT('Ctrl Pts',(-37.7397531996675,4.4678266497187,30.0077419394936));
#15766=CARTESIAN_POINT('Ctrl Pts',(-37.7230667690025,4.48476949938925,30.010098243037));
#15767=CARTESIAN_POINT('Ctrl Pts',(-37.699270102844,4.49637632440397,30.013458588333));
#15768=CARTESIAN_POINT('Ctrl Pts',(-37.6744907381387,4.49924782355653,30.0169577012368));
#15769=CARTESIAN_POINT('Ctrl Pts',(-37.6700276239962,4.49976502117763,30.0175879409735));
#15770=CARTESIAN_POINT('Ctrl Pts',(-37.6656279292448,4.5,30.0182092252098));
#15771=CARTESIAN_POINT('Ctrl Pts',(-37.6614628823391,4.5,30.0187973746457));
#15772=CARTESIAN_POINT('',(-17.863752978883,4.5,32.8144470215739));
#15773=CARTESIAN_POINT('',(-17.863752978883,4.5,32.8144470215739));
#15774=CARTESIAN_POINT('',(-17.863752978883,0.,32.8144470215739));
#15775=CARTESIAN_POINT('',(-38.8671815109286,0.1,29.8485369316577));
#15776=CARTESIAN_POINT('Ctrl Pts',(-38.9821820695647,6.93889390390723E-17,
29.8322976154582));
#15777=CARTESIAN_POINT('Ctrl Pts',(-38.967236258046,-7.32399832932293E-17,
29.8344081248504));
#15778=CARTESIAN_POINT('Ctrl Pts',(-38.9495750445135,0.00315264000396387,
29.8369020782226));
#15779=CARTESIAN_POINT('Ctrl Pts',(-38.9227254648755,0.0134411794870351,
29.8406935277489));
#15780=CARTESIAN_POINT('Ctrl Pts',(-38.9085388856266,0.0220013170770114,
29.8426968253759));
#15781=CARTESIAN_POINT('Ctrl Pts',(-38.8891215383966,0.039955205314398,
29.8454387637209));
#15782=CARTESIAN_POINT('Ctrl Pts',(-38.8801242158222,0.0521591558292613,
29.8467092824729));
#15783=CARTESIAN_POINT('Ctrl Pts',(-38.8701945251772,0.0744508000607703,
29.848111461628));
#15784=CARTESIAN_POINT('Ctrl Pts',(-38.8671815109286,0.0882358864988461,
29.8485369316577));
#15785=CARTESIAN_POINT('Ctrl Pts',(-38.8671815109286,0.1,29.8485369316577));
#15786=CARTESIAN_POINT('',(-38.8671815109286,2.5,29.8485369316577));
#15787=CARTESIAN_POINT('Origin',(-40.2318721552114,2.5,27.0018721551998));
#15788=CARTESIAN_POINT('',(-43.2186294887043,2.5,24.6451001867931));
#15789=CARTESIAN_POINT('',(-44.4391942224698,2.5,16.0015326553628));
#15790=CARTESIAN_POINT('Origin',(-41.23,2.5,28.));
#15791=CARTESIAN_POINT('Origin',(-41.23,0.1,28.));
#15792=CARTESIAN_POINT('',(-43.0785369316802,0.1,25.6371815109463));
#15793=CARTESIAN_POINT('Ctrl Pts',(-43.0785369316802,0.1,25.6371815109463));
#15794=CARTESIAN_POINT('Ctrl Pts',(-43.0785369316802,0.0882358864988677,
25.6371815109463));
#15795=CARTESIAN_POINT('Ctrl Pts',(-43.0781114616505,0.0744508000608198,
25.6401945251949));
#15796=CARTESIAN_POINT('Ctrl Pts',(-43.0767092824954,0.0521591558293309,
25.6501242158399));
#15797=CARTESIAN_POINT('Ctrl Pts',(-43.0754387637434,0.0399552053144719,
25.6591215384144));
#15798=CARTESIAN_POINT('Ctrl Pts',(-43.0726968253984,0.0220013170770675,
25.6785388856444));
#15799=CARTESIAN_POINT('Ctrl Pts',(-43.0706935277715,0.0134411794870792,
25.6927254648934));
#15800=CARTESIAN_POINT('Ctrl Pts',(-43.0669020782451,0.00315264000397353,
25.7195750445316));
#15801=CARTESIAN_POINT('Ctrl Pts',(-43.0644081248729,-5.28467946255742E-16,
25.7372362580642));
#15802=CARTESIAN_POINT('Ctrl Pts',(-43.0622976154806,6.93889390390723E-17,
25.7521820695831));
#15803=CARTESIAN_POINT('Origin',(-41.23,0.1,28.));
#15804=CARTESIAN_POINT('Origin',(-41.23,2.6,28.));
#15805=CARTESIAN_POINT('',(-43.2337443104229,2.6,24.5380628633021));
#15806=CARTESIAN_POINT('Ctrl Pts',(-43.2337443104229,2.6,24.5380628633021));
#15807=CARTESIAN_POINT('Ctrl Pts',(-43.2337443104229,2.57556348898139,24.5380628633021));
#15808=CARTESIAN_POINT('Ctrl Pts',(-43.2319940075697,2.54762272958545,24.5504578313797));
#15809=CARTESIAN_POINT('Ctrl Pts',(-43.229522507422,2.53062931763408,24.5679600398571));
#15810=CARTESIAN_POINT('Ctrl Pts',(-43.2267962622861,2.51188434336473,24.587266253848));
#15811=CARTESIAN_POINT('Ctrl Pts',(-43.2225566461533,2.50019192865051,24.6172895761161));
#15812=CARTESIAN_POINT('Ctrl Pts',(-43.2186397844992,2.50001207516436,24.6450272759547));
#15813=CARTESIAN_POINT('Origin',(-41.23,2.6,28.));
#15814=CARTESIAN_POINT('Origin',(-41.23,4.5,28.));
#15815=CARTESIAN_POINT('',(-43.2337443104229,4.4,24.5380628633021));
#15816=CARTESIAN_POINT('',(-43.2337443104229,4.5,24.5380628633021));
#15817=CARTESIAN_POINT('Origin',(-41.23,4.4,28.));
#15818=CARTESIAN_POINT('Origin',(-41.23,4.4,28.));
#15819=CARTESIAN_POINT('',(-43.2487973746691,4.5,24.4314628823524));
#15820=CARTESIAN_POINT('Ctrl Pts',(-43.2487973746691,4.5,24.4314628823524));
#15821=CARTESIAN_POINT('Ctrl Pts',(-43.2455538010178,4.5,24.4544326168715));
#15822=CARTESIAN_POINT('Ctrl Pts',(-43.2419058294048,4.49199492994056,24.4802661414016));
#15823=CARTESIAN_POINT('Ctrl Pts',(-43.2391594005064,4.47677743539701,24.4997152889943));
#15824=CARTESIAN_POINT('Ctrl Pts',(-43.236222217019,4.46050300217979,24.5205152868339));
#15825=CARTESIAN_POINT('Ctrl Pts',(-43.2342282734016,4.43655691708505,24.5346356246042));
#15826=CARTESIAN_POINT('Ctrl Pts',(-43.2338220938883,4.41014275136105,24.5375120308736));
#15827=CARTESIAN_POINT('Ctrl Pts',(-43.2337687425782,4.40667327468434,24.5378898442245));
#15828=CARTESIAN_POINT('Ctrl Pts',(-43.2337443104229,4.40325861596976,24.5380628633021));
#15829=CARTESIAN_POINT('Ctrl Pts',(-43.2337443104229,4.4,24.5380628633021));
#15830=CARTESIAN_POINT('Origin',(-41.23,4.5,28.));
#15831=CARTESIAN_POINT('Origin',(-46.0444470216498,0.,4.63375297855236));
#15832=CARTESIAN_POINT('',(-43.0785369316802,2.5,25.6371815109463));
#15833=CARTESIAN_POINT('',(-46.0444470216498,4.5,4.63375297855237));
#15834=CARTESIAN_POINT('',(-46.0444470216498,0.,4.63375297855237));
#15835=CARTESIAN_POINT('',(-42.7152646509785,4.5,28.2097353490826));
#15836=CARTESIAN_POINT('Origin',(-41.23,0.1,-28.));
#15837=CARTESIAN_POINT('',(-43.0785369316475,0.1,-25.6371815109206));
#15838=CARTESIAN_POINT('Ctrl Pts',(-43.062297615448,6.93889390390722E-17,
-25.7521820695565));
#15839=CARTESIAN_POINT('Ctrl Pts',(-43.0644081248402,5.00439732597111E-16,
-25.7372362580378));
#15840=CARTESIAN_POINT('Ctrl Pts',(-43.0669020782125,0.00315264000395777,
-25.7195750445053));
#15841=CARTESIAN_POINT('Ctrl Pts',(-43.0706935277388,0.0134411794870153,
-25.6927254648674));
#15842=CARTESIAN_POINT('Ctrl Pts',(-43.0726968253657,0.0220013170769851,
-25.6785388856186));
#15843=CARTESIAN_POINT('Ctrl Pts',(-43.0754387637107,0.0399552053143622,
-25.6591215383886));
#15844=CARTESIAN_POINT('Ctrl Pts',(-43.0767092824627,0.0521591558292281,
-25.6501242158142));
#15845=CARTESIAN_POINT('Ctrl Pts',(-43.0781114616178,0.0744508000607456,
-25.6401945251693));
#15846=CARTESIAN_POINT('Ctrl Pts',(-43.0785369316475,0.0882358864988354,
-25.6371815109206));
#15847=CARTESIAN_POINT('Ctrl Pts',(-43.0785369316475,0.1,-25.6371815109206));
#15848=CARTESIAN_POINT('',(-38.8671815109204,0.1,-29.8485369316471));
#15849=CARTESIAN_POINT('Ctrl Pts',(-38.8671815109204,0.1,-29.8485369316471));
#15850=CARTESIAN_POINT('Ctrl Pts',(-38.8671815109204,0.0882358864988384,
-29.8485369316471));
#15851=CARTESIAN_POINT('Ctrl Pts',(-38.870194525169,0.0744508000607522,
-29.8481114616175));
#15852=CARTESIAN_POINT('Ctrl Pts',(-38.8801242158139,0.0521591558292363,
-29.8467092824624));
#15853=CARTESIAN_POINT('Ctrl Pts',(-38.8891215383884,0.039955205314371,
-29.8454387637104));
#15854=CARTESIAN_POINT('Ctrl Pts',(-38.9085388856183,0.0220013170769924,
-29.8426968253654));
#15855=CARTESIAN_POINT('Ctrl Pts',(-38.9227254648672,0.0134411794870204,
-29.8406935277385));
#15856=CARTESIAN_POINT('Ctrl Pts',(-38.9495750445051,0.00315264000395987,
-29.8369020782122));
#15857=CARTESIAN_POINT('Ctrl Pts',(-38.9672362580376,-1.61457223041325E-16,
-29.83440812484));
#15858=CARTESIAN_POINT('Ctrl Pts',(-38.9821820695563,6.93889390390723E-17,
-29.8322976154478));
#15859=CARTESIAN_POINT('Origin',(-41.23,0.1,-28.));
#15860=CARTESIAN_POINT('Origin',(-41.23,4.4,-28.));
#15861=CARTESIAN_POINT('',(-37.6614628823324,4.5,-30.0187973746339));
#15862=CARTESIAN_POINT('Ctrl Pts',(-37.6614628823324,4.5,-30.0187973746339));
#15863=CARTESIAN_POINT('Ctrl Pts',(-37.6844326168516,4.5,-30.0155538009826));
#15864=CARTESIAN_POINT('Ctrl Pts',(-37.7102661413818,4.49199492994043,-30.0119058293696));
#15865=CARTESIAN_POINT('Ctrl Pts',(-37.7297152889745,4.47677743539675,-30.0091594004712));
#15866=CARTESIAN_POINT('Ctrl Pts',(-37.7505152868139,4.46050300217953,-30.0062222169839));
#15867=CARTESIAN_POINT('Ctrl Pts',(-37.7646356245839,4.43655691708487,-30.0042282733665));
#15868=CARTESIAN_POINT('Ctrl Pts',(-37.7675120308533,4.41014275136103,-30.0038220938533));
#15869=CARTESIAN_POINT('Ctrl Pts',(-37.7678898442042,4.40667327468432,-30.0037687425431));
#15870=CARTESIAN_POINT('Ctrl Pts',(-37.7680628632818,4.40325861596975,-30.0037443103878));
#15871=CARTESIAN_POINT('Ctrl Pts',(-37.7680628632818,4.4,-30.0037443103878));
#15872=CARTESIAN_POINT('',(-43.2487973746354,4.5,-24.4314628823333));
#15873=CARTESIAN_POINT('Origin',(-41.23,4.5,-28.));
#15874=CARTESIAN_POINT('Ctrl Pts',(-43.2337443103893,4.4,-24.5380628632827));
#15875=CARTESIAN_POINT('Ctrl Pts',(-43.2337443103893,4.42370478167325,-24.5380628632827));
#15876=CARTESIAN_POINT('Ctrl Pts',(-43.2353502339321,4.45062924417899,-24.5266903336583));
#15877=CARTESIAN_POINT('Ctrl Pts',(-43.2377419394834,4.46782664971882,-24.5097531996615));
#15878=CARTESIAN_POINT('Ctrl Pts',(-43.2400982430268,4.48476949938928,-24.4930667689966));
#15879=CARTESIAN_POINT('Ctrl Pts',(-43.2434585883227,4.49637632440399,-24.4692701028381));
#15880=CARTESIAN_POINT('Ctrl Pts',(-43.2469577012265,4.49924782355654,-24.4444907381329));
#15881=CARTESIAN_POINT('Ctrl Pts',(-43.2475879409632,4.49976502117764,-24.4400276239904));
#15882=CARTESIAN_POINT('Ctrl Pts',(-43.2482092251996,4.5,-24.435627929239));
#15883=CARTESIAN_POINT('Ctrl Pts',(-43.2487973746354,4.5,-24.4314628823333));
#15884=CARTESIAN_POINT('Origin',(-17.8637529781554,0.,-32.8144470216466));
#15885=CARTESIAN_POINT('',(-38.7534540223814,2.5,-29.8645964766515));
#15886=CARTESIAN_POINT('',(-29.2315326551592,2.5,-31.2091942224515));
#15887=CARTESIAN_POINT('',(-38.8671815109204,2.4,-29.8485369316471));
#15888=CARTESIAN_POINT('Ctrl Pts',(-38.7534540223814,2.5,-29.8645964766515));
#15889=CARTESIAN_POINT('Ctrl Pts',(-38.7802631633506,2.5,-29.8608107375004));
#15890=CARTESIAN_POINT('Ctrl Pts',(-38.8112861532337,2.48983990597076,-29.8564299575447));
#15891=CARTESIAN_POINT('Ctrl Pts',(-38.8324981934357,2.4717898661005,-29.8534345892425));
#15892=CARTESIAN_POINT('Ctrl Pts',(-38.8500641895701,2.45684236800192,-29.8509540815914));
#15893=CARTESIAN_POINT('Ctrl Pts',(-38.8633960922826,2.43507828492784,-29.8490714734871));
#15894=CARTESIAN_POINT('Ctrl Pts',(-38.86646716647,2.41116107340022,-29.8486378047693));
#15895=CARTESIAN_POINT('Ctrl Pts',(-38.8669571659259,2.40734500777629,-29.8485686115741));
#15896=CARTESIAN_POINT('Ctrl Pts',(-38.8671815109204,2.40357738715848,-29.8485369316471));
#15897=CARTESIAN_POINT('Ctrl Pts',(-38.8671815109204,2.4,-29.8485369316471));
#15898=CARTESIAN_POINT('',(-38.8671815109204,2.5,-29.8485369316471));
#15899=CARTESIAN_POINT('',(-17.8637529781554,4.5,-32.8144470216466));
#15900=CARTESIAN_POINT('',(-17.8637529781554,0.,-32.8144470216466));
#15901=CARTESIAN_POINT('',(-41.4397353491222,4.5,-29.4852646509389));
#15902=CARTESIAN_POINT('Origin',(-41.23,2.4,-28.));
#15903=CARTESIAN_POINT('',(-43.094596476652,2.5,-25.5234540223818));
#15904=CARTESIAN_POINT('Origin',(-41.23,2.5,-28.));
#15905=CARTESIAN_POINT('',(-43.0785369316475,2.4,-25.6371815109206));
#15906=CARTESIAN_POINT('Ctrl Pts',(-43.0785369316475,2.4,-25.6371815109206));
#15907=CARTESIAN_POINT('Ctrl Pts',(-43.0785369316475,2.42336899176095,-25.6371815109206));
#15908=CARTESIAN_POINT('Ctrl Pts',(-43.0801999437653,2.4495844640578,-25.6254047020811));
#15909=CARTESIAN_POINT('Ctrl Pts',(-43.0826043407922,2.46640060726243,-25.6083776919604));
#15910=CARTESIAN_POINT('Ctrl Pts',(-43.0851603906986,2.48427739748533,-25.5902767347821));
#15911=CARTESIAN_POINT('Ctrl Pts',(-43.0887331999583,2.49597001137887,-25.5649754809783));
#15912=CARTESIAN_POINT('Ctrl Pts',(-43.0924653214137,2.49910759478501,-25.5385460397996));
#15913=CARTESIAN_POINT('Ctrl Pts',(-43.0931957112769,2.49972163137038,-25.533373701183));
#15914=CARTESIAN_POINT('Ctrl Pts',(-43.0939166746099,2.5,-25.5282681176083));
#15915=CARTESIAN_POINT('Ctrl Pts',(-43.094596476652,2.5,-25.5234540223818));
#15916=CARTESIAN_POINT('Origin',(-41.23,2.4,-28.));
#15917=CARTESIAN_POINT('Origin',(-42.7152646509421,0.,-28.2097353490826));
#15918=CARTESIAN_POINT('',(-46.0444470216135,4.5,-4.63375297855237));
#15919=CARTESIAN_POINT('',(-46.0444470216135,4.5,-4.63375297855237));
#15920=CARTESIAN_POINT('',(-46.0444470216135,0.,-4.63375297855237));
#15921=CARTESIAN_POINT('',(-43.0785369316475,2.5,-25.6371815109206));
#15922=CARTESIAN_POINT('',(-42.7746030370983,2.5,-27.7895238406237));
#15923=CARTESIAN_POINT('Origin',(-40.2318721551946,2.5,-27.0018721551939));
#15924=CARTESIAN_POINT('Origin',(32.27,-18.,3.93479016566043E-15));
#15925=CARTESIAN_POINT('',(28.52,-21.,3.47554761598018E-15));
#15926=CARTESIAN_POINT('Origin',(32.27,-21.,3.93479016566043E-15));
#15927=CARTESIAN_POINT('',(28.52,-18.,3.47554761598018E-15));
#15928=CARTESIAN_POINT('',(28.52,-18.,3.47554761598018E-15));
#15929=CARTESIAN_POINT('Origin',(32.27,-18.,3.93479016566043E-15));
#15930=CARTESIAN_POINT('Origin',(32.27,-21.,3.88578058618805E-15));
#15931=CARTESIAN_POINT('Origin',(-8.13,-5.4,-10.85));
#15932=CARTESIAN_POINT('',(-8.13,-5.4,-10.85));
#15933=CARTESIAN_POINT('',(-8.13,-5.4,-9.99999999999999));
#15934=CARTESIAN_POINT('',(-8.13,-5.4,-12.5));
#15935=CARTESIAN_POINT('',(-8.13,-6.2,-9.99999999999999));
#15936=CARTESIAN_POINT('',(-8.13,-5.4,-9.99999999999999));
#15937=CARTESIAN_POINT('',(-8.13,-6.2,-10.85));
#15938=CARTESIAN_POINT('',(-8.13,-6.2,-12.5));
#15939=CARTESIAN_POINT('',(-8.13,-5.4,-10.85));
#15940=CARTESIAN_POINT('Origin',(-8.98,-5.4,-10.85));
#15941=CARTESIAN_POINT('',(-8.98,-5.4,-10.85));
#15942=CARTESIAN_POINT('',(-8.98,-5.4,-10.85));
#15943=CARTESIAN_POINT('',(-8.98,-6.2,-10.85));
#15944=CARTESIAN_POINT('',(-8.98,-6.2,-10.85));
#15945=CARTESIAN_POINT('',(-8.98,-5.4,-10.85));
#15946=CARTESIAN_POINT('Origin',(-8.98,-5.4,-11.65));
#15947=CARTESIAN_POINT('',(-8.98,-5.4,-11.65));
#15948=CARTESIAN_POINT('',(-8.98,-5.4,-5.825));
#15949=CARTESIAN_POINT('',(-8.98,-6.2,-11.65));
#15950=CARTESIAN_POINT('',(-8.98,-6.2,-11.65));
#15951=CARTESIAN_POINT('',(-8.98,-5.4,-11.65));
#15952=CARTESIAN_POINT('Origin',(-8.13,-5.4,-11.65));
#15953=CARTESIAN_POINT('',(-8.13,-5.4,-11.65));
#15954=CARTESIAN_POINT('',(-6.48,-5.4,-11.65));
#15955=CARTESIAN_POINT('',(-8.13,-6.2,-11.65));
#15956=CARTESIAN_POINT('',(-6.48,-6.2,-11.65));
#15957=CARTESIAN_POINT('',(-8.13,-5.4,-11.65));
#15958=CARTESIAN_POINT('Origin',(-8.13,-5.4,-12.5));
#15959=CARTESIAN_POINT('',(-8.13,-5.4,-12.5));
#15960=CARTESIAN_POINT('',(-8.13,-5.4,-6.25));
#15961=CARTESIAN_POINT('',(-8.13,-6.2,-12.5));
#15962=CARTESIAN_POINT('',(-8.13,-6.2,-12.5));
#15963=CARTESIAN_POINT('',(-8.13,-5.4,-12.5));
#15964=CARTESIAN_POINT('Origin',(-7.33,-5.4,-12.5));
#15965=CARTESIAN_POINT('',(-7.33,-5.4,-12.5));
#15966=CARTESIAN_POINT('',(-10.28,-5.4,-12.5));
#15967=CARTESIAN_POINT('',(-7.33,-6.2,-12.5));
#15968=CARTESIAN_POINT('',(-7.33,-6.2,-12.5));
#15969=CARTESIAN_POINT('',(-7.33,-5.4,-12.5));
#15970=CARTESIAN_POINT('Origin',(-7.33,-5.4,-11.65));
#15971=CARTESIAN_POINT('',(-7.33,-5.4,-11.65));
#15972=CARTESIAN_POINT('',(-7.33,-5.4,-9.99999999999999));
#15973=CARTESIAN_POINT('',(-7.33,-6.2,-11.65));
#15974=CARTESIAN_POINT('',(-7.33,-6.2,-9.99999999999999));
#15975=CARTESIAN_POINT('',(-7.33,-5.4,-11.65));
#15976=CARTESIAN_POINT('Origin',(-6.48,-5.4,-11.65));
#15977=CARTESIAN_POINT('',(-6.48,-5.4,-11.65));
#15978=CARTESIAN_POINT('',(-9.855,-5.4,-11.65));
#15979=CARTESIAN_POINT('',(-6.48,-6.2,-11.65));
#15980=CARTESIAN_POINT('',(-6.48,-6.2,-11.65));
#15981=CARTESIAN_POINT('',(-6.48,-5.4,-11.65));
#15982=CARTESIAN_POINT('Origin',(-6.48,-5.4,-10.85));
#15983=CARTESIAN_POINT('',(-6.48,-5.4,-10.85));
#15984=CARTESIAN_POINT('',(-6.48,-5.4,-5.425));
#15985=CARTESIAN_POINT('',(-6.48,-6.2,-10.85));
#15986=CARTESIAN_POINT('',(-6.48,-6.2,-10.85));
#15987=CARTESIAN_POINT('',(-6.48,-5.4,-10.85));
#15988=CARTESIAN_POINT('Origin',(-7.33,-5.4,-10.85));
#15989=CARTESIAN_POINT('',(-7.33,-5.4,-10.85));
#15990=CARTESIAN_POINT('',(-8.98,-5.4,-10.85));
#15991=CARTESIAN_POINT('',(-7.33,-6.2,-10.85));
#15992=CARTESIAN_POINT('',(-8.98,-6.2,-10.85));
#15993=CARTESIAN_POINT('',(-7.33,-5.4,-10.85));
#15994=CARTESIAN_POINT('Origin',(-7.33,-5.4,-9.99999999999999));
#15995=CARTESIAN_POINT('',(-7.33,-5.4,-9.99999999999999));
#15996=CARTESIAN_POINT('',(-7.33,-5.4,-9.99999999999999));
#15997=CARTESIAN_POINT('',(-7.33,-6.2,-9.99999999999999));
#15998=CARTESIAN_POINT('',(-7.33,-6.2,-9.99999999999999));
#15999=CARTESIAN_POINT('',(-7.33,-5.4,-9.99999999999999));
#16000=CARTESIAN_POINT('Origin',(-8.13,-5.4,-9.99999999999999));
#16001=CARTESIAN_POINT('',(-10.68,-5.4,-9.99999999999999));
#16002=CARTESIAN_POINT('',(-8.13,-6.2,-9.99999999999999));
#16003=CARTESIAN_POINT('Origin',(-7.73,-5.4,-11.25));
#16004=CARTESIAN_POINT('',(-9.23,-6.2,-11.25));
#16005=CARTESIAN_POINT('Origin',(-7.73,-6.2,-11.25));
#16006=CARTESIAN_POINT('',(-9.23,-5.4,-11.25));
#16007=CARTESIAN_POINT('',(-9.23,-5.4,-11.25));
#16008=CARTESIAN_POINT('Origin',(-7.73,-5.4,-11.25));
#16009=CARTESIAN_POINT('Origin',(-7.73,-6.2,-11.25));
#16010=CARTESIAN_POINT('Origin',(-30.63,-5.4,10.85));
#16011=CARTESIAN_POINT('',(-30.63,-5.4,10.85));
#16012=CARTESIAN_POINT('',(-31.48,-5.4,10.85));
#16013=CARTESIAN_POINT('',(-28.98,-5.4,10.85));
#16014=CARTESIAN_POINT('',(-31.48,-6.2,10.85));
#16015=CARTESIAN_POINT('',(-31.48,-5.4,10.85));
#16016=CARTESIAN_POINT('',(-30.63,-6.2,10.85));
#16017=CARTESIAN_POINT('',(-28.98,-6.2,10.85));
#16018=CARTESIAN_POINT('',(-30.63,-5.4,10.85));
#16019=CARTESIAN_POINT('Origin',(-30.63,-5.4,10.));
#16020=CARTESIAN_POINT('',(-30.63,-5.4,10.));
#16021=CARTESIAN_POINT('',(-30.63,-5.4,5.));
#16022=CARTESIAN_POINT('',(-30.63,-6.2,10.));
#16023=CARTESIAN_POINT('',(-30.63,-6.2,10.));
#16024=CARTESIAN_POINT('',(-30.63,-5.4,10.));
#16025=CARTESIAN_POINT('Origin',(-29.83,-5.4,10.));
#16026=CARTESIAN_POINT('',(-29.83,-5.4,10.));
#16027=CARTESIAN_POINT('',(-21.53,-5.4,10.));
#16028=CARTESIAN_POINT('',(-29.83,-6.2,10.));
#16029=CARTESIAN_POINT('',(-29.83,-6.2,10.));
#16030=CARTESIAN_POINT('',(-29.83,-5.4,10.));
#16031=CARTESIAN_POINT('Origin',(-29.83,-5.4,10.85));
#16032=CARTESIAN_POINT('',(-29.83,-5.4,10.85));
#16033=CARTESIAN_POINT('',(-29.83,-5.4,12.5));
#16034=CARTESIAN_POINT('',(-29.83,-6.2,10.85));
#16035=CARTESIAN_POINT('',(-29.83,-6.2,12.5));
#16036=CARTESIAN_POINT('',(-29.83,-5.4,10.85));
#16037=CARTESIAN_POINT('Origin',(-28.98,-5.4,10.85));
#16038=CARTESIAN_POINT('',(-28.98,-5.4,10.85));
#16039=CARTESIAN_POINT('',(-28.98,-5.4,10.85));
#16040=CARTESIAN_POINT('',(-28.98,-6.2,10.85));
#16041=CARTESIAN_POINT('',(-28.98,-6.2,10.85));
#16042=CARTESIAN_POINT('',(-28.98,-5.4,10.85));
#16043=CARTESIAN_POINT('Origin',(-28.98,-5.4,11.65));
#16044=CARTESIAN_POINT('',(-28.98,-5.4,11.65));
#16045=CARTESIAN_POINT('',(-28.98,-5.4,5.825));
#16046=CARTESIAN_POINT('',(-28.98,-6.2,11.65));
#16047=CARTESIAN_POINT('',(-28.98,-6.2,11.65));
#16048=CARTESIAN_POINT('',(-28.98,-5.4,11.65));
#16049=CARTESIAN_POINT('Origin',(-29.83,-5.4,11.65));
#16050=CARTESIAN_POINT('',(-29.83,-5.4,11.65));
#16051=CARTESIAN_POINT('',(-31.48,-5.4,11.65));
#16052=CARTESIAN_POINT('',(-29.83,-6.2,11.65));
#16053=CARTESIAN_POINT('',(-31.48,-6.2,11.65));
#16054=CARTESIAN_POINT('',(-29.83,-5.4,11.65));
#16055=CARTESIAN_POINT('Origin',(-29.83,-5.4,12.5));
#16056=CARTESIAN_POINT('',(-29.83,-5.4,12.5));
#16057=CARTESIAN_POINT('',(-29.83,-5.4,12.5));
#16058=CARTESIAN_POINT('',(-29.83,-6.2,12.5));
#16059=CARTESIAN_POINT('',(-29.83,-6.2,12.5));
#16060=CARTESIAN_POINT('',(-29.83,-5.4,12.5));
#16061=CARTESIAN_POINT('Origin',(-30.63,-5.4,12.5));
#16062=CARTESIAN_POINT('',(-30.63,-5.4,12.5));
#16063=CARTESIAN_POINT('',(-21.93,-5.4,12.5));
#16064=CARTESIAN_POINT('',(-30.63,-6.2,12.5));
#16065=CARTESIAN_POINT('',(-30.63,-6.2,12.5));
#16066=CARTESIAN_POINT('',(-30.63,-5.4,12.5));
#16067=CARTESIAN_POINT('Origin',(-30.63,-5.4,11.65));
#16068=CARTESIAN_POINT('',(-30.63,-5.4,11.65));
#16069=CARTESIAN_POINT('',(-30.63,-5.4,10.));
#16070=CARTESIAN_POINT('',(-30.63,-6.2,11.65));
#16071=CARTESIAN_POINT('',(-30.63,-6.2,10.));
#16072=CARTESIAN_POINT('',(-30.63,-5.4,11.65));
#16073=CARTESIAN_POINT('Origin',(-31.48,-5.4,11.65));
#16074=CARTESIAN_POINT('',(-31.48,-5.4,11.65));
#16075=CARTESIAN_POINT('',(-22.355,-5.4,11.65));
#16076=CARTESIAN_POINT('',(-31.48,-6.2,11.65));
#16077=CARTESIAN_POINT('',(-31.48,-6.2,11.65));
#16078=CARTESIAN_POINT('',(-31.48,-5.4,11.65));
#16079=CARTESIAN_POINT('Origin',(-31.48,-5.4,10.85));
#16080=CARTESIAN_POINT('',(-31.48,-5.4,5.425));
#16081=CARTESIAN_POINT('',(-31.48,-6.2,10.85));
#16082=CARTESIAN_POINT('Origin',(-30.23,-5.4,11.25));
#16083=CARTESIAN_POINT('',(-31.73,-6.2,11.25));
#16084=CARTESIAN_POINT('Origin',(-30.23,-6.2,11.25));
#16085=CARTESIAN_POINT('',(-31.73,-5.4,11.25));
#16086=CARTESIAN_POINT('',(-31.73,-5.4,11.25));
#16087=CARTESIAN_POINT('Origin',(-30.23,-5.4,11.25));
#16088=CARTESIAN_POINT('Origin',(-30.23,-6.2,11.25));
#16089=CARTESIAN_POINT('Origin',(-8.13,-5.4,11.65));
#16090=CARTESIAN_POINT('',(-8.13,-5.4,11.65));
#16091=CARTESIAN_POINT('',(-8.13,-5.4,12.5));
#16092=CARTESIAN_POINT('',(-8.13,-5.4,10.));
#16093=CARTESIAN_POINT('',(-8.13,-6.2,12.5));
#16094=CARTESIAN_POINT('',(-8.13,-5.4,12.5));
#16095=CARTESIAN_POINT('',(-8.13,-6.2,11.65));
#16096=CARTESIAN_POINT('',(-8.13,-6.2,10.));
#16097=CARTESIAN_POINT('',(-8.13,-5.4,11.65));
#16098=CARTESIAN_POINT('Origin',(-8.98,-5.4,11.65));
#16099=CARTESIAN_POINT('',(-8.98,-5.4,11.65));
#16100=CARTESIAN_POINT('',(-8.98,-5.4,11.65));
#16101=CARTESIAN_POINT('',(-8.98,-6.2,11.65));
#16102=CARTESIAN_POINT('',(-8.98,-6.2,11.65));
#16103=CARTESIAN_POINT('',(-8.98,-5.4,11.65));
#16104=CARTESIAN_POINT('Origin',(-8.98,-5.4,10.85));
#16105=CARTESIAN_POINT('',(-8.98,-5.4,10.85));
#16106=CARTESIAN_POINT('',(-8.98,-5.4,5.425));
#16107=CARTESIAN_POINT('',(-8.98,-6.2,10.85));
#16108=CARTESIAN_POINT('',(-8.98,-6.2,10.85));
#16109=CARTESIAN_POINT('',(-8.98,-5.4,10.85));
#16110=CARTESIAN_POINT('Origin',(-8.13,-5.4,10.85));
#16111=CARTESIAN_POINT('',(-8.13,-5.4,10.85));
#16112=CARTESIAN_POINT('',(-6.48,-5.4,10.85));
#16113=CARTESIAN_POINT('',(-8.13,-6.2,10.85));
#16114=CARTESIAN_POINT('',(-6.48,-6.2,10.85));
#16115=CARTESIAN_POINT('',(-8.13,-5.4,10.85));
#16116=CARTESIAN_POINT('Origin',(-8.13,-5.4,10.));
#16117=CARTESIAN_POINT('',(-8.13,-5.4,10.));
#16118=CARTESIAN_POINT('',(-8.13,-5.4,5.));
#16119=CARTESIAN_POINT('',(-8.13,-6.2,10.));
#16120=CARTESIAN_POINT('',(-8.13,-6.2,10.));
#16121=CARTESIAN_POINT('',(-8.13,-5.4,10.));
#16122=CARTESIAN_POINT('Origin',(-7.33,-5.4,10.));
#16123=CARTESIAN_POINT('',(-7.33,-5.4,10.));
#16124=CARTESIAN_POINT('',(-10.28,-5.4,10.));
#16125=CARTESIAN_POINT('',(-7.33,-6.2,10.));
#16126=CARTESIAN_POINT('',(-7.33,-6.2,10.));
#16127=CARTESIAN_POINT('',(-7.33,-5.4,10.));
#16128=CARTESIAN_POINT('Origin',(-7.33,-5.4,10.85));
#16129=CARTESIAN_POINT('',(-7.33,-5.4,10.85));
#16130=CARTESIAN_POINT('',(-7.33,-5.4,12.5));
#16131=CARTESIAN_POINT('',(-7.33,-6.2,10.85));
#16132=CARTESIAN_POINT('',(-7.33,-6.2,12.5));
#16133=CARTESIAN_POINT('',(-7.33,-5.4,10.85));
#16134=CARTESIAN_POINT('Origin',(-6.48,-5.4,10.85));
#16135=CARTESIAN_POINT('',(-6.48,-5.4,10.85));
#16136=CARTESIAN_POINT('',(-9.855,-5.4,10.85));
#16137=CARTESIAN_POINT('',(-6.48,-6.2,10.85));
#16138=CARTESIAN_POINT('',(-6.48,-6.2,10.85));
#16139=CARTESIAN_POINT('',(-6.48,-5.4,10.85));
#16140=CARTESIAN_POINT('Origin',(-6.48,-5.4,11.65));
#16141=CARTESIAN_POINT('',(-6.48,-5.4,11.65));
#16142=CARTESIAN_POINT('',(-6.48,-5.4,5.825));
#16143=CARTESIAN_POINT('',(-6.48,-6.2,11.65));
#16144=CARTESIAN_POINT('',(-6.48,-6.2,11.65));
#16145=CARTESIAN_POINT('',(-6.48,-5.4,11.65));
#16146=CARTESIAN_POINT('Origin',(-7.33,-5.4,11.65));
#16147=CARTESIAN_POINT('',(-7.33,-5.4,11.65));
#16148=CARTESIAN_POINT('',(-8.98,-5.4,11.65));
#16149=CARTESIAN_POINT('',(-7.33,-6.2,11.65));
#16150=CARTESIAN_POINT('',(-8.98,-6.2,11.65));
#16151=CARTESIAN_POINT('',(-7.33,-5.4,11.65));
#16152=CARTESIAN_POINT('Origin',(-7.33,-5.4,12.5));
#16153=CARTESIAN_POINT('',(-7.33,-5.4,12.5));
#16154=CARTESIAN_POINT('',(-7.33,-5.4,12.5));
#16155=CARTESIAN_POINT('',(-7.33,-6.2,12.5));
#16156=CARTESIAN_POINT('',(-7.33,-6.2,12.5));
#16157=CARTESIAN_POINT('',(-7.33,-5.4,12.5));
#16158=CARTESIAN_POINT('Origin',(-8.13,-5.4,12.5));
#16159=CARTESIAN_POINT('',(-10.68,-5.4,12.5));
#16160=CARTESIAN_POINT('',(-8.13,-6.2,12.5));
#16161=CARTESIAN_POINT('Origin',(-7.73,-5.4,11.25));
#16162=CARTESIAN_POINT('',(-9.23,-6.2,11.25));
#16163=CARTESIAN_POINT('Origin',(-7.73,-6.2,11.25));
#16164=CARTESIAN_POINT('',(-9.23,-5.4,11.25));
#16165=CARTESIAN_POINT('',(-9.23,-5.4,11.25));
#16166=CARTESIAN_POINT('Origin',(-7.73,-5.4,11.25));
#16167=CARTESIAN_POINT('Origin',(-7.73,-6.2,11.25));
#16168=CARTESIAN_POINT('Origin',(-30.63,-5.4,-11.65));
#16169=CARTESIAN_POINT('',(-30.63,-5.4,-11.65));
#16170=CARTESIAN_POINT('',(-31.48,-5.4,-11.65));
#16171=CARTESIAN_POINT('',(-28.98,-5.4,-11.65));
#16172=CARTESIAN_POINT('',(-31.48,-6.2,-11.65));
#16173=CARTESIAN_POINT('',(-31.48,-5.4,-11.65));
#16174=CARTESIAN_POINT('',(-30.63,-6.2,-11.65));
#16175=CARTESIAN_POINT('',(-28.98,-6.2,-11.65));
#16176=CARTESIAN_POINT('',(-30.63,-5.4,-11.65));
#16177=CARTESIAN_POINT('Origin',(-30.63,-5.4,-12.5));
#16178=CARTESIAN_POINT('',(-30.63,-5.4,-12.5));
#16179=CARTESIAN_POINT('',(-30.63,-5.4,-6.25));
#16180=CARTESIAN_POINT('',(-30.63,-6.2,-12.5));
#16181=CARTESIAN_POINT('',(-30.63,-6.2,-12.5));
#16182=CARTESIAN_POINT('',(-30.63,-5.4,-12.5));
#16183=CARTESIAN_POINT('Origin',(-29.83,-5.4,-12.5));
#16184=CARTESIAN_POINT('',(-29.83,-5.4,-12.5));
#16185=CARTESIAN_POINT('',(-21.53,-5.4,-12.5));
#16186=CARTESIAN_POINT('',(-29.83,-6.2,-12.5));
#16187=CARTESIAN_POINT('',(-29.83,-6.2,-12.5));
#16188=CARTESIAN_POINT('',(-29.83,-5.4,-12.5));
#16189=CARTESIAN_POINT('Origin',(-29.83,-5.4,-11.65));
#16190=CARTESIAN_POINT('',(-29.83,-5.4,-11.65));
#16191=CARTESIAN_POINT('',(-29.83,-5.4,-9.99999999999999));
#16192=CARTESIAN_POINT('',(-29.83,-6.2,-11.65));
#16193=CARTESIAN_POINT('',(-29.83,-6.2,-9.99999999999999));
#16194=CARTESIAN_POINT('',(-29.83,-5.4,-11.65));
#16195=CARTESIAN_POINT('Origin',(-28.98,-5.4,-11.65));
#16196=CARTESIAN_POINT('',(-28.98,-5.4,-11.65));
#16197=CARTESIAN_POINT('',(-28.98,-5.4,-11.65));
#16198=CARTESIAN_POINT('',(-28.98,-6.2,-11.65));
#16199=CARTESIAN_POINT('',(-28.98,-6.2,-11.65));
#16200=CARTESIAN_POINT('',(-28.98,-5.4,-11.65));
#16201=CARTESIAN_POINT('Origin',(-28.98,-5.4,-10.85));
#16202=CARTESIAN_POINT('',(-28.98,-5.4,-10.85));
#16203=CARTESIAN_POINT('',(-28.98,-5.4,-5.425));
#16204=CARTESIAN_POINT('',(-28.98,-6.2,-10.85));
#16205=CARTESIAN_POINT('',(-28.98,-6.2,-10.85));
#16206=CARTESIAN_POINT('',(-28.98,-5.4,-10.85));
#16207=CARTESIAN_POINT('Origin',(-29.83,-5.4,-10.85));
#16208=CARTESIAN_POINT('',(-29.83,-5.4,-10.85));
#16209=CARTESIAN_POINT('',(-31.48,-5.4,-10.85));
#16210=CARTESIAN_POINT('',(-29.83,-6.2,-10.85));
#16211=CARTESIAN_POINT('',(-31.48,-6.2,-10.85));
#16212=CARTESIAN_POINT('',(-29.83,-5.4,-10.85));
#16213=CARTESIAN_POINT('Origin',(-29.83,-5.4,-9.99999999999999));
#16214=CARTESIAN_POINT('',(-29.83,-5.4,-9.99999999999999));
#16215=CARTESIAN_POINT('',(-29.83,-5.4,-9.99999999999999));
#16216=CARTESIAN_POINT('',(-29.83,-6.2,-9.99999999999999));
#16217=CARTESIAN_POINT('',(-29.83,-6.2,-9.99999999999999));
#16218=CARTESIAN_POINT('',(-29.83,-5.4,-9.99999999999999));
#16219=CARTESIAN_POINT('Origin',(-30.63,-5.4,-10.));
#16220=CARTESIAN_POINT('',(-30.63,-5.4,-10.));
#16221=CARTESIAN_POINT('',(-21.93,-5.4,-9.99999999999996));
#16222=CARTESIAN_POINT('',(-30.63,-6.2,-10.));
#16223=CARTESIAN_POINT('',(-30.63,-6.2,-10.));
#16224=CARTESIAN_POINT('',(-30.63,-5.4,-10.));
#16225=CARTESIAN_POINT('Origin',(-30.63,-5.4,-10.85));
#16226=CARTESIAN_POINT('',(-30.63,-5.4,-10.85));
#16227=CARTESIAN_POINT('',(-30.63,-5.4,-12.5));
#16228=CARTESIAN_POINT('',(-30.63,-6.2,-10.85));
#16229=CARTESIAN_POINT('',(-30.63,-6.2,-12.5));
#16230=CARTESIAN_POINT('',(-30.63,-5.4,-10.85));
#16231=CARTESIAN_POINT('Origin',(-31.48,-5.4,-10.85));
#16232=CARTESIAN_POINT('',(-31.48,-5.4,-10.85));
#16233=CARTESIAN_POINT('',(-22.355,-5.4,-10.85));
#16234=CARTESIAN_POINT('',(-31.48,-6.2,-10.85));
#16235=CARTESIAN_POINT('',(-31.48,-6.2,-10.85));
#16236=CARTESIAN_POINT('',(-31.48,-5.4,-10.85));
#16237=CARTESIAN_POINT('Origin',(-31.48,-5.4,-11.65));
#16238=CARTESIAN_POINT('',(-31.48,-5.4,-5.825));
#16239=CARTESIAN_POINT('',(-31.48,-6.2,-11.65));
#16240=CARTESIAN_POINT('Origin',(-30.23,-5.4,-11.25));
#16241=CARTESIAN_POINT('',(-31.73,-6.2,-11.25));
#16242=CARTESIAN_POINT('Origin',(-30.23,-6.2,-11.25));
#16243=CARTESIAN_POINT('',(-31.73,-5.4,-11.25));
#16244=CARTESIAN_POINT('',(-31.73,-5.4,-11.25));
#16245=CARTESIAN_POINT('Origin',(-30.23,-5.4,-11.25));
#16246=CARTESIAN_POINT('Origin',(-30.23,-6.2,-11.25));
#16247=CARTESIAN_POINT('Origin',(-13.23,-5.4,2.22044604925031E-15));
#16248=CARTESIAN_POINT('Origin',(-13.23,-5.4,2.22044604925031E-15));
#16249=CARTESIAN_POINT('Origin',(-13.23,-5.4,2.22044604925031E-15));
#16250=CARTESIAN_POINT('Origin',(-13.23,-5.4,2.22044604925031E-15));
#16251=CARTESIAN_POINT('Origin',(-13.23,-4.6,2.22044604925031E-15));
#16252=CARTESIAN_POINT('',(9.77,-4.6,17.6635217326557));
#16253=CARTESIAN_POINT('',(-7.86809735261826,-4.6,28.5));
#16254=CARTESIAN_POINT('Origin',(-13.23,-4.6,4.44089209850063E-15));
#16255=CARTESIAN_POINT('',(4.27,-4.6,28.5));
#16256=CARTESIAN_POINT('',(4.27,-4.6,28.5));
#16257=CARTESIAN_POINT('',(9.77,-4.6,23.));
#16258=CARTESIAN_POINT('Origin',(4.27,-4.6,23.));
#16259=CARTESIAN_POINT('',(9.77000000000001,-4.6,-23.));
#16260=CARTESIAN_POINT('Origin',(-13.23,-4.6,2.22044604925031E-15));
#16261=CARTESIAN_POINT('',(-18.5919026473818,-4.6,28.5));
#16262=CARTESIAN_POINT('',(-36.23,-4.6,17.6635217326557));
#16263=CARTESIAN_POINT('Origin',(-13.23,-4.6,4.44089209850063E-15));
#16264=CARTESIAN_POINT('',(-36.23,-4.6,23.));
#16265=CARTESIAN_POINT('',(-36.23,-4.6,23.));
#16266=CARTESIAN_POINT('',(-30.73,-4.6,28.5));
#16267=CARTESIAN_POINT('Origin',(-30.73,-4.6,23.));
#16268=CARTESIAN_POINT('',(4.27,-4.6,28.5));
#16269=CARTESIAN_POINT('Origin',(-13.23,-4.6,2.22044604925031E-15));
#16270=CARTESIAN_POINT('',(-36.23,-4.6,-17.6635217326557));
#16271=CARTESIAN_POINT('',(-18.5919026473818,-4.6,-28.5));
#16272=CARTESIAN_POINT('Origin',(-13.23,-4.6,4.44089209850063E-15));
#16273=CARTESIAN_POINT('',(-30.73,-4.6,-28.5));
#16274=CARTESIAN_POINT('',(-30.73,-4.6,-28.5));
#16275=CARTESIAN_POINT('',(-36.23,-4.6,-23.));
#16276=CARTESIAN_POINT('Origin',(-30.73,-4.6,-23.));
#16277=CARTESIAN_POINT('',(-36.23,-4.6,23.));
#16278=CARTESIAN_POINT('Origin',(-13.23,-4.6,2.22044604925031E-15));
#16279=CARTESIAN_POINT('',(-7.8680973526182,-4.6,-28.5));
#16280=CARTESIAN_POINT('',(9.77000000000001,-4.6,-17.6635217326557));
#16281=CARTESIAN_POINT('Origin',(-13.23,-4.6,4.44089209850063E-15));
#16282=CARTESIAN_POINT('',(9.77000000000001,-4.6,-23.));
#16283=CARTESIAN_POINT('',(9.77000000000001,-4.6,-23.));
#16284=CARTESIAN_POINT('',(4.27,-4.6,-28.5));
#16285=CARTESIAN_POINT('Origin',(4.27,-4.6,-23.));
#16286=CARTESIAN_POINT('',(-30.73,-4.6,-28.5));
#16287=CARTESIAN_POINT('Origin',(4.27,-4.6,23.));
#16288=CARTESIAN_POINT('',(4.27,-5.4,28.5));
#16289=CARTESIAN_POINT('',(4.27,-4.6,28.5));
#16290=CARTESIAN_POINT('',(9.77,-5.4,23.));
#16291=CARTESIAN_POINT('Origin',(4.27,-5.4,23.));
#16292=CARTESIAN_POINT('',(9.77,-4.6,23.));
#16293=CARTESIAN_POINT('Origin',(9.77000000000001,-4.6,-23.));
#16294=CARTESIAN_POINT('',(9.77,-4.6,-11.5));
#16295=CARTESIAN_POINT('',(9.77000000000001,-5.4,-23.));
#16296=CARTESIAN_POINT('',(9.77000000000001,-5.4,-23.));
#16297=CARTESIAN_POINT('',(9.77000000000001,-4.6,-23.));
#16298=CARTESIAN_POINT('Origin',(4.27,-4.6,-23.));
#16299=CARTESIAN_POINT('',(4.27,-5.4,-28.5));
#16300=CARTESIAN_POINT('Origin',(4.27,-5.4,-23.));
#16301=CARTESIAN_POINT('',(4.27,-4.6,-28.5));
#16302=CARTESIAN_POINT('Origin',(-30.73,-4.6,-28.5));
#16303=CARTESIAN_POINT('',(-21.98,-4.6,-28.5));
#16304=CARTESIAN_POINT('',(-30.73,-5.4,-28.5));
#16305=CARTESIAN_POINT('',(-30.73,-5.4,-28.5));
#16306=CARTESIAN_POINT('',(-30.73,-4.6,-28.5));
#16307=CARTESIAN_POINT('Origin',(-30.73,-4.6,-23.));
#16308=CARTESIAN_POINT('',(-36.23,-5.4,-23.));
#16309=CARTESIAN_POINT('Origin',(-30.73,-5.4,-23.));
#16310=CARTESIAN_POINT('',(-36.23,-4.6,-23.));
#16311=CARTESIAN_POINT('Origin',(-36.23,-4.6,23.));
#16312=CARTESIAN_POINT('',(-36.23,-4.6,11.5));
#16313=CARTESIAN_POINT('',(-36.23,-5.4,23.));
#16314=CARTESIAN_POINT('',(-36.23,-5.4,23.));
#16315=CARTESIAN_POINT('',(-36.23,-4.6,23.));
#16316=CARTESIAN_POINT('Origin',(-30.73,-4.6,23.));
#16317=CARTESIAN_POINT('',(-30.73,-5.4,28.5));
#16318=CARTESIAN_POINT('Origin',(-30.73,-5.4,23.));
#16319=CARTESIAN_POINT('',(-30.73,-4.6,28.5));
#16320=CARTESIAN_POINT('Origin',(4.27,-4.6,28.5));
#16321=CARTESIAN_POINT('',(-4.48,-4.6,28.5));
#16322=CARTESIAN_POINT('',(4.27,-5.4,28.5));
#16323=CARTESIAN_POINT('Origin',(-13.23,-5.4,2.22044604925031E-15));
#16324=CARTESIAN_POINT('Origin',(-13.23,-4.6,4.44089209850063E-15));
#16325=CARTESIAN_POINT('',(-42.23,-4.6,8.89416380973301E-16));
#16326=CARTESIAN_POINT('Origin',(-13.23,-4.6,4.44089209850063E-15));
#16327=CARTESIAN_POINT('Origin',(-13.23,-4.6,4.44089209850063E-15));
#16328=CARTESIAN_POINT('Origin',(-13.23,-4.6,4.44089209850063E-15));
#16329=CARTESIAN_POINT('Origin',(-13.23,-4.6,4.44089209850063E-15));
#16330=CARTESIAN_POINT('Origin',(-13.23,-4.6,4.44089209850063E-15));
#16331=CARTESIAN_POINT('Origin',(-13.23,-4.6,4.44089209850063E-15));
#16332=CARTESIAN_POINT('Origin',(-13.23,-4.6,4.44089209850063E-15));
#16333=CARTESIAN_POINT('Origin',(-13.23,-4.6,4.44089209850063E-15));
#16334=CARTESIAN_POINT('Origin',(32.02,-17.5,9.25000000000001));
#16335=CARTESIAN_POINT('',(32.52,-17.5,9.25000000000001));
#16336=CARTESIAN_POINT('',(32.02,-17.5,9.25000000000001));
#16337=CARTESIAN_POINT('',(32.145,-17.5,9.25000000000001));
#16338=CARTESIAN_POINT('',(32.52,-17.7,9.25000000000001));
#16339=CARTESIAN_POINT('',(32.52,-17.5,9.25000000000001));
#16340=CARTESIAN_POINT('',(32.02,-17.7,9.25000000000001));
#16341=CARTESIAN_POINT('',(32.02,-17.7,9.25000000000001));
#16342=CARTESIAN_POINT('',(32.02,-17.5,9.25000000000001));
#16343=CARTESIAN_POINT('Origin',(32.02,-17.5,10.25));
#16344=CARTESIAN_POINT('',(32.02,-17.5,10.25));
#16345=CARTESIAN_POINT('',(32.02,-17.5,10.375));
#16346=CARTESIAN_POINT('',(32.02,-17.7,10.25));
#16347=CARTESIAN_POINT('',(32.02,-17.7,11.75));
#16348=CARTESIAN_POINT('',(32.02,-17.5,10.25));
#16349=CARTESIAN_POINT('Origin',(31.02,-17.5,10.25));
#16350=CARTESIAN_POINT('',(31.02,-17.5,10.25));
#16351=CARTESIAN_POINT('',(31.645,-17.5,10.25));
#16352=CARTESIAN_POINT('',(31.02,-17.7,10.25));
#16353=CARTESIAN_POINT('',(31.02,-17.7,10.25));
#16354=CARTESIAN_POINT('',(31.02,-17.5,10.25));
#16355=CARTESIAN_POINT('Origin',(31.02,-17.5,10.75));
#16356=CARTESIAN_POINT('',(31.02,-17.5,10.75));
#16357=CARTESIAN_POINT('',(31.02,-17.5,10.625));
#16358=CARTESIAN_POINT('',(31.02,-17.7,10.75));
#16359=CARTESIAN_POINT('',(31.02,-17.7,10.75));
#16360=CARTESIAN_POINT('',(31.02,-17.5,10.75));
#16361=CARTESIAN_POINT('Origin',(32.02,-17.5,10.75));
#16362=CARTESIAN_POINT('',(32.02,-17.5,10.75));
#16363=CARTESIAN_POINT('',(32.145,-17.5,10.75));
#16364=CARTESIAN_POINT('',(32.02,-17.7,10.75));
#16365=CARTESIAN_POINT('',(33.52,-17.7,10.75));
#16366=CARTESIAN_POINT('',(32.02,-17.5,10.75));
#16367=CARTESIAN_POINT('Origin',(32.02,-17.5,11.75));
#16368=CARTESIAN_POINT('',(32.02,-17.5,11.75));
#16369=CARTESIAN_POINT('',(32.02,-17.5,11.125));
#16370=CARTESIAN_POINT('',(32.02,-17.7,11.75));
#16371=CARTESIAN_POINT('',(32.02,-17.7,11.75));
#16372=CARTESIAN_POINT('',(32.02,-17.5,11.75));
#16373=CARTESIAN_POINT('Origin',(32.52,-17.5,11.75));
#16374=CARTESIAN_POINT('',(32.52,-17.5,11.75));
#16375=CARTESIAN_POINT('',(32.395,-17.5,11.75));
#16376=CARTESIAN_POINT('',(32.52,-17.7,11.75));
#16377=CARTESIAN_POINT('',(32.52,-17.7,11.75));
#16378=CARTESIAN_POINT('',(32.52,-17.5,11.75));
#16379=CARTESIAN_POINT('Origin',(32.52,-17.5,10.75));
#16380=CARTESIAN_POINT('',(32.52,-17.5,10.75));
#16381=CARTESIAN_POINT('',(32.52,-17.5,10.625));
#16382=CARTESIAN_POINT('',(32.52,-17.7,10.75));
#16383=CARTESIAN_POINT('',(32.52,-17.7,9.25000000000001));
#16384=CARTESIAN_POINT('',(32.52,-17.5,10.75));
#16385=CARTESIAN_POINT('Origin',(33.52,-17.5,10.75));
#16386=CARTESIAN_POINT('',(33.52,-17.5,10.75));
#16387=CARTESIAN_POINT('',(32.895,-17.5,10.75));
#16388=CARTESIAN_POINT('',(33.52,-17.7,10.75));
#16389=CARTESIAN_POINT('',(33.52,-17.7,10.75));
#16390=CARTESIAN_POINT('',(33.52,-17.5,10.75));
#16391=CARTESIAN_POINT('Origin',(33.52,-17.5,10.25));
#16392=CARTESIAN_POINT('',(33.52,-17.5,10.25));
#16393=CARTESIAN_POINT('',(33.52,-17.5,10.375));
#16394=CARTESIAN_POINT('',(33.52,-17.7,10.25));
#16395=CARTESIAN_POINT('',(33.52,-17.7,10.25));
#16396=CARTESIAN_POINT('',(33.52,-17.5,10.25));
#16397=CARTESIAN_POINT('Origin',(32.52,-17.5,10.25));
#16398=CARTESIAN_POINT('',(32.52,-17.5,10.25));
#16399=CARTESIAN_POINT('',(32.395,-17.5,10.25));
#16400=CARTESIAN_POINT('',(32.52,-17.7,10.25));
#16401=CARTESIAN_POINT('',(31.02,-17.7,10.25));
#16402=CARTESIAN_POINT('',(32.52,-17.5,10.25));
#16403=CARTESIAN_POINT('Origin',(32.52,-17.5,9.25000000000001));
#16404=CARTESIAN_POINT('',(32.52,-17.5,9.87500000000001));
#16405=CARTESIAN_POINT('',(32.52,-17.7,9.25000000000001));
#16406=CARTESIAN_POINT('Origin',(32.27,-17.7,10.5));
#16407=CARTESIAN_POINT('Origin',(32.27,-18.,10.5));
#16408=CARTESIAN_POINT('',(30.77,-18.,10.5));
#16409=CARTESIAN_POINT('Origin',(32.27,-18.,10.5));
#16410=CARTESIAN_POINT('',(30.77,-17.5,10.5));
#16411=CARTESIAN_POINT('',(30.77,-18.,10.5));
#16412=CARTESIAN_POINT('Origin',(32.27,-17.5,10.5));
#16413=CARTESIAN_POINT('Origin',(32.27,-17.5,10.5));
#16414=CARTESIAN_POINT('Origin',(29.87,-20.5,10.));
#16415=CARTESIAN_POINT('',(29.87,-20.5,10.4));
#16416=CARTESIAN_POINT('Origin',(29.87,-20.5,10.));
#16417=CARTESIAN_POINT('',(29.37,-20.5,10.4));
#16418=CARTESIAN_POINT('',(29.87,-20.5,10.4));
#16419=CARTESIAN_POINT('Origin',(29.37,-20.5,10.));
#16420=CARTESIAN_POINT('Origin',(35.17,-20.5,-10.));
#16421=CARTESIAN_POINT('',(35.17,-20.5,-9.6));
#16422=CARTESIAN_POINT('Origin',(35.17,-20.5,-10.));
#16423=CARTESIAN_POINT('',(34.67,-20.5,-9.6));
#16424=CARTESIAN_POINT('',(35.17,-20.5,-9.6));
#16425=CARTESIAN_POINT('Origin',(34.67,-20.5,-10.));
#16426=CARTESIAN_POINT('Origin',(29.745,-21.25,10.75));
#16427=CARTESIAN_POINT('',(29.37,-21.,11.));
#16428=CARTESIAN_POINT('',(29.37,-21.5,10.5));
#16429=CARTESIAN_POINT('',(29.37,-20.375,11.625));
#16430=CARTESIAN_POINT('',(29.87,-21.5,10.5));
#16431=CARTESIAN_POINT('',(29.745,-21.5,10.5));
#16432=CARTESIAN_POINT('',(29.87,-21.,11.));
#16433=CARTESIAN_POINT('',(29.87,-20.875,11.125));
#16434=CARTESIAN_POINT('',(29.745,-21.,11.));
#16435=CARTESIAN_POINT('Origin',(29.87,-18.,9.00000000000001));
#16436=CARTESIAN_POINT('',(29.87,-21.5,9.50000000000001));
#16437=CARTESIAN_POINT('',(29.87,-21.5,9.00000000000001));
#16438=CARTESIAN_POINT('',(29.87,-21.,9.00000000000001));
#16439=CARTESIAN_POINT('',(29.87,-20.375,8.37500000000001));
#16440=CARTESIAN_POINT('',(29.87,-18.,9.00000000000001));
#16441=CARTESIAN_POINT('',(29.87,-18.,9.00000000000001));
#16442=CARTESIAN_POINT('',(29.87,-18.,11.));
#16443=CARTESIAN_POINT('',(29.87,-18.,5.85952311617693));
#16444=CARTESIAN_POINT('',(29.87,-18.,11.));
#16445=CARTESIAN_POINT('Origin',(29.62,-21.5,10.));
#16446=CARTESIAN_POINT('',(29.37,-21.5,9.50000000000001));
#16447=CARTESIAN_POINT('',(29.37,-21.5,11.));
#16448=CARTESIAN_POINT('',(29.495,-21.5,9.50000000000001));
#16449=CARTESIAN_POINT('Origin',(29.495,-21.25,9.25000000000001));
#16450=CARTESIAN_POINT('',(29.37,-21.,9.00000000000001));
#16451=CARTESIAN_POINT('',(29.37,-20.875,8.87500000000001));
#16452=CARTESIAN_POINT('',(29.495,-21.,9.00000000000001));
#16453=CARTESIAN_POINT('Origin',(35.045,-21.25,-9.25));
#16454=CARTESIAN_POINT('',(34.67,-21.,-9.));
#16455=CARTESIAN_POINT('',(34.67,-21.5,-9.5));
#16456=CARTESIAN_POINT('',(34.67,-20.375,-8.375));
#16457=CARTESIAN_POINT('',(35.17,-21.5,-9.5));
#16458=CARTESIAN_POINT('',(35.045,-21.5,-9.5));
#16459=CARTESIAN_POINT('',(35.17,-21.,-9.));
#16460=CARTESIAN_POINT('',(35.17,-20.875,-8.875));
#16461=CARTESIAN_POINT('',(35.045,-21.,-9.));
#16462=CARTESIAN_POINT('Origin',(35.17,-18.,-11.));
#16463=CARTESIAN_POINT('',(35.17,-21.5,-10.5));
#16464=CARTESIAN_POINT('',(35.17,-21.5,-11.));
#16465=CARTESIAN_POINT('',(35.17,-21.,-11.));
#16466=CARTESIAN_POINT('',(35.17,-20.375,-11.625));
#16467=CARTESIAN_POINT('',(35.17,-18.,-11.));
#16468=CARTESIAN_POINT('',(35.17,-18.,-11.));
#16469=CARTESIAN_POINT('',(35.17,-18.,-9.));
#16470=CARTESIAN_POINT('',(35.17,-18.,-4.14047688382307));
#16471=CARTESIAN_POINT('',(35.17,-18.,-9.));
#16472=CARTESIAN_POINT('Origin',(34.92,-21.5,-10.));
#16473=CARTESIAN_POINT('',(34.67,-21.5,-10.5));
#16474=CARTESIAN_POINT('',(34.67,-21.5,-9.));
#16475=CARTESIAN_POINT('',(34.795,-21.5,-10.5));
#16476=CARTESIAN_POINT('Origin',(34.795,-21.25,-10.75));
#16477=CARTESIAN_POINT('',(34.67,-21.,-11.));
#16478=CARTESIAN_POINT('',(34.67,-20.875,-11.125));
#16479=CARTESIAN_POINT('',(34.795,-21.,-11.));
#16480=CARTESIAN_POINT('Origin',(29.37,-18.,11.));
#16481=CARTESIAN_POINT('',(29.37,-18.,11.));
#16482=CARTESIAN_POINT('',(29.37,-18.,11.));
#16483=CARTESIAN_POINT('',(29.37,-18.,9.00000000000001));
#16484=CARTESIAN_POINT('',(29.37,-18.,6.85952311617693));
#16485=CARTESIAN_POINT('',(29.37,-18.,9.00000000000001));
#16486=CARTESIAN_POINT('Origin',(29.87,-18.,11.));
#16487=CARTESIAN_POINT('',(33.4165866724345,-18.,11.));
#16488=CARTESIAN_POINT('Origin',(29.37,-18.,9.00000000000001));
#16489=CARTESIAN_POINT('',(33.1665866724345,-18.,9.));
#16490=CARTESIAN_POINT('Origin',(34.67,-18.,-11.));
#16491=CARTESIAN_POINT('',(34.67,-18.,-11.));
#16492=CARTESIAN_POINT('',(34.67,-18.,-11.));
#16493=CARTESIAN_POINT('',(35.8165866724345,-18.,-11.));
#16494=CARTESIAN_POINT('Origin',(34.67,-18.,-9.));
#16495=CARTESIAN_POINT('',(34.67,-18.,-9.));
#16496=CARTESIAN_POINT('',(34.67,-18.,-9.));
#16497=CARTESIAN_POINT('',(34.67,-18.,-3.14047688382307));
#16498=CARTESIAN_POINT('Origin',(35.17,-18.,-9.));
#16499=CARTESIAN_POINT('',(36.0665866724345,-18.,-8.99999999999999));
#16500=CARTESIAN_POINT('Origin',(36.9631733448691,-16.,2.71904623235386));
#16501=CARTESIAN_POINT('',(36.17,-16.,9.42496684344301));
#16502=CARTESIAN_POINT('',(28.37,-16.,9.42496684344301));
#16503=CARTESIAN_POINT('Origin',(32.27,-16.,3.93479016566043E-15));
#16504=CARTESIAN_POINT('',(28.37,-16.,13.4458171934621));
#16505=CARTESIAN_POINT('',(28.37,-16.,16.5));
#16506=CARTESIAN_POINT('',(30.77,-16.,13.9194109070751));
#16507=CARTESIAN_POINT('Origin',(32.27,-16.,3.93479016566043E-15));
#16508=CARTESIAN_POINT('',(33.77,-16.,13.9194109070751));
#16509=CARTESIAN_POINT('Origin',(32.27,-16.,3.93479016566043E-15));
#16510=CARTESIAN_POINT('',(36.17,-16.,13.4458171934621));
#16511=CARTESIAN_POINT('Origin',(32.27,-16.,3.93479016566043E-15));
#16512=CARTESIAN_POINT('',(36.17,-16.,-16.5));
#16513=CARTESIAN_POINT('Origin',(36.9631733448691,-16.,2.71904623235386));
#16514=CARTESIAN_POINT('',(18.3352413009769,-16.,-1.35));
#16515=CARTESIAN_POINT('',(18.3352413009769,-16.,1.35));
#16516=CARTESIAN_POINT('Origin',(32.27,-16.,3.93479016566043E-15));
#16517=CARTESIAN_POINT('',(22.1597329412127,-16.,1.35));
#16518=CARTESIAN_POINT('',(49.27,-16.,1.35));
#16519=CARTESIAN_POINT('',(22.1597329412127,-16.,-1.35));
#16520=CARTESIAN_POINT('Origin',(32.27,-16.,3.93479016566043E-15));
#16521=CARTESIAN_POINT('',(15.27,-16.,-1.35));
#16522=CARTESIAN_POINT('Origin',(36.9631733448691,-16.,2.71904623235386));
#16523=CARTESIAN_POINT('',(36.17,-16.,-13.4458171934621));
#16524=CARTESIAN_POINT('',(33.77,-16.,-13.919410907075));
#16525=CARTESIAN_POINT('Origin',(32.27,-16.,3.93479016566043E-15));
#16526=CARTESIAN_POINT('',(30.77,-16.,-13.9194109070751));
#16527=CARTESIAN_POINT('Origin',(32.27,-16.,3.93479016566043E-15));
#16528=CARTESIAN_POINT('',(28.37,-16.,-13.4458171934621));
#16529=CARTESIAN_POINT('Origin',(32.27,-16.,3.93479016566043E-15));
#16530=CARTESIAN_POINT('',(28.37,-16.,-9.424966843443));
#16531=CARTESIAN_POINT('',(28.37,-16.,16.5));
#16532=CARTESIAN_POINT('',(36.17,-16.,-9.424966843443));
#16533=CARTESIAN_POINT('Origin',(32.27,-16.,3.93479016566043E-15));
#16534=CARTESIAN_POINT('',(36.17,-16.,-16.5));
#16535=CARTESIAN_POINT('Origin',(32.27,-16.,3.93479016566043E-15));
#16536=CARTESIAN_POINT('',(35.0630717856869,-16.,-2.79307178568686));
#16537=CARTESIAN_POINT('',(29.4769282143131,-16.,-2.79307178568686));
#16538=CARTESIAN_POINT('Origin',(32.27,-16.,3.93479016566043E-15));
#16539=CARTESIAN_POINT('',(35.0630717856869,-18.,-2.79307178568686));
#16540=CARTESIAN_POINT('',(35.0630717856869,-16.,-2.79307178568686));
#16541=CARTESIAN_POINT('',(29.4769282143131,-18.,-2.79307178568686));
#16542=CARTESIAN_POINT('Origin',(32.27,-18.,3.93479016566043E-15));
#16543=CARTESIAN_POINT('',(29.4769282143131,-16.,-2.79307178568686));
#16544=CARTESIAN_POINT('Origin',(28.6284000768893,-16.,-3.64159992311072));
#16545=CARTESIAN_POINT('',(28.6284000768893,-16.,-3.64159992311072));
#16546=CARTESIAN_POINT('',(30.4492000384447,-16.,-1.82079996155536));
#16547=CARTESIAN_POINT('',(28.6284000768893,-18.,-3.64159992311072));
#16548=CARTESIAN_POINT('',(28.6284000768893,-18.,-3.64159992311072));
#16549=CARTESIAN_POINT('',(28.6284000768893,-16.,-3.64159992311072));
#16550=CARTESIAN_POINT('Origin',(32.27,-16.,3.93479016566043E-15));
#16551=CARTESIAN_POINT('',(35.9115999231107,-16.,-3.64159992311072));
#16552=CARTESIAN_POINT('Origin',(32.27,-16.,3.93479016566043E-15));
#16553=CARTESIAN_POINT('',(35.9115999231107,-18.,-3.64159992311072));
#16554=CARTESIAN_POINT('Origin',(32.27,-18.,3.93479016566043E-15));
#16555=CARTESIAN_POINT('',(35.9115999231107,-16.,-3.64159992311072));
#16556=CARTESIAN_POINT('Origin',(35.0630717856869,-16.,-2.79307178568686));
#16557=CARTESIAN_POINT('',(33.6665358928434,-16.,-1.39653589284343));
#16558=CARTESIAN_POINT('',(32.27,-18.,3.93479016566043E-15));
#16559=CARTESIAN_POINT('Origin',(29.4769282143131,-16.,2.79307178568687));
#16560=CARTESIAN_POINT('',(28.6284000768893,-16.,3.64159992311072));
#16561=CARTESIAN_POINT('',(29.4769282143131,-16.,2.79307178568687));
#16562=CARTESIAN_POINT('',(30.8734641071566,-16.,1.39653589284344));
#16563=CARTESIAN_POINT('',(28.6284000768893,-18.,3.64159992311072));
#16564=CARTESIAN_POINT('',(28.6284000768893,-16.,3.64159992311072));
#16565=CARTESIAN_POINT('',(29.4769282143131,-18.,2.79307178568687));
#16566=CARTESIAN_POINT('',(32.27,-18.,3.93479016566043E-15));
#16567=CARTESIAN_POINT('',(29.4769282143131,-16.,2.79307178568687));
#16568=CARTESIAN_POINT('Origin',(32.27,-16.,3.93479016566043E-15));
#16569=CARTESIAN_POINT('',(35.0630717856869,-16.,2.79307178568687));
#16570=CARTESIAN_POINT('Origin',(32.27,-16.,3.93479016566043E-15));
#16571=CARTESIAN_POINT('',(35.0630717856869,-18.,2.79307178568687));
#16572=CARTESIAN_POINT('Origin',(32.27,-18.,3.93479016566043E-15));
#16573=CARTESIAN_POINT('',(35.0630717856869,-16.,2.79307178568687));
#16574=CARTESIAN_POINT('Origin',(35.9115999231107,-16.,3.64159992311072));
#16575=CARTESIAN_POINT('',(35.9115999231107,-16.,3.64159992311072));
#16576=CARTESIAN_POINT('',(34.0907999615554,-16.,1.82079996155536));
#16577=CARTESIAN_POINT('',(35.9115999231107,-18.,3.64159992311072));
#16578=CARTESIAN_POINT('',(35.9115999231107,-18.,3.64159992311072));
#16579=CARTESIAN_POINT('',(35.9115999231107,-16.,3.64159992311072));
#16580=CARTESIAN_POINT('Origin',(32.27,-16.,3.93479016566043E-15));
#16581=CARTESIAN_POINT('Origin',(32.27,-16.,3.93479016566043E-15));
#16582=CARTESIAN_POINT('Origin',(32.27,-18.,3.93479016566043E-15));
#16583=CARTESIAN_POINT('Origin',(32.27,-16.,3.93479016566043E-15));
#16584=CARTESIAN_POINT('',(36.17,-16.,4.08809246470772));
#16585=CARTESIAN_POINT('',(37.7563466897381,-16.,1.35));
#16586=CARTESIAN_POINT('Origin',(32.27,-16.,3.93479016566043E-15));
#16587=CARTESIAN_POINT('',(36.17,-18.,4.08809246470772));
#16588=CARTESIAN_POINT('',(36.17,-16.,4.08809246470772));
#16589=CARTESIAN_POINT('',(37.7563466897381,-18.,1.35));
#16590=CARTESIAN_POINT('Origin',(32.27,-18.,3.93479016566043E-15));
#16591=CARTESIAN_POINT('',(37.7563466897381,-16.,1.35));
#16592=CARTESIAN_POINT('Origin',(48.2129451482466,-16.,1.35));
#16593=CARTESIAN_POINT('',(46.2047586990231,-16.,1.35));
#16594=CARTESIAN_POINT('',(48.2129451482466,-16.,1.35));
#16595=CARTESIAN_POINT('',(40.2414725741233,-16.,1.35));
#16596=CARTESIAN_POINT('',(42.3802670587873,-16.,1.35));
#16597=CARTESIAN_POINT('',(49.27,-16.,1.35));
#16598=CARTESIAN_POINT('',(40.2414725741233,-16.,1.35));
#16599=CARTESIAN_POINT('',(48.2129451482466,-18.,1.35));
#16600=CARTESIAN_POINT('',(49.27,-18.,1.35));
#16601=CARTESIAN_POINT('',(48.2129451482466,-16.,1.35));
#16602=CARTESIAN_POINT('Origin',(37.7563466897381,-16.,-1.35));
#16603=CARTESIAN_POINT('',(42.3802670587873,-16.,-1.35));
#16604=CARTESIAN_POINT('',(37.7563466897381,-16.,-1.35));
#16605=CARTESIAN_POINT('',(35.0131733448691,-16.,-1.35));
#16606=CARTESIAN_POINT('',(46.2047586990231,-16.,-1.35));
#16607=CARTESIAN_POINT('',(15.27,-16.,-1.35));
#16608=CARTESIAN_POINT('',(48.2129451482466,-16.,-1.35));
#16609=CARTESIAN_POINT('',(35.0131733448691,-16.,-1.35));
#16610=CARTESIAN_POINT('',(48.2129451482466,-18.,-1.35));
#16611=CARTESIAN_POINT('',(48.2129451482466,-16.,-1.35));
#16612=CARTESIAN_POINT('',(37.7563466897381,-18.,-1.35));
#16613=CARTESIAN_POINT('',(15.27,-18.,-1.35));
#16614=CARTESIAN_POINT('',(37.7563466897381,-16.,-1.35));
#16615=CARTESIAN_POINT('Origin',(32.27,-16.,3.93479016566043E-15));
#16616=CARTESIAN_POINT('',(36.17,-16.,-4.08809246470771));
#16617=CARTESIAN_POINT('Origin',(32.27,-16.,3.93479016566043E-15));
#16618=CARTESIAN_POINT('',(36.17,-18.,-4.08809246470771));
#16619=CARTESIAN_POINT('Origin',(32.27,-18.,3.93479016566043E-15));
#16620=CARTESIAN_POINT('',(36.17,-16.,-4.08809246470771));
#16621=CARTESIAN_POINT('Origin',(36.17,-16.,-15.5174095776325));
#16622=CARTESIAN_POINT('',(36.17,-16.,-15.5174095776325));
#16623=CARTESIAN_POINT('',(36.17,-16.,-7.75870478881623));
#16624=CARTESIAN_POINT('',(36.17,-16.,-7.75870478881623));
#16625=CARTESIAN_POINT('',(36.17,-18.,-15.5174095776325));
#16626=CARTESIAN_POINT('',(36.17,-18.,-16.5));
#16627=CARTESIAN_POINT('',(36.17,-16.,-15.5174095776325));
#16628=CARTESIAN_POINT('Origin',(32.27,-16.,3.93479016566043E-15));
#16629=CARTESIAN_POINT('',(33.77,-18.,-13.919410907075));
#16630=CARTESIAN_POINT('',(33.77,-16.,-13.919410907075));
#16631=CARTESIAN_POINT('',(30.77,-18.,-13.9194109070751));
#16632=CARTESIAN_POINT('Origin',(32.27,-18.,3.93479016566043E-15));
#16633=CARTESIAN_POINT('',(30.77,-16.,-13.9194109070751));
#16634=CARTESIAN_POINT('Origin',(28.37,-16.,-4.08809246470771));
#16635=CARTESIAN_POINT('',(28.37,-16.,-4.08809246470771));
#16636=CARTESIAN_POINT('',(28.37,-16.,-2.04404623235385));
#16637=CARTESIAN_POINT('',(28.37,-16.,-15.5174095776325));
#16638=CARTESIAN_POINT('',(28.37,-16.,-2.04404623235385));
#16639=CARTESIAN_POINT('',(28.37,-18.,-15.5174095776325));
#16640=CARTESIAN_POINT('',(28.37,-16.,-15.5174095776325));
#16641=CARTESIAN_POINT('',(28.37,-18.,-4.08809246470771));
#16642=CARTESIAN_POINT('',(28.37,-18.,16.5));
#16643=CARTESIAN_POINT('',(28.37,-16.,-4.08809246470771));
#16644=CARTESIAN_POINT('Origin',(32.27,-16.,3.93479016566043E-15));
#16645=CARTESIAN_POINT('',(26.7836533102619,-16.,-1.35));
#16646=CARTESIAN_POINT('Origin',(32.27,-16.,3.93479016566043E-15));
#16647=CARTESIAN_POINT('',(26.7836533102619,-18.,-1.35));
#16648=CARTESIAN_POINT('Origin',(32.27,-18.,3.93479016566043E-15));
#16649=CARTESIAN_POINT('',(26.7836533102619,-16.,-1.35));
#16650=CARTESIAN_POINT('Origin',(16.3270548517534,-16.,-1.35));
#16651=CARTESIAN_POINT('',(16.3270548517534,-16.,-1.35));
#16652=CARTESIAN_POINT('',(24.2985274258767,-16.,-1.35));
#16653=CARTESIAN_POINT('',(24.2985274258767,-16.,-1.35));
#16654=CARTESIAN_POINT('',(16.3270548517534,-18.,-1.35));
#16655=CARTESIAN_POINT('',(15.27,-18.,-1.35));
#16656=CARTESIAN_POINT('',(16.3270548517534,-16.,-1.35));
#16657=CARTESIAN_POINT('Origin',(26.7836533102619,-16.,1.35));
#16658=CARTESIAN_POINT('',(26.7836533102619,-16.,1.35));
#16659=CARTESIAN_POINT('',(29.526826655131,-16.,1.35));
#16660=CARTESIAN_POINT('',(16.3270548517534,-16.,1.35));
#16661=CARTESIAN_POINT('',(29.526826655131,-16.,1.35));
#16662=CARTESIAN_POINT('',(16.3270548517534,-18.,1.35));
#16663=CARTESIAN_POINT('',(16.3270548517534,-16.,1.35));
#16664=CARTESIAN_POINT('',(26.7836533102619,-18.,1.35));
#16665=CARTESIAN_POINT('',(49.27,-18.,1.35));
#16666=CARTESIAN_POINT('',(26.7836533102619,-16.,1.35));
#16667=CARTESIAN_POINT('Origin',(32.27,-16.,3.93479016566043E-15));
#16668=CARTESIAN_POINT('',(28.37,-16.,4.08809246470772));
#16669=CARTESIAN_POINT('Origin',(32.27,-16.,3.93479016566043E-15));
#16670=CARTESIAN_POINT('',(28.37,-18.,4.08809246470772));
#16671=CARTESIAN_POINT('Origin',(32.27,-18.,3.93479016566043E-15));
#16672=CARTESIAN_POINT('',(28.37,-16.,4.08809246470772));
#16673=CARTESIAN_POINT('Origin',(28.37,-16.,15.5174095776325));
#16674=CARTESIAN_POINT('',(28.37,-16.,15.5174095776325));
#16675=CARTESIAN_POINT('',(28.37,-16.,7.75870478881624));
#16676=CARTESIAN_POINT('',(28.37,-16.,7.75870478881624));
#16677=CARTESIAN_POINT('',(28.37,-18.,15.5174095776325));
#16678=CARTESIAN_POINT('',(28.37,-18.,16.5));
#16679=CARTESIAN_POINT('',(28.37,-16.,15.5174095776325));
#16680=CARTESIAN_POINT('Origin',(32.27,-16.,3.93479016566043E-15));
#16681=CARTESIAN_POINT('',(30.77,-18.,13.9194109070751));
#16682=CARTESIAN_POINT('',(30.77,-16.,13.9194109070751));
#16683=CARTESIAN_POINT('',(33.77,-18.,13.9194109070751));
#16684=CARTESIAN_POINT('Origin',(32.27,-18.,3.93479016566043E-15));
#16685=CARTESIAN_POINT('',(33.77,-16.,13.9194109070751));
#16686=CARTESIAN_POINT('Origin',(36.17,-16.,4.08809246470772));
#16687=CARTESIAN_POINT('',(36.17,-16.,2.04404623235386));
#16688=CARTESIAN_POINT('',(36.17,-16.,15.5174095776325));
#16689=CARTESIAN_POINT('',(36.17,-16.,2.04404623235386));
#16690=CARTESIAN_POINT('',(36.17,-18.,15.5174095776325));
#16691=CARTESIAN_POINT('',(36.17,-16.,15.5174095776325));
#16692=CARTESIAN_POINT('',(36.17,-18.,-16.5));
#16693=CARTESIAN_POINT('Origin',(36.9631733448691,-18.,2.71904623235386));
#16694=CARTESIAN_POINT('',(33.77,-18.,15.929532322074));
#16695=CARTESIAN_POINT('Origin',(32.27,-18.,3.93479016566043E-15));
#16696=CARTESIAN_POINT('',(33.77,-18.,15.929532322074));
#16697=CARTESIAN_POINT('',(30.77,-18.,15.929532322074));
#16698=CARTESIAN_POINT('',(30.77,-18.,13.9194109070751));
#16699=CARTESIAN_POINT('Origin',(32.27,-18.,3.93479016566043E-15));
#16700=CARTESIAN_POINT('',(16.27,-18.,1.97535528702467E-15));
#16701=CARTESIAN_POINT('Origin',(32.27,-18.,3.93479016566043E-15));
#16702=CARTESIAN_POINT('Origin',(32.27,-18.,3.93479016566043E-15));
#16703=CARTESIAN_POINT('',(30.77,-18.,-15.929532322074));
#16704=CARTESIAN_POINT('Origin',(32.27,-18.,3.93479016566043E-15));
#16705=CARTESIAN_POINT('',(30.77,-18.,-15.929532322074));
#16706=CARTESIAN_POINT('',(33.77,-18.,-15.929532322074));
#16707=CARTESIAN_POINT('',(33.77,-18.,-13.919410907075));
#16708=CARTESIAN_POINT('Origin',(32.27,-18.,3.93479016566043E-15));
#16709=CARTESIAN_POINT('Origin',(32.27,-18.,3.93479016566043E-15));
#16710=CARTESIAN_POINT('Origin',(36.9631733448691,-16.,2.71904623235386));
#16711=CARTESIAN_POINT('Origin',(32.27,-16.,3.93479016566043E-15));
#16712=CARTESIAN_POINT('',(42.47,-16.,2.68565043053013E-15));
#16713=CARTESIAN_POINT('Origin',(32.27,-16.,3.93479016566043E-15));
#16714=CARTESIAN_POINT('Origin',(32.27,-16.,3.93479016566043E-15));
#16715=CARTESIAN_POINT('Origin',(32.27,-16.,4.44089209850063E-15));
#16716=CARTESIAN_POINT('',(47.7518941906121,-16.,4.03868199672776));
#16717=CARTESIAN_POINT('Origin',(32.27,-16.,3.93479016566043E-15));
#16718=CARTESIAN_POINT('',(45.8629979300538,-16.,3.35117998226783));
#16719=CARTESIAN_POINT('',(40.2674622028003,-16.,1.31457153277445));
#16720=CARTESIAN_POINT('Origin',(32.27,-16.,3.93479016566043E-15));
#16721=CARTESIAN_POINT('Origin',(32.27,-16.,4.44089209850063E-15));
#16722=CARTESIAN_POINT('',(45.8629979300538,-16.,-3.35117998226782));
#16723=CARTESIAN_POINT('Origin',(32.27,-16.,3.93479016566043E-15));
#16724=CARTESIAN_POINT('',(47.7518941906121,-16.,-4.03868199672776));
#16725=CARTESIAN_POINT('',(39.3230140725212,-16.,-0.970820525544477));
#16726=CARTESIAN_POINT('Origin',(32.27,-16.,3.93479016566043E-15));
#16727=CARTESIAN_POINT('Origin',(32.27,-16.,4.44089209850063E-15));
#16728=CARTESIAN_POINT('',(16.788105809388,-16.,-4.03868199672775));
#16729=CARTESIAN_POINT('Origin',(32.27,-16.,3.93479016566043E-15));
#16730=CARTESIAN_POINT('',(18.6770020699462,-16.,-3.35117998226782));
#16731=CARTESIAN_POINT('',(24.2725377971997,-16.,-1.31457153277444));
#16732=CARTESIAN_POINT('Origin',(32.27,-16.,3.93479016566043E-15));
#16733=CARTESIAN_POINT('Origin',(32.27,-16.,4.44089209850063E-15));
#16734=CARTESIAN_POINT('',(18.6770020699462,-16.,3.35117998226782));
#16735=CARTESIAN_POINT('Origin',(32.27,-16.,3.93479016566043E-15));
#16736=CARTESIAN_POINT('',(16.788105809388,-16.,4.03868199672776));
#16737=CARTESIAN_POINT('',(25.2169859274788,-16.,0.970820525544484));
#16738=CARTESIAN_POINT('Origin',(32.27,-16.,3.93479016566043E-15));
#16739=CARTESIAN_POINT('Origin',(32.27,-16.,4.44089209850063E-15));
#16740=CARTESIAN_POINT('Origin',(32.27,-16.,4.44089209850063E-15));
#16741=CARTESIAN_POINT('Origin',(32.27,-16.,3.93479016566043E-15));
#16742=CARTESIAN_POINT('Origin',(32.27,-16.,4.44089209850063E-15));
#16743=CARTESIAN_POINT('Origin',(32.27,-16.,3.93479016566043E-15));
#16744=CARTESIAN_POINT('Origin',(32.27,-16.,4.44089209850063E-15));
#16745=CARTESIAN_POINT('Origin',(32.27,-16.,3.93479016566043E-15));
#16746=CARTESIAN_POINT('Origin',(32.27,-16.,4.44089209850063E-15));
#16747=CARTESIAN_POINT('Origin',(32.27,-16.,3.93479016566043E-15));
#16748=CARTESIAN_POINT('Origin',(32.27,-16.,3.93479016566043E-15));
#16749=CARTESIAN_POINT('',(42.47,-13.5,4.9960036108132E-15));
#16750=CARTESIAN_POINT('',(42.47,-16.,2.68565043053013E-15));
#16751=CARTESIAN_POINT('Origin',(32.27,-13.5,3.93479016566043E-15));
#16752=CARTESIAN_POINT('Origin',(19.7030624999232,-16.,-6.17025784462554));
#16753=CARTESIAN_POINT('',(19.7030624999232,-16.,-6.17025784462554));
#16754=CARTESIAN_POINT('',(17.814166239365,-16.,-6.85775985908548));
#16755=CARTESIAN_POINT('',(26.2430463574559,-16.,-3.7898983879022));
#16756=CARTESIAN_POINT('',(19.7030624999232,-13.5,-6.17025784462554));
#16757=CARTESIAN_POINT('',(19.7030624999232,-16.,-6.17025784462554));
#16758=CARTESIAN_POINT('',(17.814166239365,-13.5,-6.85775985908548));
#16759=CARTESIAN_POINT('',(17.7479482824139,-13.5,-6.8818612243896));
#16760=CARTESIAN_POINT('',(17.814166239365,1.8,-6.85775985908548));
#16761=CARTESIAN_POINT('Origin',(32.27,-16.,3.93479016566043E-15));
#16762=CARTESIAN_POINT('',(30.77,-13.5,-13.9194109070751));
#16763=CARTESIAN_POINT('',(30.77,-16.,-13.9194109070751));
#16764=CARTESIAN_POINT('Origin',(32.27,-13.5,3.93479016566043E-15));
#16765=CARTESIAN_POINT('Origin',(32.27,-16.,3.93479016566043E-15));
#16766=CARTESIAN_POINT('Origin',(30.77,-16.,-15.929532322074));
#16767=CARTESIAN_POINT('',(30.77,-13.5,-15.929532322074));
#16768=CARTESIAN_POINT('',(30.77,1.8,-15.929532322074));
#16769=CARTESIAN_POINT('',(30.77,-13.5,3.93479016566043E-15));
#16770=CARTESIAN_POINT('Origin',(33.77,-16.,-13.919410907075));
#16771=CARTESIAN_POINT('',(33.77,-13.5,-13.919410907075));
#16772=CARTESIAN_POINT('',(33.77,-16.,-13.919410907075));
#16773=CARTESIAN_POINT('',(33.77,-13.5,-15.929532322074));
#16774=CARTESIAN_POINT('',(33.77,-13.5,-16.));
#16775=CARTESIAN_POINT('',(33.77,1.8,-15.929532322074));
#16776=CARTESIAN_POINT('Origin',(32.27,-16.,3.93479016566043E-15));
#16777=CARTESIAN_POINT('',(44.8369375000768,-16.,-6.17025784462555));
#16778=CARTESIAN_POINT('Origin',(32.27,-16.,3.93479016566043E-15));
#16779=CARTESIAN_POINT('',(44.8369375000768,-13.5,-6.17025784462555));
#16780=CARTESIAN_POINT('',(44.8369375000768,-16.,-6.17025784462555));
#16781=CARTESIAN_POINT('Origin',(32.27,-13.5,3.93479016566043E-15));
#16782=CARTESIAN_POINT('Origin',(46.7258337606351,-16.,-6.85775985908548));
#16783=CARTESIAN_POINT('',(46.7258337606351,-16.,-6.85775985908548));
#16784=CARTESIAN_POINT('',(39.2414017728233,-16.,-4.13364939513217));
#16785=CARTESIAN_POINT('',(46.7258337606351,-13.5,-6.85775985908548));
#16786=CARTESIAN_POINT('',(46.7258337606351,1.8,-6.85775985908548));
#16787=CARTESIAN_POINT('',(31.7569697850115,-13.5,-1.40953893117886));
#16788=CARTESIAN_POINT('Origin',(45.8629979300538,-16.,-3.35117998226782));
#16789=CARTESIAN_POINT('',(45.8629979300538,-13.5,-3.35117998226782));
#16790=CARTESIAN_POINT('',(45.8629979300538,-16.,-3.35117998226782));
#16791=CARTESIAN_POINT('',(47.7518941906121,-13.5,-4.03868199672776));
#16792=CARTESIAN_POINT('',(47.8181121475631,-13.5,-4.06278336203187));
#16793=CARTESIAN_POINT('',(47.7518941906121,1.8,-4.03868199672775));
#16794=CARTESIAN_POINT('Origin',(32.27,-16.,3.93479016566043E-15));
#16795=CARTESIAN_POINT('',(45.8629979300538,-13.5,3.35117998226783));
#16796=CARTESIAN_POINT('',(45.8629979300538,-16.,3.35117998226783));
#16797=CARTESIAN_POINT('Origin',(32.27,-13.5,3.93479016566043E-15));
#16798=CARTESIAN_POINT('Origin',(47.7518941906121,-16.,4.03868199672776));
#16799=CARTESIAN_POINT('',(47.7518941906121,-13.5,4.03868199672776));
#16800=CARTESIAN_POINT('',(47.7518941906121,1.8,4.03868199672776));
#16801=CARTESIAN_POINT('',(32.7830302149885,-13.5,-1.40953893117886));
#16802=CARTESIAN_POINT('Origin',(44.8369375000768,-16.,6.17025784462555));
#16803=CARTESIAN_POINT('',(44.8369375000768,-16.,6.17025784462555));
#16804=CARTESIAN_POINT('',(46.7258337606351,-16.,6.85775985908548));
#16805=CARTESIAN_POINT('',(38.2969536425442,-16.,3.78989838790221));
#16806=CARTESIAN_POINT('',(44.8369375000768,-13.5,6.17025784462555));
#16807=CARTESIAN_POINT('',(44.8369375000768,-16.,6.17025784462555));
#16808=CARTESIAN_POINT('',(46.7258337606351,-13.5,6.85775985908548));
#16809=CARTESIAN_POINT('',(46.7920517175861,-13.5,6.8818612243896));
#16810=CARTESIAN_POINT('',(46.7258337606351,1.8,6.85775985908549));
#16811=CARTESIAN_POINT('Origin',(32.27,-16.,3.93479016566043E-15));
#16812=CARTESIAN_POINT('',(33.77,-13.5,13.9194109070751));
#16813=CARTESIAN_POINT('',(33.77,-16.,13.9194109070751));
#16814=CARTESIAN_POINT('Origin',(32.27,-13.5,3.93479016566043E-15));
#16815=CARTESIAN_POINT('Origin',(32.27,-16.,3.93479016566043E-15));
#16816=CARTESIAN_POINT('Origin',(33.77,-16.,15.929532322074));
#16817=CARTESIAN_POINT('',(33.77,-13.5,15.929532322074));
#16818=CARTESIAN_POINT('',(33.77,1.8,15.929532322074));
#16819=CARTESIAN_POINT('',(33.77,-13.5,3.93479016566043E-15));
#16820=CARTESIAN_POINT('Origin',(30.77,-16.,13.9194109070751));
#16821=CARTESIAN_POINT('',(30.77,-13.5,13.9194109070751));
#16822=CARTESIAN_POINT('',(30.77,-16.,13.9194109070751));
#16823=CARTESIAN_POINT('',(30.77,-13.5,15.929532322074));
#16824=CARTESIAN_POINT('',(30.77,-13.5,16.));
#16825=CARTESIAN_POINT('',(30.77,1.8,15.929532322074));
#16826=CARTESIAN_POINT('Origin',(32.27,-16.,3.93479016566043E-15));
#16827=CARTESIAN_POINT('',(19.7030624999232,-16.,6.17025784462555));
#16828=CARTESIAN_POINT('Origin',(32.27,-16.,3.93479016566043E-15));
#16829=CARTESIAN_POINT('',(19.7030624999232,-13.5,6.17025784462555));
#16830=CARTESIAN_POINT('',(19.7030624999232,-16.,6.17025784462555));
#16831=CARTESIAN_POINT('Origin',(32.27,-13.5,3.93479016566043E-15));
#16832=CARTESIAN_POINT('Origin',(17.814166239365,-16.,6.85775985908549));
#16833=CARTESIAN_POINT('',(17.814166239365,-16.,6.85775985908549));
#16834=CARTESIAN_POINT('',(25.2985982271767,-16.,4.13364939513218));
#16835=CARTESIAN_POINT('',(17.814166239365,-13.5,6.85775985908549));
#16836=CARTESIAN_POINT('',(17.814166239365,1.8,6.85775985908549));
#16837=CARTESIAN_POINT('',(32.7830302149885,-13.5,1.40953893117887));
#16838=CARTESIAN_POINT('Origin',(18.6770020699462,-16.,3.35117998226783));
#16839=CARTESIAN_POINT('',(18.6770020699462,-13.5,3.35117998226782));
#16840=CARTESIAN_POINT('',(18.6770020699462,-16.,3.35117998226782));
#16841=CARTESIAN_POINT('',(16.788105809388,-13.5,4.03868199672776));
#16842=CARTESIAN_POINT('',(16.7218878524369,-13.5,4.06278336203188));
#16843=CARTESIAN_POINT('',(16.788105809388,1.8,4.03868199672776));
#16844=CARTESIAN_POINT('Origin',(32.27,-16.,3.93479016566043E-15));
#16845=CARTESIAN_POINT('',(18.6770020699462,-13.5,-3.35117998226782));
#16846=CARTESIAN_POINT('',(18.6770020699462,-16.,-3.35117998226782));
#16847=CARTESIAN_POINT('Origin',(32.27,-13.5,3.93479016566043E-15));
#16848=CARTESIAN_POINT('Origin',(16.788105809388,-16.,-4.03868199672775));
#16849=CARTESIAN_POINT('',(16.788105809388,-13.5,-4.03868199672775));
#16850=CARTESIAN_POINT('',(16.788105809388,1.8,-4.03868199672775));
#16851=CARTESIAN_POINT('',(31.7569697850115,-13.5,1.40953893117887));
#16852=CARTESIAN_POINT('Origin',(32.27,-13.5,4.44089209850063E-15));
#16853=CARTESIAN_POINT('Origin',(32.27,-13.5,3.93479016566043E-15));
#16854=CARTESIAN_POINT('Origin',(32.27,-13.5,3.93479016566043E-15));
#16855=CARTESIAN_POINT('Origin',(32.27,-13.5,3.93479016566043E-15));
#16856=CARTESIAN_POINT('Origin',(32.27,-13.5,3.93479016566043E-15));
#16857=CARTESIAN_POINT('Origin',(32.27,-13.5,3.93479016566043E-15));
#16858=CARTESIAN_POINT('Origin',(32.27,-13.5,3.93479016566043E-15));
#16859=CARTESIAN_POINT('Origin',(32.27,-16.,4.44089209850063E-15));
#16860=CARTESIAN_POINT('Origin',(32.27,-16.,3.93479016566043E-15));
#16861=CARTESIAN_POINT('Origin',(32.27,-16.,4.44089209850063E-15));
#16862=CARTESIAN_POINT('Origin',(32.27,-16.,3.93479016566043E-15));
#16863=CARTESIAN_POINT('Origin',(32.27,-16.,4.44089209850063E-15));
#16864=CARTESIAN_POINT('Origin',(32.27,-16.,3.93479016566043E-15));
#16865=CARTESIAN_POINT('Origin',(32.27,-16.,4.44089209850063E-15));
#16866=CARTESIAN_POINT('Origin',(32.27,-16.,3.93479016566043E-15));
#16867=CARTESIAN_POINT('Origin',(7.17,5.5,-17.6));
#16868=CARTESIAN_POINT('',(7.17,5.5,-16.5));
#16869=CARTESIAN_POINT('',(7.17,5.5,-17.6));
#16870=CARTESIAN_POINT('',(7.17,5.5,1.2));
#16871=CARTESIAN_POINT('',(7.17,6.5,-16.5));
#16872=CARTESIAN_POINT('',(7.17,5.5,-16.5));
#16873=CARTESIAN_POINT('',(7.17,6.5,-17.6));
#16874=CARTESIAN_POINT('',(7.17,6.5,-19.5));
#16875=CARTESIAN_POINT('',(7.17,5.5,-17.6));
#16876=CARTESIAN_POINT('Origin',(8.27,5.5,-17.6));
#16877=CARTESIAN_POINT('',(8.27,5.5,-17.6));
#16878=CARTESIAN_POINT('',(18.52,5.5,-17.6));
#16879=CARTESIAN_POINT('',(8.27,6.5,-17.6));
#16880=CARTESIAN_POINT('',(8.27,6.5,-17.6));
#16881=CARTESIAN_POINT('',(8.27,5.5,-17.6));
#16882=CARTESIAN_POINT('Origin',(8.27,5.5,-18.4));
#16883=CARTESIAN_POINT('',(8.27,5.5,-18.4));
#16884=CARTESIAN_POINT('',(8.27,5.5,0.800000000000001));
#16885=CARTESIAN_POINT('',(8.27,6.5,-18.4));
#16886=CARTESIAN_POINT('',(8.27,6.5,-18.4));
#16887=CARTESIAN_POINT('',(8.27,5.5,-18.4));
#16888=CARTESIAN_POINT('Origin',(7.17,5.5,-18.4));
#16889=CARTESIAN_POINT('',(7.17,5.5,-18.4));
#16890=CARTESIAN_POINT('',(17.97,5.5,-18.4));
#16891=CARTESIAN_POINT('',(7.17,6.5,-18.4));
#16892=CARTESIAN_POINT('',(5.27,6.5,-18.4));
#16893=CARTESIAN_POINT('',(7.17,5.5,-18.4));
#16894=CARTESIAN_POINT('Origin',(7.17,5.5,-19.5));
#16895=CARTESIAN_POINT('',(7.17,5.5,-19.5));
#16896=CARTESIAN_POINT('',(7.17,5.5,0.250000000000001));
#16897=CARTESIAN_POINT('',(7.17,6.5,-19.5));
#16898=CARTESIAN_POINT('',(7.17,6.5,-19.5));
#16899=CARTESIAN_POINT('',(7.17,5.5,-19.5));
#16900=CARTESIAN_POINT('Origin',(6.37,5.5,-19.5));
#16901=CARTESIAN_POINT('',(6.37,5.5,-19.5));
#16902=CARTESIAN_POINT('',(17.57,5.5,-19.5));
#16903=CARTESIAN_POINT('',(6.37,6.5,-19.5));
#16904=CARTESIAN_POINT('',(6.37,6.5,-19.5));
#16905=CARTESIAN_POINT('',(6.37,5.5,-19.5));
#16906=CARTESIAN_POINT('Origin',(6.37,5.5,-18.4));
#16907=CARTESIAN_POINT('',(6.37,5.5,-18.4));
#16908=CARTESIAN_POINT('',(6.37,5.5,0.800000000000001));
#16909=CARTESIAN_POINT('',(6.37,6.5,-18.4));
#16910=CARTESIAN_POINT('',(6.37,6.5,-16.5));
#16911=CARTESIAN_POINT('',(6.37,5.5,-18.4));
#16912=CARTESIAN_POINT('Origin',(5.27,5.5,-18.4));
#16913=CARTESIAN_POINT('',(5.27,5.5,-18.4));
#16914=CARTESIAN_POINT('',(17.02,5.5,-18.4));
#16915=CARTESIAN_POINT('',(5.27,6.5,-18.4));
#16916=CARTESIAN_POINT('',(5.27,6.5,-18.4));
#16917=CARTESIAN_POINT('',(5.27,5.5,-18.4));
#16918=CARTESIAN_POINT('Origin',(5.27,5.5,-17.6));
#16919=CARTESIAN_POINT('',(5.27,5.5,-17.6));
#16920=CARTESIAN_POINT('',(5.27,5.5,1.2));
#16921=CARTESIAN_POINT('',(5.27,6.5,-17.6));
#16922=CARTESIAN_POINT('',(5.27,6.5,-17.6));
#16923=CARTESIAN_POINT('',(5.27,5.5,-17.6));
#16924=CARTESIAN_POINT('Origin',(6.37,5.5,-17.6));
#16925=CARTESIAN_POINT('',(6.37,5.5,-17.6));
#16926=CARTESIAN_POINT('',(17.57,5.5,-17.6));
#16927=CARTESIAN_POINT('',(6.37,6.5,-17.6));
#16928=CARTESIAN_POINT('',(8.27,6.5,-17.6));
#16929=CARTESIAN_POINT('',(6.37,5.5,-17.6));
#16930=CARTESIAN_POINT('Origin',(6.37,5.5,-16.5));
#16931=CARTESIAN_POINT('',(6.37,5.5,-16.5));
#16932=CARTESIAN_POINT('',(6.37,5.5,1.75));
#16933=CARTESIAN_POINT('',(6.37,6.5,-16.5));
#16934=CARTESIAN_POINT('',(6.37,6.5,-16.5));
#16935=CARTESIAN_POINT('',(6.37,5.5,-16.5));
#16936=CARTESIAN_POINT('Origin',(7.17,5.5,-16.5));
#16937=CARTESIAN_POINT('',(17.97,5.5,-16.5));
#16938=CARTESIAN_POINT('',(7.17,6.5,-16.5));
#16939=CARTESIAN_POINT('Origin',(6.77,5.5,-18.));
#16940=CARTESIAN_POINT('',(4.77,6.5,-18.));
#16941=CARTESIAN_POINT('Origin',(6.77,6.5,-18.));
#16942=CARTESIAN_POINT('',(4.77,5.5,-18.));
#16943=CARTESIAN_POINT('',(4.77,5.5,-18.));
#16944=CARTESIAN_POINT('Origin',(6.77,5.5,-18.));
#16945=CARTESIAN_POINT('Origin',(6.77,6.5,-18.));
#16946=CARTESIAN_POINT('Origin',(-32.83,5.5,-17.6));
#16947=CARTESIAN_POINT('',(-32.83,5.5,-16.5));
#16948=CARTESIAN_POINT('',(-32.83,5.5,-17.6));
#16949=CARTESIAN_POINT('',(-32.83,5.5,1.2));
#16950=CARTESIAN_POINT('',(-32.83,6.5,-16.5));
#16951=CARTESIAN_POINT('',(-32.83,5.5,-16.5));
#16952=CARTESIAN_POINT('',(-32.83,6.5,-17.6));
#16953=CARTESIAN_POINT('',(-32.83,6.5,-19.5));
#16954=CARTESIAN_POINT('',(-32.83,5.5,-17.6));
#16955=CARTESIAN_POINT('Origin',(-31.73,5.5,-17.6));
#16956=CARTESIAN_POINT('',(-31.73,5.5,-17.6));
#16957=CARTESIAN_POINT('',(-1.47999999999999,5.5,-17.6));
#16958=CARTESIAN_POINT('',(-31.73,6.5,-17.6));
#16959=CARTESIAN_POINT('',(-31.73,6.5,-17.6));
#16960=CARTESIAN_POINT('',(-31.73,5.5,-17.6));
#16961=CARTESIAN_POINT('Origin',(-31.73,5.5,-18.4));
#16962=CARTESIAN_POINT('',(-31.73,5.5,-18.4));
#16963=CARTESIAN_POINT('',(-31.73,5.5,0.800000000000001));
#16964=CARTESIAN_POINT('',(-31.73,6.5,-18.4));
#16965=CARTESIAN_POINT('',(-31.73,6.5,-18.4));
#16966=CARTESIAN_POINT('',(-31.73,5.5,-18.4));
#16967=CARTESIAN_POINT('Origin',(-32.83,5.5,-18.4));
#16968=CARTESIAN_POINT('',(-32.83,5.5,-18.4));
#16969=CARTESIAN_POINT('',(-2.02999999999999,5.5,-18.4));
#16970=CARTESIAN_POINT('',(-32.83,6.5,-18.4));
#16971=CARTESIAN_POINT('',(-34.73,6.5,-18.4));
#16972=CARTESIAN_POINT('',(-32.83,5.5,-18.4));
#16973=CARTESIAN_POINT('Origin',(-32.83,5.5,-19.5));
#16974=CARTESIAN_POINT('',(-32.83,5.5,-19.5));
#16975=CARTESIAN_POINT('',(-32.83,5.5,0.250000000000002));
#16976=CARTESIAN_POINT('',(-32.83,6.5,-19.5));
#16977=CARTESIAN_POINT('',(-32.83,6.5,-19.5));
#16978=CARTESIAN_POINT('',(-32.83,5.5,-19.5));
#16979=CARTESIAN_POINT('Origin',(-33.63,5.5,-19.5));
#16980=CARTESIAN_POINT('',(-33.63,5.5,-19.5));
#16981=CARTESIAN_POINT('',(-2.43,5.5,-19.5));
#16982=CARTESIAN_POINT('',(-33.63,6.5,-19.5));
#16983=CARTESIAN_POINT('',(-33.63,6.5,-19.5));
#16984=CARTESIAN_POINT('',(-33.63,5.5,-19.5));
#16985=CARTESIAN_POINT('Origin',(-33.63,5.5,-18.4));
#16986=CARTESIAN_POINT('',(-33.63,5.5,-18.4));
#16987=CARTESIAN_POINT('',(-33.63,5.5,0.799999999999998));
#16988=CARTESIAN_POINT('',(-33.63,6.5,-18.4));
#16989=CARTESIAN_POINT('',(-33.63,6.5,-16.5));
#16990=CARTESIAN_POINT('',(-33.63,5.5,-18.4));
#16991=CARTESIAN_POINT('Origin',(-34.73,5.5,-18.4));
#16992=CARTESIAN_POINT('',(-34.73,5.5,-18.4));
#16993=CARTESIAN_POINT('',(-2.97999999999999,5.5,-18.4));
#16994=CARTESIAN_POINT('',(-34.73,6.5,-18.4));
#16995=CARTESIAN_POINT('',(-34.73,6.5,-18.4));
#16996=CARTESIAN_POINT('',(-34.73,5.5,-18.4));
#16997=CARTESIAN_POINT('Origin',(-34.73,5.5,-17.6));
#16998=CARTESIAN_POINT('',(-34.73,5.5,-17.6));
#16999=CARTESIAN_POINT('',(-34.73,5.5,1.2));
#17000=CARTESIAN_POINT('',(-34.73,6.5,-17.6));
#17001=CARTESIAN_POINT('',(-34.73,6.5,-17.6));
#17002=CARTESIAN_POINT('',(-34.73,5.5,-17.6));
#17003=CARTESIAN_POINT('Origin',(-33.63,5.5,-17.6));
#17004=CARTESIAN_POINT('',(-33.63,5.5,-17.6));
#17005=CARTESIAN_POINT('',(-2.42999999999999,5.5,-17.6));
#17006=CARTESIAN_POINT('',(-33.63,6.5,-17.6));
#17007=CARTESIAN_POINT('',(-31.73,6.5,-17.6));
#17008=CARTESIAN_POINT('',(-33.63,5.5,-17.6));
#17009=CARTESIAN_POINT('Origin',(-33.63,5.5,-16.5));
#17010=CARTESIAN_POINT('',(-33.63,5.5,-16.5));
#17011=CARTESIAN_POINT('',(-33.63,5.5,1.75));
#17012=CARTESIAN_POINT('',(-33.63,6.5,-16.5));
#17013=CARTESIAN_POINT('',(-33.63,6.5,-16.5));
#17014=CARTESIAN_POINT('',(-33.63,5.5,-16.5));
#17015=CARTESIAN_POINT('Origin',(-32.83,5.5,-16.5));
#17016=CARTESIAN_POINT('',(-2.03,5.5,-16.5));
#17017=CARTESIAN_POINT('',(-32.83,6.5,-16.5));
#17018=CARTESIAN_POINT('Origin',(-33.23,5.5,-18.));
#17019=CARTESIAN_POINT('',(-35.23,6.5,-18.));
#17020=CARTESIAN_POINT('Origin',(-33.23,6.5,-18.));
#17021=CARTESIAN_POINT('',(-35.23,5.5,-18.));
#17022=CARTESIAN_POINT('',(-35.23,5.5,-18.));
#17023=CARTESIAN_POINT('Origin',(-33.23,5.5,-18.));
#17024=CARTESIAN_POINT('Origin',(-33.23,6.5,-18.));
#17025=CARTESIAN_POINT('Origin',(-12.83,5.5,30.9));
#17026=CARTESIAN_POINT('',(-12.83,5.5,32.));
#17027=CARTESIAN_POINT('',(-12.83,5.5,30.9));
#17028=CARTESIAN_POINT('',(-12.83,5.5,25.45));
#17029=CARTESIAN_POINT('',(-12.83,6.5,32.));
#17030=CARTESIAN_POINT('',(-12.83,5.5,32.));
#17031=CARTESIAN_POINT('',(-12.83,6.5,30.9));
#17032=CARTESIAN_POINT('',(-12.83,6.5,29.));
#17033=CARTESIAN_POINT('',(-12.83,5.5,30.9));
#17034=CARTESIAN_POINT('Origin',(-11.73,5.5,30.9));
#17035=CARTESIAN_POINT('',(-11.73,5.5,30.9));
#17036=CARTESIAN_POINT('',(8.52000000000001,5.5,30.9));
#17037=CARTESIAN_POINT('',(-11.73,6.5,30.9));
#17038=CARTESIAN_POINT('',(-11.73,6.5,30.9));
#17039=CARTESIAN_POINT('',(-11.73,5.5,30.9));
#17040=CARTESIAN_POINT('Origin',(-11.73,5.5,30.1));
#17041=CARTESIAN_POINT('',(-11.73,5.5,30.1));
#17042=CARTESIAN_POINT('',(-11.73,5.5,25.05));
#17043=CARTESIAN_POINT('',(-11.73,6.5,30.1));
#17044=CARTESIAN_POINT('',(-11.73,6.5,30.1));
#17045=CARTESIAN_POINT('',(-11.73,5.5,30.1));
#17046=CARTESIAN_POINT('Origin',(-12.83,5.5,30.1));
#17047=CARTESIAN_POINT('',(-12.83,5.5,30.1));
#17048=CARTESIAN_POINT('',(7.97000000000001,5.5,30.1));
#17049=CARTESIAN_POINT('',(-12.83,6.5,30.1));
#17050=CARTESIAN_POINT('',(-14.73,6.5,30.1));
#17051=CARTESIAN_POINT('',(-12.83,5.5,30.1));
#17052=CARTESIAN_POINT('Origin',(-12.83,5.5,29.));
#17053=CARTESIAN_POINT('',(-12.83,5.5,29.));
#17054=CARTESIAN_POINT('',(-12.83,5.5,24.5));
#17055=CARTESIAN_POINT('',(-12.83,6.5,29.));
#17056=CARTESIAN_POINT('',(-12.83,6.5,29.));
#17057=CARTESIAN_POINT('',(-12.83,5.5,29.));
#17058=CARTESIAN_POINT('Origin',(-13.63,5.5,29.));
#17059=CARTESIAN_POINT('',(-13.63,5.5,29.));
#17060=CARTESIAN_POINT('',(7.57000000000001,5.5,29.));
#17061=CARTESIAN_POINT('',(-13.63,6.5,29.));
#17062=CARTESIAN_POINT('',(-13.63,6.5,29.));
#17063=CARTESIAN_POINT('',(-13.63,5.5,29.));
#17064=CARTESIAN_POINT('Origin',(-13.63,5.5,30.1));
#17065=CARTESIAN_POINT('',(-13.63,5.5,30.1));
#17066=CARTESIAN_POINT('',(-13.63,5.5,25.05));
#17067=CARTESIAN_POINT('',(-13.63,6.5,30.1));
#17068=CARTESIAN_POINT('',(-13.63,6.5,32.));
#17069=CARTESIAN_POINT('',(-13.63,5.5,30.1));
#17070=CARTESIAN_POINT('Origin',(-14.73,5.5,30.1));
#17071=CARTESIAN_POINT('',(-14.73,5.5,30.1));
#17072=CARTESIAN_POINT('',(7.02000000000001,5.5,30.1));
#17073=CARTESIAN_POINT('',(-14.73,6.5,30.1));
#17074=CARTESIAN_POINT('',(-14.73,6.5,30.1));
#17075=CARTESIAN_POINT('',(-14.73,5.5,30.1));
#17076=CARTESIAN_POINT('Origin',(-14.73,5.5,30.9));
#17077=CARTESIAN_POINT('',(-14.73,5.5,30.9));
#17078=CARTESIAN_POINT('',(-14.73,5.5,25.45));
#17079=CARTESIAN_POINT('',(-14.73,6.5,30.9));
#17080=CARTESIAN_POINT('',(-14.73,6.5,30.9));
#17081=CARTESIAN_POINT('',(-14.73,5.5,30.9));
#17082=CARTESIAN_POINT('Origin',(-13.63,5.5,30.9));
#17083=CARTESIAN_POINT('',(-13.63,5.5,30.9));
#17084=CARTESIAN_POINT('',(7.57000000000001,5.5,30.9));
#17085=CARTESIAN_POINT('',(-13.63,6.5,30.9));
#17086=CARTESIAN_POINT('',(-11.73,6.5,30.9));
#17087=CARTESIAN_POINT('',(-13.63,5.5,30.9));
#17088=CARTESIAN_POINT('Origin',(-13.63,5.5,32.));
#17089=CARTESIAN_POINT('',(-13.63,5.5,32.));
#17090=CARTESIAN_POINT('',(-13.63,5.5,26.));
#17091=CARTESIAN_POINT('',(-13.63,6.5,32.));
#17092=CARTESIAN_POINT('',(-13.63,6.5,32.));
#17093=CARTESIAN_POINT('',(-13.63,5.5,32.));
#17094=CARTESIAN_POINT('Origin',(-12.83,5.5,32.));
#17095=CARTESIAN_POINT('',(7.97000000000001,5.5,32.));
#17096=CARTESIAN_POINT('',(-12.83,6.5,32.));
#17097=CARTESIAN_POINT('Origin',(-13.23,5.5,30.5));
#17098=CARTESIAN_POINT('',(-15.23,6.5,30.5));
#17099=CARTESIAN_POINT('Origin',(-13.23,6.5,30.5));
#17100=CARTESIAN_POINT('',(-15.23,5.5,30.5));
#17101=CARTESIAN_POINT('',(-15.23,5.5,30.5));
#17102=CARTESIAN_POINT('Origin',(-13.23,5.5,30.5));
#17103=CARTESIAN_POINT('Origin',(-13.23,6.5,30.5));
#17104=CARTESIAN_POINT('Origin',(28.77,5.5,20.));
#17105=CARTESIAN_POINT('',(9.26999999999999,5.5,-18.));
#17106=CARTESIAN_POINT('Origin',(6.77,5.5,-18.));
#17107=CARTESIAN_POINT('Origin',(28.77,5.5,20.));
#17108=CARTESIAN_POINT('',(-30.73,5.5,-18.));
#17109=CARTESIAN_POINT('Origin',(-33.23,5.5,-18.));
#17110=CARTESIAN_POINT('Origin',(28.77,5.5,20.));
#17111=CARTESIAN_POINT('',(-10.73,5.5,30.5));
#17112=CARTESIAN_POINT('Origin',(-13.23,5.5,30.5));
#17113=CARTESIAN_POINT('Origin',(29.17,4.5,20.4));
#17114=CARTESIAN_POINT('',(29.17,4.5,21.5));
#17115=CARTESIAN_POINT('',(29.17,4.5,20.4));
#17116=CARTESIAN_POINT('',(29.17,4.5,20.2));
#17117=CARTESIAN_POINT('',(29.17,5.5,21.5));
#17118=CARTESIAN_POINT('',(29.17,4.5,21.5));
#17119=CARTESIAN_POINT('',(29.17,5.5,20.4));
#17120=CARTESIAN_POINT('',(29.17,5.5,18.5));
#17121=CARTESIAN_POINT('',(29.17,4.5,20.4));
#17122=CARTESIAN_POINT('Origin',(30.27,4.5,20.4));
#17123=CARTESIAN_POINT('',(30.27,4.5,20.4));
#17124=CARTESIAN_POINT('',(29.52,4.5,20.4));
#17125=CARTESIAN_POINT('',(30.27,5.5,20.4));
#17126=CARTESIAN_POINT('',(30.27,5.5,20.4));
#17127=CARTESIAN_POINT('',(30.27,4.5,20.4));
#17128=CARTESIAN_POINT('Origin',(30.27,4.5,19.6));
#17129=CARTESIAN_POINT('',(30.27,4.5,19.6));
#17130=CARTESIAN_POINT('',(30.27,4.5,19.8));
#17131=CARTESIAN_POINT('',(30.27,5.5,19.6));
#17132=CARTESIAN_POINT('',(30.27,5.5,19.6));
#17133=CARTESIAN_POINT('',(30.27,4.5,19.6));
#17134=CARTESIAN_POINT('Origin',(29.17,4.5,19.6));
#17135=CARTESIAN_POINT('',(29.17,4.5,19.6));
#17136=CARTESIAN_POINT('',(28.97,4.5,19.6));
#17137=CARTESIAN_POINT('',(29.17,5.5,19.6));
#17138=CARTESIAN_POINT('',(27.27,5.5,19.6));
#17139=CARTESIAN_POINT('',(29.17,4.5,19.6));
#17140=CARTESIAN_POINT('Origin',(29.17,4.5,18.5));
#17141=CARTESIAN_POINT('',(29.17,4.5,18.5));
#17142=CARTESIAN_POINT('',(29.17,4.5,19.25));
#17143=CARTESIAN_POINT('',(29.17,5.5,18.5));
#17144=CARTESIAN_POINT('',(29.17,5.5,18.5));
#17145=CARTESIAN_POINT('',(29.17,4.5,18.5));
#17146=CARTESIAN_POINT('Origin',(28.37,4.5,18.5));
#17147=CARTESIAN_POINT('',(28.37,4.5,18.5));
#17148=CARTESIAN_POINT('',(28.57,4.5,18.5));
#17149=CARTESIAN_POINT('',(28.37,5.5,18.5));
#17150=CARTESIAN_POINT('',(28.37,5.5,18.5));
#17151=CARTESIAN_POINT('',(28.37,4.5,18.5));
#17152=CARTESIAN_POINT('Origin',(28.37,4.5,19.6));
#17153=CARTESIAN_POINT('',(28.37,4.5,19.6));
#17154=CARTESIAN_POINT('',(28.37,4.5,19.8));
#17155=CARTESIAN_POINT('',(28.37,5.5,19.6));
#17156=CARTESIAN_POINT('',(28.37,5.5,21.5));
#17157=CARTESIAN_POINT('',(28.37,4.5,19.6));
#17158=CARTESIAN_POINT('Origin',(27.27,4.5,19.6));
#17159=CARTESIAN_POINT('',(27.27,4.5,19.6));
#17160=CARTESIAN_POINT('',(28.02,4.5,19.6));
#17161=CARTESIAN_POINT('',(27.27,5.5,19.6));
#17162=CARTESIAN_POINT('',(27.27,5.5,19.6));
#17163=CARTESIAN_POINT('',(27.27,4.5,19.6));
#17164=CARTESIAN_POINT('Origin',(27.27,4.5,20.4));
#17165=CARTESIAN_POINT('',(27.27,4.5,20.4));
#17166=CARTESIAN_POINT('',(27.27,4.5,20.2));
#17167=CARTESIAN_POINT('',(27.27,5.5,20.4));
#17168=CARTESIAN_POINT('',(27.27,5.5,20.4));
#17169=CARTESIAN_POINT('',(27.27,4.5,20.4));
#17170=CARTESIAN_POINT('Origin',(28.37,4.5,20.4));
#17171=CARTESIAN_POINT('',(28.37,4.5,20.4));
#17172=CARTESIAN_POINT('',(28.57,4.5,20.4));
#17173=CARTESIAN_POINT('',(28.37,5.5,20.4));
#17174=CARTESIAN_POINT('',(30.27,5.5,20.4));
#17175=CARTESIAN_POINT('',(28.37,4.5,20.4));
#17176=CARTESIAN_POINT('Origin',(28.37,4.5,21.5));
#17177=CARTESIAN_POINT('',(28.37,4.5,21.5));
#17178=CARTESIAN_POINT('',(28.37,4.5,20.75));
#17179=CARTESIAN_POINT('',(28.37,5.5,21.5));
#17180=CARTESIAN_POINT('',(28.37,5.5,21.5));
#17181=CARTESIAN_POINT('',(28.37,4.5,21.5));
#17182=CARTESIAN_POINT('Origin',(29.17,4.5,21.5));
#17183=CARTESIAN_POINT('',(28.97,4.5,21.5));
#17184=CARTESIAN_POINT('',(29.17,5.5,21.5));
#17185=CARTESIAN_POINT('Origin',(28.77,4.5,20.));
#17186=CARTESIAN_POINT('',(26.77,5.5,20.));
#17187=CARTESIAN_POINT('Origin',(28.77,5.5,20.));
#17188=CARTESIAN_POINT('',(26.77,4.5,20.));
#17189=CARTESIAN_POINT('',(26.77,4.5,20.));
#17190=CARTESIAN_POINT('Origin',(28.77,4.5,20.));
#17191=CARTESIAN_POINT('Origin',(28.77,5.5,20.));
#17192=CARTESIAN_POINT('Origin',(29.17,4.5,-19.6));
#17193=CARTESIAN_POINT('',(29.17,4.5,-18.5));
#17194=CARTESIAN_POINT('',(29.17,4.5,-19.6));
#17195=CARTESIAN_POINT('',(29.17,4.5,-19.8));
#17196=CARTESIAN_POINT('',(29.17,5.5,-18.5));
#17197=CARTESIAN_POINT('',(29.17,4.5,-18.5));
#17198=CARTESIAN_POINT('',(29.17,5.5,-19.6));
#17199=CARTESIAN_POINT('',(29.17,5.5,-21.5));
#17200=CARTESIAN_POINT('',(29.17,4.5,-19.6));
#17201=CARTESIAN_POINT('Origin',(30.27,4.5,-19.6));
#17202=CARTESIAN_POINT('',(30.27,4.5,-19.6));
#17203=CARTESIAN_POINT('',(29.52,4.5,-19.6));
#17204=CARTESIAN_POINT('',(30.27,5.5,-19.6));
#17205=CARTESIAN_POINT('',(30.27,5.5,-19.6));
#17206=CARTESIAN_POINT('',(30.27,4.5,-19.6));
#17207=CARTESIAN_POINT('Origin',(30.27,4.5,-20.4));
#17208=CARTESIAN_POINT('',(30.27,4.5,-20.4));
#17209=CARTESIAN_POINT('',(30.27,4.5,-20.2));
#17210=CARTESIAN_POINT('',(30.27,5.5,-20.4));
#17211=CARTESIAN_POINT('',(30.27,5.5,-20.4));
#17212=CARTESIAN_POINT('',(30.27,4.5,-20.4));
#17213=CARTESIAN_POINT('Origin',(29.17,4.5,-20.4));
#17214=CARTESIAN_POINT('',(29.17,4.5,-20.4));
#17215=CARTESIAN_POINT('',(28.97,4.5,-20.4));
#17216=CARTESIAN_POINT('',(29.17,5.5,-20.4));
#17217=CARTESIAN_POINT('',(27.27,5.5,-20.4));
#17218=CARTESIAN_POINT('',(29.17,4.5,-20.4));
#17219=CARTESIAN_POINT('Origin',(29.17,4.5,-21.5));
#17220=CARTESIAN_POINT('',(29.17,4.5,-21.5));
#17221=CARTESIAN_POINT('',(29.17,4.5,-20.75));
#17222=CARTESIAN_POINT('',(29.17,5.5,-21.5));
#17223=CARTESIAN_POINT('',(29.17,5.5,-21.5));
#17224=CARTESIAN_POINT('',(29.17,4.5,-21.5));
#17225=CARTESIAN_POINT('Origin',(28.37,4.5,-21.5));
#17226=CARTESIAN_POINT('',(28.37,4.5,-21.5));
#17227=CARTESIAN_POINT('',(28.57,4.5,-21.5));
#17228=CARTESIAN_POINT('',(28.37,5.5,-21.5));
#17229=CARTESIAN_POINT('',(28.37,5.5,-21.5));
#17230=CARTESIAN_POINT('',(28.37,4.5,-21.5));
#17231=CARTESIAN_POINT('Origin',(28.37,4.5,-20.4));
#17232=CARTESIAN_POINT('',(28.37,4.5,-20.4));
#17233=CARTESIAN_POINT('',(28.37,4.5,-20.2));
#17234=CARTESIAN_POINT('',(28.37,5.5,-20.4));
#17235=CARTESIAN_POINT('',(28.37,5.5,-18.5));
#17236=CARTESIAN_POINT('',(28.37,4.5,-20.4));
#17237=CARTESIAN_POINT('Origin',(27.27,4.5,-20.4));
#17238=CARTESIAN_POINT('',(27.27,4.5,-20.4));
#17239=CARTESIAN_POINT('',(28.02,4.5,-20.4));
#17240=CARTESIAN_POINT('',(27.27,5.5,-20.4));
#17241=CARTESIAN_POINT('',(27.27,5.5,-20.4));
#17242=CARTESIAN_POINT('',(27.27,4.5,-20.4));
#17243=CARTESIAN_POINT('Origin',(27.27,4.5,-19.6));
#17244=CARTESIAN_POINT('',(27.27,4.5,-19.6));
#17245=CARTESIAN_POINT('',(27.27,4.5,-19.8));
#17246=CARTESIAN_POINT('',(27.27,5.5,-19.6));
#17247=CARTESIAN_POINT('',(27.27,5.5,-19.6));
#17248=CARTESIAN_POINT('',(27.27,4.5,-19.6));
#17249=CARTESIAN_POINT('Origin',(28.37,4.5,-19.6));
#17250=CARTESIAN_POINT('',(28.37,4.5,-19.6));
#17251=CARTESIAN_POINT('',(28.57,4.5,-19.6));
#17252=CARTESIAN_POINT('',(28.37,5.5,-19.6));
#17253=CARTESIAN_POINT('',(30.27,5.5,-19.6));
#17254=CARTESIAN_POINT('',(28.37,4.5,-19.6));
#17255=CARTESIAN_POINT('Origin',(28.37,4.5,-18.5));
#17256=CARTESIAN_POINT('',(28.37,4.5,-18.5));
#17257=CARTESIAN_POINT('',(28.37,4.5,-19.25));
#17258=CARTESIAN_POINT('',(28.37,5.5,-18.5));
#17259=CARTESIAN_POINT('',(28.37,5.5,-18.5));
#17260=CARTESIAN_POINT('',(28.37,4.5,-18.5));
#17261=CARTESIAN_POINT('Origin',(29.17,4.5,-18.5));
#17262=CARTESIAN_POINT('',(28.97,4.5,-18.5));
#17263=CARTESIAN_POINT('',(29.17,5.5,-18.5));
#17264=CARTESIAN_POINT('Origin',(28.77,4.5,-20.));
#17265=CARTESIAN_POINT('',(26.77,5.5,-20.));
#17266=CARTESIAN_POINT('Origin',(28.77,5.5,-20.));
#17267=CARTESIAN_POINT('',(26.77,4.5,-20.));
#17268=CARTESIAN_POINT('',(26.77,4.5,-20.));
#17269=CARTESIAN_POINT('Origin',(28.77,4.5,-20.));
#17270=CARTESIAN_POINT('Origin',(28.77,5.5,-20.));
#17271=CARTESIAN_POINT('Origin',(-40.83,4.5,28.4));
#17272=CARTESIAN_POINT('',(-40.83,4.5,29.5));
#17273=CARTESIAN_POINT('',(-40.83,4.5,28.4));
#17274=CARTESIAN_POINT('',(-40.83,4.5,28.2));
#17275=CARTESIAN_POINT('',(-40.83,5.5,29.5));
#17276=CARTESIAN_POINT('',(-40.83,4.5,29.5));
#17277=CARTESIAN_POINT('',(-40.83,5.5,28.4));
#17278=CARTESIAN_POINT('',(-40.83,5.5,26.5));
#17279=CARTESIAN_POINT('',(-40.83,4.5,28.4));
#17280=CARTESIAN_POINT('Origin',(-39.73,4.5,28.4));
#17281=CARTESIAN_POINT('',(-39.73,4.5,28.4));
#17282=CARTESIAN_POINT('',(-40.48,4.5,28.4));
#17283=CARTESIAN_POINT('',(-39.73,5.5,28.4));
#17284=CARTESIAN_POINT('',(-39.73,5.5,28.4));
#17285=CARTESIAN_POINT('',(-39.73,4.5,28.4));
#17286=CARTESIAN_POINT('Origin',(-39.73,4.5,27.6));
#17287=CARTESIAN_POINT('',(-39.73,4.5,27.6));
#17288=CARTESIAN_POINT('',(-39.73,4.5,27.8));
#17289=CARTESIAN_POINT('',(-39.73,5.5,27.6));
#17290=CARTESIAN_POINT('',(-39.73,5.5,27.6));
#17291=CARTESIAN_POINT('',(-39.73,4.5,27.6));
#17292=CARTESIAN_POINT('Origin',(-40.83,4.5,27.6));
#17293=CARTESIAN_POINT('',(-40.83,4.5,27.6));
#17294=CARTESIAN_POINT('',(-41.03,4.5,27.6));
#17295=CARTESIAN_POINT('',(-40.83,5.5,27.6));
#17296=CARTESIAN_POINT('',(-42.73,5.5,27.6));
#17297=CARTESIAN_POINT('',(-40.83,4.5,27.6));
#17298=CARTESIAN_POINT('Origin',(-40.83,4.5,26.5));
#17299=CARTESIAN_POINT('',(-40.83,4.5,26.5));
#17300=CARTESIAN_POINT('',(-40.83,4.5,27.25));
#17301=CARTESIAN_POINT('',(-40.83,5.5,26.5));
#17302=CARTESIAN_POINT('',(-40.83,5.5,26.5));
#17303=CARTESIAN_POINT('',(-40.83,4.5,26.5));
#17304=CARTESIAN_POINT('Origin',(-41.63,4.5,26.5));
#17305=CARTESIAN_POINT('',(-41.63,4.5,26.5));
#17306=CARTESIAN_POINT('',(-41.43,4.5,26.5));
#17307=CARTESIAN_POINT('',(-41.63,5.5,26.5));
#17308=CARTESIAN_POINT('',(-41.63,5.5,26.5));
#17309=CARTESIAN_POINT('',(-41.63,4.5,26.5));
#17310=CARTESIAN_POINT('Origin',(-41.63,4.5,27.6));
#17311=CARTESIAN_POINT('',(-41.63,4.5,27.6));
#17312=CARTESIAN_POINT('',(-41.63,4.5,27.8));
#17313=CARTESIAN_POINT('',(-41.63,5.5,27.6));
#17314=CARTESIAN_POINT('',(-41.63,5.5,29.5));
#17315=CARTESIAN_POINT('',(-41.63,4.5,27.6));
#17316=CARTESIAN_POINT('Origin',(-42.73,4.5,27.6));
#17317=CARTESIAN_POINT('',(-42.73,4.5,27.6));
#17318=CARTESIAN_POINT('',(-41.98,4.5,27.6));
#17319=CARTESIAN_POINT('',(-42.73,5.5,27.6));
#17320=CARTESIAN_POINT('',(-42.73,5.5,27.6));
#17321=CARTESIAN_POINT('',(-42.73,4.5,27.6));
#17322=CARTESIAN_POINT('Origin',(-42.73,4.5,28.4));
#17323=CARTESIAN_POINT('',(-42.73,4.5,28.4));
#17324=CARTESIAN_POINT('',(-42.73,4.5,28.2));
#17325=CARTESIAN_POINT('',(-42.73,5.5,28.4));
#17326=CARTESIAN_POINT('',(-42.73,5.5,28.4));
#17327=CARTESIAN_POINT('',(-42.73,4.5,28.4));
#17328=CARTESIAN_POINT('Origin',(-41.63,4.5,28.4));
#17329=CARTESIAN_POINT('',(-41.63,4.5,28.4));
#17330=CARTESIAN_POINT('',(-41.43,4.5,28.4));
#17331=CARTESIAN_POINT('',(-41.63,5.5,28.4));
#17332=CARTESIAN_POINT('',(-39.73,5.5,28.4));
#17333=CARTESIAN_POINT('',(-41.63,4.5,28.4));
#17334=CARTESIAN_POINT('Origin',(-41.63,4.5,29.5));
#17335=CARTESIAN_POINT('',(-41.63,4.5,29.5));
#17336=CARTESIAN_POINT('',(-41.63,4.5,28.75));
#17337=CARTESIAN_POINT('',(-41.63,5.5,29.5));
#17338=CARTESIAN_POINT('',(-41.63,5.5,29.5));
#17339=CARTESIAN_POINT('',(-41.63,4.5,29.5));
#17340=CARTESIAN_POINT('Origin',(-40.83,4.5,29.5));
#17341=CARTESIAN_POINT('',(-41.03,4.5,29.5));
#17342=CARTESIAN_POINT('',(-40.83,5.5,29.5));
#17343=CARTESIAN_POINT('Origin',(-41.23,4.5,28.));
#17344=CARTESIAN_POINT('',(-43.23,5.5,28.));
#17345=CARTESIAN_POINT('Origin',(-41.23,5.5,28.));
#17346=CARTESIAN_POINT('',(-43.23,4.5,28.));
#17347=CARTESIAN_POINT('',(-43.23,4.5,28.));
#17348=CARTESIAN_POINT('Origin',(-41.23,4.5,28.));
#17349=CARTESIAN_POINT('Origin',(-41.23,5.5,28.));
#17350=CARTESIAN_POINT('Origin',(-40.83,4.5,-27.6));
#17351=CARTESIAN_POINT('',(-40.83,4.5,-26.5));
#17352=CARTESIAN_POINT('',(-40.83,4.5,-27.6));
#17353=CARTESIAN_POINT('',(-40.83,4.5,-27.8));
#17354=CARTESIAN_POINT('',(-40.83,5.5,-26.5));
#17355=CARTESIAN_POINT('',(-40.83,4.5,-26.5));
#17356=CARTESIAN_POINT('',(-40.83,5.5,-27.6));
#17357=CARTESIAN_POINT('',(-40.83,5.5,-29.5));
#17358=CARTESIAN_POINT('',(-40.83,4.5,-27.6));
#17359=CARTESIAN_POINT('Origin',(-39.73,4.5,-27.6));
#17360=CARTESIAN_POINT('',(-39.73,4.5,-27.6));
#17361=CARTESIAN_POINT('',(-40.48,4.5,-27.6));
#17362=CARTESIAN_POINT('',(-39.73,5.5,-27.6));
#17363=CARTESIAN_POINT('',(-39.73,5.5,-27.6));
#17364=CARTESIAN_POINT('',(-39.73,4.5,-27.6));
#17365=CARTESIAN_POINT('Origin',(-39.73,4.5,-28.4));
#17366=CARTESIAN_POINT('',(-39.73,4.5,-28.4));
#17367=CARTESIAN_POINT('',(-39.73,4.5,-28.2));
#17368=CARTESIAN_POINT('',(-39.73,5.5,-28.4));
#17369=CARTESIAN_POINT('',(-39.73,5.5,-28.4));
#17370=CARTESIAN_POINT('',(-39.73,4.5,-28.4));
#17371=CARTESIAN_POINT('Origin',(-40.83,4.5,-28.4));
#17372=CARTESIAN_POINT('',(-40.83,4.5,-28.4));
#17373=CARTESIAN_POINT('',(-41.03,4.5,-28.4));
#17374=CARTESIAN_POINT('',(-40.83,5.5,-28.4));
#17375=CARTESIAN_POINT('',(-42.73,5.5,-28.4));
#17376=CARTESIAN_POINT('',(-40.83,4.5,-28.4));
#17377=CARTESIAN_POINT('Origin',(-40.83,4.5,-29.5));
#17378=CARTESIAN_POINT('',(-40.83,4.5,-29.5));
#17379=CARTESIAN_POINT('',(-40.83,4.5,-28.75));
#17380=CARTESIAN_POINT('',(-40.83,5.5,-29.5));
#17381=CARTESIAN_POINT('',(-40.83,5.5,-29.5));
#17382=CARTESIAN_POINT('',(-40.83,4.5,-29.5));
#17383=CARTESIAN_POINT('Origin',(-41.63,4.5,-29.5));
#17384=CARTESIAN_POINT('',(-41.63,4.5,-29.5));
#17385=CARTESIAN_POINT('',(-41.43,4.5,-29.5));
#17386=CARTESIAN_POINT('',(-41.63,5.5,-29.5));
#17387=CARTESIAN_POINT('',(-41.63,5.5,-29.5));
#17388=CARTESIAN_POINT('',(-41.63,4.5,-29.5));
#17389=CARTESIAN_POINT('Origin',(-41.63,4.5,-28.4));
#17390=CARTESIAN_POINT('',(-41.63,4.5,-28.4));
#17391=CARTESIAN_POINT('',(-41.63,4.5,-28.2));
#17392=CARTESIAN_POINT('',(-41.63,5.5,-28.4));
#17393=CARTESIAN_POINT('',(-41.63,5.5,-26.5));
#17394=CARTESIAN_POINT('',(-41.63,4.5,-28.4));
#17395=CARTESIAN_POINT('Origin',(-42.73,4.5,-28.4));
#17396=CARTESIAN_POINT('',(-42.73,4.5,-28.4));
#17397=CARTESIAN_POINT('',(-41.98,4.5,-28.4));
#17398=CARTESIAN_POINT('',(-42.73,5.5,-28.4));
#17399=CARTESIAN_POINT('',(-42.73,5.5,-28.4));
#17400=CARTESIAN_POINT('',(-42.73,4.5,-28.4));
#17401=CARTESIAN_POINT('Origin',(-42.73,4.5,-27.6));
#17402=CARTESIAN_POINT('',(-42.73,4.5,-27.6));
#17403=CARTESIAN_POINT('',(-42.73,4.5,-27.8));
#17404=CARTESIAN_POINT('',(-42.73,5.5,-27.6));
#17405=CARTESIAN_POINT('',(-42.73,5.5,-27.6));
#17406=CARTESIAN_POINT('',(-42.73,4.5,-27.6));
#17407=CARTESIAN_POINT('Origin',(-41.63,4.5,-27.6));
#17408=CARTESIAN_POINT('',(-41.63,4.5,-27.6));
#17409=CARTESIAN_POINT('',(-41.43,4.5,-27.6));
#17410=CARTESIAN_POINT('',(-41.63,5.5,-27.6));
#17411=CARTESIAN_POINT('',(-39.73,5.5,-27.6));
#17412=CARTESIAN_POINT('',(-41.63,4.5,-27.6));
#17413=CARTESIAN_POINT('Origin',(-41.63,4.5,-26.5));
#17414=CARTESIAN_POINT('',(-41.63,4.5,-26.5));
#17415=CARTESIAN_POINT('',(-41.63,4.5,-27.25));
#17416=CARTESIAN_POINT('',(-41.63,5.5,-26.5));
#17417=CARTESIAN_POINT('',(-41.63,5.5,-26.5));
#17418=CARTESIAN_POINT('',(-41.63,4.5,-26.5));
#17419=CARTESIAN_POINT('Origin',(-40.83,4.5,-26.5));
#17420=CARTESIAN_POINT('',(-41.03,4.5,-26.5));
#17421=CARTESIAN_POINT('',(-40.83,5.5,-26.5));
#17422=CARTESIAN_POINT('Origin',(-41.23,4.5,-28.));
#17423=CARTESIAN_POINT('',(-43.23,5.5,-28.));
#17424=CARTESIAN_POINT('Origin',(-41.23,5.5,-28.));
#17425=CARTESIAN_POINT('',(-43.23,4.5,-28.));
#17426=CARTESIAN_POINT('',(-43.23,4.5,-28.));
#17427=CARTESIAN_POINT('Origin',(-41.23,4.5,-28.));
#17428=CARTESIAN_POINT('Origin',(-41.23,5.5,-28.));
#17429=CARTESIAN_POINT('Origin',(28.77,4.5,20.));
#17430=CARTESIAN_POINT('',(26.27,4.5,20.));
#17431=CARTESIAN_POINT('Origin',(28.77,4.5,20.));
#17432=CARTESIAN_POINT('Origin',(28.77,4.5,-20.));
#17433=CARTESIAN_POINT('',(26.27,4.5,-20.));
#17434=CARTESIAN_POINT('Origin',(28.77,4.5,-20.));
#17435=CARTESIAN_POINT('Origin',(-41.23,4.5,28.));
#17436=CARTESIAN_POINT('',(-43.73,4.5,28.));
#17437=CARTESIAN_POINT('Origin',(-41.23,4.5,28.));
#17438=CARTESIAN_POINT('Origin',(-41.23,4.5,-28.));
#17439=CARTESIAN_POINT('',(-43.73,4.5,-28.));
#17440=CARTESIAN_POINT('Origin',(-41.23,4.5,-28.));
#17441=CARTESIAN_POINT('Origin',(32.27,1.8,3.93479016566043E-15));
#17442=CARTESIAN_POINT('',(16.27,1.8,1.97535528702467E-15));
#17443=CARTESIAN_POINT('',(16.27,1.8,1.97535528702467E-15));
#17444=CARTESIAN_POINT('',(17.77,1.8,-6.7638746292343));
#17445=CARTESIAN_POINT('Origin',(32.27,1.8,3.93479016566043E-15));
#17446=CARTESIAN_POINT('',(17.77,1.8,6.76387462923431));
#17447=CARTESIAN_POINT('Origin',(32.27,1.8,3.93479016566043E-15));
#17448=CARTESIAN_POINT('Origin',(32.27,1.8,3.93479016566043E-15));
#17449=CARTESIAN_POINT('Origin',(32.27,-16.,4.44089209850063E-15));
#17450=CARTESIAN_POINT('Origin',(32.27,1.8,4.44089209850063E-15));
#17451=CARTESIAN_POINT('',(17.77,1.8,-11.3137084989848));
#17452=CARTESIAN_POINT('Origin',(37.0535051546392,0.,-17.2371134020619));
#17453=CARTESIAN_POINT('',(37.0535051546392,2.,-17.2371134020618));
#17454=CARTESIAN_POINT('',(37.0535051546392,0.,-17.2371134020619));
#17455=CARTESIAN_POINT('',(35.7132989690461,2.,-15.7525773195794));
#17456=CARTESIAN_POINT('Origin',(35.7132989691291,0.,15.7525773196555));
#17457=CARTESIAN_POINT('',(35.7132989691291,2.,15.7525773196555));
#17458=CARTESIAN_POINT('',(35.7132989691291,0.,15.7525773196555));
#17459=CARTESIAN_POINT('',(37.0535051546392,2.,17.2371134020619));
#17460=CARTESIAN_POINT('',(37.0535051546481,2.,17.2371134020716));
#17461=CARTESIAN_POINT('',(37.0535051546392,0.,17.2371134020619));
#17462=CARTESIAN_POINT('Origin',(44.960721649453,2.,-1.11022302462516E-15));
#17463=CARTESIAN_POINT('',(41.6514432990516,2.,10.3917525774159));
#17464=CARTESIAN_POINT('Origin',(32.27,2.,3.93479016566043E-15));
#17465=CARTESIAN_POINT('',(42.9916494845361,2.,-11.8762886597938));
#17466=CARTESIAN_POINT('',(46.4877011919845,2.,-8.72013086834731));
#17467=CARTESIAN_POINT('',(42.9916494845361,2.,11.8762886597938));
#17468=CARTESIAN_POINT('Origin',(32.27,2.,3.93479016566043E-15));
#17469=CARTESIAN_POINT('',(40.5495568620876,2.,14.0809556106154));
#17470=CARTESIAN_POINT('',(39.2093506765858,2.,12.5964195282319));
#17471=CARTESIAN_POINT('Origin',(42.9916494845361,0.,-11.8762886597938));
#17472=CARTESIAN_POINT('',(31.1153608247423,5.5,-22.5979381443299));
#17473=CARTESIAN_POINT('',(31.1153608247423,0.,-22.5979381443299));
#17474=CARTESIAN_POINT('',(42.9916494845361,5.5,-11.8762886597938));
#17475=CARTESIAN_POINT('',(42.9916494845361,5.5,-11.8762886597938));
#17476=CARTESIAN_POINT('',(42.9916494845361,0.,-11.8762886597938));
#17477=CARTESIAN_POINT('Origin',(32.27,0.,3.93479016566043E-15));
#17478=CARTESIAN_POINT('',(41.6514432990516,4.5,10.3917525774159));
#17479=CARTESIAN_POINT('',(41.6514432990516,0.,10.3917525774159));
#17480=CARTESIAN_POINT('Origin',(32.27,4.5,3.93479016566043E-15));
#17481=CARTESIAN_POINT('Origin',(29.7751546392101,0.,21.113402061892));
#17482=CARTESIAN_POINT('',(29.9233320785598,2.5,20.9796307624804));
#17483=CARTESIAN_POINT('',(41.6514432990516,4.5,10.3917525774159));
#17484=CARTESIAN_POINT('Origin',(-13.23,1.8,4.44089209850063E-15));
#17485=CARTESIAN_POINT('',(-42.23,1.8,8.89416380973301E-16));
#17486=CARTESIAN_POINT('',(-42.23,1.8,8.89416380973301E-16));
#17487=CARTESIAN_POINT('Origin',(-13.23,1.8,4.44089209850063E-15));
#17488=CARTESIAN_POINT('Origin',(-24.5437084989848,4.5,-31.));
#17489=CARTESIAN_POINT('',(-1.91629150101525,4.5,-31.));
#17490=CARTESIAN_POINT('',(-24.5437084989848,4.5,-31.));
#17491=CARTESIAN_POINT('',(-12.2968542494924,4.5,-31.));
#17492=CARTESIAN_POINT('',(-1.91629150101525,1.8,-31.));
#17493=CARTESIAN_POINT('',(-1.91629150101525,4.5,-31.));
#17494=CARTESIAN_POINT('',(-24.5437084989848,1.8,-31.));
#17495=CARTESIAN_POINT('',(-24.5437084989848,1.8,-31.));
#17496=CARTESIAN_POINT('',(-24.5437084989848,4.5,-31.));
#17497=CARTESIAN_POINT('Origin',(-13.23,4.5,4.44089209850063E-15));
#17498=CARTESIAN_POINT('',(-44.23,4.5,-11.3137084989848));
#17499=CARTESIAN_POINT('Origin',(-13.23,4.5,4.44089209850063E-15));
#17500=CARTESIAN_POINT('',(-44.23,1.8,-11.3137084989848));
#17501=CARTESIAN_POINT('Origin',(-13.23,1.8,4.44089209850063E-15));
#17502=CARTESIAN_POINT('',(-44.23,4.5,-11.3137084989848));
#17503=CARTESIAN_POINT('Origin',(-44.23,4.5,11.3137084989848));
#17504=CARTESIAN_POINT('',(-44.23,4.5,11.3137084989848));
#17505=CARTESIAN_POINT('',(-44.23,4.5,5.65685424949239));
#17506=CARTESIAN_POINT('',(-44.23,1.8,11.3137084989848));
#17507=CARTESIAN_POINT('',(-44.23,1.8,11.3137084989848));
#17508=CARTESIAN_POINT('',(-44.23,4.5,11.3137084989848));
#17509=CARTESIAN_POINT('Origin',(-13.23,4.5,4.44089209850063E-15));
#17510=CARTESIAN_POINT('',(-24.5437084989848,4.5,31.));
#17511=CARTESIAN_POINT('Origin',(-13.23,4.5,4.44089209850063E-15));
#17512=CARTESIAN_POINT('',(-24.5437084989848,1.8,31.));
#17513=CARTESIAN_POINT('Origin',(-13.23,1.8,4.44089209850063E-15));
#17514=CARTESIAN_POINT('',(-24.5437084989848,4.5,31.));
#17515=CARTESIAN_POINT('Origin',(-1.91629150101525,4.5,31.));
#17516=CARTESIAN_POINT('',(-1.91629150101525,4.5,31.));
#17517=CARTESIAN_POINT('',(-0.983145750507622,4.5,31.));
#17518=CARTESIAN_POINT('',(-1.91629150101525,1.8,31.));
#17519=CARTESIAN_POINT('',(-1.91629150101525,1.8,31.));
#17520=CARTESIAN_POINT('',(-1.91629150101525,4.5,31.));
#17521=CARTESIAN_POINT('Origin',(-13.23,4.5,4.44089209850063E-15));
#17522=CARTESIAN_POINT('',(17.77,4.5,11.3137084989848));
#17523=CARTESIAN_POINT('Origin',(-13.23,4.5,4.44089209850063E-15));
#17524=CARTESIAN_POINT('',(17.77,1.8,11.3137084989848));
#17525=CARTESIAN_POINT('Origin',(-13.23,1.8,4.44089209850063E-15));
#17526=CARTESIAN_POINT('',(17.77,4.5,11.3137084989848));
#17527=CARTESIAN_POINT('Origin',(17.77,4.5,-11.3137084989848));
#17528=CARTESIAN_POINT('',(17.77,4.5,-11.3137084989848));
#17529=CARTESIAN_POINT('',(17.77,4.5,-5.65685424949239));
#17530=CARTESIAN_POINT('',(17.77,1.8,-11.3137084989848));
#17531=CARTESIAN_POINT('',(17.77,1.8,-11.3137084989848));
#17532=CARTESIAN_POINT('',(17.77,1.8,-11.3137084989848));
#17533=CARTESIAN_POINT('',(17.77,4.5,-11.3137084989848));
#17534=CARTESIAN_POINT('Origin',(-13.23,4.5,4.44089209850063E-15));
#17535=CARTESIAN_POINT('Origin',(-13.23,4.5,4.44089209850063E-15));
#17536=CARTESIAN_POINT('Origin',(-13.23,1.8,4.44089209850063E-15));
#17537=CARTESIAN_POINT('Origin',(-13.23,1.8,4.44089209850063E-15));
#17538=CARTESIAN_POINT('Origin',(-41.23,2.5,28.));
#17539=CARTESIAN_POINT('Origin',(28.77,2.5,-20.));
#17540=CARTESIAN_POINT('Origin',(-41.23,2.5,-28.));
#17541=CARTESIAN_POINT('Origin',(28.6487791007108,2.5,19.2699119240027));
#17542=CARTESIAN_POINT('Origin',(28.77,0.,20.));
#17543=CARTESIAN_POINT('',(29.77,-25.,20.));
#17544=CARTESIAN_POINT('Origin',(28.77,-25.,20.));
#17545=CARTESIAN_POINT('',(29.77,0.,20.));
#17546=CARTESIAN_POINT('',(29.77,0.,20.));
#17547=CARTESIAN_POINT('Origin',(28.77,0.,20.));
#17548=CARTESIAN_POINT('Origin',(28.77,0.,22.75));
#17549=CARTESIAN_POINT('',(26.3884301395928,-25.,21.375));
#17550=CARTESIAN_POINT('',(26.3884301395928,0.,21.375));
#17551=CARTESIAN_POINT('',(28.77,-25.,22.75));
#17552=CARTESIAN_POINT('',(28.77,-25.,22.75));
#17553=CARTESIAN_POINT('',(28.77,0.,22.75));
#17554=CARTESIAN_POINT('Origin',(31.1515698604072,0.,21.375));
#17555=CARTESIAN_POINT('',(31.1515698604072,-25.,21.375));
#17556=CARTESIAN_POINT('',(31.1515698604072,-25.,21.375));
#17557=CARTESIAN_POINT('',(31.1515698604072,0.,21.375));
#17558=CARTESIAN_POINT('Origin',(31.1515698604072,0.,18.625));
#17559=CARTESIAN_POINT('',(31.1515698604072,-25.,18.625));
#17560=CARTESIAN_POINT('',(31.1515698604072,-25.,18.625));
#17561=CARTESIAN_POINT('',(31.1515698604072,0.,18.625));
#17562=CARTESIAN_POINT('Origin',(28.77,0.,17.25));
#17563=CARTESIAN_POINT('',(28.77,-25.,17.25));
#17564=CARTESIAN_POINT('',(28.77,-25.,17.25));
#17565=CARTESIAN_POINT('',(28.77,0.,17.25));
#17566=CARTESIAN_POINT('Origin',(26.3884301395928,0.,18.625));
#17567=CARTESIAN_POINT('',(26.3884301395928,-25.,18.625));
#17568=CARTESIAN_POINT('',(26.3884301395928,-25.,18.625));
#17569=CARTESIAN_POINT('',(26.3884301395928,0.,18.625));
#17570=CARTESIAN_POINT('Origin',(26.3884301395928,0.,21.375));
#17571=CARTESIAN_POINT('',(26.3884301395928,-25.,21.375));
#17572=CARTESIAN_POINT('Origin',(28.77,-25.,20.));
#17573=CARTESIAN_POINT('Origin',(28.77,0.,-20.));
#17574=CARTESIAN_POINT('',(29.77,-25.,-20.));
#17575=CARTESIAN_POINT('Origin',(28.77,-25.,-20.));
#17576=CARTESIAN_POINT('',(29.77,0.,-20.));
#17577=CARTESIAN_POINT('',(29.77,0.,-20.));
#17578=CARTESIAN_POINT('Origin',(28.77,0.,-20.));
#17579=CARTESIAN_POINT('Origin',(28.77,0.,-22.75));
#17580=CARTESIAN_POINT('',(31.1515698604072,-25.,-21.375));
#17581=CARTESIAN_POINT('',(31.1515698604072,0.,-21.375));
#17582=CARTESIAN_POINT('',(28.77,-25.,-22.75));
#17583=CARTESIAN_POINT('',(28.77,-25.,-22.75));
#17584=CARTESIAN_POINT('',(28.77,0.,-22.75));
#17585=CARTESIAN_POINT('Origin',(26.3884301395928,0.,-21.375));
#17586=CARTESIAN_POINT('',(26.3884301395928,-25.,-21.375));
#17587=CARTESIAN_POINT('',(26.3884301395928,-25.,-21.375));
#17588=CARTESIAN_POINT('',(26.3884301395928,0.,-21.375));
#17589=CARTESIAN_POINT('Origin',(26.3884301395928,0.,-18.625));
#17590=CARTESIAN_POINT('',(26.3884301395928,-25.,-18.625));
#17591=CARTESIAN_POINT('',(26.3884301395928,-25.,-18.625));
#17592=CARTESIAN_POINT('',(26.3884301395928,0.,-18.625));
#17593=CARTESIAN_POINT('Origin',(28.77,0.,-17.25));
#17594=CARTESIAN_POINT('',(28.77,-25.,-17.25));
#17595=CARTESIAN_POINT('',(28.77,-25.,-17.25));
#17596=CARTESIAN_POINT('',(28.77,0.,-17.25));
#17597=CARTESIAN_POINT('Origin',(31.1515698604072,0.,-18.625));
#17598=CARTESIAN_POINT('',(31.1515698604072,-25.,-18.625));
#17599=CARTESIAN_POINT('',(31.1515698604072,-25.,-18.625));
#17600=CARTESIAN_POINT('',(31.1515698604072,0.,-18.625));
#17601=CARTESIAN_POINT('Origin',(31.1515698604072,0.,-21.375));
#17602=CARTESIAN_POINT('',(31.1515698604072,-25.,-21.375));
#17603=CARTESIAN_POINT('Origin',(28.77,-25.,-20.));
#17604=CARTESIAN_POINT('Origin',(-41.23,0.,28.));
#17605=CARTESIAN_POINT('',(-40.23,-25.,28.));
#17606=CARTESIAN_POINT('Origin',(-41.23,-25.,28.));
#17607=CARTESIAN_POINT('',(-40.23,0.,28.));
#17608=CARTESIAN_POINT('',(-40.23,0.,28.));
#17609=CARTESIAN_POINT('Origin',(-41.23,0.,28.));
#17610=CARTESIAN_POINT('Origin',(-41.23,0.,30.75));
#17611=CARTESIAN_POINT('',(-43.6115698604072,-25.,29.375));
#17612=CARTESIAN_POINT('',(-43.6115698604072,0.,29.375));
#17613=CARTESIAN_POINT('',(-41.23,-25.,30.75));
#17614=CARTESIAN_POINT('',(-41.23,-25.,30.75));
#17615=CARTESIAN_POINT('',(-41.23,0.,30.75));
#17616=CARTESIAN_POINT('Origin',(-38.8484301395928,0.,29.375));
#17617=CARTESIAN_POINT('',(-38.8484301395928,-25.,29.375));
#17618=CARTESIAN_POINT('',(-38.8484301395928,-25.,29.375));
#17619=CARTESIAN_POINT('',(-38.8484301395928,0.,29.375));
#17620=CARTESIAN_POINT('Origin',(-38.8484301395928,0.,26.625));
#17621=CARTESIAN_POINT('',(-38.8484301395928,-25.,26.625));
#17622=CARTESIAN_POINT('',(-38.8484301395928,-25.,26.625));
#17623=CARTESIAN_POINT('',(-38.8484301395928,0.,26.625));
#17624=CARTESIAN_POINT('Origin',(-41.23,0.,25.25));
#17625=CARTESIAN_POINT('',(-41.23,-25.,25.25));
#17626=CARTESIAN_POINT('',(-41.23,-25.,25.25));
#17627=CARTESIAN_POINT('',(-41.23,0.,25.25));
#17628=CARTESIAN_POINT('Origin',(-43.6115698604072,0.,26.625));
#17629=CARTESIAN_POINT('',(-43.6115698604072,-25.,26.625));
#17630=CARTESIAN_POINT('',(-43.6115698604072,-25.,26.625));
#17631=CARTESIAN_POINT('',(-43.6115698604072,0.,26.625));
#17632=CARTESIAN_POINT('Origin',(-43.6115698604072,0.,29.375));
#17633=CARTESIAN_POINT('',(-43.6115698604072,-25.,29.375));
#17634=CARTESIAN_POINT('Origin',(-41.23,-25.,28.));
#17635=CARTESIAN_POINT('Origin',(-41.23,0.,-28.));
#17636=CARTESIAN_POINT('',(-40.23,-25.,-28.));
#17637=CARTESIAN_POINT('Origin',(-41.23,-25.,-28.));
#17638=CARTESIAN_POINT('',(-40.23,0.,-28.));
#17639=CARTESIAN_POINT('',(-40.23,0.,-28.));
#17640=CARTESIAN_POINT('Origin',(-41.23,0.,-28.));
#17641=CARTESIAN_POINT('Origin',(-41.23,0.,-30.75));
#17642=CARTESIAN_POINT('',(-38.8484301395928,-25.,-29.375));
#17643=CARTESIAN_POINT('',(-38.8484301395928,0.,-29.375));
#17644=CARTESIAN_POINT('',(-41.23,-25.,-30.75));
#17645=CARTESIAN_POINT('',(-41.23,-25.,-30.75));
#17646=CARTESIAN_POINT('',(-41.23,0.,-30.75));
#17647=CARTESIAN_POINT('Origin',(-43.6115698604072,0.,-29.375));
#17648=CARTESIAN_POINT('',(-43.6115698604072,-25.,-29.375));
#17649=CARTESIAN_POINT('',(-43.6115698604072,-25.,-29.375));
#17650=CARTESIAN_POINT('',(-43.6115698604072,0.,-29.375));
#17651=CARTESIAN_POINT('Origin',(-43.6115698604072,0.,-26.625));
#17652=CARTESIAN_POINT('',(-43.6115698604072,-25.,-26.625));
#17653=CARTESIAN_POINT('',(-43.6115698604072,-25.,-26.625));
#17654=CARTESIAN_POINT('',(-43.6115698604072,0.,-26.625));
#17655=CARTESIAN_POINT('Origin',(-41.23,0.,-25.25));
#17656=CARTESIAN_POINT('',(-41.23,-25.,-25.25));
#17657=CARTESIAN_POINT('',(-41.23,-25.,-25.25));
#17658=CARTESIAN_POINT('',(-41.23,0.,-25.25));
#17659=CARTESIAN_POINT('Origin',(-38.8484301395928,0.,-26.625));
#17660=CARTESIAN_POINT('',(-38.8484301395928,-25.,-26.625));
#17661=CARTESIAN_POINT('',(-38.8484301395928,-25.,-26.625));
#17662=CARTESIAN_POINT('',(-38.8484301395928,0.,-26.625));
#17663=CARTESIAN_POINT('Origin',(-38.8484301395928,0.,-29.375));
#17664=CARTESIAN_POINT('',(-38.8484301395928,-25.,-29.375));
#17665=CARTESIAN_POINT('Origin',(-41.23,-25.,-28.));
#17666=CARTESIAN_POINT('Origin',(28.77,0.,20.));
#17667=CARTESIAN_POINT('Origin',(28.77,0.,20.));
#17668=CARTESIAN_POINT('Origin',(28.77,0.,20.));
#17669=CARTESIAN_POINT('Origin',(28.77,0.,20.));
#17670=CARTESIAN_POINT('Origin',(-0.0499999999999901,4.5,6.66133814775094E-15));
#17671=CARTESIAN_POINT('Origin',(-13.23,4.5,4.44089209850063E-15));
#17672=CARTESIAN_POINT('Origin',(-13.23,4.5,4.44089209850063E-15));
#17673=CARTESIAN_POINT('Origin',(-13.23,4.5,4.44089209850063E-15));
#17674=CARTESIAN_POINT('',(30.02,4.5,11.));
#17675=CARTESIAN_POINT('Origin',(32.27,4.5,11.));
#17676=CARTESIAN_POINT('',(30.02,4.5,-11.));
#17677=CARTESIAN_POINT('Origin',(32.27,4.5,-11.));
#17678=CARTESIAN_POINT('Origin',(28.77,4.5,20.));
#17679=CARTESIAN_POINT('Origin',(-41.23,4.5,-28.));
#17680=CARTESIAN_POINT('Origin',(28.77,4.5,-20.));
#17681=CARTESIAN_POINT('Origin',(-41.23,4.5,28.));
#17682=CARTESIAN_POINT('Origin',(-41.23,0.,-28.));
#17683=CARTESIAN_POINT('',(-43.73,5.5,-28.));
#17684=CARTESIAN_POINT('Origin',(-41.23,5.5,-28.));
#17685=CARTESIAN_POINT('',(-43.73,0.,-28.));
#17686=CARTESIAN_POINT('Origin',(-41.23,0.,28.));
#17687=CARTESIAN_POINT('',(-43.73,5.5,28.));
#17688=CARTESIAN_POINT('Origin',(-41.23,5.5,28.));
#17689=CARTESIAN_POINT('',(-43.73,0.,28.));
#17690=CARTESIAN_POINT('Origin',(-13.23,0.,4.44089209850063E-15));
#17691=CARTESIAN_POINT('Origin',(-13.23,0.,4.44089209850063E-15));
#17692=CARTESIAN_POINT('Origin',(-13.23,0.,4.44089209850063E-15));
#17693=CARTESIAN_POINT('Origin',(28.77,0.,-20.));
#17694=CARTESIAN_POINT('',(26.27,5.5,-20.));
#17695=CARTESIAN_POINT('Origin',(28.77,5.5,-20.));
#17696=CARTESIAN_POINT('',(26.27,0.,-20.));
#17697=CARTESIAN_POINT('Origin',(-32.98,19.5,10.));
#17698=CARTESIAN_POINT('',(-33.98,19.5,10.1));
#17699=CARTESIAN_POINT('Origin',(-32.98,19.5,10.1));
#17700=CARTESIAN_POINT('',(-33.98,19.5,10.));
#17701=CARTESIAN_POINT('',(-33.98,19.5,10.));
#17702=CARTESIAN_POINT('Origin',(-32.98,19.5,10.));
#17703=CARTESIAN_POINT('Origin',(-32.98,19.5,10.1));
#17704=CARTESIAN_POINT('Origin',(5.62,19.5,10.));
#17705=CARTESIAN_POINT('',(3.87,19.5,10.1));
#17706=CARTESIAN_POINT('Origin',(5.62,19.5,10.1));
#17707=CARTESIAN_POINT('',(3.87,19.5,10.));
#17708=CARTESIAN_POINT('',(3.87,19.5,10.));
#17709=CARTESIAN_POINT('Origin',(5.62,19.5,10.));
#17710=CARTESIAN_POINT('Origin',(5.62,19.5,10.1));
#17711=CARTESIAN_POINT('Origin',(6.78824324324323,19.5,10.));
#17712=CARTESIAN_POINT('',(11.2206098071078,14.5,10.));
#17713=CARTESIAN_POINT('',(11.2206098071078,24.5,10.));
#17714=CARTESIAN_POINT('Origin',(6.78824324324323,19.5,10.));
#17715=CARTESIAN_POINT('',(11.2206098071078,14.5,10.1));
#17716=CARTESIAN_POINT('',(11.2206098071078,14.5,10.));
#17717=CARTESIAN_POINT('',(11.2206098071078,24.5,10.1));
#17718=CARTESIAN_POINT('Origin',(6.78824324324323,19.5,10.1));
#17719=CARTESIAN_POINT('',(11.2206098071078,24.5,10.));
#17720=CARTESIAN_POINT('Origin',(6.78824324324323,19.5,10.));
#17721=CARTESIAN_POINT('',(11.9435929028901,24.5,10.));
#17722=CARTESIAN_POINT('',(11.9435929028901,14.5,10.));
#17723=CARTESIAN_POINT('Origin',(6.78824324324323,19.5,10.));
#17724=CARTESIAN_POINT('',(11.9435929028901,24.5,10.1));
#17725=CARTESIAN_POINT('',(11.9435929028901,24.5,10.));
#17726=CARTESIAN_POINT('',(11.9435929028901,14.5,10.1));
#17727=CARTESIAN_POINT('Origin',(6.78824324324323,19.5,10.1));
#17728=CARTESIAN_POINT('',(11.9435929028901,14.5,10.));
#17729=CARTESIAN_POINT('Origin',(12.5953049035539,19.5,10.1));
#17730=CARTESIAN_POINT('',(12.607652451777,14.5,10.1));
#17731=CARTESIAN_POINT('',(5.60765245177695,24.5,10.1));
#17732=CARTESIAN_POINT('Origin',(4.45175675675676,19.5,10.));
#17733=CARTESIAN_POINT('',(0.0193901928921891,24.5,10.));
#17734=CARTESIAN_POINT('',(0.019390192892188,14.5,10.));
#17735=CARTESIAN_POINT('Origin',(4.45175675675676,19.5,10.));
#17736=CARTESIAN_POINT('',(0.0193901928921891,24.5,10.1));
#17737=CARTESIAN_POINT('',(0.0193901928921897,24.5,10.));
#17738=CARTESIAN_POINT('',(0.019390192892188,14.5,10.1));
#17739=CARTESIAN_POINT('Origin',(4.45175675675676,19.5,10.1));
#17740=CARTESIAN_POINT('',(0.0193901928921919,14.5,10.));
#17741=CARTESIAN_POINT('Origin',(4.45175675675676,19.5,10.));
#17742=CARTESIAN_POINT('',(-0.703592902890138,14.5,10.));
#17743=CARTESIAN_POINT('',(-0.703592902890137,24.5,10.));
#17744=CARTESIAN_POINT('Origin',(4.45175675675676,19.5,10.));
#17745=CARTESIAN_POINT('',(-0.703592902890138,14.5,10.1));
#17746=CARTESIAN_POINT('',(-0.703592902890135,14.5,10.));
#17747=CARTESIAN_POINT('',(-0.703592902890137,24.5,10.1));
#17748=CARTESIAN_POINT('Origin',(4.45175675675676,19.5,10.1));
#17749=CARTESIAN_POINT('',(-0.703592902890137,24.5,10.));
#17750=CARTESIAN_POINT('Origin',(-1.35530490355391,19.5,10.1));
#17751=CARTESIAN_POINT('',(-1.36765245177695,24.5,10.1));
#17752=CARTESIAN_POINT('',(5.63234754822305,14.5,10.1));
#17753=CARTESIAN_POINT('Origin',(-1.38,24.5,40.));
#17754=CARTESIAN_POINT('',(12.62,24.5,10.));
#17755=CARTESIAN_POINT('',(14.47,24.5,10.));
#17756=CARTESIAN_POINT('',(12.62,24.5,23.5961331577867));
#17757=CARTESIAN_POINT('',(12.62,24.5,40.));
#17758=CARTESIAN_POINT('',(-1.38,24.5,32.9329242552191));
#17759=CARTESIAN_POINT('Origin',(-13.23,24.5,4.44089209850063E-15));
#17760=CARTESIAN_POINT('',(-1.38,24.5,10.));
#17761=CARTESIAN_POINT('',(-1.38,24.5,40.));
#17762=CARTESIAN_POINT('',(14.47,24.5,10.));
#17763=CARTESIAN_POINT('',(14.47,24.5,10.));
#17764=CARTESIAN_POINT('Origin',(5.62,19.5,10.));
#17765=CARTESIAN_POINT('',(-1.38,14.5,10.));
#17766=CARTESIAN_POINT('Origin',(4.45175675675676,19.5,10.));
#17767=CARTESIAN_POINT('',(-3.23,14.5,10.));
#17768=CARTESIAN_POINT('Origin',(5.62,19.5,10.));
#17769=CARTESIAN_POINT('',(12.62,14.5,10.));
#17770=CARTESIAN_POINT('',(-3.23,14.5,10.));
#17771=CARTESIAN_POINT('Origin',(6.78824324324323,19.5,10.));
#17772=CARTESIAN_POINT('Origin',(6.78824324324323,19.5,40.));
#17773=CARTESIAN_POINT('',(12.62,14.5,23.5961331577867));
#17774=CARTESIAN_POINT('Ctrl Pts',(12.62,24.5,23.5961331577867));
#17775=CARTESIAN_POINT('Ctrl Pts',(13.0975074214944,23.9430585736597,23.073014951804));
#17776=CARTESIAN_POINT('Ctrl Pts',(13.5419089859549,23.2563329845743,22.5506615017245));
#17777=CARTESIAN_POINT('Ctrl Pts',(13.8691952517141,22.4781715067657,22.1502509401017));
#17778=CARTESIAN_POINT('Ctrl Pts',(14.1421747354588,21.8291307717702,21.8162807133212));
#17779=CARTESIAN_POINT('Ctrl Pts',(14.3348595747663,21.1150555919871,21.5684409602432));
#17780=CARTESIAN_POINT('Ctrl Pts',(14.4196582955647,20.3780040826665,21.4591797638798));
#17781=CARTESIAN_POINT('Ctrl Pts',(14.4930470740373,19.7401252393175,21.3646200150999));
#17782=CARTESIAN_POINT('Ctrl Pts',(14.4850570083732,19.0862078012935,21.3751094102251));
#17783=CARTESIAN_POINT('Ctrl Pts',(14.3989223893261,18.4574311507828,21.4858708830849));
#17784=CARTESIAN_POINT('Ctrl Pts',(14.2810220399077,17.5967669065861,21.6374802649657));
#17785=CARTESIAN_POINT('Ctrl Pts',(14.017873868895,16.779794101627,21.9744399216372));
#17786=CARTESIAN_POINT('Ctrl Pts',(13.6541703757834,16.0549410047682,22.4107425848822));
#17787=CARTESIAN_POINT('Ctrl Pts',(13.3625186688817,15.4736855399303,22.7606111422954));
#17788=CARTESIAN_POINT('Ctrl Pts',(13.0061297867257,14.9503629985446,23.1731208396194));
#17789=CARTESIAN_POINT('Ctrl Pts',(12.62,14.5,23.5961331577867));
#17790=CARTESIAN_POINT('',(12.62,14.5,40.));
#17791=CARTESIAN_POINT('Origin',(12.62,14.5,40.));
#17792=CARTESIAN_POINT('',(-3.23,14.5,10.));
#17793=CARTESIAN_POINT('',(-1.38,14.5,32.9329242552191));
#17794=CARTESIAN_POINT('',(-1.38,14.5,40.));
#17795=CARTESIAN_POINT('Origin',(-13.23,14.5,4.44089209850063E-15));
#17796=CARTESIAN_POINT('Origin',(4.45175675675676,19.5,40.));
#17797=CARTESIAN_POINT('Ctrl Pts',(-1.38,14.5,32.9329242552191));
#17798=CARTESIAN_POINT('Ctrl Pts',(-1.8651125627841,15.0658116931607,33.1074785651991));
#17799=CARTESIAN_POINT('Ctrl Pts',(-2.29086819201797,15.7357745771925,33.2482003298327));
#17800=CARTESIAN_POINT('Ctrl Pts',(-2.60316002512043,16.4606684829118,33.3477176452647));
#17801=CARTESIAN_POINT('Ctrl Pts',(-2.91259250419959,17.1789252368196,33.4463237769702));
#17802=CARTESIAN_POINT('Ctrl Pts',(-3.1112147884604,17.9519589113569,33.5054753807349));
#17803=CARTESIAN_POINT('Ctrl Pts',(-3.18959667123355,18.7131679604141,33.5289472097723));
#17804=CARTESIAN_POINT('Ctrl Pts',(-3.22085104346622,19.0166961498934,33.538306480764));
#17805=CARTESIAN_POINT('Ctrl Pts',(-3.23356344977142,19.3156169008839,33.5420821863866));
#17806=CARTESIAN_POINT('Ctrl Pts',(-3.22916137813534,19.6135053966288,33.540769622348));
#17807=CARTESIAN_POINT('Ctrl Pts',(-3.21800745938143,20.3682918594449,33.537443862602));
#17808=CARTESIAN_POINT('Ctrl Pts',(-3.09057729482908,21.1580127007357,33.5001446794195));
#17809=CARTESIAN_POINT('Ctrl Pts',(-2.84231734366722,21.9095372766368,33.4229868358787));
#17810=CARTESIAN_POINT('Ctrl Pts',(-2.59321732448876,22.6636048795422,33.3455679037642));
#17811=CARTESIAN_POINT('Ctrl Pts',(-2.22273712943734,23.3795389741445,33.2275075675694));
#17812=CARTESIAN_POINT('Ctrl Pts',(-1.77244975217435,24.0020706573928,33.0715065021016));
#17813=CARTESIAN_POINT('Ctrl Pts',(-1.64702922892744,24.1754671445993,33.0280548393502));
#17814=CARTESIAN_POINT('Ctrl Pts',(-1.51572479123834,24.3416972063273,32.9817610594977));
#17815=CARTESIAN_POINT('Ctrl Pts',(-1.38,24.5,32.9329242552191));
#17816=CARTESIAN_POINT('Origin',(5.62,19.5,10.));
#17817=CARTESIAN_POINT('Ctrl Pts',(-37.73,19.5,31.6227766016838));
#17818=CARTESIAN_POINT('Ctrl Pts',(-37.73,23.25,31.6227766016838));
#17819=CARTESIAN_POINT('Ctrl Pts',(-32.98,23.25,31.6227766016838));
#17820=CARTESIAN_POINT('Ctrl Pts',(-28.23,23.25,31.6227766016838));
#17821=CARTESIAN_POINT('Ctrl Pts',(-28.23,19.5,31.6227766016838));
#17822=CARTESIAN_POINT('Ctrl Pts',(-28.23,15.75,31.6227766016838));
#17823=CARTESIAN_POINT('Ctrl Pts',(-32.98,15.75,31.6227766016838));
#17824=CARTESIAN_POINT('Ctrl Pts',(-37.73,15.75,31.6227766016838));
#17825=CARTESIAN_POINT('Ctrl Pts',(-37.73,19.5,31.6227766016838));
#17826=CARTESIAN_POINT('Ctrl Pts',(-37.73,19.5,10.));
#17827=CARTESIAN_POINT('Ctrl Pts',(-37.73,23.25,10.));
#17828=CARTESIAN_POINT('Ctrl Pts',(-32.98,23.25,10.));
#17829=CARTESIAN_POINT('Ctrl Pts',(-28.23,23.25,10.));
#17830=CARTESIAN_POINT('Ctrl Pts',(-28.23,19.5,10.));
#17831=CARTESIAN_POINT('Ctrl Pts',(-28.23,15.75,10.));
#17832=CARTESIAN_POINT('Ctrl Pts',(-32.98,15.75,10.));
#17833=CARTESIAN_POINT('Ctrl Pts',(-37.73,15.75,10.));
#17834=CARTESIAN_POINT('Ctrl Pts',(-37.73,19.5,10.));
#17835=CARTESIAN_POINT('',(-37.73,19.5,24.9949994999));
#17836=CARTESIAN_POINT('Ctrl Pts',(-37.73,19.5,24.9949994999));
#17837=CARTESIAN_POINT('Ctrl Pts',(-37.73,19.93979584612,24.9949994999));
#17838=CARTESIAN_POINT('Ctrl Pts',(-37.6285548750796,20.3729546980718,25.0951938549996));
#17839=CARTESIAN_POINT('Ctrl Pts',(-37.4543765936048,20.7588216934558,25.2622164239643));
#17840=CARTESIAN_POINT('Ctrl Pts',(-37.3215465126299,21.0530876823518,25.389589487772));
#17841=CARTESIAN_POINT('Ctrl Pts',(-37.147433631509,21.3206846745545,25.5543515097583));
#17842=CARTESIAN_POINT('Ctrl Pts',(-36.9549973236191,21.5529194550996,25.7317800005026));
#17843=CARTESIAN_POINT('Ctrl Pts',(-36.8398493792184,21.6918815766002,25.8379477305498));
#17844=CARTESIAN_POINT('Ctrl Pts',(-36.7196384176488,21.8170530096076,25.9473383414451));
#17845=CARTESIAN_POINT('Ctrl Pts',(-36.5962195628201,21.931457969497,26.0580080463201));
#17846=CARTESIAN_POINT('Ctrl Pts',(-36.0169551520971,22.4684158092542,26.5774345267257));
#17847=CARTESIAN_POINT('Ctrl Pts',(-35.2756068186615,22.8475359558193,27.2023802382568));
#17848=CARTESIAN_POINT('Ctrl Pts',(-34.4899085692255,23.0554967492432,27.8031704600064));
#17849=CARTESIAN_POINT('Ctrl Pts',(-34.1754211238949,23.1387361591563,28.0436457088099));
#17850=CARTESIAN_POINT('Ctrl Pts',(-33.8541726285994,23.1946242657424,28.2806692757998));
#17851=CARTESIAN_POINT('Ctrl Pts',(-33.5358391588398,23.2242363870445,28.5074182635911));
#17852=CARTESIAN_POINT('Ctrl Pts',(-33.3516704895051,23.2413681859109,28.6386016398979));
#17853=CARTESIAN_POINT('Ctrl Pts',(-33.1685088195141,23.2497445035798,28.7663607535006));
#17854=CARTESIAN_POINT('Ctrl Pts',(-32.9883391602222,23.2499942209158,28.889583479684));
#17855=CARTESIAN_POINT('Ctrl Pts',(-32.8075154498645,23.2502448447745,29.0132535284394));
#17856=CARTESIAN_POINT('Ctrl Pts',(-32.6212237679574,23.2423415442261,29.1381567834412));
#17857=CARTESIAN_POINT('Ctrl Pts',(-32.4310445769053,23.2248727087055,29.2629439249659));
#17858=CARTESIAN_POINT('Ctrl Pts',(-31.8024468801282,23.1671331121025,29.6754018248855));
#17859=CARTESIAN_POINT('Ctrl Pts',(-31.1344780077154,23.0015239892751,30.0820261641107));
#17860=CARTESIAN_POINT('Ctrl Pts',(-30.5205239296364,22.708166703356,30.4308689037739));
#17861=CARTESIAN_POINT('Ctrl Pts',(-30.2433298953245,22.5757188664866,30.5883678598036));
#17862=CARTESIAN_POINT('Ctrl Pts',(-29.977196151536,22.4178190930727,30.7344992381876));
#17863=CARTESIAN_POINT('Ctrl Pts',(-29.7308620761074,22.2354554275986,30.8661878233332));
#17864=CARTESIAN_POINT('Ctrl Pts',(-29.5029095957016,22.0666998471602,30.9880497280365));
#17865=CARTESIAN_POINT('Ctrl Pts',(-29.293819726307,21.8805593149923,31.0966699907446));
#17866=CARTESIAN_POINT('Ctrl Pts',(-29.0961316708164,21.6588990155688,31.1972092630786));
#17867=CARTESIAN_POINT('Ctrl Pts',(-28.8218429762622,21.3513492548486,31.3367057323594));
#17868=CARTESIAN_POINT('Ctrl Pts',(-28.583539250095,20.9807823872432,31.4531043838253));
#17869=CARTESIAN_POINT('Ctrl Pts',(-28.430294588299,20.5774741547069,31.5269891430966));
#17870=CARTESIAN_POINT('Ctrl Pts',(-28.3099026665229,20.2606275343152,31.5850344156325));
#17871=CARTESIAN_POINT('Ctrl Pts',(-28.2418714026584,19.9239050341199,31.6171448690324));
#17872=CARTESIAN_POINT('Ctrl Pts',(-28.2314644385416,19.5931111219501,31.6220819159519));
#17873=CARTESIAN_POINT('Ctrl Pts',(-28.2222854664691,19.3013499466961,31.6264364054347));
#17874=CARTESIAN_POINT('Ctrl Pts',(-28.2566041029056,19.0062201168974,31.6102610281031));
#17875=CARTESIAN_POINT('Ctrl Pts',(-28.3343781010404,18.7181829820692,31.5730543688889));
#17876=CARTESIAN_POINT('Ctrl Pts',(-28.4495426134248,18.2916695331447,31.5179602902941));
#17877=CARTESIAN_POINT('Ctrl Pts',(-28.6609789835475,17.8887303334513,31.4161119257975));
#17878=CARTESIAN_POINT('Ctrl Pts',(-28.9249222031053,17.547134420494,31.2836925096523));
#17879=CARTESIAN_POINT('Ctrl Pts',(-29.0552842510712,17.3784195625617,31.2182903132705));
#17880=CARTESIAN_POINT('Ctrl Pts',(-29.1976543817586,17.2244812224707,31.1458026966939));
#17881=CARTESIAN_POINT('Ctrl Pts',(-29.3435539823251,17.0874169420692,31.070136434504));
#17882=CARTESIAN_POINT('Ctrl Pts',(-29.5052280603252,16.9355334477032,30.9862892332248));
#17883=CARTESIAN_POINT('Ctrl Pts',(-29.676677278685,16.7985412364697,30.8957882314853));
#17884=CARTESIAN_POINT('Ctrl Pts',(-29.8589808669551,16.6730955217061,30.7973537065515));
#17885=CARTESIAN_POINT('Ctrl Pts',(-30.4231183892886,16.2849043983958,30.4927485721428));
#17886=CARTESIAN_POINT('Ctrl Pts',(-31.0781286317327,16.0228175410709,30.116938894312));
#17887=CARTESIAN_POINT('Ctrl Pts',(-31.7278239307078,15.882646130354,29.7124638801385));
#17888=CARTESIAN_POINT('Ctrl Pts',(-32.0101970228879,15.8217242878506,29.5366693797905));
#17889=CARTESIAN_POINT('Ctrl Pts',(-32.2915717009887,15.7833111935545,29.3558070430601));
#17890=CARTESIAN_POINT('Ctrl Pts',(-32.5641433789238,15.7643991179615,29.1751760886412));
#17891=CARTESIAN_POINT('Ctrl Pts',(-32.8373092349402,15.7454458159988,28.994151377414));
#17892=CARTESIAN_POINT('Ctrl Pts',(-33.0964713845861,15.7451734237835,28.8171780353071));
#17893=CARTESIAN_POINT('Ctrl Pts',(-33.363334466439,15.7622314697161,28.629510007377));
#17894=CARTESIAN_POINT('Ctrl Pts',(-34.0519985285958,15.8062512836327,28.1452158683978));
#17895=CARTESIAN_POINT('Ctrl Pts',(-34.7611550293014,15.9748990648613,27.6059154385936));
#17896=CARTESIAN_POINT('Ctrl Pts',(-35.3979736666039,16.2722299777745,27.0846994355994));
#17897=CARTESIAN_POINT('Ctrl Pts',(-35.8051883301111,16.4623586903466,26.7514070555696));
#17898=CARTESIAN_POINT('Ctrl Pts',(-36.1836284024247,16.7039106343917,26.4258726242464));
#17899=CARTESIAN_POINT('Ctrl Pts',(-36.5140006226643,16.9943269852194,26.1315004353705));
#17900=CARTESIAN_POINT('Ctrl Pts',(-36.6350449402137,17.100731963718,26.0236460864723));
#17901=CARTESIAN_POINT('Ctrl Pts',(-36.7500857142765,17.2136053741885,25.9196644734634));
#17902=CARTESIAN_POINT('Ctrl Pts',(-36.8630106834442,17.3401396582173,25.8162895481944));
#17903=CARTESIAN_POINT('Ctrl Pts',(-37.1327031860698,17.6423345401744,25.5694048909745));
#17904=CARTESIAN_POINT('Ctrl Pts',(-37.3752033835326,18.0129715197033,25.3388407495035));
#17905=CARTESIAN_POINT('Ctrl Pts',(-37.5323688551183,18.42956049288,25.187196509929));
#17906=CARTESIAN_POINT('Ctrl Pts',(-37.6590504144335,18.7653476106428,25.0649652810422));
#17907=CARTESIAN_POINT('Ctrl Pts',(-37.73,19.1304929913437,24.9949994999));
#17908=CARTESIAN_POINT('Ctrl Pts',(-37.73,19.5,24.9949994999));
#17909=CARTESIAN_POINT('',(-37.73,19.5,10.));
#17910=CARTESIAN_POINT('Ctrl Pts',(-37.73,19.5,24.9949994999));
#17911=CARTESIAN_POINT('Ctrl Pts',(-37.73,19.5,10.));
#17912=CARTESIAN_POINT('Origin',(-32.98,19.5,10.));
#17913=CARTESIAN_POINT('Origin',(-32.98,19.5,10.));
#17914=CARTESIAN_POINT('Origin',(32.27,6.5,4.44089209850063E-15));
#17915=CARTESIAN_POINT('',(23.27,6.5,5.03697228489305E-15));
#17916=CARTESIAN_POINT('Origin',(32.27,6.5,3.93479016566043E-15));
#17917=CARTESIAN_POINT('',(40.27,6.5,2.95507272634255E-15));
#17918=CARTESIAN_POINT('Origin',(32.27,6.5,3.93479016566043E-15));
#17919=CARTESIAN_POINT('Origin',(32.27,7.75,3.93479016566043E-15));
#17920=CARTESIAN_POINT('',(40.27,9.,2.95507272634255E-15));
#17921=CARTESIAN_POINT('',(40.27,7.75,2.95507272634255E-15));
#17922=CARTESIAN_POINT('Origin',(32.27,9.,3.93479016566043E-15));
#17923=CARTESIAN_POINT('Origin',(32.27,9.,4.44089209850063E-15));
#17924=CARTESIAN_POINT('',(23.27,9.,5.03697228489305E-15));
#17925=CARTESIAN_POINT('Origin',(32.27,9.,3.93479016566043E-15));
#17926=CARTESIAN_POINT('Origin',(-13.23,6.5,4.44089209850063E-15));
#17927=CARTESIAN_POINT('',(-48.23,6.5,8.72715589551636E-15));
#17928=CARTESIAN_POINT('Origin',(-13.23,6.5,4.44089209850063E-15));
#17929=CARTESIAN_POINT('',(20.77,6.5,2.77092981399625E-16));
#17930=CARTESIAN_POINT('Origin',(-13.23,6.5,4.44089209850063E-15));
#17931=CARTESIAN_POINT('Origin',(-13.23,7.75,4.44089209850063E-15));
#17932=CARTESIAN_POINT('',(20.77,9.,2.77092981399625E-16));
#17933=CARTESIAN_POINT('',(20.77,7.75,2.77092981399625E-16));
#17934=CARTESIAN_POINT('Origin',(-13.23,9.,4.44089209850063E-15));
#17935=CARTESIAN_POINT('Origin',(-13.23,9.,4.44089209850063E-15));
#17936=CARTESIAN_POINT('',(-48.23,9.,8.72715589551636E-15));
#17937=CARTESIAN_POINT('Origin',(-13.23,9.,4.44089209850063E-15));
#17938=CARTESIAN_POINT('Origin',(32.27,5.5,3.93479016566043E-15));
#17939=CARTESIAN_POINT('',(23.27,10.,5.03697228489305E-15));
#17940=CARTESIAN_POINT('Origin',(32.27,10.,3.93479016566043E-15));
#17941=CARTESIAN_POINT('',(23.27,5.5,5.03697228489305E-15));
#17942=CARTESIAN_POINT('Origin',(-13.23,5.5,4.44089209850063E-15));
#17943=CARTESIAN_POINT('',(-48.23,30.,8.72715589551636E-15));
#17944=CARTESIAN_POINT('Origin',(-13.23,30.,4.44089209850063E-15));
#17945=CARTESIAN_POINT('',(-48.23,5.5,8.72715589551636E-15));
#17946=CARTESIAN_POINT('Origin',(32.27,9.,3.93479016566043E-15));
#17947=CARTESIAN_POINT('',(32.77,10.,3.87355782570307E-15));
#17948=CARTESIAN_POINT('Origin',(32.27,10.,3.93479016566043E-15));
#17949=CARTESIAN_POINT('',(32.77,9.,3.87355782570307E-15));
#17950=CARTESIAN_POINT('',(32.77,9.,3.87355782570307E-15));
#17951=CARTESIAN_POINT('Origin',(32.27,9.,3.93479016566043E-15));
#17952=CARTESIAN_POINT('Origin',(32.27,9.,3.93479016566043E-15));
#17953=CARTESIAN_POINT('',(29.77,10.,4.24095186544727E-15));
#17954=CARTESIAN_POINT('Origin',(32.27,10.,3.93479016566043E-15));
#17955=CARTESIAN_POINT('',(29.77,9.,4.24095186544727E-15));
#17956=CARTESIAN_POINT('',(29.77,9.,4.24095186544727E-15));
#17957=CARTESIAN_POINT('Origin',(32.27,9.,3.93479016566043E-15));
#17958=CARTESIAN_POINT('Origin',(32.27,10.,3.88578058618805E-15));
#17959=CARTESIAN_POINT('Origin',(32.27,9.,4.44089209850063E-15));
#17960=CARTESIAN_POINT('',(26.27,9.,3.20000208617202E-15));
#17961=CARTESIAN_POINT('Origin',(32.27,9.,3.93479016566043E-15));
#17962=CARTESIAN_POINT('Origin',(32.27,10.,3.93479016566043E-15));
#17963=CARTESIAN_POINT('',(26.27,10.,3.20000208617202E-15));
#17964=CARTESIAN_POINT('Origin',(32.27,10.,3.93479016566043E-15));
#17965=CARTESIAN_POINT('',(26.27,10.,3.20000208617202E-15));
#17966=CARTESIAN_POINT('Origin',(32.27,9.,4.44089209850063E-15));
#17967=CARTESIAN_POINT('Origin',(32.27,5.5,4.44089209850063E-15));
#17968=CARTESIAN_POINT('',(31.3388793145416,5.5,8.95170454545455));
#17969=CARTESIAN_POINT('',(33.2011206854584,5.5,8.95170454545455));
#17970=CARTESIAN_POINT('Origin',(32.27,5.5,11.));
#17971=CARTESIAN_POINT('Origin',(32.27,5.5,3.93479016566043E-15));
#17972=CARTESIAN_POINT('Origin',(32.27,5.5,4.44089209850063E-15));
#17973=CARTESIAN_POINT('',(33.2011206854584,5.5,-8.95170454545454));
#17974=CARTESIAN_POINT('',(31.3388793145417,5.5,-8.95170454545454));
#17975=CARTESIAN_POINT('Origin',(32.27,5.5,-11.));
#17976=CARTESIAN_POINT('Origin',(32.27,5.5,3.93479016566043E-15));
#17977=CARTESIAN_POINT('Origin',(32.27,5.5,3.93479016566043E-15));
#17978=CARTESIAN_POINT('',(23.27,5.5,5.03697228489305E-15));
#17979=CARTESIAN_POINT('',(23.27,5.5,5.03697228489305E-15));
#17980=CARTESIAN_POINT('Origin',(32.27,5.5,3.93479016566043E-15));
#17981=CARTESIAN_POINT('Origin',(32.27,5.5,3.93479016566043E-15));
#17982=CARTESIAN_POINT('Origin',(32.27,5.5,3.93479016566043E-15));
#17983=CARTESIAN_POINT('Origin',(32.27,10.,4.44089209850063E-15));
#17984=CARTESIAN_POINT('Origin',(28.77,5.5,20.));
#17985=CARTESIAN_POINT('',(29.8162000704118,5.5,23.3399798521354));
#17986=CARTESIAN_POINT('',(31.1153608247423,5.5,22.5979381443299));
#17987=CARTESIAN_POINT('Origin',(28.77,5.5,20.));
#17988=CARTESIAN_POINT('',(42.9916494845361,5.5,11.8762886597938));
#17989=CARTESIAN_POINT('',(31.1153608247423,5.5,22.5979381443299));
#17990=CARTESIAN_POINT('Origin',(32.27,5.5,3.93479016566043E-15));
#17991=CARTESIAN_POINT('',(29.8162000704117,5.5,-23.3399798521354));
#17992=CARTESIAN_POINT('Origin',(28.77,5.5,-20.));
#17993=CARTESIAN_POINT('',(-2.72615129306646,5.5,-33.5333977154396));
#17994=CARTESIAN_POINT('',(29.8162000704117,5.5,-23.3399798521354));
#17995=CARTESIAN_POINT('',(-18.1434001104367,5.5,-34.7947998895634));
#17996=CARTESIAN_POINT('Origin',(-13.23,5.5,4.44089209850063E-15));
#17997=CARTESIAN_POINT('',(-41.7193824811192,5.5,-31.4656175188807));
#17998=CARTESIAN_POINT('',(-18.1434001104367,5.5,-34.7947998895634));
#17999=CARTESIAN_POINT('',(-44.6956175188808,5.5,-28.4893824811191));
#18000=CARTESIAN_POINT('Origin',(-41.23,5.5,-28.));
#18001=CARTESIAN_POINT('',(-48.0247998895634,5.5,-4.91340011043661));
#18002=CARTESIAN_POINT('',(-44.6956175188808,5.5,-28.4893824811191));
#18003=CARTESIAN_POINT('',(-48.0247998895634,5.5,4.91340011043664));
#18004=CARTESIAN_POINT('Origin',(-13.23,5.5,4.44089209850063E-15));
#18005=CARTESIAN_POINT('',(-44.6956175188808,5.5,28.4893824811192));
#18006=CARTESIAN_POINT('',(-48.0247998895634,5.5,4.91340011043664));
#18007=CARTESIAN_POINT('',(-41.7193824811191,5.5,31.4656175188808));
#18008=CARTESIAN_POINT('Origin',(-41.23,5.5,28.));
#18009=CARTESIAN_POINT('',(-18.1434001104366,5.5,34.7947998895634));
#18010=CARTESIAN_POINT('',(-41.7193824811191,5.5,31.4656175188808));
#18011=CARTESIAN_POINT('',(-2.72615129306648,5.5,33.5333977154396));
#18012=CARTESIAN_POINT('Origin',(-13.23,5.5,4.44089209850063E-15));
#18013=CARTESIAN_POINT('',(-2.72615129306648,5.5,33.5333977154396));
#18014=CARTESIAN_POINT('',(-48.23,5.5,8.72715589551636E-15));
#18015=CARTESIAN_POINT('Origin',(-13.23,5.5,4.44089209850063E-15));
#18016=CARTESIAN_POINT('',(26.27,5.5,20.));
#18017=CARTESIAN_POINT('Origin',(28.77,5.5,20.));
#18018=CARTESIAN_POINT('',(30.02,5.5,11.));
#18019=CARTESIAN_POINT('Origin',(32.27,5.5,11.));
#18020=CARTESIAN_POINT('Origin',(32.27,5.5,11.));
#18021=CARTESIAN_POINT('',(30.02,5.5,-11.));
#18022=CARTESIAN_POINT('Origin',(32.27,5.5,-11.));
#18023=CARTESIAN_POINT('Origin',(32.27,5.5,-11.));
#18024=CARTESIAN_POINT('Ctrl Pts',(-23.2911827963272,30.,1.98217169353603));
#18025=CARTESIAN_POINT('Ctrl Pts',(-23.2911827963272,29.9,1.98217169353603));
#18026=CARTESIAN_POINT('Ctrl Pts',(-23.5391568578294,30.,1.98217169353603));
#18027=CARTESIAN_POINT('Ctrl Pts',(-23.5391568578294,29.9,1.98217169353603));
#18028=CARTESIAN_POINT('Ctrl Pts',(-23.8782978537075,30.,1.9128848234104));
#18029=CARTESIAN_POINT('Ctrl Pts',(-23.8782978537075,29.9,1.9128848234104));
#18030=CARTESIAN_POINT('Ctrl Pts',(-24.0059315618337,30.,1.82901124378465));
#18031=CARTESIAN_POINT('Ctrl Pts',(-24.0059315618337,29.9,1.82901124378465));
#18032=CARTESIAN_POINT('',(-24.0059315618337,30.,1.82901124378465));
#18033=CARTESIAN_POINT('',(-23.2911827963272,30.,1.98217169353603));
#18034=CARTESIAN_POINT('Ctrl Pts',(-24.0059315618337,30.,1.82901124378465));
#18035=CARTESIAN_POINT('Ctrl Pts',(-23.8782978537075,30.,1.9128848234104));
#18036=CARTESIAN_POINT('Ctrl Pts',(-23.5391568578294,30.,1.98217169353603));
#18037=CARTESIAN_POINT('Ctrl Pts',(-23.2911827963272,30.,1.98217169353603));
#18038=CARTESIAN_POINT('',(-24.0059315618337,29.9,1.82901124378465));
#18039=CARTESIAN_POINT('',(-24.0059315618337,30.,1.82901124378465));
#18040=CARTESIAN_POINT('',(-23.2911827963272,29.9,1.98217169353603));
#18041=CARTESIAN_POINT('Ctrl Pts',(-24.0059315618337,29.9,1.82901124378465));
#18042=CARTESIAN_POINT('Ctrl Pts',(-23.8782978537075,29.9,1.9128848234104));
#18043=CARTESIAN_POINT('Ctrl Pts',(-23.5391568578294,29.9,1.98217169353603));
#18044=CARTESIAN_POINT('Ctrl Pts',(-23.2911827963272,29.9,1.98217169353603));
#18045=CARTESIAN_POINT('',(-23.2911827963272,30.,1.98217169353603));
#18046=CARTESIAN_POINT('Origin',(-22.6967743841968,30.,1.98217169353603));
#18047=CARTESIAN_POINT('',(-22.6967743841968,30.,1.98217169353603));
#18048=CARTESIAN_POINT('',(-17.9633871920984,30.,1.98217169353603));
#18049=CARTESIAN_POINT('',(-22.6967743841968,29.9,1.98217169353603));
#18050=CARTESIAN_POINT('',(-23.0712008596833,29.9,1.98217169353603));
#18051=CARTESIAN_POINT('',(-22.6967743841968,30.,1.98217169353603));
#18052=CARTESIAN_POINT('Origin',(-22.6967743841968,30.,0.290113391520723));
#18053=CARTESIAN_POINT('',(-22.6967743841968,30.,0.290113391520723));
#18054=CARTESIAN_POINT('',(-22.6967743841968,30.,0.145056695760364));
#18055=CARTESIAN_POINT('',(-22.6967743841968,29.9,0.290113391520723));
#18056=CARTESIAN_POINT('',(-22.6967743841968,29.9,0.101101068490867));
#18057=CARTESIAN_POINT('',(-22.6967743841968,30.,0.290113391520723));
#18058=CARTESIAN_POINT('Origin',(-23.2218959262016,30.,0.290113391520723));
#18059=CARTESIAN_POINT('',(-23.2218959262016,30.,0.290113391520723));
#18060=CARTESIAN_POINT('',(-18.2259479631008,30.,0.290113391520723));
#18061=CARTESIAN_POINT('',(-23.2218959262016,29.9,0.290113391520723));
#18062=CARTESIAN_POINT('',(-23.3337616306857,29.9,0.290113391520723));
#18063=CARTESIAN_POINT('',(-23.2218959262016,30.,0.290113391520723));
#18064=CARTESIAN_POINT('Ctrl Pts',(-24.0351049808339,30.,0.523500743522834));
#18065=CARTESIAN_POINT('Ctrl Pts',(-24.0351049808339,29.9,0.523500743522834));
#18066=CARTESIAN_POINT('Ctrl Pts',(-23.8928845632076,30.,0.381280325896547));
#18067=CARTESIAN_POINT('Ctrl Pts',(-23.8928845632076,29.9,0.381280325896547));
#18068=CARTESIAN_POINT('Ctrl Pts',(-23.4808100198289,30.,0.290113391520723));
#18069=CARTESIAN_POINT('Ctrl Pts',(-23.4808100198289,29.9,0.290113391520723));
#18070=CARTESIAN_POINT('Ctrl Pts',(-23.2218959262016,30.,0.290113391520723));
#18071=CARTESIAN_POINT('Ctrl Pts',(-23.2218959262016,29.9,0.290113391520723));
#18072=CARTESIAN_POINT('',(-24.0351049808339,30.,0.523500743522834));
#18073=CARTESIAN_POINT('Ctrl Pts',(-23.2218959262016,30.,0.290113391520723));
#18074=CARTESIAN_POINT('Ctrl Pts',(-23.4808100198289,30.,0.290113391520723));
#18075=CARTESIAN_POINT('Ctrl Pts',(-23.8928845632076,30.,0.381280325896547));
#18076=CARTESIAN_POINT('Ctrl Pts',(-24.0351049808339,30.,0.523500743522834));
#18077=CARTESIAN_POINT('',(-24.0351049808339,29.9,0.523500743522834));
#18078=CARTESIAN_POINT('Ctrl Pts',(-23.2218959262016,29.9,0.290113391520723));
#18079=CARTESIAN_POINT('Ctrl Pts',(-23.4808100198289,29.9,0.290113391520723));
#18080=CARTESIAN_POINT('Ctrl Pts',(-23.8928845632076,29.9,0.381280325896547));
#18081=CARTESIAN_POINT('Ctrl Pts',(-24.0351049808339,29.9,0.523500743522834));
#18082=CARTESIAN_POINT('',(-24.0351049808339,30.,0.523500743522834));
#18083=CARTESIAN_POINT('Ctrl Pts',(-24.2903723970862,30.,1.23095615427923));
#18084=CARTESIAN_POINT('Ctrl Pts',(-24.2903723970862,29.9,1.23095615427923));
#18085=CARTESIAN_POINT('Ctrl Pts',(-24.2903723970862,30.,0.997568802277123));
#18086=CARTESIAN_POINT('Ctrl Pts',(-24.2903723970862,29.9,0.997568802277123));
#18087=CARTESIAN_POINT('Ctrl Pts',(-24.1663853663351,30.,0.647487774273956));
#18088=CARTESIAN_POINT('Ctrl Pts',(-24.1663853663351,29.9,0.647487774273956));
#18089=CARTESIAN_POINT('Ctrl Pts',(-24.0351049808339,30.,0.523500743522834));
#18090=CARTESIAN_POINT('Ctrl Pts',(-24.0351049808339,29.9,0.523500743522834));
#18091=CARTESIAN_POINT('',(-24.2903723970862,30.,1.23095615427923));
#18092=CARTESIAN_POINT('Ctrl Pts',(-24.0351049808339,30.,0.523500743522834));
#18093=CARTESIAN_POINT('Ctrl Pts',(-24.1663853663351,30.,0.647487774273956));
#18094=CARTESIAN_POINT('Ctrl Pts',(-24.2903723970862,30.,0.997568802277123));
#18095=CARTESIAN_POINT('Ctrl Pts',(-24.2903723970862,30.,1.23095615427923));
#18096=CARTESIAN_POINT('',(-24.2903723970862,29.9,1.23095615427923));
#18097=CARTESIAN_POINT('Ctrl Pts',(-24.0351049808339,29.9,0.523500743522834));
#18098=CARTESIAN_POINT('Ctrl Pts',(-24.1663853663351,29.9,0.647487774273956));
#18099=CARTESIAN_POINT('Ctrl Pts',(-24.2903723970862,29.9,0.997568802277123));
#18100=CARTESIAN_POINT('Ctrl Pts',(-24.2903723970862,29.9,1.23095615427923));
#18101=CARTESIAN_POINT('',(-24.2903723970862,30.,1.23095615427923));
#18102=CARTESIAN_POINT('Ctrl Pts',(-24.0059315618337,30.,1.82901124378465));
#18103=CARTESIAN_POINT('Ctrl Pts',(-24.0059315618337,29.9,1.82901124378465));
#18104=CARTESIAN_POINT('Ctrl Pts',(-24.151798656835,30.,1.73055095465875));
#18105=CARTESIAN_POINT('Ctrl Pts',(-24.151798656835,29.9,1.73055095465875));
#18106=CARTESIAN_POINT('Ctrl Pts',(-24.2903723970862,30.,1.42787673253102));
#18107=CARTESIAN_POINT('Ctrl Pts',(-24.2903723970862,29.9,1.42787673253102));
#18108=CARTESIAN_POINT('Ctrl Pts',(-24.2903723970862,30.,1.23095615427923));
#18109=CARTESIAN_POINT('Ctrl Pts',(-24.2903723970862,29.9,1.23095615427923));
#18110=CARTESIAN_POINT('Ctrl Pts',(-24.2903723970862,30.,1.23095615427923));
#18111=CARTESIAN_POINT('Ctrl Pts',(-24.2903723970862,30.,1.42787673253102));
#18112=CARTESIAN_POINT('Ctrl Pts',(-24.151798656835,30.,1.73055095465875));
#18113=CARTESIAN_POINT('Ctrl Pts',(-24.0059315618337,30.,1.82901124378465));
#18114=CARTESIAN_POINT('Ctrl Pts',(-24.2903723970862,29.9,1.23095615427923));
#18115=CARTESIAN_POINT('Ctrl Pts',(-24.2903723970862,29.9,1.42787673253102));
#18116=CARTESIAN_POINT('Ctrl Pts',(-24.151798656835,29.9,1.73055095465875));
#18117=CARTESIAN_POINT('Ctrl Pts',(-24.0059315618337,29.9,1.82901124378465));
#18118=CARTESIAN_POINT('Origin',(-23.9804048202084,30.,-0.0417342496072792));
#18119=CARTESIAN_POINT('',(-23.9804048202084,30.,-0.0417342496072792));
#18120=CARTESIAN_POINT('',(-25.5812961878479,30.,-2.));
#18121=CARTESIAN_POINT('',(-21.8169142835515,30.,2.60472228384321));
#18122=CARTESIAN_POINT('',(-23.9804048202084,29.9,-0.0417342496072792));
#18123=CARTESIAN_POINT('',(-23.9804048202084,30.,-0.0417342496072792));
#18124=CARTESIAN_POINT('',(-25.5812961878479,29.9,-2.));
#18125=CARTESIAN_POINT('',(-23.9804048202084,29.9,-0.0417342496072792));
#18126=CARTESIAN_POINT('',(-25.5812961878479,30.,-2.));
#18127=CARTESIAN_POINT('Ctrl Pts',(-24.9139542282169,30.,1.27836296015466));
#18128=CARTESIAN_POINT('Ctrl Pts',(-24.9139542282169,29.9,1.27836296015466));
#18129=CARTESIAN_POINT('Ctrl Pts',(-24.9139542282169,30.,0.78606151452521));
#18130=CARTESIAN_POINT('Ctrl Pts',(-24.9139542282169,29.9,0.78606151452521));
#18131=CARTESIAN_POINT('Ctrl Pts',(-24.4107127504623,30.,0.118719554894172));
#18132=CARTESIAN_POINT('Ctrl Pts',(-24.4107127504623,29.9,0.118719554894172));
#18133=CARTESIAN_POINT('Ctrl Pts',(-23.9804048202084,30.,-0.0417342496072792));
#18134=CARTESIAN_POINT('Ctrl Pts',(-23.9804048202084,29.9,-0.0417342496072792));
#18135=CARTESIAN_POINT('',(-24.9139542282169,30.,1.27836296015466));
#18136=CARTESIAN_POINT('Ctrl Pts',(-24.9139542282169,30.,1.27836296015466));
#18137=CARTESIAN_POINT('Ctrl Pts',(-24.9139542282169,30.,0.78606151452521));
#18138=CARTESIAN_POINT('Ctrl Pts',(-24.4107127504623,30.,0.118719554894172));
#18139=CARTESIAN_POINT('Ctrl Pts',(-23.9804048202084,30.,-0.0417342496072792));
#18140=CARTESIAN_POINT('',(-24.9139542282169,29.9,1.27836296015466));
#18141=CARTESIAN_POINT('',(-24.9139542282169,30.,1.27836296015466));
#18142=CARTESIAN_POINT('Ctrl Pts',(-24.9139542282169,29.9,1.27836296015466));
#18143=CARTESIAN_POINT('Ctrl Pts',(-24.9139542282169,29.9,0.78606151452521));
#18144=CARTESIAN_POINT('Ctrl Pts',(-24.4107127504623,29.9,0.118719554894172));
#18145=CARTESIAN_POINT('Ctrl Pts',(-23.9804048202084,29.9,-0.0417342496072792));
#18146=CARTESIAN_POINT('Ctrl Pts',(-24.4034193957122,30.,2.26296585141357));
#18147=CARTESIAN_POINT('Ctrl Pts',(-24.4034193957122,29.9,2.26296585141357));
#18148=CARTESIAN_POINT('Ctrl Pts',(-24.6404534250894,30.,2.10980540166219));
#18149=CARTESIAN_POINT('Ctrl Pts',(-24.6404534250894,29.9,2.10980540166219));
#18150=CARTESIAN_POINT('Ctrl Pts',(-24.9139542282169,30.,1.63209066553286));
#18151=CARTESIAN_POINT('Ctrl Pts',(-24.9139542282169,29.9,1.63209066553286));
#18152=CARTESIAN_POINT('Ctrl Pts',(-24.9139542282169,30.,1.27836296015466));
#18153=CARTESIAN_POINT('Ctrl Pts',(-24.9139542282169,29.9,1.27836296015466));
#18154=CARTESIAN_POINT('',(-24.4034193957122,30.,2.26296585141357));
#18155=CARTESIAN_POINT('Ctrl Pts',(-24.4034193957122,30.,2.26296585141357));
#18156=CARTESIAN_POINT('Ctrl Pts',(-24.6404534250894,30.,2.10980540166219));
#18157=CARTESIAN_POINT('Ctrl Pts',(-24.9139542282169,30.,1.63209066553286));
#18158=CARTESIAN_POINT('Ctrl Pts',(-24.9139542282169,30.,1.27836296015466));
#18159=CARTESIAN_POINT('',(-24.4034193957122,29.9,2.26296585141357));
#18160=CARTESIAN_POINT('',(-24.4034193957122,30.,2.26296585141357));
#18161=CARTESIAN_POINT('Ctrl Pts',(-24.4034193957122,29.9,2.26296585141357));
#18162=CARTESIAN_POINT('Ctrl Pts',(-24.6404534250894,29.9,2.10980540166219));
#18163=CARTESIAN_POINT('Ctrl Pts',(-24.9139542282169,29.9,1.63209066553286));
#18164=CARTESIAN_POINT('Ctrl Pts',(-24.9139542282169,29.9,1.27836296015466));
#18165=CARTESIAN_POINT('Ctrl Pts',(-23.2583626999519,30.,2.49999988079071));
#18166=CARTESIAN_POINT('Ctrl Pts',(-23.2583626999519,29.9,2.49999988079071));
#18167=CARTESIAN_POINT('Ctrl Pts',(-23.6449105017054,30.,2.49999988079071));
#18168=CARTESIAN_POINT('Ctrl Pts',(-23.6449105017054,29.9,2.49999988079071));
#18169=CARTESIAN_POINT('Ctrl Pts',(-24.1663853663351,30.,2.41612630116496));
#18170=CARTESIAN_POINT('Ctrl Pts',(-24.1663853663351,29.9,2.41612630116496));
#18171=CARTESIAN_POINT('Ctrl Pts',(-24.4034193957122,30.,2.26296585141357));
#18172=CARTESIAN_POINT('Ctrl Pts',(-24.4034193957122,29.9,2.26296585141357));
#18173=CARTESIAN_POINT('',(-23.2583626999519,30.,2.49999988079071));
#18174=CARTESIAN_POINT('Ctrl Pts',(-23.2583626999519,30.,2.49999988079071));
#18175=CARTESIAN_POINT('Ctrl Pts',(-23.6449105017054,30.,2.49999988079071));
#18176=CARTESIAN_POINT('Ctrl Pts',(-24.1663853663351,30.,2.41612630116496));
#18177=CARTESIAN_POINT('Ctrl Pts',(-24.4034193957122,30.,2.26296585141357));
#18178=CARTESIAN_POINT('',(-23.2583626999519,29.9,2.49999988079071));
#18179=CARTESIAN_POINT('',(-23.2583626999519,30.,2.49999988079071));
#18180=CARTESIAN_POINT('Ctrl Pts',(-23.2583626999519,29.9,2.49999988079071));
#18181=CARTESIAN_POINT('Ctrl Pts',(-23.6449105017054,29.9,2.49999988079071));
#18182=CARTESIAN_POINT('Ctrl Pts',(-24.1663853663351,29.9,2.41612630116496));
#18183=CARTESIAN_POINT('Ctrl Pts',(-24.4034193957122,29.9,2.26296585141357));
#18184=CARTESIAN_POINT('Origin',(-22.0987192946914,30.,2.49999988079071));
#18185=CARTESIAN_POINT('',(-22.0987192946914,30.,2.49999988079071));
#18186=CARTESIAN_POINT('',(-17.6643596473457,30.,2.49999988079071));
#18187=CARTESIAN_POINT('',(-22.0987192946914,29.9,2.49999988079071));
#18188=CARTESIAN_POINT('',(-22.0987192946914,30.,2.49999988079071));
#18189=CARTESIAN_POINT('',(-22.0987192946914,29.9,2.49999988079071));
#18190=CARTESIAN_POINT('Origin',(-22.0987192946914,30.,-1.99999999999999));
#18191=CARTESIAN_POINT('',(-22.0987192946914,30.,-1.99999999999999));
#18192=CARTESIAN_POINT('',(-22.0987192946914,30.,-0.999999999999995));
#18193=CARTESIAN_POINT('',(-22.0987192946914,29.9,-1.99999999999999));
#18194=CARTESIAN_POINT('',(-22.0987192946914,30.,-1.99999999999999));
#18195=CARTESIAN_POINT('',(-22.0987192946914,29.9,-1.99999999999999));
#18196=CARTESIAN_POINT('Origin',(-22.6967743841968,30.,-1.99999999999999));
#18197=CARTESIAN_POINT('',(-22.6967743841968,30.,-1.99999999999999));
#18198=CARTESIAN_POINT('',(-17.9633871920984,30.,-1.99999999999999));
#18199=CARTESIAN_POINT('',(-22.6967743841968,29.9,-1.99999999999999));
#18200=CARTESIAN_POINT('',(-22.6967743841968,30.,-1.99999999999999));
#18201=CARTESIAN_POINT('',(-22.6967743841968,29.9,-1.99999999999999));
#18202=CARTESIAN_POINT('Origin',(-22.6967743841968,30.,-0.209481408858797));
#18203=CARTESIAN_POINT('',(-22.6967743841968,30.,-0.209481408858797));
#18204=CARTESIAN_POINT('',(-22.6967743841968,30.,-0.104740704429396));
#18205=CARTESIAN_POINT('',(-22.6967743841968,29.9,-0.209481408858797));
#18206=CARTESIAN_POINT('',(-22.6967743841968,30.,-0.209481408858797));
#18207=CARTESIAN_POINT('',(-22.6967743841968,29.9,-0.209481408858797));
#18208=CARTESIAN_POINT('Origin',(-23.382349730703,30.,-0.209481408858797));
#18209=CARTESIAN_POINT('',(-23.382349730703,30.,-0.209481408858797));
#18210=CARTESIAN_POINT('',(-18.3061748653515,30.,-0.209481408858797));
#18211=CARTESIAN_POINT('',(-23.382349730703,29.9,-0.209481408858797));
#18212=CARTESIAN_POINT('',(-23.382349730703,30.,-0.209481408858797));
#18213=CARTESIAN_POINT('',(-23.382349730703,29.9,-0.209481408858797));
#18214=CARTESIAN_POINT('Origin',(-24.8045539069659,30.,-2.));
#18215=CARTESIAN_POINT('',(-24.8045539069659,30.,-2.));
#18216=CARTESIAN_POINT('',(-22.0787486808111,30.,1.43171888728715));
#18217=CARTESIAN_POINT('',(-24.8045539069659,29.9,-2.));
#18218=CARTESIAN_POINT('',(-24.8045539069659,30.,-2.));
#18219=CARTESIAN_POINT('',(-24.8045539069659,29.9,-2.));
#18220=CARTESIAN_POINT('Origin',(-25.5812961878479,30.,-2.));
#18221=CARTESIAN_POINT('',(-19.405648093924,30.,-2.));
#18222=CARTESIAN_POINT('',(-25.5812961878479,29.9,-2.));
#18223=CARTESIAN_POINT('Origin',(-23.4456273351698,29.9,-0.0879112545389896));
#18224=CARTESIAN_POINT('Origin',(-19.0209236616505,30.,-0.231361473108994));
#18225=CARTESIAN_POINT('',(-19.7137923629068,30.,1.88735808178517));
#18226=CARTESIAN_POINT('',(-19.0209236616505,30.,-0.231361473108994));
#18227=CARTESIAN_POINT('',(-18.7753637140388,30.,-0.982257944490075));
#18228=CARTESIAN_POINT('',(-19.7137923629068,29.9,1.88735808178517));
#18229=CARTESIAN_POINT('',(-19.7137923629068,30.,1.88735808178517));
#18230=CARTESIAN_POINT('',(-19.0209236616505,29.9,-0.231361473108994));
#18231=CARTESIAN_POINT('',(-19.05974472174,29.9,-0.112650757782763));
#18232=CARTESIAN_POINT('',(-19.0209236616505,30.,-0.231361473108994));
#18233=CARTESIAN_POINT('Origin',(-20.4103077415381,30.,-0.231361473108995));
#18234=CARTESIAN_POINT('',(-20.4103077415381,30.,-0.231361473108995));
#18235=CARTESIAN_POINT('',(-16.820153870769,30.,-0.231361473108993));
#18236=CARTESIAN_POINT('',(-20.4103077415381,29.9,-0.231361473108995));
#18237=CARTESIAN_POINT('',(-20.0686063846909,29.9,-0.231361473108995));
#18238=CARTESIAN_POINT('',(-20.4103077415381,30.,-0.231361473108995));
#18239=CARTESIAN_POINT('Origin',(-19.7137923629068,30.,1.88735808178517));
#18240=CARTESIAN_POINT('',(-19.6775755537016,30.,1.99752544381756));
#18241=CARTESIAN_POINT('',(-20.0239852403278,29.9,0.943787077692836));
#18242=CARTESIAN_POINT('Origin',(-18.4483953137703,30.,-1.99999999999999));
#18243=CARTESIAN_POINT('',(-18.4483953137703,30.,-1.99999999999999));
#18244=CARTESIAN_POINT('',(-17.8430468695148,30.,-1.99999999999999));
#18245=CARTESIAN_POINT('',(-15.8391976568852,30.,-1.99999999999999));
#18246=CARTESIAN_POINT('',(-18.4483953137703,29.9,-1.99999999999999));
#18247=CARTESIAN_POINT('',(-18.4483953137703,30.,-1.99999999999999));
#18248=CARTESIAN_POINT('',(-17.8430468695148,29.9,-1.99999999999999));
#18249=CARTESIAN_POINT('',(-18.4483953137703,29.9,-1.99999999999999));
#18250=CARTESIAN_POINT('',(-17.8430468695148,30.,-1.99999999999999));
#18251=CARTESIAN_POINT('Origin',(-18.856823179774,30.,-0.741896305613613));
#18252=CARTESIAN_POINT('',(-18.856823179774,30.,-0.741896305613613));
#18253=CARTESIAN_POINT('',(-18.697530349707,30.,-1.23257511251648));
#18254=CARTESIAN_POINT('',(-18.856823179774,29.9,-0.741896305613613));
#18255=CARTESIAN_POINT('',(-18.856823179774,30.,-0.741896305613613));
#18256=CARTESIAN_POINT('',(-18.856823179774,29.9,-0.741896305613613));
#18257=CARTESIAN_POINT('Origin',(-20.5744082234145,30.,-0.741896305613614));
#18258=CARTESIAN_POINT('',(-20.5744082234145,30.,-0.741896305613614));
#18259=CARTESIAN_POINT('',(-16.9022041117073,30.,-0.741896305613612));
#18260=CARTESIAN_POINT('',(-20.5744082234145,29.9,-0.741896305613614));
#18261=CARTESIAN_POINT('',(-20.5744082234145,30.,-0.741896305613614));
#18262=CARTESIAN_POINT('',(-20.5744082234145,29.9,-0.741896305613614));
#18263=CARTESIAN_POINT('Origin',(-20.9828360894182,30.,-2.));
#18264=CARTESIAN_POINT('',(-20.9828360894182,30.,-2.));
#18265=CARTESIAN_POINT('',(-20.3195659577548,30.,0.0431088877133708));
#18266=CARTESIAN_POINT('',(-20.9828360894182,29.9,-2.));
#18267=CARTESIAN_POINT('',(-20.9828360894182,30.,-2.));
#18268=CARTESIAN_POINT('',(-20.9828360894182,29.9,-2.));
#18269=CARTESIAN_POINT('Origin',(-21.6137112752989,30.,-2.));
#18270=CARTESIAN_POINT('',(-21.6137112752989,30.,-2.));
#18271=CARTESIAN_POINT('',(-17.4218556376495,30.,-2.));
#18272=CARTESIAN_POINT('',(-21.6137112752989,29.9,-2.));
#18273=CARTESIAN_POINT('',(-21.6137112752989,30.,-2.));
#18274=CARTESIAN_POINT('',(-21.6137112752989,29.9,-2.));
#18275=CARTESIAN_POINT('Origin',(-20.0966934872852,30.,2.49999988079072));
#18276=CARTESIAN_POINT('',(-20.0966934872852,30.,2.49999988079072));
#18277=CARTESIAN_POINT('',(-20.1247147038673,30.,2.41687925275636));
#18278=CARTESIAN_POINT('',(-20.0966934872852,29.9,2.49999988079072));
#18279=CARTESIAN_POINT('',(-20.0966934872852,30.,2.49999988079072));
#18280=CARTESIAN_POINT('',(-20.0966934872852,29.9,2.49999988079072));
#18281=CARTESIAN_POINT('Origin',(-19.3600646575286,30.,2.49999988079072));
#18282=CARTESIAN_POINT('',(-19.3600646575286,30.,2.49999988079072));
#18283=CARTESIAN_POINT('',(-16.2950323287643,30.,2.49999988079072));
#18284=CARTESIAN_POINT('',(-19.3600646575286,29.9,2.49999988079072));
#18285=CARTESIAN_POINT('',(-19.3600646575286,30.,2.49999988079072));
#18286=CARTESIAN_POINT('',(-19.3600646575286,29.9,2.49999988079072));
#18287=CARTESIAN_POINT('Origin',(-17.8430468695148,30.,-1.99999999999999));
#18288=CARTESIAN_POINT('',(-17.9103811497739,30.,-1.80026321673163));
#18289=CARTESIAN_POINT('',(-17.8430468695148,29.9,-1.99999999999999));
#18290=CARTESIAN_POINT('Origin',(-19.7269050278438,29.9,-0.199421035129048));
#18291=CARTESIAN_POINT('Ctrl Pts',(-15.1846190152968,30.,1.98217169353603));
#18292=CARTESIAN_POINT('Ctrl Pts',(-15.1846190152968,29.9,1.98217169353603));
#18293=CARTESIAN_POINT('Ctrl Pts',(-15.5894002039255,30.,1.98217169353603));
#18294=CARTESIAN_POINT('Ctrl Pts',(-15.5894002039255,29.9,1.98217169353603));
#18295=CARTESIAN_POINT('Ctrl Pts',(-16.1327551328054,30.,1.85453798540988));
#18296=CARTESIAN_POINT('Ctrl Pts',(-16.1327551328054,29.9,1.85453798540988));
#18297=CARTESIAN_POINT('Ctrl Pts',(-16.3734358395576,30.,1.71231756778359));
#18298=CARTESIAN_POINT('Ctrl Pts',(-16.3734358395576,29.9,1.71231756778359));
#18299=CARTESIAN_POINT('',(-16.3734358395576,30.,1.71231756778359));
#18300=CARTESIAN_POINT('',(-15.1846190152968,30.,1.98217169353603));
#18301=CARTESIAN_POINT('Ctrl Pts',(-16.3734358395576,30.,1.71231756778359));
#18302=CARTESIAN_POINT('Ctrl Pts',(-16.1327551328054,30.,1.85453798540988));
#18303=CARTESIAN_POINT('Ctrl Pts',(-15.5894002039255,30.,1.98217169353603));
#18304=CARTESIAN_POINT('Ctrl Pts',(-15.1846190152968,30.,1.98217169353603));
#18305=CARTESIAN_POINT('',(-16.3734358395576,29.9,1.71231756778359));
#18306=CARTESIAN_POINT('',(-16.3734358395576,30.,1.71231756778359));
#18307=CARTESIAN_POINT('',(-15.1846190152968,29.9,1.98217169353603));
#18308=CARTESIAN_POINT('Ctrl Pts',(-16.3734358395576,29.9,1.71231756778359));
#18309=CARTESIAN_POINT('Ctrl Pts',(-16.1327551328054,29.9,1.85453798540988));
#18310=CARTESIAN_POINT('Ctrl Pts',(-15.5894002039255,29.9,1.98217169353603));
#18311=CARTESIAN_POINT('Ctrl Pts',(-15.1846190152968,29.9,1.98217169353603));
#18312=CARTESIAN_POINT('',(-15.1846190152968,30.,1.98217169353603));
#18313=CARTESIAN_POINT('Origin',(-14.7287843434177,30.,1.98217169353603));
#18314=CARTESIAN_POINT('',(-14.7287843434177,30.,1.98217169353603));
#18315=CARTESIAN_POINT('',(-13.9793921717088,30.,1.98217169353603));
#18316=CARTESIAN_POINT('',(-14.7287843434177,29.9,1.98217169353603));
#18317=CARTESIAN_POINT('',(-15.0927290850717,29.9,1.98217169353603));
#18318=CARTESIAN_POINT('',(-14.7287843434177,30.,1.98217169353603));
#18319=CARTESIAN_POINT('Origin',(-14.7287843434177,30.,-1.48217181274531));
#18320=CARTESIAN_POINT('',(-14.7287843434177,30.,-1.48217181274531));
#18321=CARTESIAN_POINT('',(-14.7287843434177,30.,-0.741085906372653));
#18322=CARTESIAN_POINT('',(-14.7287843434177,29.9,-1.48217181274531));
#18323=CARTESIAN_POINT('',(-14.7287843434177,29.9,-0.615574599591329));
#18324=CARTESIAN_POINT('',(-14.7287843434177,30.,-1.48217181274531));
#18325=CARTESIAN_POINT('Origin',(-15.1846190152968,30.,-1.48217181274531));
#18326=CARTESIAN_POINT('',(-15.1846190152968,30.,-1.48217181274531));
#18327=CARTESIAN_POINT('',(-14.2073095076484,30.,-1.48217181274531));
#18328=CARTESIAN_POINT('',(-15.1846190152968,29.9,-1.48217181274531));
#18329=CARTESIAN_POINT('',(-15.3206464210113,29.9,-1.48217181274531));
#18330=CARTESIAN_POINT('',(-15.1846190152968,30.,-1.48217181274531));
#18331=CARTESIAN_POINT('Ctrl Pts',(-16.4281360001831,30.,-1.18314426799261));
#18332=CARTESIAN_POINT('Ctrl Pts',(-16.4281360001831,29.9,-1.18314426799261));
#18333=CARTESIAN_POINT('Ctrl Pts',(-16.1838086160559,30.,-1.35453810461916));
#18334=CARTESIAN_POINT('Ctrl Pts',(-16.1838086160559,29.9,-1.35453810461916));
#18335=CARTESIAN_POINT('Ctrl Pts',(-15.5821068491754,30.,-1.48217181274531));
#18336=CARTESIAN_POINT('Ctrl Pts',(-15.5821068491754,29.9,-1.48217181274531));
#18337=CARTESIAN_POINT('Ctrl Pts',(-15.1846190152968,30.,-1.48217181274531));
#18338=CARTESIAN_POINT('Ctrl Pts',(-15.1846190152968,29.9,-1.48217181274531));
#18339=CARTESIAN_POINT('',(-16.4281360001831,30.,-1.18314426799261));
#18340=CARTESIAN_POINT('Ctrl Pts',(-15.1846190152968,30.,-1.48217181274531));
#18341=CARTESIAN_POINT('Ctrl Pts',(-15.5821068491754,30.,-1.48217181274531));
#18342=CARTESIAN_POINT('Ctrl Pts',(-16.1838086160559,30.,-1.35453810461916));
#18343=CARTESIAN_POINT('Ctrl Pts',(-16.4281360001831,30.,-1.18314426799261));
#18344=CARTESIAN_POINT('',(-16.4281360001831,29.9,-1.18314426799261));
#18345=CARTESIAN_POINT('Ctrl Pts',(-15.1846190152968,29.9,-1.48217181274531));
#18346=CARTESIAN_POINT('Ctrl Pts',(-15.5821068491754,29.9,-1.48217181274531));
#18347=CARTESIAN_POINT('Ctrl Pts',(-16.1838086160559,29.9,-1.35453810461916));
#18348=CARTESIAN_POINT('Ctrl Pts',(-16.4281360001831,29.9,-1.18314426799261));
#18349=CARTESIAN_POINT('',(-16.4281360001831,30.,-1.18314426799261));
#18350=CARTESIAN_POINT('Ctrl Pts',(-17.0553645086887,30.,0.253646617770392));
#18351=CARTESIAN_POINT('Ctrl Pts',(-17.0553645086887,29.9,0.253646617770392));
#18352=CARTESIAN_POINT('Ctrl Pts',(-17.0553645086887,30.,-0.271474924234358));
#18353=CARTESIAN_POINT('Ctrl Pts',(-17.0553645086887,29.9,-0.271474924234358));
#18354=CARTESIAN_POINT('Ctrl Pts',(-16.7417502544359,30.,-0.971636980240692));
#18355=CARTESIAN_POINT('Ctrl Pts',(-16.7417502544359,29.9,-0.971636980240692));
#18356=CARTESIAN_POINT('Ctrl Pts',(-16.4281360001831,30.,-1.18314426799261));
#18357=CARTESIAN_POINT('Ctrl Pts',(-16.4281360001831,29.9,-1.18314426799261));
#18358=CARTESIAN_POINT('',(-17.0553645086887,30.,0.253646617770392));
#18359=CARTESIAN_POINT('Ctrl Pts',(-16.4281360001831,30.,-1.18314426799261));
#18360=CARTESIAN_POINT('Ctrl Pts',(-16.7417502544359,30.,-0.971636980240692));
#18361=CARTESIAN_POINT('Ctrl Pts',(-17.0553645086887,30.,-0.271474924234358));
#18362=CARTESIAN_POINT('Ctrl Pts',(-17.0553645086887,30.,0.253646617770392));
#18363=CARTESIAN_POINT('',(-17.0553645086887,29.9,0.253646617770392));
#18364=CARTESIAN_POINT('Ctrl Pts',(-16.4281360001831,29.9,-1.18314426799261));
#18365=CARTESIAN_POINT('Ctrl Pts',(-16.7417502544359,29.9,-0.971636980240692));
#18366=CARTESIAN_POINT('Ctrl Pts',(-17.0553645086887,29.9,-0.271474924234358));
#18367=CARTESIAN_POINT('Ctrl Pts',(-17.0553645086887,29.9,0.253646617770392));
#18368=CARTESIAN_POINT('',(-17.0553645086887,30.,0.253646617770392));
#18369=CARTESIAN_POINT('Ctrl Pts',(-16.3734358395576,30.,1.71231756778359));
#18370=CARTESIAN_POINT('Ctrl Pts',(-16.3734358395576,29.9,1.71231756778359));
#18371=CARTESIAN_POINT('Ctrl Pts',(-16.7125768354356,30.,1.50445695740671));
#18372=CARTESIAN_POINT('Ctrl Pts',(-16.7125768354356,29.9,1.50445695740671));
#18373=CARTESIAN_POINT('Ctrl Pts',(-17.0553645086887,30.,0.771474805025077));
#18374=CARTESIAN_POINT('Ctrl Pts',(-17.0553645086887,29.9,0.771474805025077));
#18375=CARTESIAN_POINT('Ctrl Pts',(-17.0553645086887,30.,0.253646617770392));
#18376=CARTESIAN_POINT('Ctrl Pts',(-17.0553645086887,29.9,0.253646617770392));
#18377=CARTESIAN_POINT('Ctrl Pts',(-17.0553645086887,30.,0.253646617770392));
#18378=CARTESIAN_POINT('Ctrl Pts',(-17.0553645086887,30.,0.771474805025077));
#18379=CARTESIAN_POINT('Ctrl Pts',(-16.7125768354356,30.,1.50445695740671));
#18380=CARTESIAN_POINT('Ctrl Pts',(-16.3734358395576,30.,1.71231756778359));
#18381=CARTESIAN_POINT('Ctrl Pts',(-17.0553645086887,29.9,0.253646617770392));
#18382=CARTESIAN_POINT('Ctrl Pts',(-17.0553645086887,29.9,0.771474805025077));
#18383=CARTESIAN_POINT('Ctrl Pts',(-16.7125768354356,29.9,1.50445695740671));
#18384=CARTESIAN_POINT('Ctrl Pts',(-16.3734358395576,29.9,1.71231756778359));
#18385=CARTESIAN_POINT('Ctrl Pts',(-16.7672769960611,30.,2.14262549803748));
#18386=CARTESIAN_POINT('Ctrl Pts',(-16.7672769960611,29.9,2.14262549803748));
#18387=CARTESIAN_POINT('Ctrl Pts',(-17.2012316036901,30.,1.85453798540988));
#18388=CARTESIAN_POINT('Ctrl Pts',(-17.2012316036901,29.9,1.85453798540988));
#18389=CARTESIAN_POINT('Ctrl Pts',(-17.6789463398194,30.,0.902755190526265));
#18390=CARTESIAN_POINT('Ctrl Pts',(-17.6789463398194,29.9,0.902755190526265));
#18391=CARTESIAN_POINT('Ctrl Pts',(-17.6789463398194,30.,0.246353263020326));
#18392=CARTESIAN_POINT('Ctrl Pts',(-17.6789463398194,29.9,0.246353263020326));
#18393=CARTESIAN_POINT('',(-16.7672769960611,30.,2.14262549803748));
#18394=CARTESIAN_POINT('',(-17.6789463398194,30.,0.246353263020326));
#18395=CARTESIAN_POINT('Ctrl Pts',(-16.7672769960611,30.,2.14262549803748));
#18396=CARTESIAN_POINT('Ctrl Pts',(-17.2012316036901,30.,1.85453798540988));
#18397=CARTESIAN_POINT('Ctrl Pts',(-17.6789463398194,30.,0.902755190526265));
#18398=CARTESIAN_POINT('Ctrl Pts',(-17.6789463398194,30.,0.246353263020326));
#18399=CARTESIAN_POINT('',(-16.7672769960611,29.9,2.14262549803748));
#18400=CARTESIAN_POINT('',(-16.7672769960611,30.,2.14262549803748));
#18401=CARTESIAN_POINT('',(-17.6789463398194,29.9,0.246353263020326));
#18402=CARTESIAN_POINT('Ctrl Pts',(-16.7672769960611,29.9,2.14262549803748));
#18403=CARTESIAN_POINT('Ctrl Pts',(-17.2012316036901,29.9,1.85453798540988));
#18404=CARTESIAN_POINT('Ctrl Pts',(-17.6789463398194,29.9,0.902755190526265));
#18405=CARTESIAN_POINT('Ctrl Pts',(-17.6789463398194,29.9,0.246353263020326));
#18406=CARTESIAN_POINT('',(-17.6789463398194,30.,0.246353263020326));
#18407=CARTESIAN_POINT('Ctrl Pts',(-15.1554455962966,30.,2.49999988079071));
#18408=CARTESIAN_POINT('Ctrl Pts',(-15.1554455962966,29.9,2.49999988079071));
#18409=CARTESIAN_POINT('Ctrl Pts',(-15.7899674595523,30.,2.49999988079071));
#18410=CARTESIAN_POINT('Ctrl Pts',(-15.7899674595523,29.9,2.49999988079071));
#18411=CARTESIAN_POINT('Ctrl Pts',(-16.5120095798088,30.,2.310372657289));
#18412=CARTESIAN_POINT('Ctrl Pts',(-16.5120095798088,29.9,2.310372657289));
#18413=CARTESIAN_POINT('Ctrl Pts',(-16.7672769960611,30.,2.14262549803748));
#18414=CARTESIAN_POINT('Ctrl Pts',(-16.7672769960611,29.9,2.14262549803748));
#18415=CARTESIAN_POINT('',(-15.1554455962966,30.,2.49999988079071));
#18416=CARTESIAN_POINT('Ctrl Pts',(-15.1554455962966,30.,2.49999988079071));
#18417=CARTESIAN_POINT('Ctrl Pts',(-15.7899674595523,30.,2.49999988079071));
#18418=CARTESIAN_POINT('Ctrl Pts',(-16.5120095798088,30.,2.310372657289));
#18419=CARTESIAN_POINT('Ctrl Pts',(-16.7672769960611,30.,2.14262549803748));
#18420=CARTESIAN_POINT('',(-15.1554455962966,29.9,2.49999988079071));
#18421=CARTESIAN_POINT('',(-15.1554455962966,30.,2.49999988079071));
#18422=CARTESIAN_POINT('Ctrl Pts',(-15.1554455962966,29.9,2.49999988079071));
#18423=CARTESIAN_POINT('Ctrl Pts',(-15.7899674595523,29.9,2.49999988079071));
#18424=CARTESIAN_POINT('Ctrl Pts',(-16.5120095798088,29.9,2.310372657289));
#18425=CARTESIAN_POINT('Ctrl Pts',(-16.7672769960611,29.9,2.14262549803748));
#18426=CARTESIAN_POINT('Origin',(-14.1307292539123,30.,2.49999988079071));
#18427=CARTESIAN_POINT('',(-14.1307292539123,30.,2.49999988079071));
#18428=CARTESIAN_POINT('',(-13.6803646269561,30.,2.49999988079071));
#18429=CARTESIAN_POINT('',(-14.1307292539123,29.9,2.49999988079071));
#18430=CARTESIAN_POINT('',(-14.1307292539123,30.,2.49999988079071));
#18431=CARTESIAN_POINT('',(-14.1307292539123,29.9,2.49999988079071));
#18432=CARTESIAN_POINT('Origin',(-14.1307292539123,30.,-2.));
#18433=CARTESIAN_POINT('',(-14.1307292539123,30.,-2.));
#18434=CARTESIAN_POINT('',(-14.1307292539123,30.,-0.999999999999995));
#18435=CARTESIAN_POINT('',(-14.1307292539123,29.9,-2.));
#18436=CARTESIAN_POINT('',(-14.1307292539123,30.,-2.));
#18437=CARTESIAN_POINT('',(-14.1307292539123,29.9,-2.));
#18438=CARTESIAN_POINT('Origin',(-15.1663856284217,30.,-2.));
#18439=CARTESIAN_POINT('',(-15.1663856284217,30.,-2.));
#18440=CARTESIAN_POINT('',(-14.1981928142108,30.,-2.));
#18441=CARTESIAN_POINT('',(-15.1663856284217,29.9,-2.));
#18442=CARTESIAN_POINT('',(-15.1663856284217,30.,-2.));
#18443=CARTESIAN_POINT('',(-15.1663856284217,29.9,-2.));
#18444=CARTESIAN_POINT('Ctrl Pts',(-16.7599836413111,30.,-1.63897893987173));
#18445=CARTESIAN_POINT('Ctrl Pts',(-16.7599836413111,29.9,-1.63897893987173));
#18446=CARTESIAN_POINT('Ctrl Pts',(-16.417195968058,30.,-1.85413290499868));
#18447=CARTESIAN_POINT('Ctrl Pts',(-16.417195968058,29.9,-1.85413290499868));
#18448=CARTESIAN_POINT('Ctrl Pts',(-15.7133872346766,30.,-2.));
#18449=CARTESIAN_POINT('Ctrl Pts',(-15.7133872346766,29.9,-2.));
#18450=CARTESIAN_POINT('Ctrl Pts',(-15.1663856284217,30.,-2.));
#18451=CARTESIAN_POINT('Ctrl Pts',(-15.1663856284217,29.9,-2.));
#18452=CARTESIAN_POINT('',(-16.7599836413111,30.,-1.63897893987173));
#18453=CARTESIAN_POINT('Ctrl Pts',(-16.7599836413111,30.,-1.63897893987173));
#18454=CARTESIAN_POINT('Ctrl Pts',(-16.417195968058,30.,-1.85413290499868));
#18455=CARTESIAN_POINT('Ctrl Pts',(-15.7133872346766,30.,-2.));
#18456=CARTESIAN_POINT('Ctrl Pts',(-15.1663856284217,30.,-2.));
#18457=CARTESIAN_POINT('',(-16.7599836413111,29.9,-1.63897893987173));
#18458=CARTESIAN_POINT('',(-16.7599836413111,30.,-1.63897893987173));
#18459=CARTESIAN_POINT('Ctrl Pts',(-16.7599836413111,29.9,-1.63897893987173));
#18460=CARTESIAN_POINT('Ctrl Pts',(-16.417195968058,29.9,-1.85413290499868));
#18461=CARTESIAN_POINT('Ctrl Pts',(-15.7133872346766,29.9,-2.));
#18462=CARTESIAN_POINT('Ctrl Pts',(-15.1663856284217,29.9,-2.));
#18463=CARTESIAN_POINT('Ctrl Pts',(-17.6789463398194,30.,0.246353263020326));
#18464=CARTESIAN_POINT('Ctrl Pts',(-17.6789463398194,29.9,0.246353263020326));
#18465=CARTESIAN_POINT('Ctrl Pts',(-17.6789463398194,30.,-0.369935213360249));
#18466=CARTESIAN_POINT('Ctrl Pts',(-17.6789463398194,29.9,-0.369935213360249));
#18467=CARTESIAN_POINT('Ctrl Pts',(-17.1793515394399,30.,-1.36183145936922));
#18468=CARTESIAN_POINT('Ctrl Pts',(-17.1793515394399,29.9,-1.36183145936922));
#18469=CARTESIAN_POINT('Ctrl Pts',(-16.7599836413111,30.,-1.63897893987173));
#18470=CARTESIAN_POINT('Ctrl Pts',(-16.7599836413111,29.9,-1.63897893987173));
#18471=CARTESIAN_POINT('Ctrl Pts',(-17.6789463398194,30.,0.246353263020326));
#18472=CARTESIAN_POINT('Ctrl Pts',(-17.6789463398194,30.,-0.369935213360249));
#18473=CARTESIAN_POINT('Ctrl Pts',(-17.1793515394399,30.,-1.36183145936922));
#18474=CARTESIAN_POINT('Ctrl Pts',(-16.7599836413111,30.,-1.63897893987173));
#18475=CARTESIAN_POINT('Ctrl Pts',(-17.6789463398194,29.9,0.246353263020326));
#18476=CARTESIAN_POINT('Ctrl Pts',(-17.6789463398194,29.9,-0.369935213360249));
#18477=CARTESIAN_POINT('Ctrl Pts',(-17.1793515394399,29.9,-1.36183145936922));
#18478=CARTESIAN_POINT('Ctrl Pts',(-16.7599836413111,29.9,-1.63897893987173));
#18479=CARTESIAN_POINT('Origin',(-15.4566738267258,29.9,0.251022613562652));
#18480=CARTESIAN_POINT('Origin',(-11.3519609953596,30.,-1.46758510324518));
#18481=CARTESIAN_POINT('',(-11.3519609953596,30.,-1.46758510324518));
#18482=CARTESIAN_POINT('',(-11.3519609953596,30.,-2.));
#18483=CARTESIAN_POINT('',(-11.3519609953596,30.,-0.733792551622587));
#18484=CARTESIAN_POINT('',(-11.3519609953596,29.9,-1.46758510324518));
#18485=CARTESIAN_POINT('',(-11.3519609953596,30.,-1.46758510324518));
#18486=CARTESIAN_POINT('',(-11.3519609953596,29.9,-2.));
#18487=CARTESIAN_POINT('',(-11.3519609953596,29.9,-1.46758510324518));
#18488=CARTESIAN_POINT('',(-11.3519609953596,30.,-2.));
#18489=CARTESIAN_POINT('Origin',(-9.34264176171642,30.,-1.46758510324518));
#18490=CARTESIAN_POINT('',(-9.34264176171642,30.,-1.46758510324518));
#18491=CARTESIAN_POINT('',(-11.2863208808582,30.,-1.46758510324518));
#18492=CARTESIAN_POINT('',(-9.34264176171642,29.9,-1.46758510324518));
#18493=CARTESIAN_POINT('',(-9.34264176171642,30.,-1.46758510324518));
#18494=CARTESIAN_POINT('',(-9.34264176171642,29.9,-1.46758510324518));
#18495=CARTESIAN_POINT('Origin',(-9.34264176171642,30.,2.49999988079072));
#18496=CARTESIAN_POINT('',(-9.34264176171642,30.,2.49999988079072));
#18497=CARTESIAN_POINT('',(-9.34264176171642,30.,1.24999994039536));
#18498=CARTESIAN_POINT('',(-9.34264176171642,29.9,2.49999988079072));
#18499=CARTESIAN_POINT('',(-9.34264176171642,30.,2.49999988079072));
#18500=CARTESIAN_POINT('',(-9.34264176171642,29.9,2.49999988079072));
#18501=CARTESIAN_POINT('Origin',(-8.74458667221101,30.,2.49999988079072));
#18502=CARTESIAN_POINT('',(-8.74458667221101,30.,2.49999988079072));
#18503=CARTESIAN_POINT('',(-10.9872933361055,30.,2.49999988079072));
#18504=CARTESIAN_POINT('',(-8.74458667221101,29.9,2.49999988079072));
#18505=CARTESIAN_POINT('',(-8.74458667221101,30.,2.49999988079072));
#18506=CARTESIAN_POINT('',(-8.74458667221101,29.9,2.49999988079072));
#18507=CARTESIAN_POINT('Origin',(-8.74458667221101,30.,-1.99999999999999));
#18508=CARTESIAN_POINT('',(-8.74458667221101,30.,-1.99999999999999));
#18509=CARTESIAN_POINT('',(-8.74458667221101,30.,-0.999999999999995));
#18510=CARTESIAN_POINT('',(-8.74458667221101,29.9,-1.99999999999999));
#18511=CARTESIAN_POINT('',(-8.74458667221101,30.,-1.99999999999999));
#18512=CARTESIAN_POINT('',(-8.74458667221101,29.9,-1.99999999999999));
#18513=CARTESIAN_POINT('Origin',(-11.3519609953596,30.,-2.));
#18514=CARTESIAN_POINT('',(-12.2909804976798,30.,-2.));
#18515=CARTESIAN_POINT('',(-11.3519609953596,29.9,-2.));
#18516=CARTESIAN_POINT('Origin',(-9.48743768032102,29.9,-0.310836213068924));
#18517=CARTESIAN_POINT('Ctrl Pts',(-6.42529980131255,30.,1.98217169353603));
#18518=CARTESIAN_POINT('Ctrl Pts',(-6.42529980131255,29.9,1.98217169353603));
#18519=CARTESIAN_POINT('Ctrl Pts',(-6.70609395919009,30.,1.98217169353603));
#18520=CARTESIAN_POINT('Ctrl Pts',(-6.70609395919009,29.9,1.98217169353603));
#18521=CARTESIAN_POINT('Ctrl Pts',(-7.08534840619352,30.,1.90559146866034));
#18522=CARTESIAN_POINT('Ctrl Pts',(-7.08534840619352,29.9,1.90559146866034));
#18523=CARTESIAN_POINT('Ctrl Pts',(-7.22756882381981,30.,1.81077785690948));
#18524=CARTESIAN_POINT('Ctrl Pts',(-7.22756882381981,29.9,1.81077785690948));
#18525=CARTESIAN_POINT('',(-7.22756882381981,30.,1.81077785690948));
#18526=CARTESIAN_POINT('',(-6.42529980131255,30.,1.98217169353603));
#18527=CARTESIAN_POINT('Ctrl Pts',(-7.22756882381981,30.,1.81077785690948));
#18528=CARTESIAN_POINT('Ctrl Pts',(-7.08534840619352,30.,1.90559146866034));
#18529=CARTESIAN_POINT('Ctrl Pts',(-6.70609395919009,30.,1.98217169353603));
#18530=CARTESIAN_POINT('Ctrl Pts',(-6.42529980131255,30.,1.98217169353603));
#18531=CARTESIAN_POINT('',(-7.22756882381981,29.9,1.81077785690948));
#18532=CARTESIAN_POINT('',(-7.22756882381981,30.,1.81077785690948));
#18533=CARTESIAN_POINT('',(-6.42529980131255,29.9,1.98217169353603));
#18534=CARTESIAN_POINT('Ctrl Pts',(-7.22756882381981,29.9,1.81077785690948));
#18535=CARTESIAN_POINT('Ctrl Pts',(-7.08534840619352,29.9,1.90559146866034));
#18536=CARTESIAN_POINT('Ctrl Pts',(-6.70609395919009,29.9,1.98217169353603));
#18537=CARTESIAN_POINT('Ctrl Pts',(-6.42529980131255,29.9,1.98217169353603));
#18538=CARTESIAN_POINT('',(-6.42529980131255,30.,1.98217169353603));
#18539=CARTESIAN_POINT('Origin',(-5.92935167830806,30.,1.98217169353603));
#18540=CARTESIAN_POINT('',(-5.92935167830806,30.,1.98217169353603));
#18541=CARTESIAN_POINT('',(-9.57967583915403,30.,1.98217169353603));
#18542=CARTESIAN_POINT('',(-5.92935167830806,29.9,1.98217169353603));
#18543=CARTESIAN_POINT('',(-6.06469581806934,29.9,1.98217169353603));
#18544=CARTESIAN_POINT('',(-5.92935167830806,30.,1.98217169353603));
#18545=CARTESIAN_POINT('Origin',(-5.92935167830806,30.,0.188006425019799));
#18546=CARTESIAN_POINT('',(-5.92935167830806,30.,0.188006425019799));
#18547=CARTESIAN_POINT('',(-5.92935167830806,30.,0.0940032125099041));
#18548=CARTESIAN_POINT('',(-5.92935167830806,29.9,0.188006425019799));
#18549=CARTESIAN_POINT('',(-5.92935167830806,29.9,0.291319819265722));
#18550=CARTESIAN_POINT('',(-5.92935167830806,30.,0.188006425019799));
#18551=CARTESIAN_POINT('Origin',(-6.33777954431176,30.,0.188006425019799));
#18552=CARTESIAN_POINT('',(-6.33777954431176,30.,0.188006425019799));
#18553=CARTESIAN_POINT('',(-9.78388977215588,30.,0.188006425019799));
#18554=CARTESIAN_POINT('',(-6.33777954431176,29.9,0.188006425019799));
#18555=CARTESIAN_POINT('',(-6.26890975107119,29.9,0.188006425019799));
#18556=CARTESIAN_POINT('',(-6.33777954431176,30.,0.188006425019799));
#18557=CARTESIAN_POINT('Ctrl Pts',(-7.29685569394543,30.,0.45786055077224));
#18558=CARTESIAN_POINT('Ctrl Pts',(-7.29685569394543,29.9,0.45786055077224));
#18559=CARTESIAN_POINT('Ctrl Pts',(-7.15098859894411,30.,0.304700101020854));
#18560=CARTESIAN_POINT('Ctrl Pts',(-7.15098859894411,29.9,0.304700101020854));
#18561=CARTESIAN_POINT('Ctrl Pts',(-6.70244728181506,30.,0.188006425019799));
#18562=CARTESIAN_POINT('Ctrl Pts',(-6.70244728181506,29.9,0.188006425019799));
#18563=CARTESIAN_POINT('Ctrl Pts',(-6.33777954431176,30.,0.188006425019799));
#18564=CARTESIAN_POINT('Ctrl Pts',(-6.33777954431176,29.9,0.188006425019799));
#18565=CARTESIAN_POINT('',(-7.29685569394543,30.,0.45786055077224));
#18566=CARTESIAN_POINT('Ctrl Pts',(-6.33777954431176,30.,0.188006425019799));
#18567=CARTESIAN_POINT('Ctrl Pts',(-6.70244728181506,30.,0.188006425019799));
#18568=CARTESIAN_POINT('Ctrl Pts',(-7.15098859894411,30.,0.304700101020854));
#18569=CARTESIAN_POINT('Ctrl Pts',(-7.29685569394543,30.,0.45786055077224));
#18570=CARTESIAN_POINT('',(-7.29685569394543,29.9,0.45786055077224));
#18571=CARTESIAN_POINT('Ctrl Pts',(-6.33777954431176,29.9,0.188006425019799));
#18572=CARTESIAN_POINT('Ctrl Pts',(-6.70244728181506,29.9,0.188006425019799));
#18573=CARTESIAN_POINT('Ctrl Pts',(-7.15098859894411,29.9,0.304700101020854));
#18574=CARTESIAN_POINT('Ctrl Pts',(-7.29685569394543,29.9,0.45786055077224));
#18575=CARTESIAN_POINT('',(-7.29685569394543,30.,0.45786055077224));
#18576=CARTESIAN_POINT('Ctrl Pts',(-7.55212311019774,30.,1.12520251040328));
#18577=CARTESIAN_POINT('Ctrl Pts',(-7.55212311019774,29.9,1.12520251040328));
#18578=CARTESIAN_POINT('Ctrl Pts',(-7.55212311019774,30.,0.910048545276331));
#18579=CARTESIAN_POINT('Ctrl Pts',(-7.55212311019774,29.9,0.910048545276331));
#18580=CARTESIAN_POINT('Ctrl Pts',(-7.43178275682165,30.,0.592787613648461));
#18581=CARTESIAN_POINT('Ctrl Pts',(-7.43178275682165,29.9,0.592787613648461));
#18582=CARTESIAN_POINT('Ctrl Pts',(-7.29685569394543,30.,0.45786055077224));
#18583=CARTESIAN_POINT('Ctrl Pts',(-7.29685569394543,29.9,0.45786055077224));
#18584=CARTESIAN_POINT('',(-7.55212311019774,30.,1.12520251040328));
#18585=CARTESIAN_POINT('Ctrl Pts',(-7.29685569394543,30.,0.45786055077224));
#18586=CARTESIAN_POINT('Ctrl Pts',(-7.43178275682165,30.,0.592787613648461));
#18587=CARTESIAN_POINT('Ctrl Pts',(-7.55212311019774,30.,0.910048545276331));
#18588=CARTESIAN_POINT('Ctrl Pts',(-7.55212311019774,30.,1.12520251040328));
#18589=CARTESIAN_POINT('',(-7.55212311019774,29.9,1.12520251040328));
#18590=CARTESIAN_POINT('Ctrl Pts',(-7.29685569394543,29.9,0.45786055077224));
#18591=CARTESIAN_POINT('Ctrl Pts',(-7.43178275682165,29.9,0.592787613648461));
#18592=CARTESIAN_POINT('Ctrl Pts',(-7.55212311019774,29.9,0.910048545276331));
#18593=CARTESIAN_POINT('Ctrl Pts',(-7.55212311019774,29.9,1.12520251040328));
#18594=CARTESIAN_POINT('',(-7.55212311019774,30.,1.12520251040328));
#18595=CARTESIAN_POINT('Ctrl Pts',(-7.22756882381981,30.,1.81077785690948));
#18596=CARTESIAN_POINT('Ctrl Pts',(-7.22756882381981,29.9,1.81077785690948));
#18597=CARTESIAN_POINT('Ctrl Pts',(-7.39166930569629,30.,1.70137753565849));
#18598=CARTESIAN_POINT('Ctrl Pts',(-7.39166930569629,29.9,1.70137753565849));
#18599=CARTESIAN_POINT('Ctrl Pts',(-7.55212311019774,30.,1.35858986240539));
#18600=CARTESIAN_POINT('Ctrl Pts',(-7.55212311019774,29.9,1.35858986240539));
#18601=CARTESIAN_POINT('Ctrl Pts',(-7.55212311019774,30.,1.12520251040328));
#18602=CARTESIAN_POINT('Ctrl Pts',(-7.55212311019774,29.9,1.12520251040328));
#18603=CARTESIAN_POINT('Ctrl Pts',(-7.55212311019774,30.,1.12520251040328));
#18604=CARTESIAN_POINT('Ctrl Pts',(-7.55212311019774,30.,1.35858986240539));
#18605=CARTESIAN_POINT('Ctrl Pts',(-7.39166930569629,30.,1.70137753565849));
#18606=CARTESIAN_POINT('Ctrl Pts',(-7.22756882381981,30.,1.81077785690948));
#18607=CARTESIAN_POINT('Ctrl Pts',(-7.55212311019774,29.9,1.12520251040328));
#18608=CARTESIAN_POINT('Ctrl Pts',(-7.55212311019774,29.9,1.35858986240539));
#18609=CARTESIAN_POINT('Ctrl Pts',(-7.39166930569629,29.9,1.70137753565849));
#18610=CARTESIAN_POINT('Ctrl Pts',(-7.22756882381981,29.9,1.81077785690948));
#18611=CARTESIAN_POINT('Ctrl Pts',(-7.63964336719854,30.,2.21920572291317));
#18612=CARTESIAN_POINT('Ctrl Pts',(-7.63964336719854,29.9,2.21920572291317));
#18613=CARTESIAN_POINT('Ctrl Pts',(-7.89126410607581,30.,2.04781188628662));
#18614=CARTESIAN_POINT('Ctrl Pts',(-7.89126410607581,29.9,2.04781188628662));
#18615=CARTESIAN_POINT('Ctrl Pts',(-8.17570494132838,30.,1.51904366690684));
#18616=CARTESIAN_POINT('Ctrl Pts',(-8.17570494132838,29.9,1.51904366690684));
#18617=CARTESIAN_POINT('Ctrl Pts',(-8.17570494132838,30.,1.14343589727844));
#18618=CARTESIAN_POINT('Ctrl Pts',(-8.17570494132838,29.9,1.14343589727844));
#18619=CARTESIAN_POINT('',(-7.63964336719854,30.,2.21920572291317));
#18620=CARTESIAN_POINT('',(-8.17570494132838,30.,1.14343589727844));
#18621=CARTESIAN_POINT('Ctrl Pts',(-7.63964336719854,30.,2.21920572291317));
#18622=CARTESIAN_POINT('Ctrl Pts',(-7.89126410607581,30.,2.04781188628662));
#18623=CARTESIAN_POINT('Ctrl Pts',(-8.17570494132838,30.,1.51904366690684));
#18624=CARTESIAN_POINT('Ctrl Pts',(-8.17570494132838,30.,1.14343589727844));
#18625=CARTESIAN_POINT('',(-7.63964336719854,29.9,2.21920572291317));
#18626=CARTESIAN_POINT('',(-7.63964336719854,30.,2.21920572291317));
#18627=CARTESIAN_POINT('',(-8.17570494132838,29.9,1.14343589727844));
#18628=CARTESIAN_POINT('Ctrl Pts',(-7.63964336719854,29.9,2.21920572291317));
#18629=CARTESIAN_POINT('Ctrl Pts',(-7.89126410607581,29.9,2.04781188628662));
#18630=CARTESIAN_POINT('Ctrl Pts',(-8.17570494132838,29.9,1.51904366690684));
#18631=CARTESIAN_POINT('Ctrl Pts',(-8.17570494132838,29.9,1.14343589727844));
#18632=CARTESIAN_POINT('',(-8.17570494132838,30.,1.14343589727844));
#18633=CARTESIAN_POINT('Ctrl Pts',(-6.46176657506288,30.,2.49999988079071));
#18634=CARTESIAN_POINT('Ctrl Pts',(-6.46176657506288,29.9,2.49999988079071));
#18635=CARTESIAN_POINT('Ctrl Pts',(-6.86290108631651,30.,2.49999988079071));
#18636=CARTESIAN_POINT('Ctrl Pts',(-6.86290108631651,29.9,2.49999988079071));
#18637=CARTESIAN_POINT('Ctrl Pts',(-7.42448940207159,30.,2.36871949528953));
#18638=CARTESIAN_POINT('Ctrl Pts',(-7.42448940207159,29.9,2.36871949528953));
#18639=CARTESIAN_POINT('Ctrl Pts',(-7.63964336719854,30.,2.21920572291317));
#18640=CARTESIAN_POINT('Ctrl Pts',(-7.63964336719854,29.9,2.21920572291317));
#18641=CARTESIAN_POINT('',(-6.46176657506288,30.,2.49999988079071));
#18642=CARTESIAN_POINT('Ctrl Pts',(-6.46176657506288,30.,2.49999988079071));
#18643=CARTESIAN_POINT('Ctrl Pts',(-6.86290108631651,30.,2.49999988079071));
#18644=CARTESIAN_POINT('Ctrl Pts',(-7.42448940207159,30.,2.36871949528953));
#18645=CARTESIAN_POINT('Ctrl Pts',(-7.63964336719854,30.,2.21920572291317));
#18646=CARTESIAN_POINT('',(-6.46176657506288,29.9,2.49999988079071));
#18647=CARTESIAN_POINT('',(-6.46176657506288,30.,2.49999988079071));
#18648=CARTESIAN_POINT('Ctrl Pts',(-6.46176657506288,29.9,2.49999988079071));
#18649=CARTESIAN_POINT('Ctrl Pts',(-6.86290108631651,29.9,2.49999988079071));
#18650=CARTESIAN_POINT('Ctrl Pts',(-7.42448940207159,29.9,2.36871949528953));
#18651=CARTESIAN_POINT('Ctrl Pts',(-7.63964336719854,29.9,2.21920572291317));
#18652=CARTESIAN_POINT('Origin',(-5.33129658880265,30.,2.49999988079071));
#18653=CARTESIAN_POINT('',(-5.33129658880265,30.,2.49999988079071));
#18654=CARTESIAN_POINT('',(-9.28064829440133,30.,2.49999988079071));
#18655=CARTESIAN_POINT('',(-5.33129658880265,29.9,2.49999988079071));
#18656=CARTESIAN_POINT('',(-5.33129658880265,30.,2.49999988079071));
#18657=CARTESIAN_POINT('',(-5.33129658880265,29.9,2.49999988079071));
#18658=CARTESIAN_POINT('Origin',(-5.33129658880265,30.,-2.));
#18659=CARTESIAN_POINT('',(-5.33129658880265,30.,-2.));
#18660=CARTESIAN_POINT('',(-5.33129658880265,30.,-0.999999999999994));
#18661=CARTESIAN_POINT('',(-5.33129658880265,29.9,-2.));
#18662=CARTESIAN_POINT('',(-5.33129658880265,30.,-2.));
#18663=CARTESIAN_POINT('',(-5.33129658880265,29.9,-2.));
#18664=CARTESIAN_POINT('Origin',(-5.92935167830806,30.,-2.));
#18665=CARTESIAN_POINT('',(-5.92935167830806,30.,-2.));
#18666=CARTESIAN_POINT('',(-9.57967583915403,30.,-2.));
#18667=CARTESIAN_POINT('',(-5.92935167830806,29.9,-2.));
#18668=CARTESIAN_POINT('',(-5.92935167830806,30.,-2.));
#18669=CARTESIAN_POINT('',(-5.92935167830806,29.9,-2.));
#18670=CARTESIAN_POINT('Origin',(-5.92935167830806,30.,-0.322528407484819));
#18671=CARTESIAN_POINT('',(-5.92935167830806,30.,-0.322528407484819));
#18672=CARTESIAN_POINT('',(-5.92935167830806,30.,-0.161264203742408));
#18673=CARTESIAN_POINT('',(-5.92935167830806,29.9,-0.322528407484819));
#18674=CARTESIAN_POINT('',(-5.92935167830806,30.,-0.322528407484819));
#18675=CARTESIAN_POINT('',(-5.92935167830806,29.9,-0.322528407484819));
#18676=CARTESIAN_POINT('Origin',(-6.43623983343765,30.,-0.322528407484819));
#18677=CARTESIAN_POINT('',(-6.43623983343765,30.,-0.322528407484819));
#18678=CARTESIAN_POINT('',(-9.83311991671883,30.,-0.322528407484819));
#18679=CARTESIAN_POINT('',(-6.43623983343765,29.9,-0.322528407484819));
#18680=CARTESIAN_POINT('',(-6.43623983343765,30.,-0.322528407484819));
#18681=CARTESIAN_POINT('',(-6.43623983343765,29.9,-0.322528407484819));
#18682=CARTESIAN_POINT('Ctrl Pts',(-7.78186378482482,30.,0.144246296519402));
#18683=CARTESIAN_POINT('Ctrl Pts',(-7.78186378482482,29.9,0.144246296519402));
#18684=CARTESIAN_POINT('Ctrl Pts',(-7.54847643282271,30.,-0.0854943781076756));
#18685=CARTESIAN_POINT('Ctrl Pts',(-7.54847643282271,29.9,-0.0854943781076756));
#18686=CARTESIAN_POINT('Ctrl Pts',(-6.917601246942,30.,-0.32252840748482));
#18687=CARTESIAN_POINT('Ctrl Pts',(-6.917601246942,29.9,-0.32252840748482));
#18688=CARTESIAN_POINT('Ctrl Pts',(-6.43623983343765,30.,-0.322528407484819));
#18689=CARTESIAN_POINT('Ctrl Pts',(-6.43623983343765,29.9,-0.322528407484819));
#18690=CARTESIAN_POINT('',(-7.78186378482482,30.,0.144246296519402));
#18691=CARTESIAN_POINT('Ctrl Pts',(-7.78186378482482,30.,0.144246296519402));
#18692=CARTESIAN_POINT('Ctrl Pts',(-7.54847643282271,30.,-0.0854943781076756));
#18693=CARTESIAN_POINT('Ctrl Pts',(-6.917601246942,30.,-0.32252840748482));
#18694=CARTESIAN_POINT('Ctrl Pts',(-6.43623983343765,30.,-0.322528407484819));
#18695=CARTESIAN_POINT('',(-7.78186378482482,29.9,0.144246296519402));
#18696=CARTESIAN_POINT('',(-7.78186378482482,30.,0.144246296519402));
#18697=CARTESIAN_POINT('Ctrl Pts',(-7.78186378482482,29.9,0.144246296519402));
#18698=CARTESIAN_POINT('Ctrl Pts',(-7.54847643282271,29.9,-0.0854943781076756));
#18699=CARTESIAN_POINT('Ctrl Pts',(-6.917601246942,29.9,-0.32252840748482));
#18700=CARTESIAN_POINT('Ctrl Pts',(-6.43623983343765,29.9,-0.322528407484819));
#18701=CARTESIAN_POINT('Ctrl Pts',(-8.17570494132838,30.,1.14343589727844));
#18702=CARTESIAN_POINT('Ctrl Pts',(-8.17570494132838,29.9,1.14343589727844));
#18703=CARTESIAN_POINT('Ctrl Pts',(-8.17570494132838,30.,0.851701707275803));
#18704=CARTESIAN_POINT('Ctrl Pts',(-8.17570494132838,29.9,0.851701707275803));
#18705=CARTESIAN_POINT('Ctrl Pts',(-7.9678443309515,30.,0.326580165271052));
#18706=CARTESIAN_POINT('Ctrl Pts',(-7.9678443309515,29.9,0.326580165271052));
#18707=CARTESIAN_POINT('Ctrl Pts',(-7.78186378482482,30.,0.144246296519402));
#18708=CARTESIAN_POINT('Ctrl Pts',(-7.78186378482482,29.9,0.144246296519402));
#18709=CARTESIAN_POINT('Ctrl Pts',(-8.17570494132838,30.,1.14343589727844));
#18710=CARTESIAN_POINT('Ctrl Pts',(-8.17570494132838,30.,0.851701707275803));
#18711=CARTESIAN_POINT('Ctrl Pts',(-7.9678443309515,30.,0.326580165271052));
#18712=CARTESIAN_POINT('Ctrl Pts',(-7.78186378482482,30.,0.144246296519402));
#18713=CARTESIAN_POINT('Ctrl Pts',(-8.17570494132838,29.9,1.14343589727844));
#18714=CARTESIAN_POINT('Ctrl Pts',(-8.17570494132838,29.9,0.851701707275803));
#18715=CARTESIAN_POINT('Ctrl Pts',(-7.9678443309515,29.9,0.326580165271052));
#18716=CARTESIAN_POINT('Ctrl Pts',(-7.78186378482482,29.9,0.144246296519402));
#18717=CARTESIAN_POINT('Origin',(-6.20003995783062,29.9,0.394633213511644));
#18718=CARTESIAN_POINT('Ctrl Pts',(-2.68380893286855,30.,1.98217169353603));
#18719=CARTESIAN_POINT('Ctrl Pts',(-2.68380893286855,29.9,1.98217169353603));
#18720=CARTESIAN_POINT('Ctrl Pts',(-2.9317829943708,30.,1.98217169353603));
#18721=CARTESIAN_POINT('Ctrl Pts',(-2.9317829943708,29.9,1.98217169353603));
#18722=CARTESIAN_POINT('Ctrl Pts',(-3.27092399024886,30.,1.9128848234104));
#18723=CARTESIAN_POINT('Ctrl Pts',(-3.27092399024886,29.9,1.9128848234104));
#18724=CARTESIAN_POINT('Ctrl Pts',(-3.39855769837502,30.,1.82901124378465));
#18725=CARTESIAN_POINT('Ctrl Pts',(-3.39855769837502,29.9,1.82901124378465));
#18726=CARTESIAN_POINT('',(-3.39855769837502,30.,1.82901124378465));
#18727=CARTESIAN_POINT('',(-2.68380893286855,30.,1.98217169353603));
#18728=CARTESIAN_POINT('Ctrl Pts',(-3.39855769837502,30.,1.82901124378465));
#18729=CARTESIAN_POINT('Ctrl Pts',(-3.27092399024886,30.,1.9128848234104));
#18730=CARTESIAN_POINT('Ctrl Pts',(-2.9317829943708,30.,1.98217169353603));
#18731=CARTESIAN_POINT('Ctrl Pts',(-2.68380893286855,30.,1.98217169353603));
#18732=CARTESIAN_POINT('',(-3.39855769837502,29.9,1.82901124378465));
#18733=CARTESIAN_POINT('',(-3.39855769837502,30.,1.82901124378465));
#18734=CARTESIAN_POINT('',(-2.68380893286855,29.9,1.98217169353603));
#18735=CARTESIAN_POINT('Ctrl Pts',(-3.39855769837502,29.9,1.82901124378465));
#18736=CARTESIAN_POINT('Ctrl Pts',(-3.27092399024886,29.9,1.9128848234104));
#18737=CARTESIAN_POINT('Ctrl Pts',(-2.9317829943708,29.9,1.98217169353603));
#18738=CARTESIAN_POINT('Ctrl Pts',(-2.68380893286855,29.9,1.98217169353603));
#18739=CARTESIAN_POINT('',(-2.68380893286855,30.,1.98217169353603));
#18740=CARTESIAN_POINT('Origin',(-2.08940052073818,30.,1.98217169353603));
#18741=CARTESIAN_POINT('',(-2.08940052073818,30.,1.98217169353603));
#18742=CARTESIAN_POINT('',(-7.65970026036909,30.,1.98217169353603));
#18743=CARTESIAN_POINT('',(-2.08940052073818,29.9,1.98217169353603));
#18744=CARTESIAN_POINT('',(-2.46382699622465,29.9,1.98217169353603));
#18745=CARTESIAN_POINT('',(-2.08940052073818,30.,1.98217169353603));
#18746=CARTESIAN_POINT('Origin',(-2.08940052073818,30.,0.290113391520723));
#18747=CARTESIAN_POINT('',(-2.08940052073818,30.,0.290113391520723));
#18748=CARTESIAN_POINT('',(-2.08940052073818,30.,0.145056695760368));
#18749=CARTESIAN_POINT('',(-2.08940052073818,29.9,0.290113391520723));
#18750=CARTESIAN_POINT('',(-2.08940052073818,29.9,0.101101068490867));
#18751=CARTESIAN_POINT('',(-2.08940052073818,30.,0.290113391520723));
#18752=CARTESIAN_POINT('Origin',(-2.61452206274293,30.,0.290113391520723));
#18753=CARTESIAN_POINT('',(-2.61452206274293,30.,0.290113391520723));
#18754=CARTESIAN_POINT('',(-7.92226103137147,30.,0.290113391520723));
#18755=CARTESIAN_POINT('',(-2.61452206274293,29.9,0.290113391520723));
#18756=CARTESIAN_POINT('',(-2.72638776722703,29.9,0.290113391520723));
#18757=CARTESIAN_POINT('',(-2.61452206274293,30.,0.290113391520723));
#18758=CARTESIAN_POINT('Ctrl Pts',(-3.42773111737528,30.,0.523500743522835));
#18759=CARTESIAN_POINT('Ctrl Pts',(-3.42773111737528,29.9,0.523500743522835));
#18760=CARTESIAN_POINT('Ctrl Pts',(-3.285510699749,30.,0.381280325896548));
#18761=CARTESIAN_POINT('Ctrl Pts',(-3.285510699749,29.9,0.381280325896548));
#18762=CARTESIAN_POINT('Ctrl Pts',(-2.87343615637027,30.,0.290113391520723));
#18763=CARTESIAN_POINT('Ctrl Pts',(-2.87343615637027,29.9,0.290113391520723));
#18764=CARTESIAN_POINT('Ctrl Pts',(-2.61452206274293,30.,0.290113391520723));
#18765=CARTESIAN_POINT('Ctrl Pts',(-2.61452206274293,29.9,0.290113391520723));
#18766=CARTESIAN_POINT('',(-3.42773111737528,30.,0.523500743522835));
#18767=CARTESIAN_POINT('Ctrl Pts',(-2.61452206274293,30.,0.290113391520723));
#18768=CARTESIAN_POINT('Ctrl Pts',(-2.87343615637027,30.,0.290113391520723));
#18769=CARTESIAN_POINT('Ctrl Pts',(-3.285510699749,30.,0.381280325896548));
#18770=CARTESIAN_POINT('Ctrl Pts',(-3.42773111737528,30.,0.523500743522835));
#18771=CARTESIAN_POINT('',(-3.42773111737528,29.9,0.523500743522835));
#18772=CARTESIAN_POINT('Ctrl Pts',(-2.61452206274293,29.9,0.290113391520723));
#18773=CARTESIAN_POINT('Ctrl Pts',(-2.87343615637027,29.9,0.290113391520723));
#18774=CARTESIAN_POINT('Ctrl Pts',(-3.285510699749,29.9,0.381280325896548));
#18775=CARTESIAN_POINT('Ctrl Pts',(-3.42773111737528,29.9,0.523500743522835));
#18776=CARTESIAN_POINT('',(-3.42773111737528,30.,0.523500743522835));
#18777=CARTESIAN_POINT('Ctrl Pts',(-3.68299853362759,30.,1.23095615427923));
#18778=CARTESIAN_POINT('Ctrl Pts',(-3.68299853362759,29.9,1.23095615427923));
#18779=CARTESIAN_POINT('Ctrl Pts',(-3.68299853362759,30.,0.997568802277123));
#18780=CARTESIAN_POINT('Ctrl Pts',(-3.68299853362759,29.9,0.997568802277123));
#18781=CARTESIAN_POINT('Ctrl Pts',(-3.55901150287647,30.,0.647487774273957));
#18782=CARTESIAN_POINT('Ctrl Pts',(-3.55901150287647,29.9,0.647487774273957));
#18783=CARTESIAN_POINT('Ctrl Pts',(-3.42773111737528,30.,0.523500743522835));
#18784=CARTESIAN_POINT('Ctrl Pts',(-3.42773111737528,29.9,0.523500743522835));
#18785=CARTESIAN_POINT('',(-3.68299853362759,30.,1.23095615427923));
#18786=CARTESIAN_POINT('Ctrl Pts',(-3.42773111737528,30.,0.523500743522835));
#18787=CARTESIAN_POINT('Ctrl Pts',(-3.55901150287647,30.,0.647487774273957));
#18788=CARTESIAN_POINT('Ctrl Pts',(-3.68299853362759,30.,0.997568802277123));
#18789=CARTESIAN_POINT('Ctrl Pts',(-3.68299853362759,30.,1.23095615427923));
#18790=CARTESIAN_POINT('',(-3.68299853362759,29.9,1.23095615427923));
#18791=CARTESIAN_POINT('Ctrl Pts',(-3.42773111737528,29.9,0.523500743522835));
#18792=CARTESIAN_POINT('Ctrl Pts',(-3.55901150287647,29.9,0.647487774273957));
#18793=CARTESIAN_POINT('Ctrl Pts',(-3.68299853362759,29.9,0.997568802277123));
#18794=CARTESIAN_POINT('Ctrl Pts',(-3.68299853362759,29.9,1.23095615427923));
#18795=CARTESIAN_POINT('',(-3.68299853362759,30.,1.23095615427923));
#18796=CARTESIAN_POINT('Ctrl Pts',(-3.39855769837502,30.,1.82901124378465));
#18797=CARTESIAN_POINT('Ctrl Pts',(-3.39855769837502,29.9,1.82901124378465));
#18798=CARTESIAN_POINT('Ctrl Pts',(-3.54442479337634,30.,1.73055095465875));
#18799=CARTESIAN_POINT('Ctrl Pts',(-3.54442479337634,29.9,1.73055095465875));
#18800=CARTESIAN_POINT('Ctrl Pts',(-3.68299853362759,30.,1.42787673253102));
#18801=CARTESIAN_POINT('Ctrl Pts',(-3.68299853362759,29.9,1.42787673253102));
#18802=CARTESIAN_POINT('Ctrl Pts',(-3.68299853362759,30.,1.23095615427923));
#18803=CARTESIAN_POINT('Ctrl Pts',(-3.68299853362759,29.9,1.23095615427923));
#18804=CARTESIAN_POINT('Ctrl Pts',(-3.68299853362759,30.,1.23095615427923));
#18805=CARTESIAN_POINT('Ctrl Pts',(-3.68299853362759,30.,1.42787673253102));
#18806=CARTESIAN_POINT('Ctrl Pts',(-3.54442479337634,30.,1.73055095465875));
#18807=CARTESIAN_POINT('Ctrl Pts',(-3.39855769837502,30.,1.82901124378465));
#18808=CARTESIAN_POINT('Ctrl Pts',(-3.68299853362759,29.9,1.23095615427923));
#18809=CARTESIAN_POINT('Ctrl Pts',(-3.68299853362759,29.9,1.42787673253102));
#18810=CARTESIAN_POINT('Ctrl Pts',(-3.54442479337634,29.9,1.73055095465875));
#18811=CARTESIAN_POINT('Ctrl Pts',(-3.39855769837502,29.9,1.82901124378465));
#18812=CARTESIAN_POINT('Origin',(-3.37303095674979,30.,-0.0417342496072786));
#18813=CARTESIAN_POINT('',(-3.37303095674979,30.,-0.0417342496072786));
#18814=CARTESIAN_POINT('',(-4.97392232438927,30.,-1.99999999999999));
#18815=CARTESIAN_POINT('',(-5.33711914584024,30.,-2.44427492737852));
#18816=CARTESIAN_POINT('',(-3.37303095674979,29.9,-0.0417342496072787));
#18817=CARTESIAN_POINT('',(-3.37303095674979,30.,-0.0417342496072786));
#18818=CARTESIAN_POINT('',(-4.97392232438927,29.9,-1.99999999999999));
#18819=CARTESIAN_POINT('',(-3.37303095674979,29.9,-0.0417342496072786));
#18820=CARTESIAN_POINT('',(-4.97392232438927,30.,-1.99999999999999));
#18821=CARTESIAN_POINT('Ctrl Pts',(-4.30658036475824,30.,1.27836296015466));
#18822=CARTESIAN_POINT('Ctrl Pts',(-4.30658036475824,29.9,1.27836296015466));
#18823=CARTESIAN_POINT('Ctrl Pts',(-4.30658036475824,30.,0.78606151452521));
#18824=CARTESIAN_POINT('Ctrl Pts',(-4.30658036475824,29.9,0.78606151452521));
#18825=CARTESIAN_POINT('Ctrl Pts',(-3.80333888700368,30.,0.118719554894173));
#18826=CARTESIAN_POINT('Ctrl Pts',(-3.80333888700368,29.9,0.118719554894173));
#18827=CARTESIAN_POINT('Ctrl Pts',(-3.37303095674979,30.,-0.0417342496072787));
#18828=CARTESIAN_POINT('Ctrl Pts',(-3.37303095674979,29.9,-0.0417342496072787));
#18829=CARTESIAN_POINT('',(-4.30658036475824,30.,1.27836296015466));
#18830=CARTESIAN_POINT('Ctrl Pts',(-4.30658036475824,30.,1.27836296015466));
#18831=CARTESIAN_POINT('Ctrl Pts',(-4.30658036475824,30.,0.78606151452521));
#18832=CARTESIAN_POINT('Ctrl Pts',(-3.80333888700368,30.,0.118719554894173));
#18833=CARTESIAN_POINT('Ctrl Pts',(-3.37303095674979,30.,-0.0417342496072787));
#18834=CARTESIAN_POINT('',(-4.30658036475824,29.9,1.27836296015466));
#18835=CARTESIAN_POINT('',(-4.30658036475824,30.,1.27836296015466));
#18836=CARTESIAN_POINT('Ctrl Pts',(-4.30658036475824,29.9,1.27836296015466));
#18837=CARTESIAN_POINT('Ctrl Pts',(-4.30658036475824,29.9,0.78606151452521));
#18838=CARTESIAN_POINT('Ctrl Pts',(-3.80333888700368,29.9,0.118719554894173));
#18839=CARTESIAN_POINT('Ctrl Pts',(-3.37303095674979,29.9,-0.0417342496072787));
#18840=CARTESIAN_POINT('Ctrl Pts',(-3.79604553225362,30.,2.26296585141357));
#18841=CARTESIAN_POINT('Ctrl Pts',(-3.79604553225362,29.9,2.26296585141357));
#18842=CARTESIAN_POINT('Ctrl Pts',(-4.03307956163076,30.,2.10980540166219));
#18843=CARTESIAN_POINT('Ctrl Pts',(-4.03307956163076,29.9,2.10980540166219));
#18844=CARTESIAN_POINT('Ctrl Pts',(-4.30658036475824,30.,1.63209066553286));
#18845=CARTESIAN_POINT('Ctrl Pts',(-4.30658036475824,29.9,1.63209066553286));
#18846=CARTESIAN_POINT('Ctrl Pts',(-4.30658036475824,30.,1.27836296015466));
#18847=CARTESIAN_POINT('Ctrl Pts',(-4.30658036475824,29.9,1.27836296015466));
#18848=CARTESIAN_POINT('',(-3.79604553225362,30.,2.26296585141357));
#18849=CARTESIAN_POINT('Ctrl Pts',(-3.79604553225362,30.,2.26296585141357));
#18850=CARTESIAN_POINT('Ctrl Pts',(-4.03307956163076,30.,2.10980540166219));
#18851=CARTESIAN_POINT('Ctrl Pts',(-4.30658036475824,30.,1.63209066553286));
#18852=CARTESIAN_POINT('Ctrl Pts',(-4.30658036475824,30.,1.27836296015466));
#18853=CARTESIAN_POINT('',(-3.79604553225362,29.9,2.26296585141357));
#18854=CARTESIAN_POINT('',(-3.79604553225362,30.,2.26296585141357));
#18855=CARTESIAN_POINT('Ctrl Pts',(-3.79604553225362,29.9,2.26296585141357));
#18856=CARTESIAN_POINT('Ctrl Pts',(-4.03307956163076,29.9,2.10980540166219));
#18857=CARTESIAN_POINT('Ctrl Pts',(-4.30658036475824,29.9,1.63209066553286));
#18858=CARTESIAN_POINT('Ctrl Pts',(-4.30658036475824,29.9,1.27836296015466));
#18859=CARTESIAN_POINT('Ctrl Pts',(-2.65098883649326,30.,2.49999988079072));
#18860=CARTESIAN_POINT('Ctrl Pts',(-2.65098883649326,29.9,2.49999988079072));
#18861=CARTESIAN_POINT('Ctrl Pts',(-3.03753663824676,30.,2.49999988079072));
#18862=CARTESIAN_POINT('Ctrl Pts',(-3.03753663824676,29.9,2.49999988079072));
#18863=CARTESIAN_POINT('Ctrl Pts',(-3.55901150287647,30.,2.41612630116496));
#18864=CARTESIAN_POINT('Ctrl Pts',(-3.55901150287647,29.9,2.41612630116496));
#18865=CARTESIAN_POINT('Ctrl Pts',(-3.79604553225362,30.,2.26296585141357));
#18866=CARTESIAN_POINT('Ctrl Pts',(-3.79604553225362,29.9,2.26296585141357));
#18867=CARTESIAN_POINT('',(-2.65098883649326,30.,2.49999988079072));
#18868=CARTESIAN_POINT('Ctrl Pts',(-2.65098883649326,30.,2.49999988079072));
#18869=CARTESIAN_POINT('Ctrl Pts',(-3.03753663824676,30.,2.49999988079072));
#18870=CARTESIAN_POINT('Ctrl Pts',(-3.55901150287647,30.,2.41612630116496));
#18871=CARTESIAN_POINT('Ctrl Pts',(-3.79604553225362,30.,2.26296585141357));
#18872=CARTESIAN_POINT('',(-2.65098883649326,29.9,2.49999988079072));
#18873=CARTESIAN_POINT('',(-2.65098883649326,30.,2.49999988079072));
#18874=CARTESIAN_POINT('Ctrl Pts',(-2.65098883649326,29.9,2.49999988079072));
#18875=CARTESIAN_POINT('Ctrl Pts',(-3.03753663824676,29.9,2.49999988079072));
#18876=CARTESIAN_POINT('Ctrl Pts',(-3.55901150287647,29.9,2.41612630116496));
#18877=CARTESIAN_POINT('Ctrl Pts',(-3.79604553225362,29.9,2.26296585141357));
#18878=CARTESIAN_POINT('Origin',(-1.49134543123277,30.,2.49999988079072));
#18879=CARTESIAN_POINT('',(-1.49134543123277,30.,2.49999988079072));
#18880=CARTESIAN_POINT('',(-7.36067271561638,30.,2.49999988079072));
#18881=CARTESIAN_POINT('',(-1.49134543123277,29.9,2.49999988079072));
#18882=CARTESIAN_POINT('',(-1.49134543123277,30.,2.49999988079072));
#18883=CARTESIAN_POINT('',(-1.49134543123277,29.9,2.49999988079072));
#18884=CARTESIAN_POINT('Origin',(-1.49134543123277,30.,-1.99999999999999));
#18885=CARTESIAN_POINT('',(-1.49134543123277,30.,-1.99999999999999));
#18886=CARTESIAN_POINT('',(-1.49134543123277,30.,-0.999999999999994));
#18887=CARTESIAN_POINT('',(-1.49134543123277,29.9,-1.99999999999999));
#18888=CARTESIAN_POINT('',(-1.49134543123277,30.,-1.99999999999999));
#18889=CARTESIAN_POINT('',(-1.49134543123277,29.9,-1.99999999999999));
#18890=CARTESIAN_POINT('Origin',(-2.08940052073818,30.,-1.99999999999999));
#18891=CARTESIAN_POINT('',(-2.08940052073818,30.,-1.99999999999999));
#18892=CARTESIAN_POINT('',(-7.65970026036909,30.,-1.99999999999999));
#18893=CARTESIAN_POINT('',(-2.08940052073818,29.9,-1.99999999999999));
#18894=CARTESIAN_POINT('',(-2.08940052073818,30.,-1.99999999999999));
#18895=CARTESIAN_POINT('',(-2.08940052073818,29.9,-1.99999999999999));
#18896=CARTESIAN_POINT('Origin',(-2.08940052073818,30.,-0.209481408858796));
#18897=CARTESIAN_POINT('',(-2.08940052073818,30.,-0.209481408858796));
#18898=CARTESIAN_POINT('',(-2.08940052073818,30.,-0.104740704429396));
#18899=CARTESIAN_POINT('',(-2.08940052073818,29.9,-0.209481408858796));
#18900=CARTESIAN_POINT('',(-2.08940052073818,30.,-0.209481408858796));
#18901=CARTESIAN_POINT('',(-2.08940052073818,29.9,-0.209481408858796));
#18902=CARTESIAN_POINT('Origin',(-2.77497586724438,30.,-0.209481408858796));
#18903=CARTESIAN_POINT('',(-2.77497586724438,30.,-0.209481408858796));
#18904=CARTESIAN_POINT('',(-8.00248793362219,30.,-0.209481408858796));
#18905=CARTESIAN_POINT('',(-2.77497586724438,29.9,-0.209481408858796));
#18906=CARTESIAN_POINT('',(-2.77497586724438,30.,-0.209481408858796));
#18907=CARTESIAN_POINT('',(-2.77497586724438,29.9,-0.209481408858796));
#18908=CARTESIAN_POINT('Origin',(-4.19718004350725,30.,-1.99999999999999));
#18909=CARTESIAN_POINT('',(-4.19718004350725,30.,-1.99999999999999));
#18910=CARTESIAN_POINT('',(-5.45730186447844,30.,-3.5864610617868));
#18911=CARTESIAN_POINT('',(-4.19718004350725,29.9,-1.99999999999999));
#18912=CARTESIAN_POINT('',(-4.19718004350725,30.,-1.99999999999999));
#18913=CARTESIAN_POINT('',(-4.19718004350725,29.9,-1.99999999999999));
#18914=CARTESIAN_POINT('Origin',(-4.97392232438927,30.,-1.99999999999999));
#18915=CARTESIAN_POINT('',(-9.10196116219464,30.,-1.99999999999999));
#18916=CARTESIAN_POINT('',(-4.97392232438927,29.9,-1.99999999999999));
#18917=CARTESIAN_POINT('Origin',(-2.83825347171113,29.9,-0.0879112545389891));
#18918=CARTESIAN_POINT('Origin',(-13.3904537470221,30.,-1.54051865074584));
#18919=CARTESIAN_POINT('',(-13.3904537470221,30.,-1.54051865074584));
#18920=CARTESIAN_POINT('',(-13.3904537470221,30.,-2.));
#18921=CARTESIAN_POINT('',(-13.3904537470221,30.,-0.770259325372917));
#18922=CARTESIAN_POINT('',(-13.3904537470221,29.9,-1.54051865074584));
#18923=CARTESIAN_POINT('',(-13.3904537470221,30.,-1.54051865074584));
#18924=CARTESIAN_POINT('',(-13.3904537470221,29.9,-2.));
#18925=CARTESIAN_POINT('',(-13.3904537470221,29.9,-1.54051865074584));
#18926=CARTESIAN_POINT('',(-13.3904537470221,30.,-2.));
#18927=CARTESIAN_POINT('Origin',(-12.8179253991419,30.,-1.54051865074584));
#18928=CARTESIAN_POINT('',(-12.8179253991419,30.,-1.54051865074584));
#18929=CARTESIAN_POINT('',(-13.023962699571,30.,-1.54051865074584));
#18930=CARTESIAN_POINT('',(-12.8179253991419,29.9,-1.54051865074584));
#18931=CARTESIAN_POINT('',(-12.8179253991419,30.,-1.54051865074584));
#18932=CARTESIAN_POINT('',(-12.8179253991419,29.9,-1.54051865074584));
#18933=CARTESIAN_POINT('Origin',(-12.8179253991419,30.,2.04051853153656));
#18934=CARTESIAN_POINT('',(-12.8179253991419,30.,2.04051853153656));
#18935=CARTESIAN_POINT('',(-12.8179253991419,30.,1.02025926576828));
#18936=CARTESIAN_POINT('',(-12.8179253991419,29.9,2.04051853153656));
#18937=CARTESIAN_POINT('',(-12.8179253991419,30.,2.04051853153656));
#18938=CARTESIAN_POINT('',(-12.8179253991419,29.9,2.04051853153656));
#18939=CARTESIAN_POINT('Origin',(-13.3904537470221,30.,2.04051853153656));
#18940=CARTESIAN_POINT('',(-13.3904537470221,30.,2.04051853153656));
#18941=CARTESIAN_POINT('',(-13.3102268735111,30.,2.04051853153656));
#18942=CARTESIAN_POINT('',(-13.3904537470221,29.9,2.04051853153656));
#18943=CARTESIAN_POINT('',(-13.3904537470221,30.,2.04051853153656));
#18944=CARTESIAN_POINT('',(-13.3904537470221,29.9,2.04051853153656));
#18945=CARTESIAN_POINT('Origin',(-13.3904537470221,30.,2.49999988079071));
#18946=CARTESIAN_POINT('',(-13.3904537470221,30.,2.49999988079071));
#18947=CARTESIAN_POINT('',(-13.3904537470221,30.,1.24999994039536));
#18948=CARTESIAN_POINT('',(-13.3904537470221,29.9,2.49999988079071));
#18949=CARTESIAN_POINT('',(-13.3904537470221,30.,2.49999988079071));
#18950=CARTESIAN_POINT('',(-13.3904537470221,29.9,2.49999988079071));
#18951=CARTESIAN_POINT('Origin',(-11.6473419617563,30.,2.49999988079071));
#18952=CARTESIAN_POINT('',(-11.6473419617563,30.,2.49999988079071));
#18953=CARTESIAN_POINT('',(-12.4386709808782,30.,2.49999988079071));
#18954=CARTESIAN_POINT('',(-11.6473419617563,29.9,2.49999988079071));
#18955=CARTESIAN_POINT('',(-11.6473419617563,30.,2.49999988079071));
#18956=CARTESIAN_POINT('',(-11.6473419617563,29.9,2.49999988079071));
#18957=CARTESIAN_POINT('Origin',(-11.6473419617563,30.,2.04051853153656));
#18958=CARTESIAN_POINT('',(-11.6473419617563,30.,2.04051853153656));
#18959=CARTESIAN_POINT('',(-11.6473419617563,30.,1.02025926576828));
#18960=CARTESIAN_POINT('',(-11.6473419617563,29.9,2.04051853153656));
#18961=CARTESIAN_POINT('',(-11.6473419617563,30.,2.04051853153656));
#18962=CARTESIAN_POINT('',(-11.6473419617563,29.9,2.04051853153656));
#18963=CARTESIAN_POINT('Origin',(-12.2198703096365,30.,2.04051853153656));
#18964=CARTESIAN_POINT('',(-12.2198703096365,30.,2.04051853153656));
#18965=CARTESIAN_POINT('',(-12.7249351548183,30.,2.04051853153656));
#18966=CARTESIAN_POINT('',(-12.2198703096365,29.9,2.04051853153656));
#18967=CARTESIAN_POINT('',(-12.2198703096365,30.,2.04051853153656));
#18968=CARTESIAN_POINT('',(-12.2198703096365,29.9,2.04051853153656));
#18969=CARTESIAN_POINT('Origin',(-12.2198703096365,30.,-1.54051865074584));
#18970=CARTESIAN_POINT('',(-12.2198703096365,30.,-1.54051865074584));
#18971=CARTESIAN_POINT('',(-12.2198703096365,30.,-0.770259325372917));
#18972=CARTESIAN_POINT('',(-12.2198703096365,29.9,-1.54051865074584));
#18973=CARTESIAN_POINT('',(-12.2198703096365,30.,-1.54051865074584));
#18974=CARTESIAN_POINT('',(-12.2198703096365,29.9,-1.54051865074584));
#18975=CARTESIAN_POINT('Origin',(-11.6473419617563,30.,-1.54051865074584));
#18976=CARTESIAN_POINT('',(-11.6473419617563,30.,-1.54051865074584));
#18977=CARTESIAN_POINT('',(-12.4386709808782,30.,-1.54051865074584));
#18978=CARTESIAN_POINT('',(-11.6473419617563,29.9,-1.54051865074584));
#18979=CARTESIAN_POINT('',(-11.6473419617563,30.,-1.54051865074584));
#18980=CARTESIAN_POINT('',(-11.6473419617563,29.9,-1.54051865074584));
#18981=CARTESIAN_POINT('Origin',(-11.6473419617563,30.,-2.));
#18982=CARTESIAN_POINT('',(-11.6473419617563,30.,-2.));
#18983=CARTESIAN_POINT('',(-11.6473419617563,30.,-0.999999999999995));
#18984=CARTESIAN_POINT('',(-11.6473419617563,29.9,-2.));
#18985=CARTESIAN_POINT('',(-11.6473419617563,30.,-2.));
#18986=CARTESIAN_POINT('',(-11.6473419617563,29.9,-2.));
#18987=CARTESIAN_POINT('Origin',(-13.3904537470221,30.,-2.));
#18988=CARTESIAN_POINT('',(-13.3102268735111,30.,-2.));
#18989=CARTESIAN_POINT('',(-13.3904537470221,29.9,-2.));
#18990=CARTESIAN_POINT('Origin',(-12.5188978543892,29.9,0.249999940395359));
#18991=CARTESIAN_POINT('Origin',(-13.23,30.,4.44089209850063E-15));
#18992=CARTESIAN_POINT('',(1.27,30.,2.66515423973696E-15));
#18993=CARTESIAN_POINT('Origin',(-13.23,30.,4.44089209850063E-15));
#18994=CARTESIAN_POINT('Origin',(-13.23,30.,4.44089209850063E-15));
#18995=CARTESIAN_POINT('Origin',(-13.23,30.,4.44089209850063E-15));
#18996=CARTESIAN_POINT('Origin',(-13.23,30.,4.44089209850063E-15));
#18997=CARTESIAN_POINT('Origin',(-13.23,30.,4.44089209850063E-15));
#18998=CARTESIAN_POINT('Origin',(-13.23,30.,4.44089209850063E-15));
#18999=CARTESIAN_POINT('',(1.27,29.9,2.66515423973696E-15));
#19000=CARTESIAN_POINT('',(1.27,30.,6.21662995726429E-15));
#19001=CARTESIAN_POINT('Origin',(-13.23,29.9,4.44089209850063E-15));
#19002=CARTESIAN_POINT('Origin',(-13.23,30.,4.44089209850063E-15));
#19003=CARTESIAN_POINT('',(-28.23,30.,2.6039218997796E-15));
#19004=CARTESIAN_POINT('Origin',(-13.23,30.,4.44089209850063E-15));
#19005=CARTESIAN_POINT('',(-28.23,29.9,2.6039218997796E-15));
#19006=CARTESIAN_POINT('',(-28.23,30.,2.6039218997796E-15));
#19007=CARTESIAN_POINT('Origin',(-13.23,29.9,4.44089209850063E-15));
#19008=CARTESIAN_POINT('Origin',(-13.23,29.9,4.44089209850063E-15));
#19009=CARTESIAN_POINT('Origin',(-13.23,30.,4.44089209850063E-15));
#19010=CARTESIAN_POINT('',(9.27,30.,-18.));
#19011=CARTESIAN_POINT('Origin',(6.77,30.,-18.));
#19012=CARTESIAN_POINT('',(-30.73,30.,-18.));
#19013=CARTESIAN_POINT('Origin',(-33.23,30.,-18.));
#19014=CARTESIAN_POINT('',(-10.73,30.,30.5));
#19015=CARTESIAN_POINT('Origin',(-13.23,30.,30.5));
#19016=CARTESIAN_POINT('Origin',(6.77,5.5,-18.));
#19017=CARTESIAN_POINT('',(9.26999999999999,5.5,-18.));
#19018=CARTESIAN_POINT('Origin',(-33.23,5.5,-18.));
#19019=CARTESIAN_POINT('',(-30.73,5.5,-18.));
#19020=CARTESIAN_POINT('Origin',(-13.23,5.5,30.5));
#19021=CARTESIAN_POINT('',(-10.73,5.5,30.5));
#19022=CARTESIAN_POINT('Origin',(-13.23,5.5,4.44089209850063E-15));
#19023=CARTESIAN_POINT('',(-48.23,5.5,8.72715589551636E-15));
#19024=CARTESIAN_POINT('Origin',(-13.23,30.,4.44089209850063E-15));
#19025=CARTESIAN_POINT('Origin',(28.77,5.5,20.));
#19026=CARTESIAN_POINT('Origin',(28.77,5.5,20.));
#19027=CARTESIAN_POINT('Origin',(32.27,0.,11.));
#19028=CARTESIAN_POINT('',(30.02,0.,11.));
#19029=CARTESIAN_POINT('Origin',(32.27,0.,-11.));
#19030=CARTESIAN_POINT('',(30.02,0.,-11.));
#19031=CARTESIAN_POINT('Origin',(28.77,0.,20.));
#19032=CARTESIAN_POINT('',(26.27,0.,20.));
#19033=CARTESIAN_POINT('Origin',(-2.72615129306648,0.,33.5333977154396));
#19034=CARTESIAN_POINT('',(29.8162000704118,0.,23.3399798521354));
#19035=CARTESIAN_POINT('',(-2.72615129306648,0.,33.5333977154396));
#19036=CARTESIAN_POINT('Origin',(-13.23,0.,4.44089209850063E-15));
#19037=CARTESIAN_POINT('',(-18.1434001104366,0.,34.7947998895634));
#19038=CARTESIAN_POINT('Origin',(-41.7193824811191,0.,31.4656175188808));
#19039=CARTESIAN_POINT('',(-41.7193824811191,0.,31.4656175188808));
#19040=CARTESIAN_POINT('Origin',(-41.23,0.,28.));
#19041=CARTESIAN_POINT('',(-44.6956175188808,0.,28.4893824811192));
#19042=CARTESIAN_POINT('Origin',(-48.0247998895634,0.,4.91340011043664));
#19043=CARTESIAN_POINT('',(-48.0247998895634,0.,4.91340011043664));
#19044=CARTESIAN_POINT('Origin',(-13.23,0.,4.44089209850063E-15));
#19045=CARTESIAN_POINT('',(-48.0247998895634,0.,-4.91340011043661));
#19046=CARTESIAN_POINT('Origin',(-44.6956175188808,0.,-28.4893824811191));
#19047=CARTESIAN_POINT('',(-44.6956175188808,0.,-28.4893824811191));
#19048=CARTESIAN_POINT('Origin',(-41.23,0.,-28.));
#19049=CARTESIAN_POINT('',(-41.7193824811192,0.,-31.4656175188807));
#19050=CARTESIAN_POINT('Origin',(-18.1434001104367,0.,-34.7947998895634));
#19051=CARTESIAN_POINT('',(-18.1434001104367,0.,-34.7947998895634));
#19052=CARTESIAN_POINT('Origin',(-13.23,0.,4.44089209850063E-15));
#19053=CARTESIAN_POINT('',(-2.72615129306646,0.,-33.5333977154396));
#19054=CARTESIAN_POINT('Origin',(29.8162000704117,0.,-23.3399798521354));
#19055=CARTESIAN_POINT('',(29.8162000704117,0.,-23.3399798521354));
#19056=CARTESIAN_POINT('Origin',(28.77,0.,-20.));
#19057=CARTESIAN_POINT('Origin',(32.27,0.,3.93479016566043E-15));
#19058=CARTESIAN_POINT('',(42.9916494845361,0.,11.8762886597938));
#19059=CARTESIAN_POINT('Origin',(31.1153608247423,0.,22.5979381443299));
#19060=CARTESIAN_POINT('',(31.1153608247423,0.,22.5979381443299));
#19061=CARTESIAN_POINT('Origin',(28.77,0.,20.));
#19062=CARTESIAN_POINT('Origin',(28.77,5.5,20.));
#19063=CARTESIAN_POINT('Origin',(32.67,4.5,11.4));
#19064=CARTESIAN_POINT('',(32.67,4.5,11.4));
#19065=CARTESIAN_POINT('',(32.67,4.5,12.5));
#19066=CARTESIAN_POINT('',(32.67,4.5,9.5));
#19067=CARTESIAN_POINT('',(32.67,5.5,12.5));
#19068=CARTESIAN_POINT('',(32.67,4.5,12.5));
#19069=CARTESIAN_POINT('',(32.67,5.5,11.4));
#19070=CARTESIAN_POINT('',(32.67,5.5,9.5));
#19071=CARTESIAN_POINT('',(32.67,4.5,11.4));
#19072=CARTESIAN_POINT('Origin',(33.77,4.5,11.4));
#19073=CARTESIAN_POINT('',(33.77,4.5,11.4));
#19074=CARTESIAN_POINT('',(33.77,4.5,11.4));
#19075=CARTESIAN_POINT('',(33.77,5.5,11.4));
#19076=CARTESIAN_POINT('',(33.77,5.5,11.4));
#19077=CARTESIAN_POINT('',(33.77,4.5,11.4));
#19078=CARTESIAN_POINT('Origin',(33.77,4.5,10.6));
#19079=CARTESIAN_POINT('',(33.77,4.5,10.6));
#19080=CARTESIAN_POINT('',(33.77,4.5,10.6));
#19081=CARTESIAN_POINT('',(33.77,5.5,10.6));
#19082=CARTESIAN_POINT('',(33.77,5.5,10.6));
#19083=CARTESIAN_POINT('',(33.77,4.5,10.6));
#19084=CARTESIAN_POINT('Origin',(32.67,4.5,10.6));
#19085=CARTESIAN_POINT('',(32.67,4.5,10.6));
#19086=CARTESIAN_POINT('',(30.77,4.5,10.6));
#19087=CARTESIAN_POINT('',(32.67,5.5,10.6));
#19088=CARTESIAN_POINT('',(30.77,5.5,10.6));
#19089=CARTESIAN_POINT('',(32.67,4.5,10.6));
#19090=CARTESIAN_POINT('Origin',(32.67,4.5,9.5));
#19091=CARTESIAN_POINT('',(32.67,4.5,9.5));
#19092=CARTESIAN_POINT('',(32.67,4.5,9.5));
#19093=CARTESIAN_POINT('',(32.67,5.5,9.5));
#19094=CARTESIAN_POINT('',(32.67,5.5,9.5));
#19095=CARTESIAN_POINT('',(32.67,4.5,9.5));
#19096=CARTESIAN_POINT('Origin',(31.87,4.5,9.5));
#19097=CARTESIAN_POINT('',(31.87,4.5,9.5));
#19098=CARTESIAN_POINT('',(31.87,4.5,9.5));
#19099=CARTESIAN_POINT('',(31.87,5.5,9.5));
#19100=CARTESIAN_POINT('',(31.87,5.5,9.5));
#19101=CARTESIAN_POINT('',(31.87,4.5,9.5));
#19102=CARTESIAN_POINT('Origin',(31.87,4.5,10.6));
#19103=CARTESIAN_POINT('',(31.87,4.5,10.6));
#19104=CARTESIAN_POINT('',(31.87,4.5,12.5));
#19105=CARTESIAN_POINT('',(31.87,5.5,10.6));
#19106=CARTESIAN_POINT('',(31.87,5.5,12.5));
#19107=CARTESIAN_POINT('',(31.87,4.5,10.6));
#19108=CARTESIAN_POINT('Origin',(30.77,4.5,10.6));
#19109=CARTESIAN_POINT('',(30.77,4.5,10.6));
#19110=CARTESIAN_POINT('',(30.77,4.5,10.6));
#19111=CARTESIAN_POINT('',(30.77,5.5,10.6));
#19112=CARTESIAN_POINT('',(30.77,5.5,10.6));
#19113=CARTESIAN_POINT('',(30.77,4.5,10.6));
#19114=CARTESIAN_POINT('Origin',(30.77,4.5,11.4));
#19115=CARTESIAN_POINT('',(30.77,4.5,11.4));
#19116=CARTESIAN_POINT('',(30.77,4.5,11.4));
#19117=CARTESIAN_POINT('',(30.77,5.5,11.4));
#19118=CARTESIAN_POINT('',(30.77,5.5,11.4));
#19119=CARTESIAN_POINT('',(30.77,4.5,11.4));
#19120=CARTESIAN_POINT('Origin',(31.87,4.5,11.4));
#19121=CARTESIAN_POINT('',(31.87,4.5,11.4));
#19122=CARTESIAN_POINT('',(33.77,4.5,11.4));
#19123=CARTESIAN_POINT('',(31.87,5.5,11.4));
#19124=CARTESIAN_POINT('',(33.77,5.5,11.4));
#19125=CARTESIAN_POINT('',(31.87,4.5,11.4));
#19126=CARTESIAN_POINT('Origin',(31.87,4.5,12.5));
#19127=CARTESIAN_POINT('',(31.87,4.5,12.5));
#19128=CARTESIAN_POINT('',(31.87,4.5,12.5));
#19129=CARTESIAN_POINT('',(31.87,5.5,12.5));
#19130=CARTESIAN_POINT('',(31.87,5.5,12.5));
#19131=CARTESIAN_POINT('',(31.87,4.5,12.5));
#19132=CARTESIAN_POINT('Origin',(32.67,4.5,12.5));
#19133=CARTESIAN_POINT('',(32.67,4.5,12.5));
#19134=CARTESIAN_POINT('',(32.67,5.5,12.5));
#19135=CARTESIAN_POINT('Origin',(32.27,4.5,11.));
#19136=CARTESIAN_POINT('',(30.32,5.5,11.));
#19137=CARTESIAN_POINT('Origin',(32.27,5.5,11.));
#19138=CARTESIAN_POINT('',(30.32,4.5,11.));
#19139=CARTESIAN_POINT('',(30.32,4.5,11.));
#19140=CARTESIAN_POINT('Origin',(32.27,4.5,11.));
#19141=CARTESIAN_POINT('Origin',(32.27,5.5,11.));
#19142=CARTESIAN_POINT('Origin',(32.27,4.5,11.));
#19143=CARTESIAN_POINT('Origin',(32.67,4.5,-10.6));
#19144=CARTESIAN_POINT('',(32.67,4.5,-10.6));
#19145=CARTESIAN_POINT('',(32.67,4.5,-9.5));
#19146=CARTESIAN_POINT('',(32.67,4.5,-12.5));
#19147=CARTESIAN_POINT('',(32.67,5.5,-9.5));
#19148=CARTESIAN_POINT('',(32.67,4.5,-9.5));
#19149=CARTESIAN_POINT('',(32.67,5.5,-10.6));
#19150=CARTESIAN_POINT('',(32.67,5.5,-12.5));
#19151=CARTESIAN_POINT('',(32.67,4.5,-10.6));
#19152=CARTESIAN_POINT('Origin',(33.77,4.5,-10.6));
#19153=CARTESIAN_POINT('',(33.77,4.5,-10.6));
#19154=CARTESIAN_POINT('',(33.77,4.5,-10.6));
#19155=CARTESIAN_POINT('',(33.77,5.5,-10.6));
#19156=CARTESIAN_POINT('',(33.77,5.5,-10.6));
#19157=CARTESIAN_POINT('',(33.77,4.5,-10.6));
#19158=CARTESIAN_POINT('Origin',(33.77,4.5,-11.4));
#19159=CARTESIAN_POINT('',(33.77,4.5,-11.4));
#19160=CARTESIAN_POINT('',(33.77,4.5,-11.4));
#19161=CARTESIAN_POINT('',(33.77,5.5,-11.4));
#19162=CARTESIAN_POINT('',(33.77,5.5,-11.4));
#19163=CARTESIAN_POINT('',(33.77,4.5,-11.4));
#19164=CARTESIAN_POINT('Origin',(32.67,4.5,-11.4));
#19165=CARTESIAN_POINT('',(32.67,4.5,-11.4));
#19166=CARTESIAN_POINT('',(30.77,4.5,-11.4));
#19167=CARTESIAN_POINT('',(32.67,5.5,-11.4));
#19168=CARTESIAN_POINT('',(30.77,5.5,-11.4));
#19169=CARTESIAN_POINT('',(32.67,4.5,-11.4));
#19170=CARTESIAN_POINT('Origin',(32.67,4.5,-12.5));
#19171=CARTESIAN_POINT('',(32.67,4.5,-12.5));
#19172=CARTESIAN_POINT('',(32.67,4.5,-12.5));
#19173=CARTESIAN_POINT('',(32.67,5.5,-12.5));
#19174=CARTESIAN_POINT('',(32.67,5.5,-12.5));
#19175=CARTESIAN_POINT('',(32.67,4.5,-12.5));
#19176=CARTESIAN_POINT('Origin',(31.87,4.5,-12.5));
#19177=CARTESIAN_POINT('',(31.87,4.5,-12.5));
#19178=CARTESIAN_POINT('',(31.87,4.5,-12.5));
#19179=CARTESIAN_POINT('',(31.87,5.5,-12.5));
#19180=CARTESIAN_POINT('',(31.87,5.5,-12.5));
#19181=CARTESIAN_POINT('',(31.87,4.5,-12.5));
#19182=CARTESIAN_POINT('Origin',(31.87,4.5,-11.4));
#19183=CARTESIAN_POINT('',(31.87,4.5,-11.4));
#19184=CARTESIAN_POINT('',(31.87,4.5,-9.5));
#19185=CARTESIAN_POINT('',(31.87,5.5,-11.4));
#19186=CARTESIAN_POINT('',(31.87,5.5,-9.5));
#19187=CARTESIAN_POINT('',(31.87,4.5,-11.4));
#19188=CARTESIAN_POINT('Origin',(30.77,4.5,-11.4));
#19189=CARTESIAN_POINT('',(30.77,4.5,-11.4));
#19190=CARTESIAN_POINT('',(30.77,4.5,-11.4));
#19191=CARTESIAN_POINT('',(30.77,5.5,-11.4));
#19192=CARTESIAN_POINT('',(30.77,5.5,-11.4));
#19193=CARTESIAN_POINT('',(30.77,4.5,-11.4));
#19194=CARTESIAN_POINT('Origin',(30.77,4.5,-10.6));
#19195=CARTESIAN_POINT('',(30.77,4.5,-10.6));
#19196=CARTESIAN_POINT('',(30.77,4.5,-10.6));
#19197=CARTESIAN_POINT('',(30.77,5.5,-10.6));
#19198=CARTESIAN_POINT('',(30.77,5.5,-10.6));
#19199=CARTESIAN_POINT('',(30.77,4.5,-10.6));
#19200=CARTESIAN_POINT('Origin',(31.87,4.5,-10.6));
#19201=CARTESIAN_POINT('',(31.87,4.5,-10.6));
#19202=CARTESIAN_POINT('',(33.77,4.5,-10.6));
#19203=CARTESIAN_POINT('',(31.87,5.5,-10.6));
#19204=CARTESIAN_POINT('',(33.77,5.5,-10.6));
#19205=CARTESIAN_POINT('',(31.87,4.5,-10.6));
#19206=CARTESIAN_POINT('Origin',(31.87,4.5,-9.5));
#19207=CARTESIAN_POINT('',(31.87,4.5,-9.5));
#19208=CARTESIAN_POINT('',(31.87,4.5,-9.5));
#19209=CARTESIAN_POINT('',(31.87,5.5,-9.5));
#19210=CARTESIAN_POINT('',(31.87,5.5,-9.5));
#19211=CARTESIAN_POINT('',(31.87,4.5,-9.5));
#19212=CARTESIAN_POINT('Origin',(32.67,4.5,-9.5));
#19213=CARTESIAN_POINT('',(32.67,4.5,-9.5));
#19214=CARTESIAN_POINT('',(32.67,5.5,-9.5));
#19215=CARTESIAN_POINT('Origin',(32.27,4.5,-11.));
#19216=CARTESIAN_POINT('',(30.32,5.5,-11.));
#19217=CARTESIAN_POINT('Origin',(32.27,5.5,-11.));
#19218=CARTESIAN_POINT('',(30.32,4.5,-11.));
#19219=CARTESIAN_POINT('',(30.32,4.5,-11.));
#19220=CARTESIAN_POINT('Origin',(32.27,4.5,-11.));
#19221=CARTESIAN_POINT('Origin',(32.27,5.5,-11.));
#19222=CARTESIAN_POINT('Origin',(32.27,4.5,-11.));
#19223=CARTESIAN_POINT('Origin',(32.27,7.75,0.));
#19224=CARTESIAN_POINT('',(36.8414285714286,7.75,6.56521445318631));
#19225=CARTESIAN_POINT('Origin',(37.4128571428571,7.75,7.3858662598346));
#19226=CARTESIAN_POINT('',(36.8414285714286,7.75,-6.56521445318632));
#19227=CARTESIAN_POINT('Origin',(32.27,7.75,0.));
#19228=CARTESIAN_POINT('Origin',(37.4128571428571,7.75,-7.38586625983461));
#19229=CARTESIAN_POINT('Origin',(6.76999999999996,7.75,-28.7228132326902));
#19230=CARTESIAN_POINT('',(6.19857142857139,7.75,-27.9021614260419));
#19231=CARTESIAN_POINT('',(6.19857142857139,7.75,-27.9021614260419));
#19232=CARTESIAN_POINT('Origin',(6.76999999999996,7.75,-28.7228132326902));
#19233=CARTESIAN_POINT('Origin',(-13.23,7.75,4.44089209850063E-15));
#19234=CARTESIAN_POINT('',(6.19857142857143,7.75,27.9021614260418));
#19235=CARTESIAN_POINT('Origin',(-13.23,7.75,4.44089209850063E-15));
#19236=CARTESIAN_POINT('Origin',(6.77,7.75,28.7228132326901));
#19237=CARTESIAN_POINT('Origin',(37.4128571428571,7.75,7.3858662598346));
#19238=CARTESIAN_POINT('',(36.8414285714286,7.75,6.56521445318631));
#19239=CARTESIAN_POINT('Origin',(5.62,19.5,10.));
#19240=CARTESIAN_POINT('',(7.37,19.5,10.1));
#19241=CARTESIAN_POINT('Origin',(5.62,19.5,10.1));
#19242=CARTESIAN_POINT('',(7.37,19.5,10.));
#19243=CARTESIAN_POINT('',(7.37,19.5,10.));
#19244=CARTESIAN_POINT('Origin',(5.62,19.5,10.));
#19245=CARTESIAN_POINT('Origin',(5.62,19.5,10.));
#19246=CARTESIAN_POINT('',(2.62,19.5,10.1));
#19247=CARTESIAN_POINT('Origin',(5.62,19.5,10.1));
#19248=CARTESIAN_POINT('',(2.62,19.5,10.));
#19249=CARTESIAN_POINT('',(2.62,19.5,10.));
#19250=CARTESIAN_POINT('Origin',(5.62,19.5,10.));
#19251=CARTESIAN_POINT('Origin',(5.62,19.5,10.1));
#19252=CARTESIAN_POINT('Origin',(5.62,19.5,10.));
#19253=CARTESIAN_POINT('Origin',(-32.98,19.5,10.));
#19254=CARTESIAN_POINT('',(-30.23,19.5,13.));
#19255=CARTESIAN_POINT('Origin',(-32.98,19.5,13.));
#19256=CARTESIAN_POINT('',(-30.23,19.5,10.));
#19257=CARTESIAN_POINT('',(-30.23,19.5,10.));
#19258=CARTESIAN_POINT('Origin',(-32.98,19.5,10.));
#19259=CARTESIAN_POINT('Origin',(-35.6257513110646,16.5,10.));
#19260=CARTESIAN_POINT('',(-35.6257513110646,16.5,10.));
#19261=CARTESIAN_POINT('',(-30.3342486889354,16.5,10.));
#19262=CARTESIAN_POINT('',(-35.6257513110646,16.5,10.));
#19263=CARTESIAN_POINT('',(-30.3342486889354,16.5,13.));
#19264=CARTESIAN_POINT('',(-30.3342486889354,16.5,10.));
#19265=CARTESIAN_POINT('',(-35.6257513110646,16.5,13.));
#19266=CARTESIAN_POINT('',(-35.6257513110646,16.5,13.));
#19267=CARTESIAN_POINT('',(-35.6257513110646,16.5,10.));
#19268=CARTESIAN_POINT('Origin',(-32.98,19.5,10.));
#19269=CARTESIAN_POINT('',(-35.6257513110646,22.5,10.));
#19270=CARTESIAN_POINT('Origin',(-32.98,19.5,10.));
#19271=CARTESIAN_POINT('',(-35.6257513110646,22.5,13.));
#19272=CARTESIAN_POINT('Origin',(-32.98,19.5,13.));
#19273=CARTESIAN_POINT('',(-35.6257513110646,22.5,10.));
#19274=CARTESIAN_POINT('Origin',(-30.3342486889354,22.5,10.));
#19275=CARTESIAN_POINT('',(-30.3342486889354,22.5,10.));
#19276=CARTESIAN_POINT('',(-30.3342486889354,22.5,10.));
#19277=CARTESIAN_POINT('',(-30.3342486889354,22.5,13.));
#19278=CARTESIAN_POINT('',(-30.3342486889354,22.5,13.));
#19279=CARTESIAN_POINT('',(-30.3342486889354,22.5,10.));
#19280=CARTESIAN_POINT('Origin',(-32.98,19.5,10.));
#19281=CARTESIAN_POINT('Origin',(-32.98,19.5,10.));
#19282=CARTESIAN_POINT('Origin',(-32.98,19.5,13.));
#19283=CARTESIAN_POINT('Origin',(-32.98,19.5,13.));
#19284=CARTESIAN_POINT('Origin',(-32.98,19.5,10.));
#19285=CARTESIAN_POINT('Origin',(5.62,19.5,10.));
#19286=CARTESIAN_POINT('',(8.62,19.5,10.1));
#19287=CARTESIAN_POINT('Origin',(5.62,19.5,10.1));
#19288=CARTESIAN_POINT('',(8.62,19.5,10.));
#19289=CARTESIAN_POINT('',(8.62,19.5,10.));
#19290=CARTESIAN_POINT('Origin',(5.62,19.5,10.));
#19291=CARTESIAN_POINT('Origin',(5.62,19.5,10.));
#19292=CARTESIAN_POINT('',(0.87,19.5,10.1));
#19293=CARTESIAN_POINT('Origin',(5.62,19.5,10.1));
#19294=CARTESIAN_POINT('',(0.87,19.5,10.));
#19295=CARTESIAN_POINT('',(0.87,19.5,10.));
#19296=CARTESIAN_POINT('Origin',(5.62,19.5,10.));
#19297=CARTESIAN_POINT('Origin',(5.62,19.5,10.1));
#19298=CARTESIAN_POINT('Origin',(5.62,19.5,10.));
#19299=UNCERTAINTY_MEASURE_WITH_UNIT(LENGTH_MEASURE(0.01),#19303,
'DISTANCE_ACCURACY_VALUE',
'Maximum model space distance between geometric entities at asserted c
onnectivities');
#19300=UNCERTAINTY_MEASURE_WITH_UNIT(LENGTH_MEASURE(0.01),#19303,
'DISTANCE_ACCURACY_VALUE',
'Maximum model space distance between geometric entities at asserted c
onnectivities');
#19301=(
GEOMETRIC_REPRESENTATION_CONTEXT(3)
GLOBAL_UNCERTAINTY_ASSIGNED_CONTEXT((#19299))
GLOBAL_UNIT_ASSIGNED_CONTEXT((#19303,#19305,#19306))
REPRESENTATION_CONTEXT('','3D')
);
#19302=(
GEOMETRIC_REPRESENTATION_CONTEXT(3)
GLOBAL_UNCERTAINTY_ASSIGNED_CONTEXT((#19300))
GLOBAL_UNIT_ASSIGNED_CONTEXT((#19303,#19305,#19306))
REPRESENTATION_CONTEXT('','3D')
);
#19303=(
LENGTH_UNIT()
NAMED_UNIT(*)
SI_UNIT(.MILLI.,.METRE.)
);
#19304=(
LENGTH_UNIT()
NAMED_UNIT(*)
SI_UNIT(.CENTI.,.METRE.)
);
#19305=(
NAMED_UNIT(*)
PLANE_ANGLE_UNIT()
SI_UNIT($,.RADIAN.)
);
#19306=(
NAMED_UNIT(*)
SI_UNIT($,.STERADIAN.)
SOLID_ANGLE_UNIT()
);
#19307=SHAPE_DEFINITION_REPRESENTATION(#19308,#19309);
#19308=PRODUCT_DEFINITION_SHAPE('',$,#19311);
#19309=SHAPE_REPRESENTATION('',(#11607),#19301);
#19310=PRODUCT_DEFINITION_CONTEXT('part definition',#19315,'design');
#19311=PRODUCT_DEFINITION('Lidar A1M8','Lidar A1M8',#19312,#19310);
#19312=PRODUCT_DEFINITION_FORMATION('',$,#19317);
#19313=PRODUCT_RELATED_PRODUCT_CATEGORY('Lidar A1M8','Lidar A1M8',(#19317));
#19314=APPLICATION_PROTOCOL_DEFINITION('international standard',
'automotive_design',2009,#19315);
#19315=APPLICATION_CONTEXT(
'Core Data for Automotive Mechanical Design Process');
#19316=PRODUCT_CONTEXT('part definition',#19315,'mechanical');
#19317=PRODUCT('Lidar A1M8','Lidar A1M8',$,(#19316));
#19318=PRESENTATION_STYLE_ASSIGNMENT((#19330));
#19319=PRESENTATION_STYLE_ASSIGNMENT((#19331));
#19320=PRESENTATION_STYLE_ASSIGNMENT((#19332));
#19321=PRESENTATION_STYLE_ASSIGNMENT((#19333));
#19322=PRESENTATION_STYLE_ASSIGNMENT((#19334));
#19323=PRESENTATION_STYLE_ASSIGNMENT((#19335));
#19324=PRESENTATION_STYLE_ASSIGNMENT((#19336));
#19325=PRESENTATION_STYLE_ASSIGNMENT((#19337));
#19326=PRESENTATION_STYLE_ASSIGNMENT((#19338));
#19327=PRESENTATION_STYLE_ASSIGNMENT((#19339));
#19328=PRESENTATION_STYLE_ASSIGNMENT((#19340));
#19329=PRESENTATION_STYLE_ASSIGNMENT((#19341));
#19330=SURFACE_STYLE_USAGE(.BOTH.,#19366);
#19331=SURFACE_STYLE_USAGE(.BOTH.,#19367);
#19332=SURFACE_STYLE_USAGE(.BOTH.,#19368);
#19333=SURFACE_STYLE_USAGE(.BOTH.,#19369);
#19334=SURFACE_STYLE_USAGE(.BOTH.,#19370);
#19335=SURFACE_STYLE_USAGE(.BOTH.,#19371);
#19336=SURFACE_STYLE_USAGE(.BOTH.,#19372);
#19337=SURFACE_STYLE_USAGE(.BOTH.,#19373);
#19338=SURFACE_STYLE_USAGE(.BOTH.,#19374);
#19339=SURFACE_STYLE_USAGE(.BOTH.,#19375);
#19340=SURFACE_STYLE_USAGE(.BOTH.,#19376);
#19341=SURFACE_STYLE_USAGE(.BOTH.,#19377);
#19342=SURFACE_STYLE_RENDERING_WITH_PROPERTIES($,#19414,(#19354));
#19343=SURFACE_STYLE_RENDERING_WITH_PROPERTIES($,#19415,(#19355));
#19344=SURFACE_STYLE_RENDERING_WITH_PROPERTIES($,#19416,(#19356));
#19345=SURFACE_STYLE_RENDERING_WITH_PROPERTIES($,#19417,(#19357));
#19346=SURFACE_STYLE_RENDERING_WITH_PROPERTIES($,#19418,(#19358));
#19347=SURFACE_STYLE_RENDERING_WITH_PROPERTIES($,#19419,(#19359));
#19348=SURFACE_STYLE_RENDERING_WITH_PROPERTIES($,#19420,(#19360));
#19349=SURFACE_STYLE_RENDERING_WITH_PROPERTIES($,#19421,(#19361));
#19350=SURFACE_STYLE_RENDERING_WITH_PROPERTIES($,#19422,(#19362));
#19351=SURFACE_STYLE_RENDERING_WITH_PROPERTIES($,#19423,(#19363));
#19352=SURFACE_STYLE_RENDERING_WITH_PROPERTIES($,#19424,(#19364));
#19353=SURFACE_STYLE_RENDERING_WITH_PROPERTIES($,#19425,(#19365));
#19354=SURFACE_STYLE_TRANSPARENT(0.);
#19355=SURFACE_STYLE_TRANSPARENT(0.);
#19356=SURFACE_STYLE_TRANSPARENT(0.);
#19357=SURFACE_STYLE_TRANSPARENT(0.);
#19358=SURFACE_STYLE_TRANSPARENT(0.);
#19359=SURFACE_STYLE_TRANSPARENT(0.);
#19360=SURFACE_STYLE_TRANSPARENT(0.);
#19361=SURFACE_STYLE_TRANSPARENT(0.);
#19362=SURFACE_STYLE_TRANSPARENT(0.);
#19363=SURFACE_STYLE_TRANSPARENT(0.);
#19364=SURFACE_STYLE_TRANSPARENT(0.);
#19365=SURFACE_STYLE_TRANSPARENT(0.);
#19366=SURFACE_SIDE_STYLE('',(#19378,#19342));
#19367=SURFACE_SIDE_STYLE('',(#19379,#19343));
#19368=SURFACE_SIDE_STYLE('',(#19380,#19344));
#19369=SURFACE_SIDE_STYLE('',(#19381,#19345));
#19370=SURFACE_SIDE_STYLE('',(#19382,#19346));
#19371=SURFACE_SIDE_STYLE('',(#19383,#19347));
#19372=SURFACE_SIDE_STYLE('',(#19384,#19348));
#19373=SURFACE_SIDE_STYLE('',(#19385,#19349));
#19374=SURFACE_SIDE_STYLE('',(#19386,#19350));
#19375=SURFACE_SIDE_STYLE('',(#19387,#19351));
#19376=SURFACE_SIDE_STYLE('',(#19388,#19352));
#19377=SURFACE_SIDE_STYLE('',(#19389,#19353));
#19378=SURFACE_STYLE_FILL_AREA(#19390);
#19379=SURFACE_STYLE_FILL_AREA(#19391);
#19380=SURFACE_STYLE_FILL_AREA(#19392);
#19381=SURFACE_STYLE_FILL_AREA(#19393);
#19382=SURFACE_STYLE_FILL_AREA(#19394);
#19383=SURFACE_STYLE_FILL_AREA(#19395);
#19384=SURFACE_STYLE_FILL_AREA(#19396);
#19385=SURFACE_STYLE_FILL_AREA(#19397);
#19386=SURFACE_STYLE_FILL_AREA(#19398);
#19387=SURFACE_STYLE_FILL_AREA(#19399);
#19388=SURFACE_STYLE_FILL_AREA(#19400);
#19389=SURFACE_STYLE_FILL_AREA(#19401);
#19390=FILL_AREA_STYLE('',(#19402));
#19391=FILL_AREA_STYLE('',(#19403));
#19392=FILL_AREA_STYLE('',(#19404));
#19393=FILL_AREA_STYLE('',(#19405));
#19394=FILL_AREA_STYLE('',(#19406));
#19395=FILL_AREA_STYLE('',(#19407));
#19396=FILL_AREA_STYLE('',(#19408));
#19397=FILL_AREA_STYLE('',(#19409));
#19398=FILL_AREA_STYLE('',(#19410));
#19399=FILL_AREA_STYLE('',(#19411));
#19400=FILL_AREA_STYLE('',(#19412));
#19401=FILL_AREA_STYLE('',(#19413));
#19402=FILL_AREA_STYLE_COLOUR('',#19414);
#19403=FILL_AREA_STYLE_COLOUR('',#19415);
#19404=FILL_AREA_STYLE_COLOUR('',#19416);
#19405=FILL_AREA_STYLE_COLOUR('',#19417);
#19406=FILL_AREA_STYLE_COLOUR('',#19418);
#19407=FILL_AREA_STYLE_COLOUR('',#19419);
#19408=FILL_AREA_STYLE_COLOUR('',#19420);
#19409=FILL_AREA_STYLE_COLOUR('',#19421);
#19410=FILL_AREA_STYLE_COLOUR('',#19422);
#19411=FILL_AREA_STYLE_COLOUR('',#19423);
#19412=FILL_AREA_STYLE_COLOUR('',#19424);
#19413=FILL_AREA_STYLE_COLOUR('',#19425);
#19414=COLOUR_RGB('',0.749019607843137,0.749019607843137,0.749019607843137);
#19415=COLOUR_RGB('',0.305882352941176,0.301960784313725,0.286274509803922);
#19416=COLOUR_RGB('',0.847058823529412,0.858823529411765,0.843137254901961);
#19417=COLOUR_RGB('',0.211764705882353,0.211764705882353,0.203921568627451);
#19418=COLOUR_RGB('',0.0196078431372549,0.494117647058824,0.356862745098039);
#19419=COLOUR_RGB('',0.411764705882353,0.411764705882353,0.411764705882353);
#19420=COLOUR_RGB('',0.674509803921569,0.6,0.368627450980392);
#19421=COLOUR_RGB('',0.956862745098039,0.956862745098039,0.956862745098039);
#19422=COLOUR_RGB('',0.756862745098039,0.784313725490196,0.756862745098039);
#19423=COLOUR_RGB('',0.0313725490196078,0.0313725490196078,0.0313725490196078);
#19424=COLOUR_RGB('',0.447058823529412,0.254901960784314,0.729411764705882);
#19425=COLOUR_RGB('',0.0196078431372549,0.0196078431372549,0.0196078431372549);
ENDSEC;
END-ISO-10303-21;
